index,Humidity3pm,Humidity9am,MaxTemp,MinTemp,Pressure3pm,Pressure9am,RainToday,Rainfall,Temp3pm,Temp9am,WindDir3pm_cos,WindDir3pm_sin,WindDir9am_cos,WindDir9am_sin,WindGustDir_cos,WindGustDir_sin,WindGustSpeed,WindSpeed3pm,WindSpeed9am,true_label,sum_abs
209,0.3004041946622547,0.0010500468604709718,0.015375205071464188,0.013055897035978405,0.07851059696189931,0.0002997682437682683,0.002701417579604182,0.03842359094850765,0.012769173093969657,0.005062280841856581,0.008815021937038365,0.013697342734661614,0.010882149110215593,0.0027530997762950744,0.015858888833735683,0.0034840192942686174,0.07107549619881467,0.004821568704025792,0.009110177001062635,1,0.608149934889892
293,0.26667686201695573,0.007422821247577456,0.005919931133261624,0.0309324677147132,0.08434541783537348,0.02381399601877205,0.006915400621040227,0.027585173436028523,0.013262196798751503,0.003929216606800903,0.002126019524998415,0.012064081615798163,0.0003604396433577503,0.005771370448306445,0.016819761220021635,0.00030996020716330964,0.07479605047951249,0.006692112293610602,0.010140144447447699,0,0.5998834233094912
339,0.24452424028602543,0.0025478918651295752,0.009936528182552343,0.02116542628350663,0.08540135032286778,0.01605077272353536,0.0035507964243646477,0.02010282070196923,0.012115280158053797,0.007987779959269338,0.005666897797635048,0.0011922086974228915,0.009690593617939348,0.010651317068023957,0.008906914017604142,0.006457295802132215,0.09313620586222776,0.009628802786122784,0.009992640191898185,0,0.5787057627482805
347,0.26699741862890086,0.0017823841020246287,0.01053805276721112,0.01684560678774096,0.10101533948710234,0.02194044700792693,0.00969268702016998,0.030365704590937345,0.010835686859819324,0.004698591793155228,0.01044487636852749,0.004673201381825913,0.0018356503723579414,0.02292689660508026,0.019039163013440327,0.012137325530024378,0.07492303355454334,0.0142142449143175,0.011802109710179701,0,0.6467084204952855
365,0.2700367162792129,0.01054330690466299,0.004081065179297516,0.004962719782199635,0.06421854357443439,0.02122280145394121,0.004503616015279616,0.009869225180975058,0.0043905324370152364,0.00017179293411264762,0.0009693304705257327,0.001200146171680395,0.0026813607809216553,0.005210107550750962,0.02119077708356548,0.004904497586538159,0.06403186532771543,0.004894766549789176,0.013089014966014865,0,0.512172186228633
437,0.2861285896116954,0.005071002282346125,0.009496658139057814,0.0049664294357831705,0.07823736593487626,0.009704360009581095,0.0031321362686663225,0.03908526332051612,0.03041803074684455,0.0034032831442817194,0.0016835330931459403,0.001914051541020918,0.013331171559564002,0.0052319134786850815,0.013567473567519066,0.002829034251653212,0.06499512171548945,0.0001198641497080902,0.007148955114917678,0,0.580464237365352
596,0.2560969458850806,0.0013649062887336088,0.000541604400756901,0.03309356246292874,0.0832394531546612,0.011229108596497787,0.015564127693455809,0.007234125289650317,0.025478207313498306,0.0011864095151617828,0.014198645140671705,0.0023276847718910463,0.007942012877261354,0.0015764031997004835,0.023195458021104256,0.011124002566610199,0.0854051776299872,0.0013141301589060777,0.009102637401598506,0,0.5912146023681558
617,0.2765166836028367,0.0020836254793498484,0.0051077227227273835,0.023543555657214162,0.0814749033358805,0.011482605270830013,0.0068370540348940845,0.0347643690840144,0.014990037706965135,0.000475887128313343,0.004788813913257195,0.0013491463114967265,0.0008234288656402628,0.016687549662957622,0.03105315921704916,0.00868167354060422,0.09188462441236891,0.01116975237708941,0.0004102037342449117,0,0.624124796057734
705,0.2946599575581233,0.0011776206597341617,0.0136347820626542,0.015268732915548946,0.08929723839770932,0.015913309376120118,0.00243818848122397,0.03215944434552216,0.029677065745740756,0.0021804475677183396,0.005485445287461079,0.0096325197090137,0.009934054415213852,0.001073789649059072,0.018554301604838116,0.005081324848092649,0.06738731414994585,0.007994889938326285,0.002196080393092906,1,0.6237465071051388
786,0.2705886766694962,0.001119524717614707,0.009416261732718841,0.00845554542766832,0.08763272786813203,0.016199693957174844,0.01464697775364346,0.024747358131393938,0.014988901199889678,0.004183186100646158,0.004142624858973628,0.0019788721167767124,0.005568680494167623,0.0036155285219094026,0.009016751569900719,0.006584681753763607,0.09128134625198127,0.0017057329594488946,0.006167184524011418,0,0.5820402566093115
805,0.2543940963909113,0.003479336640124475,0.001709731534754844,0.02629536985727733,0.08161141290360771,0.009644946820037695,0.00022973279135546896,0.017441039365075652,0.004662610923228114,0.009977584191839774,0.01076100879771493,0.005155889498073538,0.017128527819631454,0.00687830722465862,0.01885195559108851,0.005480956638064571,0.091446735350418,0.002525273577490561,0.005993155856899263,0,0.5736676717722519
821,0.29410418510035646,0.0014778886718439111,0.0004649955063239191,0.011036185403650981,0.1046839175814458,0.02181456379943162,0.013995876755002136,0.0206874362497132,0.026720846532259528,0.007651325399832533,0.002677431891400342,0.008742408644084506,0.0006768757660595871,0.002115568556916875,0.0021537824929027966,0.005863321268855901,0.07585810664459083,0.010356912918449009,0.0172583692719018,0,0.6283399984550218
838,0.2648353955244944,0.0008611246977603731,0.005902901313384798,0.022816409874033588,0.08632297288342765,0.010416187629710884,0.0073413073957874515,0.015332506723123624,0.015017820163301568,0.0016469919207593535,0.011898514802286212,0.009021747274477809,0.010662813920204697,0.006673804821901787,0.02380101774192664,0.008806778195145809,0.08446577409037491,0.00600603580311165,0.0025698935947529285,0,0.5943999983699662
845,0.27972286741714986,0.023145519305483534,0.00386322882987106,0.00925239418855684,0.0978683806269414,0.02861662099170822,0.009389687972471958,0.01585308736693179,0.023547966533395196,0.003535286302001089,0.012563462055357244,0.006602294853150448,0.006503816686937173,0.005160269693917645,0.026226739202904654,0.005196872465677384,0.06756820055946522,0.018038868842004764,0.005594746612589129,0,0.6482503105065146
858,0.2819659782354544,0.010165262313453943,0.011633349052495249,0.03379234377788031,0.09684064828810042,0.01409806753497848,0.001343496577235377,0.028206516751349057,0.019772368998880394,0.014737465469849532,0.013151342216987572,0.011884523675010517,0.0055484218700034595,0.009924481276134402,0.01928443942840937,0.004658488561006459,0.08625215436812143,0.0029136534490714714,0.0009744187865909393,0,0.6671474206310127
1067,0.29091377216891623,0.014793153739116468,0.00021267575943318757,0.03243757429970976,0.0976045040067792,0.027644534433529308,0.00791394977513293,0.018950202259833293,0.018159529003993834,0.01616383040104977,0.007749260664304877,0.009739652497471288,0.0011213699839410553,0.013958897501054864,0.022449615648051605,0.007801179520096708,0.07583192532280907,0.006992718961660396,0.008916537858605349,0,0.6793548838054891
1088,0.2628716649274321,0.0037854535046964568,0.004926734637462588,0.023119032279039824,0.07356901337368563,0.03015533475512173,0.019295681245274452,0.022066660853656703,0.01605796680504038,0.0003778352527591314,0.00511802305265811,0.004106275276437151,0.01182683571831533,0.001268429762925503,0.019582818551434365,0.0012764300307621752,0.07441873814516126,0.010289610057691254,0.007690225644091765,1,0.5918027638736458
1155,0.2626226064362429,0.011026237730341375,0.0011326782432447226,0.004039025417442379,0.10903105582476703,0.015613024465503765,0.003231953251942217,0.017233221076312494,0.003888468794920871,0.01134475376599915,0.0008922781926693988,0.006158525012677904,0.016376995764045034,0.004107086578296509,0.029789783295515754,0.021298895716861055,0.07922831614135206,0.012173651272895348,0.0006574676591340609,0,0.609846024640164
1262,0.29418250292810955,0.014111651606233568,0.009515916333569897,0.040677803135114744,0.09997229566474491,0.010920758367551086,0.0046254780488695565,0.021509836938476013,0.03551648178439806,0.011962202647917667,0.0005122148233774074,0.0021469923338605403,0.006788970407465837,0.0028808815824684164,0.011938008476026992,0.004064129339342412,0.08110962646026595,0.016846114745838046,0.004522149881702975,1,0.6738040155053336
1277,0.2766150202638549,0.007032344552506615,0.006340563804163862,0.016495804241968965,0.07963133163074415,0.02061095277803352,0.011126884461383806,0.008309885428754854,0.016932555971358888,0.004589603338142332,0.0017697456197256585,0.0039001528454526337,0.0015543859572346853,0.003555266910552401,0.015043490137158404,0.012023816337861832,0.06970773892435352,0.03160063081469213,0.016522885908158706,1,0.6033630599261018
1278,0.274598731772955,0.0019048198320431057,0.002782324258712487,0.019127908910278612,0.09510077640239721,0.017463860162791417,0.00017026597629430352,0.028335264880487536,0.01282348993280533,0.006211092048716143,6.383472831077223e-05,0.014852343348868209,0.0047554672859305355,0.0016442819768367211,0.009924535269375367,0.0027689554606500906,0.08897835311681443,0.004583526953129628,0.0031861648969442207,1,0.5892759972143411
1285,0.30356658399063013,4.2681934456158496e-05,0.007589516324992961,0.006642715472333813,0.07545166369877705,0.03531453291673772,0.0026777370674925687,0.03237454628008662,0.018573444266434175,0.007723431821740978,0.005040821912678434,0.015718157742446358,0.0011532370015660185,0.013209356679563324,0.02389793191715414,0.006114815391971338,0.06578582617476217,0.005240729985323904,0.003885698366791529,0,0.6300034289459394
1559,0.30056037502502414,0.0005209213601418302,0.013373749011875616,0.009857641014788024,0.06112320551793792,0.00714073294616161,0.009472543662308219,0.019033618561718115,0.022863478302863,0.024855756894806857,0.009972274638608067,0.004804973744046199,0.009646288686874931,0.0018516303829353659,0.004527849146597748,0.012016942591355861,0.06656166501674284,0.015927676429411133,0.00786201434020377,0,0.6019733372744013
1597,0.28829867125696723,0.005293109165449637,0.003952098340109173,0.026399356966367468,0.0798186802354178,0.015418443497524565,0.004607846895652523,0.02309492774566971,0.007319310618573203,0.006182548088241844,0.014043296224904453,0.0029478711947037105,0.005986328645195405,0.004387327354509212,0.015869095639891414,0.00215113757372387,0.09530145149356144,0.006681833876926359,0.00400180719716123,0,0.6117551420105503
1638,0.2630275077698455,0.00038575017590480805,0.0027149366020341103,0.005282224626328785,0.08201077646189472,0.013684841305953757,0.0012108617629763598,0.030433620133715752,0.003776162387768646,0.006720958973580463,0.00947609597442059,0.014677277858739507,0.003610061770380715,0.00332926235396835,0.003913044299932897,0.014218582386212212,0.07735525503882734,0.007877478002619105,0.008841705257306633,0,0.5525464031424103
1667,0.26147567614912737,0.0009794513998258726,0.004786168855764393,0.013516135549666346,0.07995085087614495,0.02219220451649036,0.006107406121671281,0.019262855530745526,0.013950909450925043,0.0013609878195617083,0.003943737035435081,0.008904019675319997,0.0011936005242846287,0.00975234426495531,0.031228042536643737,0.007541749434376801,0.07814390610618159,0.008705270867004362,0.0012307935956741083,0,0.5742261103097984
1687,0.2449524852229308,0.004263996392353533,0.00015449604592136562,0.02440965999389776,0.09710638246965124,0.019081593348689908,0.004961076581518896,0.018124357529138043,0.027283171601594276,0.004619217468925852,0.006972769411191026,0.011661723235094793,0.00243765820694768,0.0040471253248567235,0.027929930218840743,0.013802977422380552,0.07457604406096287,0.0158164573468898,0.0020675555778911967,1,0.604268677459677
1744,0.30955427278987835,0.004531745362573187,0.00918821104741785,0.024801104841237404,0.10313364423908926,0.02253687163617338,0.020446118593335165,0.031074052273517918,0.008368376381887912,0.00498928571185336,0.006756971125322322,0.001385519969996486,0.006012585031717609,0.01007761182797219,0.011917004894386971,0.004199492160338304,0.07208326944765486,0.014011460981099077,0.0005001817288375186,0,0.6655677800442891
1807,0.2696151379082522,0.003992181549704581,0.010586770185347278,0.010591977853849355,0.0942707166928985,0.012667596399953225,0.012324275486499737,0.03603995581063846,0.005754339185713609,0.009402934687686352,0.007023049761818359,0.0032905654809413927,0.010754545140127346,0.005178098548069594,0.011588442447908315,0.016148063765125883,0.07374845414696704,0.00032776388005767134,0.0017313033041047525,1,0.5950361722356636
1854,0.2693741006705952,0.010707237853402702,0.0031752580720423433,0.01446377505763933,0.08186817758090696,0.011163632492677121,0.010639251944254706,0.014040592115884473,0.00022305895545137984,0.012739810137489099,0.007311627189028515,0.012495006850037819,0.0014742162638293826,0.005331275278875957,0.012822360149378252,0.0021505276317054776,0.07687710117512579,0.0019967397267985033,0.0015394147847318587,0,0.5503931639298548
1958,0.2840688444762219,0.0031580941463645747,0.005294254024833331,0.027834283658992934,0.08289651723444882,0.022108079931816793,0.0053726236352769135,0.014549360127643955,0.02016983521810185,0.00295670037510832,0.004353073660632427,0.016314768557658788,0.0030330254997068973,0.0012997920081831101,0.00347665967999131,0.001286243593070144,0.06121505695768858,0.003926724389838407,0.010555650583471129,0,0.5738695877590502
1999,0.26050291990469127,0.013867229423840995,0.0023130006647035213,0.027347698852086526,0.07943846068860184,0.0139964655371559,0.00038549516065999856,0.026945055212796033,0.02071059841773568,0.0033589680620373127,0.016393656074486108,0.0023213317050981286,0.0067674192607780894,0.019073449678220843,0.0005328240297254059,0.002423740119123597,0.07840825645159914,0.0076910962868795875,0.013355086527043864,0,0.5958327520572638
2023,0.28045702190324384,0.0016063130264067473,0.0025628651914766055,0.01358117388707352,0.07621796234212423,0.022374747253621746,0.0038983345080017295,0.030084848241257973,0.020616276044226552,0.0008784280206496661,0.003354813142749557,0.017048807576483794,0.004904659779448159,0.00019654214836880418,0.017512880637843748,0.010739025556013889,0.0700546603368256,0.0014763376969203078,0.013170626672739742,1,0.5907363239654763
2036,0.24742610405369192,0.0069951520026639595,0.006201326979951502,0.02692313155880849,0.08687680027450677,0.0298163464162883,0.0053601740969345425,0.01286575576404111,0.030124765961240387,0.004560996443594982,0.001409273557548406,0.0005834584858902674,0.0011784465689246815,0.008293277628797916,0.0026984200640156643,0.0005535435731581855,0.07835406917556091,0.012532411811938612,0.004277343619431792,0,0.5670307980369884
2063,0.2666618765205323,0.001330233631620642,0.004523907568538613,0.009424335818099162,0.09676799483150146,0.009703458889491706,0.00969698541415595,0.028402416739311223,0.0022866367781448193,0.01159328920939564,0.007616357640781879,0.008111734063193855,0.006929979506637046,0.0013256565975293313,0.01988805280084687,0.0034732143548709985,0.06878929210359974,0.00203928060146983,0.0032161564897275566,0,0.5617808595594487
2127,0.28715123156118283,0.01069498368035443,0.01249159789025321,0.028005514570912604,0.09141210036041,0.005447938256250735,0.007554709460264668,0.02693103945887259,0.01149413458798334,0.004002407448260975,0.016744893174816092,0.0041980914066406866,0.0010428159480592382,0.008716190163431186,0.02384109676830157,0.01084196319751175,0.06015392855297179,0.002393693791967705,0.009011024319099748,1,0.6221293545975451
2159,0.282461151415778,0.007269201297866864,0.007281241873434059,0.03382623004879383,0.0725102416829993,0.0025479568436867646,0.020995688267743763,0.028349115809055154,0.01582554754851574,0.004779919379120803,0.0024694860203285816,0.00021277766397776327,0.01590663115193911,0.0030060269753609437,0.008561528259107552,0.0005064001760416065,0.07401261318406346,0.000314367206987911,0.005206449047872658,1,0.5860425738526739
2172,0.28455341586098026,0.002442372819134789,0.01008918287035344,0.009758961893746088,0.09067051937994706,0.013703029816207605,0.005631443474848153,0.017942138858908146,0.006885539511554338,0.000603524204450563,0.008594476628625744,0.0075086695769779116,0.0018454542771007816,0.001961083623563912,0.003985983156861044,0.012643939377221749,0.06554414721553214,0.014667201964364404,0.009600648927725938,0,0.568631733438104
2226,0.3076191783547171,0.00036786047585018756,0.002643152565361566,0.028410546649474025,0.0907167625611897,0.035477556990643484,0.003690184577518715,0.02603604096298588,0.01776210446032559,0.010187750014073656,0.013098805884524804,0.008028800961634731,0.0015861944341017116,0.0011081343510079174,0.012915108734716746,0.00633815498646744,0.08491693173180051,0.012483251817694276,0.00754971056378606,0,0.670936231077874
2230,0.2896051682267714,0.006097863055191981,0.0031908514288070348,0.012577641245471404,0.08824825357269407,0.014188201523800643,0.009587572753425143,0.02413256682224367,0.009822104784911153,0.007982427271111765,0.01091351747751541,0.0006202142226779622,0.005757195088033796,0.011401379211957535,0.020858259612405387,0.0017091319036613016,0.07357190749821382,0.009431087241057222,0.00484896878135313,0,0.6045443117213039
2367,0.2691948720521403,0.008788603290266674,0.002663735205872251,0.020339756532826093,0.071791572514813,0.02246254030439864,0.004001865021455163,0.019284629355659322,0.014820459453998932,0.011510311774430487,0.01087446873542686,0.003643880750516733,0.0010255034022372655,0.0053333068597889435,0.011353246142532473,0.005197542157288809,0.06355000187442483,0.002339431854541129,0.003549454441437175,0,0.551725181724055
2416,0.2798862462680381,0.0024710633134545244,0.0026279327134264316,0.009881133206005411,0.08179068125109228,0.029744320207272846,0.00782361342904273,0.026036530604291012,0.02745067928040555,0.006367237939446266,0.008944002969282685,0.013986115879376246,0.003227486243329625,0.004155428904299993,0.006059870496653297,0.0035449552941492386,0.07343280167056519,0.008314194637631212,0.008030220873607176,0,0.6037745151813698
2515,0.2769239123847573,0.0008492464084913683,0.013432001252066278,0.02760670925949529,0.08808457771442432,0.009744028186018423,0.0027962484302068613,0.015680113797829836,0.009821975400195209,0.0001380162731648317,0.004577073989441653,0.005495874744059079,0.011388962989177678,0.008171758428403496,0.01409494709181347,0.00672842520072245,0.06491444210043087,0.007180220175275267,0.002196671714458594,0,0.5698252055404323
2608,0.24135555586038274,0.006330852949653009,0.012054571757437377,0.014887409744025217,0.10181618165936669,0.018118702695800265,0.0006147747666942237,0.034961576347133094,0.004842123525578603,0.007117383191374061,0.0019797167285574247,0.0022019156788612203,0.0012259934136340132,0.005084005255709134,0.026157723507155287,0.002965146833105711,0.06857519735344765,0.010779119681230239,0.01487122211911881,0,0.5759391730682648
2618,0.2722576909590702,0.009042762273147313,0.0147459028725677,0.007085294778452769,0.08521293410483087,0.005503453704805329,0.009753904613077099,0.022770568382479765,0.009299807469075033,0.02387972946670182,0.002910402415030511,0.009083922896401966,0.0071166257188266455,0.0074877348948694375,0.019749708882313324,0.005352012351608062,0.08661807485569638,0.007689625831132001,0.003158811222345618,0,0.6087189676924318
2667,0.2812640518631962,0.01835342338526358,0.004328432690416074,0.01952436644911838,0.09174324163862466,0.03087126647518893,0.0064961361243607565,0.021233073798709395,0.010186685630886953,0.0050854710005545055,0.019642229525841885,0.004483690713866101,0.012340556892637538,0.0028686778841521877,0.004018459204865871,0.002178754796925727,0.06038478579888278,0.0038367141662692494,0.0078649098639675,0,0.6067049279037283
2674,0.26156808158574635,0.0019411677591075179,0.004684724911404897,0.01352203239559952,0.08506744374013694,0.0019400332887683704,0.004899101662483105,0.03156029100221364,0.021323570341035217,0.010410293013064766,0.006471140327001921,0.0060325864251048,0.0024792810828285217,0.013926833435370312,0.01741586361212098,0.004831309843840393,0.07826268907719085,0.002731198048425814,0.0023086323641803887,0,0.5713762739156243
2701,0.28684058648448935,0.005928289121085778,0.0007450455015315023,0.006057333360606384,0.06341569381982076,0.012183983503755415,0.014491362088430677,0.013329216419683222,0.020241192173759533,0.0012492843527731174,0.006518251846639487,0.0033614438604599103,0.004347468846047853,0.007392130389523964,0.019966110492356658,0.0058767442748930785,0.0743653460113698,0.0043095670422948745,0.0009884667143879567,0,0.5516075163039094
2733,0.264508254346711,0.01597344212904647,0.005678893774108918,0.02042052982856191,0.08410731595163116,0.013133822837365711,0.010050992323773468,0.020579528100989446,0.00921690656596916,0.010623079504397474,0.0017125388064155864,0.005688879931770552,0.013884931458966025,0.00120032169959711,0.014856321465900763,0.01948882428452457,0.07573799164882442,0.004976596759412446,0.014643086971499247,0,0.6064822583894655
2799,0.25968035228668745,0.012061283543337263,0.0028768739985881066,0.016286195474515895,0.09636600233759683,0.014637230804733942,0.003973099337609235,0.035688951137976224,0.013790883963356305,0.0056775197809274935,0.0009075387726285468,0.007525374623591936,0.013872480008955562,0.021418004514157787,0.017158600191173164,0.012350763866922836,0.0621864019332579,0.0051598470811559955,0.008815432483477725,1,0.6104328361406502
2906,0.2972597213909074,0.018130439680577162,0.0026820033879852976,0.01169639293378925,0.09766848636171374,0.016021538217758428,0.009411528447033156,0.020029348371044364,0.01996747040900007,0.015841880360495234,0.003278160444243598,0.00014865609332410506,0.01158280874828544,0.0113540391216406,0.01944837285986699,0.0029633917711161246,0.07538211884684655,0.001476155189280019,0.010736078979090975,1,0.6450785916139985
2934,0.29801767472209945,0.012959042367506512,0.005919134542458562,0.02057655538244184,0.08780079132617132,0.028525352128257096,0.0010324954929791887,0.021401649224860955,0.02035128568941051,0.007754373001849474,0.006897425950242399,0.008249208533781752,0.003598927914799114,0.008660850192474832,0.03393364197166641,0.0023277470510792895,0.07890308632182472,0.0076777808379845745,0.0022226832664172056,1,0.6568097059183052
3023,0.2627469450473999,0.007754676370540918,0.004570145562766808,0.019837270827227034,0.08305436246013823,0.016400417301210682,0.0019307527942961323,0.011708358396509395,0.013838910644970044,0.0005523288526596996,0.0014647154017604013,0.0030631793668551887,0.00944584328468623,0.0018700803396580177,0.008222222897457922,0.00165024832961925,0.07822791110037824,0.006123364425160307,0.005584782163651928,0,0.5380465155669464
3036,0.2755354946331859,0.004753030932369481,0.01088350753222101,0.019697466413381205,0.0888202243542804,0.008838611469948538,0.00416205698011684,0.023683381773817347,0.018241939581444964,0.0021273818943062044,0.011669172009619973,0.0036211131875853726,0.002205836664183883,0.007949083693301757,0.0143216694457761,0.0007847048891229652,0.06215375590832776,0.012815019483607876,0.0008643549653572362,0,0.5731278058119548
3076,0.27478065980624405,0.00793994020734277,0.0011642454102295044,0.0010232301527416322,0.0798349758422836,0.0195839399066809,0.0019154110436251602,0.01736725545676911,0.010756734930083606,0.0031334739012265867,0.0038582774827123985,0.008309652534805805,0.010599689663435476,0.0035647072576618123,0.0006126887641748008,0.01428031020830037,0.07901348983741463,0.014293382468450197,0.0006305566810027956,0,0.5526626215551852
3185,0.2805700040766858,0.0039037926696825565,0.007622724141940427,0.010889187044554865,0.0729625277188203,0.023175765870226985,0.0050809077175727095,0.0326057813606506,0.018755616678928236,0.004977054852870578,0.004816920576133842,0.0059092542260503755,0.004790787644670884,0.014948252528880776,0.007098080501021255,0.004764185724170529,0.086419565840069,0.016066330818085763,0.0021899390640143096,0,0.6075466790550298
3310,0.2839535553228714,0.008203781722478069,0.001611407985873062,0.01132488831597085,0.08337042287402538,0.01177540536853587,0.009298606622436856,0.03764063337629826,0.028826086515422546,0.00949158812616182,0.0037271303421128367,0.008885641204777287,0.012359534805034326,0.0003602368089667754,0.02044936661499835,0.003757027376802611,0.06383909531087545,0.0026696586655611597,0.009289631959520917,0,0.6108336993187239
3314,0.29358807727814284,0.009145772400206694,0.0041266928244707065,0.014477042438881586,0.08669458097552452,0.015283967978907353,0.016117957211410527,0.03416597107367422,0.0019711911513608407,0.01114603893040993,0.007042497254085251,0.002439761012259999,0.006324243141945641,0.005134500436262686,0.009718050152059147,0.0006437173642328492,0.07090028549601839,0.0010500406739908802,0.0004944149953716581,0,0.5904648027892158
3358,0.2848911491141362,0.002338479188274416,0.0044054776355707745,0.0201280318036236,0.08971320899579556,0.03371261827018292,0.0019444479621856525,0.015154685005156607,0.013370886900304588,0.005038033780357016,0.006299444830644282,0.018017015070045172,0.005015507904738912,0.026123197929600068,0.009358363512626948,0.012390511618574154,0.0772463351972667,0.0049980277227216355,0.005446876381037109,0,0.6355922988228423
3362,0.26626051767745323,0.004115352474763557,0.004344943534548621,0.025337132192494935,0.0817122844906627,0.009558805340850811,0.005256755302571929,0.026864341415204728,0.02303829583042016,0.0025524772725302827,0.0049779705367242275,0.0034778284905323856,0.0026488147618760165,0.01496204396682171,0.032040752405723016,0.008070285250496105,0.06979715993315747,0.002455403670159248,0.012207738884467311,0,0.5996789034314585
3391,0.2924403737692601,0.006027239610680803,0.006590693002329844,0.007139024963329737,0.07291015707022779,0.01169905955541961,0.008532199396770702,0.0051058256478491385,0.02509614233915319,0.01684923644479844,0.0036167359643418497,0.004153840947481437,0.011342665161639665,0.023157647059812422,0.020059136478159937,0.010180077883544966,0.04965661202943039,0.001879154141304486,0.012050159432092136,0,0.5884859808976266
3432,0.24579789992885476,0.005922468240042906,0.012842326424896128,0.016284479609562506,0.08694947531073083,0.017185970582765196,0.0047124649575980655,0.02612015877745913,0.004604448482297305,0.007731971186408445,0.00226200697915781,0.005367319794128073,0.0037831496602096686,0.0034722340939791234,0.020995518889842652,0.010185884930869245,0.07514066056038726,0.008424243772076801,0.0014176581250487485,0,0.5592003403063146
3503,0.2880557588150947,0.008978674506190257,0.005921746808276537,0.002003602889093718,0.07617748828152784,0.009716949531388746,0.009701091958550474,0.005481751467434787,0.01395589497663018,0.005720011403595664,0.016341481687876712,0.0040238651575789436,0.006858336659398191,0.014672508889156494,0.02718383970576314,0.0032141514176682647,0.07766489914014553,0.015224209520384613,0.005610331056211542,1,0.5965065938719664
3575,0.2926786367423591,0.0022052658166121773,0.003603500224479186,0.022523118402309094,0.08797071100214485,0.02438182247642208,0.006257359342984929,0.019396430113130955,0.010890512285943846,0.0062089855536143455,0.005940990667257509,0.009921603486371892,0.006509968376070142,0.008779130683591041,0.015331030870936917,0.007330102617036537,0.07514515004473635,0.003562920575965311,0.00875409859488015,0,0.6173913378768464
3646,0.2877602576518389,0.009259254496211983,0.0036312506785209035,0.009425199644028614,0.0823987608219666,0.017486423864318403,0.003434402598798256,0.01673501851975676,0.0048220423507836915,0.015541920855913322,0.003180793856168528,0.012349505791172957,0.028047708260225634,0.010510061414109593,0.026606156175383103,0.0039517023459339565,0.07239324209149747,0.01087059018269207,0.0034108405531966964,0,0.6218151321525174
3724,0.26341323169481695,0.005036779179766848,0.01140296962642511,0.013138242589484104,0.08806836647775229,0.025808424976145966,0.01358676360801147,0.024963312104881646,0.018407136133653048,0.003208073172612595,0.012306755694699276,0.001760536904292742,0.0017426404732218516,0.00543570235067093,0.0025364353375949534,0.01075734049164447,0.0685493397505084,0.002773899026689217,0.005355200899198901,0,0.5782511504920708
3794,0.2925177726512317,0.0032740808398814564,0.002492155498068202,0.030118821381889135,0.07659389011211795,0.02206962777229744,0.008199303836893589,0.031715956097014476,0.012760544066149258,0.004632592489967174,0.006348352203605261,0.005393229441769698,0.0014863401207790828,0.010242605273226955,0.0016247716032894248,0.00027718229447204907,0.10161418612566185,0.004260284154773958,0.01203253975003775,0,0.6276542357131264
4031,0.2956000485464793,0.0025738816715486757,0.0028554393690113514,0.013627782799333786,0.08267596119538441,0.03064509396182984,0.0037898322456807604,0.0229314271701744,0.0239446905008675,0.005933924718120413,0.0025949634831198515,0.002217366634958833,0.013769866794423638,0.01985597527168436,0.011903395251016866,0.029652174404255105,0.0798622324177751,0.00677147723441599,0.002502414332080058,1,0.6537079480021603
4070,0.2960043300107049,0.017836672284827857,0.003269306668767654,0.02210222513500997,0.09444241790682924,0.01940838645964249,0.004771446327921611,0.02719337044983103,0.018826087018401036,0.008649965557943807,0.0009574290508308153,0.008638437129442424,0.023445742407306285,0.005131565730067411,0.022638279614810696,0.00424332429204874,0.08838502988359884,0.0037274877282572677,0.005454588723319421,0,0.6751260923795616
4073,0.2502886769758083,0.01610648016260227,0.006578969283505452,0.00947109049030623,0.09657235246345687,0.011998613162628218,0.0021186762305220905,0.026863334613450748,0.006100560121121109,0.0011482639663359445,0.010524516398396654,0.00803111141739053,0.0020618589165344856,0.010895672313339369,0.021361486526331214,0.00633591684485197,0.07417218547684348,0.017399589472736825,0.013842702100859543,0,0.5918720569370213
4109,0.28571751846781596,0.00649473066977795,0.011036504930553494,0.019000493940493003,0.0921173887478346,0.017994471242198683,0.004433389397899969,0.015660705193977085,0.01654821898812018,0.011576792562575293,0.002613094370148166,0.007199582773731934,0.0037277127782135645,0.004641212548227737,0.012296907811704833,0.002046705514327853,0.08008805790943312,0.016728825154637243,0.004876319945619998,0,0.6147986329472906
4160,0.28453315991200806,0.0021587487596044907,0.0046096789347376465,0.00970700435071202,0.09674173703611602,0.019951276568519853,0.012622301284545829,0.01186972603407417,0.02440124346251761,0.012028057714044705,0.0019100002004480184,0.004425487786650433,0.0007287223494840077,0.00743742027453281,0.004716683413559681,0.007541265941411796,0.0850860935595611,0.014396493590789178,0.005312450639643792,1,0.6101775518129612
4189,0.2829818084041615,0.0009343375028086109,0.005581781937603901,0.009901822524820744,0.08458735430257656,0.021989937858142284,0.004488542330294368,0.0235170916666675,0.022817395208055716,0.01607290173373395,0.0043974507993549215,0.013291372405597995,0.008669853804603733,0.007275302246602139,0.012644486030722527,0.0036488414029301323,0.07343242440472815,0.0016446622521335019,0.006937563081200553,0,0.6048149298967388
4194,0.2984603707401441,0.004355648218918518,0.004550604033684061,0.01597522524348523,0.09172560514537384,0.021324690441431517,0.008371908491221644,0.014655583231032714,0.020300522862882465,0.005758018774391186,0.011116399756794754,0.0014705345633784827,0.0006761923084202802,0.005545428503750271,0.007956369311111926,0.007868018156966299,0.07426838240812156,0.0033016998913419746,0.002906624223942605,0,0.6005878263063934
4273,0.26103366287477797,0.003048211769474811,0.009691970169198271,0.01266767241546895,0.08790016209021566,0.01503774276829313,0.0067669265920614645,0.024724519974790943,0.0017177256341891116,0.011727039336154904,0.0017505373043641126,0.009820822277299713,0.0019130790045755908,0.008063460375841582,0.028944695025356015,0.013557951191878052,0.07048683758098631,0.022691078020294693,0.0036128271013930093,0,0.5951569215066143
4308,0.29482651017953015,0.001969524477700659,0.00498627765940461,0.029112472931260756,0.07260693012211002,0.013420288247079824,0.005802891260614365,0.010250523581139268,0.01555902432931707,0.01315338929600579,0.00936892953774537,0.0034747080025499155,0.003905126673355794,0.006760449228790506,0.017310726141745388,0.0046179468686105675,0.08266348263756501,0.003469876369467629,0.006012534541591734,0,0.5992716120855844
4342,0.2901788054205046,0.01939623876203477,0.0034666832113141406,0.024986917687300707,0.0936492636054858,0.026924038862201623,0.0017074303788949593,0.003249815778882563,0.014437109786869224,0.0029630187513183925,0.0024408362794866396,0.01412953657547872,0.009461496949331606,0.007527796868248949,0.030778529060066787,0.002156936876768285,0.07825928153239717,0.004954791605178012,0.006275702021755098,1,0.6369442300135181
4413,0.2869312959200336,0.014474682149010092,0.0045657718002439195,0.01002322778062163,0.08630015131043528,0.03362275853490022,0.0025187206361763476,0.04032730265956781,0.02626588181409751,0.0019421814102926773,0.006117325676780932,0.004715407093302713,0.014305907210712804,0.0029734326327436177,0.008250268606555271,0.009424901559836019,0.055865900784873905,0.001672425271576916,0.012348075689229491,0,0.6226456185409908
4514,0.26217596093174816,0.009596485701540676,0.0032396009100500076,0.019611223365595985,0.08496026466247479,0.029694804390655204,0.011631410322774446,0.013077192051949998,0.03296903401238807,0.006768018424462768,0.004798018757011818,0.00595475475722589,0.000237645490861524,0.012311305203124514,0.03305571867571492,0.00363911833797172,0.07532518634860115,0.0025300545038604676,0.003577457615016946,1,0.615153254463029
4596,0.27974904288279684,0.005312151180772794,0.0034193960012120963,0.02021410696572665,0.09127565891341062,0.01845504201866518,0.0010549763854531386,0.02329425698799418,0.018427993762848826,0.004317654117799179,0.007579819608323426,0.0019198762312474318,0.0063094503383020525,0.007850978635675831,0.01749506859435041,0.006951657014725408,0.08129109618316294,0.011223789569684844,0.008248920931512457,0,0.6143909363236643
4657,0.27975442538677914,0.001847705473806855,0.005563944217306987,0.010174298975143737,0.09794193465281913,0.019128416085360315,0.012562484280785532,0.019407724884129784,0.024083690301668206,0.016679919423082466,0.009277414028569974,0.0007297808074560328,0.00529133246000108,0.00735668594423833,0.026501241115183143,0.006164494546373085,0.05789394253478265,0.002570680114635931,0.0007607965658370931,0,0.6036909117979594
4699,0.2810767874339692,0.014411123565824953,0.01373303029987683,0.003715487767803273,0.1033743277599298,0.021162574315336993,0.011146619383674701,0.030822681605469165,0.0035339507109449033,0.0035308591930338926,0.0022637210117543057,0.002814736154992582,0.011541928878492423,0.0027505211903635592,0.013286441340103579,0.009304353807775455,0.0796282984207098,0.02151796956727402,0.006619565478790536,1,0.6362349778861199
4714,0.26342336546220585,0.0027591741356771645,0.0026540486784172525,0.018133945597945764,0.08040383910689541,0.010962059516616822,0.006967685201096023,0.0278162254509961,0.02609388873217314,0.002845217436126502,0.006743473199725527,0.0009989091518011301,0.0001397339237915421,0.011099374435315395,0.010232101713537188,0.0060198613234742375,0.06844495778664388,0.0018838976881942742,0.0008495433254772581,0,0.5484713018661105
4751,0.2618989249719806,0.0022227058256672925,0.007668258921657133,0.022159378611282116,0.09012922555406871,0.031094122868884053,0.016681592986724794,0.004572777738124701,0.010027397694650891,0.008985407098017125,0.015874104073786664,0.004497423024992303,0.004579100235008388,0.02372009496111608,0.004553260644670304,0.0033245301624524903,0.08174276101528842,0.002694363666685869,0.0066038166822044,0,0.6030292467372623
4922,0.2805603058558478,0.0020807525012051993,0.0016681117228850664,0.01606789925849054,0.10119011550636325,0.010018790806419705,0.006662788043534325,0.013682058903122435,0.021518954902250708,0.015639575891457813,0.002650736419592269,0.00894855957607335,0.005473946253266618,0.00010126924831604105,0.015345765624992621,0.008512425799556451,0.08451962821045239,0.0010080185886172626,0.012708242151488948,0,0.6083579452639328
5168,0.28582669543225797,0.004325911912646923,0.005124731391329157,0.008278042212298333,0.08919932430025099,0.01655208342027943,0.005950776845674882,0.03983383460758077,0.007125080440569978,0.005989410844678593,0.007406316042155373,0.0013621857722657326,0.012011513044284376,0.0091387032691186,0.009524215541647004,0.0015498591951727387,0.0795899940189314,0.00811747695791777,0.0016929066696404148,0,0.5985990619187004
5217,0.27163464457521735,0.002172302810865315,0.0033849772685010417,0.019373026034409727,0.1102580507630194,0.010255881678697058,0.0068696061082589785,0.02547449010275686,0.018786589743642442,0.0076258434670056574,0.011846466117230947,0.0015697950913359242,0.007293913733879861,0.001176054683775953,0.02218833292637238,0.004428928287998739,0.07985301448138854,0.00039844749422833866,0.0009255253728236174,0,0.6055158907414081
5281,0.28072903971903396,0.01726556481906739,0.0005844653903352026,0.015241474866390764,0.0947295386651475,0.030280315030376502,0.0022122546144155053,0.01679696135780225,0.005438851816898904,0.0034442513575960467,0.0013352501626831435,0.004650047994208256,0.014286721241625007,0.0020652177429705976,0.024691889424580185,0.011704885115482663,0.06624023686718024,0.00912639528986437,0.0006497661337127227,0,0.6014731276093712
5361,0.27175930785992736,0.002412957070413664,0.007451171691795401,0.005925815392153967,0.08397563791661028,0.00014251691393421032,0.000867527981510562,0.02785664324353939,0.0269244981577829,0.0017547454502803508,0.0060227952320994005,0.0015752467023983116,0.006929900148020357,0.0016400648188813099,0.014201657878811022,0.0004063328732049382,0.06238231502097869,0.0037815131874147684,0.011984384124637749,1,0.5379950316643947
5378,0.27491225190762547,0.005919210769300789,0.015422142352243486,0.006450804193948352,0.07664622614479433,0.006356782427419831,0.003629343168945069,0.04149713828598364,0.01989848636299046,0.0029318828185969197,0.011487474167721851,0.007313175182357284,0.001142080664427101,0.0015099195847316242,0.03001644638459668,0.009200313605747528,0.0716018843585929,0.0008609569160767095,0.0020703711952589727,0,0.588866890491359
5381,0.28807299559545524,0.009816025291225825,0.010985556992266074,0.024008550325379213,0.09066030992426895,0.02897304410015951,0.006200119868871822,0.011382461941147302,0.013837924740930735,0.015547474541536613,0.0042119814579638995,0.008841285522184788,0.005353667836716556,0.0013345357765006036,0.018411789333695604,0.00510514387928342,0.05538528134960926,0.001534823038308699,0.005064190768600316,0,0.6047271622841044
5515,0.2572494274981756,0.011640796113600112,0.014509132759803327,0.025217403469252053,0.0899554529896911,0.01895550403517406,0.0053875981676396395,0.03013676471051175,0.018808364055389153,0.003416137243885931,0.009138489586499363,0.007911637572397032,0.010596141385442355,0.012270918136226126,0.01659170117510703,0.004153677203039005,0.07471651472044376,0.0005945068352105991,0.006804977867286252,0,0.6180551455247743
5535,0.26825924388439476,0.0023873899189026057,0.007267042912541736,0.018167081879745858,0.09795710376877712,0.006756102213764821,0.01504782209055024,0.019870093406448096,0.028500225603698675,0.009190248992401909,0.0053323372661284755,0.003977033660509968,0.003925831463979637,0.010261992157877863,0.017656592746343257,0.0029780363189295736,0.07233303150371669,0.009758050019637178,0.0002269252563612462,0,0.5998521850647097
5638,0.2904120675301939,0.011226928086776977,0.001601758529842767,0.014056039364285412,0.09249496559313085,0.011671610618117894,0.00939642724419106,0.027204116519819056,0.008309883123977777,0.002601968714718232,0.005721029202734886,0.0004308726714940652,0.011681510319835485,0.0038151012584535845,0.003964434272651549,0.0009455776130824736,0.07059142846393072,0.009253639466792576,0.004874207452709069,0,0.5802535660467383
5655,0.269406388488243,0.016963649419993003,0.013110474722113628,0.017335178298160447,0.07652902190839224,0.031940878350570155,0.00022460512626943114,0.014268804720314145,0.00025787514359343724,0.006672653099487285,0.011076987042475457,0.013127081736926222,0.007218370720153451,0.0012784807384572999,0.00920159909313786,0.007229041780671356,0.06313046465747246,0.0014972428616184105,0.0026106061791704833,0,0.5630794040872198
5729,0.2540177708793224,0.009086855348272605,0.013058245155729408,0.00671907906419546,0.07862129117480017,0.024041657065031908,0.006697947319477213,0.008199316643539217,0.025106861027758894,0.004764984398178699,0.006036831429058103,0.006304180660782211,0.0032804881391814535,0.00428190614740526,0.010363973604771017,0.005222092487044844,0.062318330442032256,0.010301963299299324,0.0018311317122838746,0,0.5402549059981644
5738,0.24896211756949127,0.003587900011918965,0.003083061297849879,0.02162790077142688,0.08870914212639418,0.025784119148127525,0.01202642906154628,0.02352310986173306,0.02002619386504107,0.007174915997222911,0.014260361971704043,0.002262137616023687,0.00829766954934868,0.015424731099844921,0.021580318323219844,0.002652213742418165,0.09196893610188402,0.012517286269871874,0.014757662660714094,0,0.6382262070457814
5744,0.26739388346188964,0.0030830424055832304,0.008372827281702973,0.019110239973567533,0.09184185399687764,0.005522192314966978,0.00365519506641338,0.04299411775197696,0.023099456439782153,0.002507682358662943,0.0015816678278851512,0.01348955808008033,0.007385494334721444,0.0014917574969124682,0.012188003421941878,0.007742225357096148,0.07496868120490538,0.004522766432530809,0.005994022501218756,0,0.5969446677087158
5772,0.2767599408886105,0.00016308681393871396,0.0004794434032843823,0.01615915851575479,0.09126021766842965,0.018763616799884513,0.006956843576033108,0.018893744759509997,0.013025422039623029,0.0006826647380552265,0.010659905071868854,0.0025443621725091234,0.004350243562891376,0.013691331598217936,0.01886436465860432,0.00023500301025320121,0.07632520792007107,0.02313559226437926,0.0026173624382566135,0,0.5955675119001757
5775,0.2608632230233083,0.003596462224203789,0.0036282779438539053,0.025917144406827387,0.09038907588214265,0.021020449863125762,0.0013195210955090327,0.039013173583661784,0.00872035807413894,0.011117955721734712,0.016231061202073443,0.0036181336426188344,0.010144196699096015,0.0060246240539147955,0.01806337746222144,0.0201791469840828,0.07981788502146248,0.006006316112512539,0.008471982175101528,1,0.6341423651715901
5795,0.26442598781501225,0.0031719333157381067,0.017591638915314317,0.017954203558382918,0.09136830151033157,0.011407808679475087,0.003964648669488239,0.03708162733106277,0.02425846395426249,2.057602989774189e-05,0.011608405722776183,0.011387124185496566,0.01389056922840215,0.011466956043316575,0.011850455269798174,0.0028609904304175617,0.08468283013246095,0.006563516447900347,0.01576256369076901,0,0.641318600930303
5825,0.24758406071575115,0.008260354607075304,0.008625987386710915,0.026191673348857233,0.0739529419035138,0.020521916586330992,0.005526685708644158,0.028875690341192476,0.005654587682788946,0.0007455198771222775,0.009413070179141595,0.012273163244693122,0.0006814221201711104,0.021366175231284524,0.01346149513193313,0.013346736331890261,0.08834068643350569,0.0009292837586670336,0.005923839550475088,0,0.5916752901397488
5833,0.29676122078565115,0.004365648713877166,0.005608037256357874,0.01736396557069524,0.08920979697257529,0.011254227824274342,0.01186222023015173,0.009734534759511517,0.013228309130564277,0.012612780698698424,0.005790370981607744,0.005286310959263762,0.007138069520966683,0.0012525390936479535,0.010861184048505477,0.00045439663303228233,0.05330073819450291,0.01006249063056366,0.004803633272392369,1,0.5709504752768398
5935,0.26389155596744207,0.00953606805251781,0.009474547509089817,0.026950390312815445,0.08183881445276521,0.005309984934766638,0.009021498078812352,0.02462795735037819,0.0037875088818734373,0.011895635662654457,0.015769730096163132,0.0031286518760097813,0.008337472659181626,0.015961526557697957,0.0022968034587233085,0.01165648784470578,0.0756206283786945,0.00983031734851792,0.013234294579093578,0,0.602169874001903
6003,0.270927840305674,0.005998667922057113,0.01333866530723997,0.029135241840030187,0.09520296336748155,0.02753200373135959,0.00029657986356724424,0.029971511380485802,0.00154781965395228,0.019794459795624036,0.0019037844707884232,0.0005731283124146107,0.001148497932126748,0.005999103646742787,0.018495851183999414,0.010086851610278978,0.06648048046109746,0.013419416900810575,0.009870767758715477,0,0.6217236354444463
6066,0.26202223770829663,0.011398779091904348,0.006180230146080799,0.025677832386323908,0.08494119017297981,0.028385097105530586,0.006037646014462509,0.020128164579739424,0.021951547083324034,0.013108354369747072,0.005489130764019807,0.006272695048862173,0.0017556380289659732,0.014592276629133876,0.028969226779490674,0.006295769529677616,0.07848295343623309,0.009712307428840222,8.121540545531525e-05,0,0.6314822917090679
6109,0.2570148509662015,0.011519979196992259,0.007002795541551154,0.0036449476200923346,0.09295694610244208,0.021363257113151027,0.003626303573691391,0.02057680638091613,0.020868886513187555,0.002115938003905627,0.0023608952635637338,0.0053785177671806066,0.01302442774385631,0.011285870474953464,0.01833275282605529,0.010787834184194465,0.06827907368142061,0.010587244294918226,0.0002833187686071766,0,0.581010646016881
6246,0.30429045223286855,0.012877642513601675,0.0005379781967547497,0.016899861926125533,0.07831897152781707,0.02449482338806712,0.0032384333115194766,0.02527249485475668,0.018211599473637975,0.004308160974417631,0.0028666984457989086,0.011006970064876578,0.007644302346655069,0.01923051583179576,0.0073933166225118975,0.011023201746443825,0.07392451090239749,0.006133243101157405,0.0009239493334829266,0,0.6285971267946863
6254,0.27692554799307106,0.003937524055195342,0.014209174200529707,0.0157700307470184,0.07104114254025444,0.030902232483940254,0.007575652784593165,0.02987764309934005,0.013748530930509859,0.004512690377313954,0.01075499763133863,0.0032597876797130954,0.002233843882525289,0.0018141532408474923,0.012401956630689211,0.011838173822665034,0.07031262714500962,0.007971255217867665,0.012220904458943083,0,0.6013078689213653
6295,0.28291185726490925,0.0006555524790488258,0.002819782765055,0.01409606506234569,0.09703894644907982,0.015397239502035207,0.00909661424249328,0.018499900112219,0.013262375830090734,0.01347925279952874,0.004459449620628944,0.002145402389462138,0.0005564327163266086,0.0011319586368022023,0.0180553099076777,0.005478472445844543,0.08739532702191372,0.00014433256425257953,0.007941261697256386,0,0.5945655335069704
6369,0.2578471275667509,0.0030949127924848564,0.0030312981175593763,0.021292061512645937,0.10239921867142805,0.011743465533904075,0.0072266962861579544,0.012199200666943402,0.01224766677728511,0.017840666862980036,0.0038201844780546335,0.006681194248873168,0.003147764931001194,0.0036648316398650064,0.018609306998950567,0.0030722371439864176,0.07324786341793572,0.009584826109712655,0.012152174747261357,0,0.5829026985037804
6400,0.24863626218838988,0.006292488237967599,0.006434321907179869,0.011469090087972207,0.09107873953466418,0.013818324740447044,0.001469251333767456,0.02255341551358135,0.015724014059179003,0.0012897387449657446,0.015284704955368744,0.005494297855236659,0.008612280633466966,0.0012493359165056833,0.0018266070623014492,0.012961631854933887,0.07719730380782387,0.0016720350137296649,0.00770892288439316,0,0.5507727663318744
6401,0.24867396741550218,0.0011648841394943162,0.006497746108443491,0.018676373272434287,0.06853684103927714,0.020710490846599303,0.005209596395903282,0.014420513507099091,0.016725486346838948,0.004890612467682496,0.0015267510658718271,0.00979635964525542,0.013245645999739824,0.007729430985537861,0.01629640202317969,0.007859112197209575,0.055121252389369706,0.023420308426979265,0.013213946837346533,0,0.5537157211097642
6404,0.2614516991086894,0.011726086003339782,0.00894040277022947,0.004428624602903722,0.09303742301887524,0.01691397408034793,0.008749929720424562,0.014077121227905174,0.013976294159574184,0.007422899946587909,0.006851519651668253,0.0007242087087501729,0.007329778380459262,0.007329403179931503,0.015800061442734954,0.004815629479938238,0.061694823690790566,0.0035498087418137764,0.010046722845748467,0,0.5588664107607125
6419,0.25172050054981376,0.0027890311697304306,0.0007022517668149544,0.023966421843769563,0.08454333253039745,0.005488146477415111,0.0030445009810651513,0.035199158014707174,0.017345027127783297,0.0012095124127211089,0.019606347454201985,0.004578770355765672,0.0055898432406028325,0.006630345277207837,0.024800224406598743,0.0066789597549844456,0.09850285730157068,0.014332018411202957,0.0015142025633542772,0,0.6082414516397074
6538,0.2654208679933915,0.0027488701009143533,0.005204015809484366,0.015742005613236153,0.08720124199580563,0.011559852127969032,0.003384414626004754,0.02828909008776651,0.025363900259894528,0.005993791156273029,0.006957524202389647,0.020665978435216295,0.005465552852936771,0.0023925497595689163,0.017053365930136632,0.011107917964090837,0.07135315882412885,0.013289364548107158,0.0038080526606774677,0,0.6030015149479924
6543,0.26152046011667845,0.01609656387142375,0.015450016180873775,0.015361857763287532,0.08288909530473229,0.01483071902823559,0.0008115445615205706,0.03411555181778354,0.008735115037010346,0.005539161059679792,0.0057084492298657774,0.0038468960225924963,0.005738860993777505,0.0018313853430261366,0.018779237465803542,0.015942336252613515,0.08860109851985776,0.00623911079710751,0.0021043751539001534,0,0.60414183451977
6563,0.2945698613492744,0.0029426981315617117,0.010401296200082741,0.02174084104211668,0.08204366996793418,0.01975200256220224,0.015953865614373838,0.017276798789185713,0.013987863817054899,0.01194060842408254,0.0101784722233667,0.005490275082611372,0.018281666769271537,0.01235156541985086,0.008751095367409464,0.004625546726162693,0.06654730061597648,0.006308831242855714,0.0015375871222740836,0,0.6246818464676478
6564,0.27073244989984313,0.007438670927217211,0.00453169987088169,0.020902764440823566,0.07921144666927013,0.017869462313655528,0.005595739019072103,0.01887494542195308,0.016035808429339507,0.007371256098920246,0.007302906518475755,0.002400577647562273,0.002818098706540458,0.0033783968256879677,0.008716587343713,0.002660007348735945,0.08801016762690902,0.02954177755346728,0.015151329057621095,0,0.608544091719689
6756,0.24828200356380065,0.012206172005504714,0.005541673212175267,0.008953258218587059,0.0951665663436339,0.018523527899620477,0.004521565150754555,0.021255669224299202,0.013039443937725274,0.009474178370067848,0.0023418481617594198,0.010754312414597445,0.01630032341474562,0.004516310861508816,0.007389356188156763,0.012762554000324071,0.0794837693327112,0.012426611264467778,0.010435251812672276,0,0.5933743953771123
6768,0.25679449478443894,0.01499498163419971,0.0014274080712414286,0.01690157551846638,0.09622940345154246,0.025840056743478803,0.0018005870723275961,0.022081890002099144,0.03190971530363532,0.0009870048976140557,0.007666595704797656,0.003007339940013893,0.005134891900032004,0.0034299697220059465,0.01343095622036109,0.004764462788267034,0.06654532527600077,0.00654529475375797,0.004199836785334054,0,0.5836917905696143
6823,0.264797964487068,0.0033185131924718322,0.004490199175525804,0.02565380669638611,0.08314787377874208,0.01930837025697078,0.0013450420759778395,0.036418175926301546,0.0006065766669168763,0.01527404145232891,0.00041630028970013463,0.003566581372870112,0.006496290609646017,0.0013299125855882603,0.015140935256786893,0.00473860401545701,0.08519588484666768,0.007185305964288615,0.007536553520524137,0,0.5859669321702187
6927,0.2649765828070462,0.018991135125958243,0.00021568174349819946,0.015831706724808804,0.08303830131244039,0.026952386209863108,0.016363605732290783,0.026119843943997693,0.021345376151781673,0.006515446979774405,0.003242667275184602,0.005421626468121469,0.004997551170671939,0.00105678669171256,0.010359725198841173,0.0007666167839901416,0.08101741849858317,0.0034034911747339845,0.005228478888418123,0,0.5958444288817166
6943,0.2535400101227863,0.003994853213593077,0.0015922411813790278,0.014488199889319153,0.09548770240925601,0.018971296552611438,0.013834622103359066,0.014724746883930497,0.010616706275316908,0.0071712685376398135,0.000510192727865083,0.011379545153159101,0.002598776227763112,0.0074790246063845545,0.022597350909242964,0.004065696188123542,0.055023870685993306,0.0041046028310840615,0.010440529078030633,0,0.5526212355768376
6944,0.2673050631904792,0.020028465135705286,0.006468405305325248,0.01955293772855525,0.08292928940151638,0.010351794253117646,0.010119294877411499,0.031244174914870578,0.014311584062217423,0.002868175212051285,0.0017352279988676839,0.0032443779659913252,0.015469938178872026,0.002312311480600701,0.004770654060192781,0.010858249943131029,0.06567707102345903,0.0023300574334670556,0.018037017798024173,0,0.5896140899638556
6961,0.28555910802603124,0.008565023545556005,0.008046262170833618,0.008998720467751112,0.08836461489460083,0.011974876933175423,0.0006611937859800748,0.014759471657452904,0.012084462120591789,0.004631519698931535,0.020336604399148653,0.007292454621875454,0.0008369247388474328,0.009211956027412597,0.009368728269798376,0.014186019390996327,0.06619219991192181,0.0029166653527947337,0.014709257154412425,0,0.5886960631681123
6963,0.278197658935157,0.010272132644086386,0.01921488028980464,0.0273435111051103,0.09048150542098458,0.015330038891340632,0.006655129682815346,0.04174456110084867,0.008704427551009917,0.0025223618665104535,0.012129799598407844,0.019621682160392562,0.010404962945783773,0.007598700815213583,0.021732047590613965,0.001058897284271967,0.073466608219732,0.015353300941582295,0.006207995475756398,0,0.6680402025194223
6977,0.28776567173235973,0.02036612641130273,0.006262811335296483,0.006354362291664608,0.06537707616400285,0.01702722688722294,0.011568875136018496,0.023448576810739724,0.023504565028185268,0.007458886186722864,0.004358276098641188,0.011650554553616105,0.0005706148780254175,0.007245767566112385,0.021534461081686766,0.000571452030895498,0.05592475497850085,0.004003491203215577,0.0006984485761393808,0,0.5756919989503488
7062,0.26687042390576193,0.00344355812991116,0.005207883661690651,0.00041491550126621167,0.08648973432021817,0.012920605399373085,0.016694230043712652,0.03714401647876645,0.01816583308049393,0.008645385777016195,0.002828450738224156,0.004031385844801613,0.001827980269740522,0.013550996570258884,0.01639905781440769,0.00796521835611295,0.07100342503394244,0.005963773983693074,0.008728369160249492,0,0.5882952440696413
7079,0.25253166890156464,0.016631356522658725,0.007936073282400367,0.017959069646976404,0.08091728814415003,0.02374289420698135,0.003779129727908497,0.0182987079712547,0.011110571501175065,0.0031606136090975654,0.008749933420736418,0.0006439400400237138,0.001816586302302542,0.01043214593390445,0.009863586231251057,0.006027187853804074,0.0763528873630562,0.027175093874327816,0.00441540967514375,0,0.5815441442087174
7086,0.2533431455105325,0.006781701971290556,0.012104356364445451,0.028323097071087475,0.08709520129051153,0.02383204112768436,0.008341005789359918,0.02973535284606621,0.00882693114492628,0.01249574615762583,0.007455864991078987,0.013090174053960929,0.012023389528258223,0.003216235113294975,0.03544810114173708,0.007050885436590871,0.0751463332517637,0.00833370117305485,0.007535186356688157,0,0.6401784503199579
7101,0.25683870102508505,0.007838532474939807,0.005796976004197841,0.020319902978165643,0.10147913501262396,0.027905664294277963,0.006171725997949367,0.019471095361808244,0.01614485389577729,0.0030735784084169058,0.0020282099149380784,0.005746019703089801,0.013430094890599044,0.006893742321068469,0.010028854469791192,0.004227064619041597,0.07113425123826003,0.006589634820259756,0.005695849144939648,1,0.5908138865752297
7187,0.2695909903508895,0.013454272344708692,0.002743163653687947,0.0316144142318467,0.09365372497468463,0.011529638342065487,0.015491292347086752,0.014541004151928022,0.01873504605519997,0.006790463668113194,0.007151179915256374,0.0008328587307012299,0.0045612575141892675,0.01254660517598359,0.021230305826423174,0.004965946453212633,0.0827162908590245,0.0007350827491575498,0.015494223865073027,0,0.6283777612092323
7220,0.264753758654352,0.0023563562701991486,0.0036937531911864305,0.025403414118012998,0.09059736182461667,0.02122583717687755,0.01548098282600911,0.021949709967212273,0.021505305682619803,0.002986599833911559,0.0035345897082970255,0.010982761185796804,8.341346755137952e-06,0.004550066213978054,0.025254515767606733,0.008685667823806177,0.08028319115543164,0.0019896688395998723,0.004463716674029897,1,0.6097055982602989
7258,0.27276482293968624,0.0077618707403442865,0.007276491090261724,0.012716941821688928,0.0840932988069743,0.01463519661381446,0.006201297371576299,0.022982219758821323,0.0072025952348762036,0.009783608366450263,0.01969101120698148,0.007889701549497648,0.0013597397298839413,0.003169369543965948,0.042164419728825994,0.008233421157927542,0.07997112285154075,0.009772125650515105,0.0008150230422669858,0,0.6184842772058994
7289,0.29597554869684434,0.012516276568997132,0.0036400190605180445,0.004603956313592378,0.082675868049775,0.02395508152345528,0.006764169926827755,0.018119111949761495,0.00919336444005697,0.003272823734919267,0.008862325508702576,0.006177798420884199,0.006275477819106043,0.005151654115217906,0.02981197769480921,0.005328093568095157,0.08164622062195986,0.008091968012528332,0.004010259709925316,0,0.6160719957359763
7334,0.27260226638246654,0.0037392535194227996,0.007683164440783263,0.010874375358359625,0.08920074965490385,0.01573001254593634,0.010678237096960209,0.02913771602679292,0.01346730211522978,0.0014564382127771952,0.016276479085146754,0.003273039078227824,0.0051971637478847,7.530829231723298e-05,0.004542183155874632,0.010098249818006942,0.06378668789135034,0.0033581329652940454,0.009130711003724284,0,0.5703074703914592
7362,0.2626993004199217,7.416441692179059e-05,0.001877256074618882,0.02378738464306024,0.08636421606303385,0.014186321962584217,0.005585329374055743,0.04062971056716796,0.019707091102892964,0.007974184706283902,0.0013605299396972953,0.005573068194870826,0.002126322510931479,0.0033612140698281415,0.008151898216151596,0.006874554945441235,0.07446433831276497,0.007827796382061863,0.017198613474734763,0,0.5898232953770234
7434,0.2581871340008942,0.008158454785773255,0.011801351940057762,0.018736359529724276,0.0842792766351556,0.015564148854533565,0.0008122286882768898,0.019531977382502733,0.025884649905364782,0.005077327190936053,0.007799907166896015,0.009335028158338862,0.004247897754643793,0.00858542653800793,0.02467967174668304,0.00692464330080306,0.0921980456584312,0.007565892624786978,0.0067938663503980855,0,0.6161632882122081
7596,0.28999194701751907,0.010016366816662963,0.001547647373689772,0.01192929513885101,0.07924002970356159,0.013021069999275173,0.0055449970146840616,0.023584155007872663,0.012564485961272324,0.011345422954210637,0.003917872766499234,0.004221266811270147,0.00412704045797039,0.00044503067568794577,0.020520806219121657,0.003962879869849349,0.07598723300461768,0.008634228484905852,0.009376875143330602,0,0.5899786504208521
7611,0.2870417884796555,0.0020690973521196414,0.00633156448849503,0.01660609761982271,0.07476167738938404,0.01890952791412678,0.0024479054857684864,0.02156916354124655,0.013162400104076896,0.006350125648260735,0.003446164053741654,0.0009623527948343025,0.0054659522880641884,0.0021121425845276477,0.031412373696618985,0.008029708649954132,0.07142438682262736,0.00023308717230891452,0.00627195037353805,0,0.5786074664591716
7696,0.2928828480861303,0.005203259099737656,0.002429463798754448,0.013659695800568125,0.07181309488466618,0.03413361713141713,0.00042353163758325973,0.024925930118079826,0.00991070356254769,0.013394025363358071,0.005003778636674984,0.009228025492854423,0.012512341620494237,0.019021230569177712,0.031016116839796923,0.0025366727163198322,0.08563175436000829,0.0033863317800962274,0.006113583553377487,1,0.6432260050516428
7731,0.28265568779652644,0.0038916686912266432,0.009218884800948499,0.0024135272118279527,0.0876668506555123,0.036187360250223226,0.013181089119515469,0.015594918062642486,0.009873159402433326,0.005655487087445262,0.011796171994620262,0.018418781408679915,0.0065936498869732475,0.010198955991293033,0.010826989278820151,0.0013921901188216322,0.0749992345445437,0.0005000865151105234,0.005147991777065876,0,0.60621268459423
7822,0.293148075606718,0.01036783073179928,0.007242697940592578,0.01547229499138682,0.07726603451672114,0.003132202318947139,0.013157760862417196,0.01469878411462933,0.018829751962570963,0.008785940560039387,0.004455615793110517,0.0012266418150209866,0.0005197599548124835,0.003906569315461003,0.020088542747675606,0.0008594085930181039,0.06277669405062022,0.010596561149332332,0.0030106470260512345,0,0.5695418140509243
7826,0.28104000838343773,0.0013104088349789103,0.011581671262636805,0.021170652826153474,0.09827404934617555,0.020027033159437005,0.0071052104554138965,0.036569336696381356,0.012916576720193154,0.012264911415012278,0.015141517752603854,0.011371676019249771,0.004534511385688681,0.0028076846821805776,0.022495206124576266,0.005698623860457572,0.06480821061791772,0.009093280761132583,0.004795728475070767,0,0.643006298778698
8046,0.2750132888574197,0.010412293246571662,0.011800742466504158,3.081064884383833e-05,0.0877254359659973,0.01758843644125619,0.015810164047829558,0.03293827369450672,0.005043375376629858,0.002555216702385187,0.0018672333024877237,0.0036281225105073657,0.012389819312566696,0.0013697998333729053,0.02664015106678788,0.00086192246472027,0.07382642453350459,0.004991599636998544,0.018676299765070785,1,0.603169409873961
8080,0.29095202971260103,0.0017111105757051668,0.012390156446923333,0.0035989950730833708,0.08781857129836605,0.017461866706501003,0.004129123349103036,0.019150593488236087,0.014991243619093757,0.002632003990751335,0.000875170922924913,0.01218059311756779,0.0002633360450747864,0.011019192777138876,0.013892462647503344,0.011001298425148052,0.05806350751136418,0.010293522443536946,0.009802708685149932,0,0.582227486835773
8111,0.2836619992439478,0.0008729719081464189,0.0047942069490006225,0.02875396253707678,0.09836361831178675,0.018199734874821405,0.007405168092690915,0.027683838512236023,0.02114482252598598,0.002308082959382202,0.002381452968214779,0.0009068523685970332,0.0032054272634747284,0.008368314790391705,0.002396862544271842,0.01650508773915818,0.06979223477580132,0.009895212735821267,0.013158960062501114,0,0.6197988111633068
8148,0.2720224368483099,0.007382042543263176,0.014100797398053363,0.02358383145110678,0.09699140595882036,0.014097837908531622,0.012390764639666249,0.02343859750609324,0.012823510039391339,0.015246547956658543,0.0011947941892394127,0.01041996160674647,0.0040044935217807085,0.016357807965089344,0.010347806280659583,0.0028791301152983795,0.07345767360575328,0.003533568153652525,0.011880890033578909,0,0.6261538977216932
8162,0.2892634800845732,0.005619128209827773,0.00174582780128241,0.024689717190437107,0.0937415120295056,0.018849361971393926,0.002358522034493014,0.02142831251272286,0.01023188090740126,0.00558715863729637,0.009964166515812806,0.006331198429641854,0.008523395015028924,0.010990371048102217,0.01684955200838846,0.0013121438585623644,0.07191168466290948,0.002468274064552947,0.010110652609224344,0,0.6119763395911569
8186,0.2781415845668577,0.009279029018268195,0.007710675187331652,0.030486150700107167,0.0914310836711031,0.024046781217074046,0.008580415584905904,0.016285053840787028,0.019677984963286897,0.0019491103536402054,0.003580696636141156,0.0009138817883007365,0.002942707528721963,0.011931306470342209,0.007233511619253815,0.013585893071866131,0.0757055985189248,0.005509443099503173,0.006896062353996626,0,0.6158869701904125
8206,0.2799831761308985,0.004043802281728074,0.003136357942045689,0.026366120836705323,0.08240706767628031,0.019545467023988617,0.01027193052998148,0.014009163169128036,0.010547765015205067,0.013336717685499296,0.002686218944954848,0.002531294541504213,0.006473721898582857,0.004785996849357224,0.03180621362980732,0.01742208485523418,0.07389871993853017,0.002420169530122298,0.004041643503501014,0,0.6097136319830545
8260,0.2704032544361535,0.005692934859620816,0.002171123169210731,0.02088148223615828,0.08938240969544446,0.02092885336368062,0.0008183731576028741,0.044196730348397745,0.013600208155770893,0.005612071608469832,0.008212172446648444,0.010723361672134453,0.002461754217619081,0.006315847364131468,0.00931037678771024,0.0005231845277543394,0.08011795346307142,0.0005627427527533068,0.002507099011302951,0,0.5944219332736355
8363,0.28718938149881235,0.00857582386211868,0.0010558392427843875,0.03070137319372169,0.08354246889326343,0.017170661706362625,0.0015024194296923993,0.03594956515704996,0.026155647583988723,0.01216370763548769,0.0057753314685529715,0.012072564741854714,0.016441186159570843,0.008261513521562144,0.007466256629805009,0.007330972234752393,0.06758503501365756,0.0027828684588663416,0.005630395158136676,1,0.6373530115900405
8372,0.28482712025029977,0.011454554068758427,0.01123779234369794,0.017996716511674143,0.08834989801838007,0.012997144676565766,0.008905039494075171,0.018010085153291853,0.0016214410808761425,0.006688193944778862,0.0018718917578210879,0.0004699866446766386,0.008415328808022662,0.013444296185412152,0.01267790073571814,0.0004853054921184192,0.07265149959307252,0.003152496042255461,0.0014412036097776677,0,0.5766978944112728
8427,0.2836418079600879,0.008677617330378607,0.0021289785192315043,0.019723721099452474,0.07670757819293303,0.024464124257733155,0.01684705593201168,0.01960233834736103,0.01356893777502956,0.0009087918735645167,0.008583408971255835,0.0002500598236268874,0.0012374515148137507,0.013064032701352096,0.009871697858929641,0.00602901664247804,0.06023418824410317,0.0007100626454491699,0.009144518261659452,0,0.5753953879514515
8454,0.2942937793033558,0.0003832387045202343,0.004357134203627128,0.010691305377810403,0.07034804785660137,0.010616741130718744,0.0035569660743983277,0.03161850418380245,0.011006459405064091,0.004679057961870296,0.018214449359702182,0.013748953605004548,0.004511302078949998,0.009317777434332406,0.026347000672352256,0.005347645570317071,0.054148020860434444,0.004622759801077564,0.0005083057884858079,1,0.5783174493724251
8525,0.29261298512254696,0.006592440793726048,0.014379478070491076,0.027417729439429852,0.0907157359954114,0.00940225985377441,0.0012936716777936885,0.018538750201964833,0.0014323455221098799,0.0022147571040238324,0.00355616402339143,0.007344661911868404,0.004417996143098828,0.010884752196617064,0.015007108047221291,0.025184683998482407,0.07733298177219622,1.4789666541210315e-05,0.011046435167330768,0,0.6193897267080196
8541,0.28169616216883897,0.0007358345058829733,0.013698414533883612,0.008348016493954873,0.09129831612780413,0.027522494270644005,0.012589339830333252,0.011269723412547688,0.009856282361996505,0.013108329277310982,0.0034825495905342675,0.0029355823521318722,0.0007482535343788103,0.005067715842843648,0.009074072487097668,0.012344876490352595,0.09334436685309291,0.015587819096089734,0.007004130294922755,1,0.6197122795246413
8546,0.29105340923348066,0.0038464859859926484,0.002754643729656536,0.027192080679184077,0.09417188633130512,0.017092799552938964,0.013398886770094603,0.026689493679595555,0.0034567185866479673,0.00020506163282328337,0.007076931947774345,0.0029562279872603395,0.002132258923424601,0.0059801711993104365,0.021690513311602738,0.009966104979374705,0.06899679945458229,0.00800056090807331,0.001851965056168204,0,0.6085129999492904
8555,0.2808298380210346,0.0023524606321809723,0.008584909121403887,0.016911659603583335,0.08209110695081266,0.012625325140221685,0.01320081712822094,0.01845078021494069,0.019871229445714192,0.01616793448231681,0.0016579867848329976,0.0040805316601396115,0.017730974276707587,0.002272587381351583,0.010639578688468699,0.00877823324921454,0.08473731069661276,0.0060487838309113435,0.01782705903511784,0,0.6248591063437867
8579,0.2905342692661731,0.0064907267813749175,0.007097700488160545,0.03623449768645742,0.07853718806597006,0.020974994387245604,0.0004796804683869811,0.030873901460077152,0.015408470243331607,0.013695248503696343,0.006803501382811172,0.000860784323326633,0.004012377808703145,0.006238593437292028,0.01030722911712438,0.0032879410583288443,0.07530233556900912,0.0146699276214341,0.011216264771702466,0,0.6330256324406056
8673,0.2963484754022689,8.983297153173216e-05,0.007458494438546689,0.015457799860608143,0.09914387808605375,0.025945346055472232,6.373025012139692e-05,0.018564893275246765,0.011056237961353537,0.006528255465140015,0.0025886319999073983,0.0015327472015005973,0.017471236030416618,0.010194533115693221,0.015614216693450587,7.595445611943476e-06,0.07319562801918532,0.004500622959487062,0.0009028231702424556,1,0.6066649784018383
8718,0.27933496152131054,0.01350436588495342,0.008134289449491945,0.021087720393076388,0.08126905118648574,0.016004679531578678,0.006848970203251674,0.02786345648456818,0.02209939767453661,0.017234286829181218,0.0038154478461362717,0.014886211737618399,0.0005399359678958348,0.007162664446172092,0.026206094746545915,0.0031830598751706072,0.08014014646062788,0.016498921867382697,0.0007588776754533598,0,0.6465725397814375
8886,4.818391768590864e-05,2.797053472751554e-05,1.2900143332220679e-05,2.8258082874881893e-05,2.2211864756958123e-05,3.0097241969302874e-05,6.0146578220805495e-05,0.0005392721688856121,8.156565307767514e-06,7.0088381370452285e-06,3.456098893667185e-05,1.1405765443283425e-05,2.680555993079616e-05,3.491469982115179e-05,3.325717006183876e-05,2.905647803802315e-06,2.306693753110408e-05,3.266972260996428e-05,2.3127905514393967e-05,0,0.0010069203335510248
8901,0.29303556271372516,0.00885948084245823,0.01597081767522478,0.027713576992667584,0.07751387918598561,0.012174147871010892,0.0026082358501946057,0.01589382773846033,0.01576168002829764,0.0012801189891963115,0.010601440149982263,0.017374877288779365,0.008206407151054059,0.00871960769824659,0.014859791310579927,0.0010314125836132977,0.07216700964852256,0.0003941176052192484,0.010617192860628396,0,0.6147831841838468
9056,0.2805801607485568,0.0016208589130489817,0.00786922707333428,0.019017562737317664,0.09970088102945279,0.020984449769647646,0.008793820408473504,0.02355342826617194,0.010159999556600163,0.00076599818271564,0.011305101596559165,0.005756138260080137,0.0023415152550487536,0.02074068453430064,0.002593930534350021,0.009019732317144565,0.07482972561261801,0.0036651401607211078,0.004313318922596777,0,0.6076116738787386
9112,0.27972098796286526,0.0015482539127287633,0.004625029275538996,0.0109280472058259,0.1017614474467909,0.02268421876843644,0.007887483623096115,0.027934225169157317,0.014885963490551702,0.003073237660614529,0.01397427260053108,0.0045967361763939825,0.0003556646652922313,0.0035034037663892225,0.010992718995145073,0.008403099400765524,0.08000138464650594,0.019332796637911622,0.006299988698830646,0,0.6225089601033712
9175,0.29242989992297447,0.003466050106722241,0.0021709744192601782,0.030900892323618874,0.09150785406305424,0.024512293236228624,0.002169156761415664,0.020079209452133893,0.00909526059287753,0.004957179691830183,0.007381316187248461,8.600608384709007e-05,0.0028787740915379506,0.008184307212268845,0.0302455431796467,0.009371361200309191,0.07279618719663421,0.012655391625570807,0.004737501455642946,1,0.6296251588028221
9211,0.2928858335890915,0.005365261414082918,0.003046523405868581,0.0179771747799986,0.10116006576418857,0.010779247416869135,0.0008381336831628015,0.023275025045098867,0.01119781811829188,0.011251444447418173,0.005291453187865163,0.010349160467863106,0.0024850785930474076,0.003038528014309469,0.015098005665279838,0.003776917663004955,0.0694693008308683,0.009915653571469828,0.007159700011266353,0,0.6043603256690454
9269,0.29657200003293027,0.0023594846565795336,0.0017201277951400399,0.016768153522570182,0.0814829370391108,0.02589377514895781,0.0051100472574952035,0.02823534966865493,0.0032895049926345596,0.006435799881017908,0.007833524177610011,0.007067368116716406,0.005952882065742777,0.015473142682253712,0.02290778474210516,0.0002356526733401844,0.08557562890014941,0.00606748202662162,0.0025839368649601545,0,0.6215645822445907
9283,0.290384769817052,0.010135959109924318,9.410329114912933e-06,0.018386638057108273,0.08378828102925763,0.03350529709387084,0.0016817490997910031,0.030493598468014176,0.0109419551405427,0.007918771331095134,0.0009242869676976734,0.007165009923571752,0.00015628711234397436,0.00907768965443151,0.014283936934779359,5.232536989496869e-05,0.0605618078517778,0.0004662642383508093,0.005465058434797933,1,0.5853990959634168
9338,0.27257635809876346,0.01504781059488171,0.017637930027855207,0.014248096090627849,0.09656981931139527,0.00902257962848626,0.009507875591071744,0.02772541363783254,0.0016943585625368422,0.0015130933049190855,0.004479383590404672,0.011037752497055063,0.0013364228354681745,0.0057657190308409295,0.014017063226391978,0.0021792047202723102,0.09146361808754333,0.008340772870028702,0.004543016684676065,1,0.6087062883910512
9383,0.2287729097267702,6.253862796973101e-06,0.003527798899300799,0.014766637591014169,0.0724372332684521,0.02468155086695096,0.004800718584720195,0.022798559737116784,0.010893259939943993,0.022297558987076,0.004370329594249238,0.007718204736040835,0.020701530733703444,0.011213571848003494,0.015625926769273497,0.010743465160962097,0.06370821871123272,0.00796219999182621,0.009957865417438806,1,0.5569837944268725
9427,0.28496513759925457,0.0051827712024856785,0.002442700240956303,0.006129871552684855,0.09316884565359505,0.015200240443456291,0.006645888830157956,0.008626639230310542,0.011926897426130411,0.0065300642608314185,0.0045440233000972,0.0006721187876673141,0.0030024272169082837,0.003750421949741717,0.01833658795720604,0.0010967989751675278,0.07258331664256326,0.005803776463277478,0.003799008096141906,0,0.5544075358286338
9428,0.2793741193991449,0.022576154311582268,0.002769898719568886,0.020930105219817523,0.08095339904710731,0.023050956221144704,0.014399591406936071,0.01690104207525272,0.009509560953011927,0.0057760659812236765,0.006853582027208171,0.003068527381865921,0.0037701431989616545,0.005700744803246968,0.016807615123963983,5.815474882012454e-05,0.07476946174540991,0.009148271871106875,0.006554639017715689,0,0.6029720332530893
9467,0.27888255183484434,0.009388922226983837,0.007768796958637834,0.02236650739680711,0.07942217394596487,0.020629957646163488,0.0030925949709717615,0.013433866865513504,0.004537555359580569,0.0011000460843422696,0.014971388704820607,0.005638372905647049,0.011310002678225432,0.01948469609083238,0.014565205164499134,0.002750397743669995,0.06790869917889662,0.0018895622405021865,0.006604001997012409,0,0.5857452999939154
9486,0.28168573135587055,0.0008948073743818009,0.00113815477610695,0.016458239878049386,0.08545427883315859,0.011829740923869988,0.002261841569895349,0.026952490950744656,0.00928369914349204,0.011098098174419119,0.01439424047664456,0.010720483564615895,0.004532250806025531,0.0012490014555109304,0.0022614032072173786,0.012930334466202602,0.05425074279183205,0.002831745880978788,0.017321026365353837,0,0.56754831199437
9511,0.2988896305626119,0.001440780423543456,0.013685010644542906,0.020847286441275106,0.08021024789711896,0.012098491217616757,0.0004451642813137701,0.01988127651759157,0.007795718982724247,0.013174985708434565,0.000516150676499386,0.013252911536452253,0.006336998482803881,0.0035721607802125543,0.010200298690330843,0.0012218733716012821,0.07500255745871988,0.004125975592374947,0.008775036538321202,0,0.5914725558040895
9519,0.26956715106358936,0.0023889362906147965,0.013727858504598539,0.0195210138741355,0.10159027363383684,0.025459977253865396,0.013633211863619347,0.0335225779981236,0.0013424156359769384,0.002835467675022901,0.0038262164068256065,0.003129296738067744,0.0036380284163478687,0.004189231732440298,0.025012998928904434,0.00766787487763177,0.07758056131656228,0.002936516507717826,0.008595200286252687,0,0.6201648090041337
9566,0.27359583446622104,0.01165828131607415,0.011833152875015615,0.012024325529072502,0.09299036257752952,0.026653670004269697,0.0033450759676739625,0.0069455130013221225,0.010764022761555749,0.004565123601404531,0.0020635101322263195,0.005632532884832304,0.003934728603570502,0.0006180901528696745,0.017975597061071723,0.005741043944929579,0.07312176416472621,4.338085461154621e-05,8.720419344137937e-05,0,0.5635932140924181
9610,0.2922366783273772,0.007508421767714233,0.0009704335604399141,0.02005917357695768,0.08491626435007342,0.016341672889098848,0.016465580659791857,0.015301596704843108,0.01877408665303041,0.004216543276575613,0.014066362003947928,0.0019206663577804963,0.0006383363070028851,0.0020201770162232807,0.008709231704442594,0.010559858692200936,0.0840212591054785,0.006387441473374573,0.004025920832905854,0,0.6091397052592593
9653,0.27547785540171754,0.0035941406080663746,0.0045412341108957074,0.005332437847644846,0.07982904602641909,0.018763043726328484,0.007148848425574166,0.029777012638429943,0.005591943426819396,0.0008716032850823002,0.000710508884528662,0.014558243736498614,0.002298821628393657,0.009286285859611049,0.018392387673850815,0.011932494333167924,0.081358158409013,0.022638947378341413,0.01740803069793925,0,0.6095110440983222
9663,0.28200273240588236,0.010944463827924151,0.005600480745707779,0.02938269584421483,0.09947199039070703,0.011352508338332996,0.009868922552126758,0.014976921738086187,0.011571141772347342,0.017606798847649836,0.007751977638892992,0.012509793928549116,0.00459883253465401,0.0011091903954227101,0.021262929786371426,0.00340724956862365,0.07662989524951269,0.0016586135955215771,0.004248003328849224,0,0.6259551424893767
9738,0.27669282677689383,0.014484456386275086,0.005673770364618431,0.01321801972029787,0.0879449738216076,0.02970836450558806,0.00406519414157778,0.027061568137426915,0.018141842061861438,0.006260682583785967,0.008573224959510867,0.009955912676267688,0.01225619546173641,0.012955256930718967,0.03218911691313436,0.0024477699998995965,0.06604995456190961,0.011637403090096721,0.005392257812329142,0,0.6447087909055363
9746,0.2722280454258251,0.008221231055386424,0.0021767683781177124,0.005102089470872251,0.09279702543911242,0.024201582195884624,0.0050261396987837225,0.023969961654944087,0.012398644055127028,0.01588592361314215,0.0006188826152904359,0.013883954237007017,0.014783621807666205,0.0025016100542427635,0.021371014513453152,0.006126419425808535,0.08254894385434997,0.003754358027107543,0.0029379212446176833,0,0.6105341367667388
9750,0.27997018672751944,0.0032997427724579193,0.004379463901631303,0.003982976853156488,0.08871879016429216,0.030662714526267714,0.020764715667810386,0.029448176592537425,0.029918705093716684,0.0018201601684773334,0.002898563718182997,0.0029008267139873783,0.011876212425100919,0.007109684852507892,0.02114435486998198,0.014294582813206879,0.07681245025330505,0.004968585821633945,0.002430833751733394,0,0.6374017276875072
9755,0.29141835054399645,0.014713285346950036,0.00883609386489983,0.02309280943715766,0.08720859215580158,0.03383568476621698,0.006996329807642104,0.03764095697210874,0.01323134632516953,0.012838623576849301,0.0027988308284274516,0.003736139875733359,0.006270612859427973,0.01586272009587426,0.011644333130504234,0.011465345903579578,0.07050532046719636,0.006473202427027512,0.016995039817088883,0,0.6755636182016518
9798,0.2796869256848706,0.010483866486557164,0.006906416191482632,0.016775758136756466,0.08290872412010364,0.014210477704439103,0.0053802955588822254,0.024946134397157496,0.020661005910949166,0.003968382919139291,0.020085138372626255,0.0024780998106997427,0.007991307429870653,0.013179615823911393,0.015136713351936991,0.007495137961549492,0.08869381620564487,0.0006646970887957119,0.01676286417581877,0,0.6384153773311917
9902,0.27421243612901397,0.005622616591310922,0.01548135487936312,0.03211757528814981,0.08888818336235986,0.02053340401857126,0.004315514962691581,0.023411166262791834,0.017537749527188947,0.004226187364662141,0.005156691391732355,0.005649637246071226,0.00024933753239102046,0.002923249244174419,0.010612052903548354,0.008370181969253753,0.08875271441415075,0.0071760452636919735,0.002900269422398134,0,0.6181363677735154
9937,0.29166284934474523,0.0029720311483131625,0.008227464975136465,0.031669141380774944,0.0814676841750794,0.02425518837726343,0.006294227316127359,0.019769797392268494,0.017692170731042872,0.013969267857973694,0.000902791723727526,0.006707437328502215,0.009213175002410702,0.01058874466591726,0.030258988276215135,0.009982638672436987,0.08574419529054823,0.015554930315579557,0.003916095113168015,1,0.6708488190872307
10018,0.29792867682446833,0.0020240147873429757,0.0002463851287101762,0.020613301702289047,0.07986348500726931,0.028750229537411753,0.0047917910797435565,0.03678216890369991,0.006527266426743937,0.00155778380863187,0.003880332137154044,0.009769358874531467,0.0006789604657073361,0.003675526601327294,0.025143841171113096,0.011482408364098345,0.06804763539120298,0.010149548240642525,0.004209158316995082,0,0.616121872769083
10051,0.2896194157010161,0.006208964583968033,0.0040755855261245125,0.02238761582796202,0.09290684696183905,0.008139727541318835,0.0005674819619551765,0.018708765033221827,0.015438534024127279,0.0035642904820362064,0.006867602156030242,0.007403506469924869,0.006915165710829187,0.009055506968572937,0.011416758455185718,0.005976461625052396,0.06962049757746068,0.009118702069336427,0.01522462926811559,0,0.6032160579440771
10157,0.2802758227457129,0.009116784487042914,0.01741233187041687,0.017946412896410482,0.09490473920510775,0.019062172945310984,0.008079540199392754,0.03964240052755064,0.02466338121226041,0.008978139349556989,0.013555289456751569,0.004740634718864383,0.008679117933341548,0.005604652807795955,0.014491749256462893,0.00997071664553898,0.08994297578143119,0.004659311420502829,0.007416047632792736,0,0.6791422210922448
10187,0.27075634659920556,0.0012454554043713813,0.011005503157283072,0.018791777412053044,0.07835001699879286,0.033310631979699336,0.0005741932749198977,0.019359729189481773,0.023638049736079258,0.0006056603468294635,0.0024122533502049645,0.0035643198312214274,0.007587334328859615,0.0021480760519877115,0.025779954837015027,0.004396951553501105,0.07637648594179502,0.0036193548474469386,0.0019895107953217953,0,0.5855116056360693
10292,0.28377057908241216,0.0023248161560870564,0.009803440804679625,0.01721308850593231,0.09538349181488033,0.02544259355108427,0.004933559888137364,0.03705383824799243,0.015332593110638887,0.004616517856340848,0.007588668154234123,0.003276436955726147,0.004660860969249575,0.0068184759708309,0.013613688617463756,0.013698181171422465,0.07161410284540223,0.015085861968353435,0.007509418551653734,1,0.6397402142225217
10342,0.2814380045579875,0.006521671518537499,0.016154923296405027,0.015887232262564333,0.07476738445940365,0.03733939861725529,0.008161465640036433,0.040017792678257405,0.011082677333884019,0.006325948297036197,0.003553472904499331,0.002793200299524167,0.002743711037708965,0.010538877468462693,0.010478346546723954,0.012488987928522124,0.07680231678115747,0.0036291766422644083,0.004611504657653266,1,0.6253360929278837
10349,0.26550650965039824,0.009856264989457901,0.0028796959818408485,0.021820724901681982,0.0765327421080442,0.018693054498996678,0.012489561494225275,0.03268127073264901,0.0021926738159210265,0.003468928656234692,0.004772428300352001,0.004087322687831792,0.0019026881275324198,0.003912581864916268,0.007792354524670644,0.010140711344160334,0.06447664201886547,0.004409526499202467,0.008788479566583218,0,0.5564041617635644
10496,0.26985627436337806,0.00865197648758691,0.0034049362125624107,0.01286363216137852,0.09069848230142721,0.030706925495516138,0.014548588643383096,0.021841567064975042,0.020221625555429387,0.0016582619770019072,0.0030914926074769354,0.0016118591522970124,0.007089023041641902,0.0020607973361640502,0.019106526071361627,0.01188661605085672,0.08083319822136303,0.006899917062653475,0.005408287957223262,0,0.6124399877636767
10549,0.27884308157991233,0.006734153411397876,0.0038336694549246752,0.022560069248235212,0.0912047906630059,0.027115845989362203,0.014659884240069998,0.022184444890044484,0.007640717245088862,0.0025606379160034065,0.014581285226660223,0.0025627013804371862,0.004841835801526632,0.012179730651006306,0.036309568663771566,0.003023939021889534,0.08384416098170708,0.01225829268538341,0.004032075949871688,0,0.6509708850002985
10570,0.23149943603305156,0.006368047365101429,0.004205349126925127,0.006384585470498111,0.08296105260938261,0.013911351625277813,0.0011395985604045215,0.0382692182836277,0.00570650405416066,0.001203209587856937,0.010045885818462996,0.016958689660898144,0.006014530216088689,0.007251296935754637,0.022245249995017126,0.00042066053053681354,0.0738819692571165,0.00851688525059297,0.009411783774785664,0,0.54639530415554
10577,0.2613654893642197,0.0037966323847827776,0.0008506270182961544,0.006364943606648938,0.08491647050630337,0.004896340368266346,0.003538040502758073,0.03083048927059742,0.009160359465300768,0.0023543405931820784,0.015203097841485238,0.0035607941702393052,0.010699516885216325,0.009562574826970116,0.012877835872658767,0.0020463585367450667,0.06435091127156065,0.002647169101281778,0.016422654804206144,0,0.545444646390719
10583,0.2840259565082059,0.010344864589754692,0.005117247748940078,0.016349385966744182,0.09347833234779719,0.022079655907354574,0.00905950013660956,0.026200343800804403,0.006269131167142329,0.009876216805667127,0.002809584448799152,0.0022929587329829776,0.010012421775184015,0.0021019492976937365,0.023938050648273,0.001632265277863778,0.06739472724737655,0.006130607686170987,0.007512929206661599,0,0.6066261293000258
10615,0.2680613168181794,0.004888217832220888,0.007214270595159185,0.018796215620117015,0.09288583058601829,0.02143764943365038,0.011839977303650768,0.03229137921317703,0.01966481462926799,0.0018566270572644601,0.00031258074379905557,0.01947178143557595,0.007819789178575377,0.003518091768630396,0.015425503103205115,0.006807811897938038,0.06848298663225115,0.003532908358696694,0.014313822831562947,0,0.6186215750389401
10774,0.28186505757658464,0.00013628133853857473,0.00019748476072219037,0.02946612838453784,0.09174304640385063,0.015830271938196465,0.015833547655929703,0.02631591027649766,0.012777978906710754,0.007936230811650765,0.005925049035071365,0.006202438946989461,0.004366589584096364,0.017965319315436348,0.035297559839853464,0.005473425656598977,0.07748502303283865,0.0008321287360383835,0.008132356793817894,0,0.6437818289939601
10868,0.26270460041356375,0.008298213779450406,0.0036151789317634096,0.02653584394111647,0.08548644387687186,0.024436609260425637,0.002601479950874825,0.025802312307347287,0.02315157464469303,0.0011143922743309745,0.0009579125833433053,0.001904550183775611,0.0025811701785072596,0.00807115420817968,0.022695705810043987,0.0035933609321396717,0.08901825018688239,0.00042272298489598285,0.009829261790250215,0,0.6028207382384557
10954,0.2730185303773242,0.009185967003882464,0.009702674588487786,0.02295559462897701,0.09089331182785156,0.016881485021337652,0.00031991528987846015,0.03524443536120007,0.02453547306668929,0.00680415377761594,0.003964890394026696,0.020257422548786385,0.0019890331688762744,0.0031170943696698992,0.011074545565349167,0.018466539204804247,0.06464726898233224,0.0008914671312546849,0.0006680925435703765,0,0.6146178948519144
10958,0.28185390005790045,0.0023971246837602433,0.015225588895525482,0.010367790436587145,0.07748405227077683,0.01199369414679263,0.014078622755861189,0.024835384158469184,0.004875824302135955,0.0022299264345826786,0.002076453879174293,0.0020245738001797168,0.0009387620331727883,0.00376492012224169,0.022139069702043775,0.000419083094918828,0.06326908391624765,0.0020789990470868615,0.011722747552152454,0,0.5537756012896099
10959,0.2549124845105637,0.000983966540119252,0.007267147200981682,0.017653137389526116,0.07218987892984698,0.018267626355117608,0.014732106556189613,0.018501229213039122,0.017156482728182043,0.003999001052501329,0.0071595355995173636,0.004544600984699372,0.00793271091335542,0.017224357612338412,0.01334373298057535,0.00014201810566696617,0.056996839344271834,0.0200131972289275,0.016001210635403426,1,0.5690212638808231
11013,0.2825893905779138,0.008367277143387522,0.003378134103576396,0.001511360531201981,0.08446094856468868,0.03261946856740993,0.00963819566527998,0.03212547757626083,0.006394773502497829,0.0072918499174382916,0.008323855383193366,0.005764337611335272,0.0038924156200000693,0.010774279133841814,0.01624129638364353,0.002255109225596874,0.09479856702142436,0.0013168663139535432,0.011772125056895682,0,0.6235157278995398
11066,0.26168211961998056,0.012439404062350985,0.012761778751806528,0.004694779660464148,0.0837006918691252,0.009407071269014558,0.0049129415088052545,0.0120923113548148,0.026230209822245765,0.004512135119941405,0.004640524574866383,0.006403095485097365,0.01100427791538759,0.0009350890270065254,0.01690805945771852,0.0011244458945775444,0.10243807269443851,0.005939974645497812,0.006591496675706922,0,0.5884184794088464
11117,0.26538354319131213,0.00563239618046836,0.02311402580133907,0.02540955675112039,0.08085323119112794,0.0180644794417461,0.010325168463679545,0.020673283960322374,0.02267943825896812,0.0015038497700677177,0.0009109432648014889,0.012332062790625162,0.00574840331296378,0.004413966682731385,0.020286359709886195,0.005436300926880576,0.08190861195173806,0.00545216281370359,0.0014471468181692397,0,0.6115749312816512
11136,0.2862070150443359,0.010882954313623055,0.001886679566182409,0.024363135475893458,0.08659296423771576,0.018961736726512583,0.003430348705977619,0.016099985085944055,0.028952128465071933,0.023224506601864876,0.0012091484453224683,0.01667038268514519,0.011648336803523384,0.003983826320781375,0.019039625634676725,0.021974247810043254,0.08770279685121055,0.010593287385473906,0.004701476105357341,1,0.6781245822646558
11141,0.2663414446048458,0.0072938424614907415,0.003785564430251629,0.02232879562740229,0.09355674274433397,0.02733684183318666,0.00047551103805417095,0.025720096015510535,0.02239881374901148,0.010796688623351446,0.006867607015853254,0.0065896728808690465,0.009218608427687576,0.0016197787015354741,0.022156263928096862,0.010743708831983525,0.10246746574948315,0.008403576535510358,0.00637361720112345,0,0.6544746403995815
11162,0.27342671845722255,0.009469202950929671,0.003796372545827995,0.012290144323003101,0.08712251211032895,0.026610089028937942,0.007301062402230105,0.029591844770864087,0.013659343784963892,0.009415595344652179,0.009628155135507204,0.013728640012821937,0.004480868761387741,0.015291046515130819,0.011659618826963522,0.0193555311297504,0.07413237710416488,0.005616979380216055,0.011714689753479017,0,0.638290792338382
11166,0.2872802220124379,0.0020732455286341872,0.01754898250287671,0.013506241962354523,0.09112513846594336,0.012754012807000182,0.012085012127938659,0.016523715036225482,0.022839709064239724,0.0021585897680440774,0.008874199873891745,0.007021355615250364,0.026102289806800807,0.0052797994356540675,0.008178772911545043,0.005383043217914104,0.06967300539624091,0.005603839268144799,0.02467068165906835,1,0.638681856460205
11175,0.2748451902202742,0.011992792381029547,0.0018320949627285913,0.005127310152996392,0.08560866752468126,0.021254927607856328,0.002337340018087704,0.026255335447510526,0.019079279490662193,0.003438464660008248,0.01563989201215438,0.015827493078470953,0.004889826154430421,0.005012573502055329,0.014756614969985036,0.005805255295381281,0.07806047880478087,0.0063633752137382225,0.008566192051385611,0,0.606693103548217
11185,0.27740676279845616,0.0030624282415478853,0.0051788776856772556,0.012246358608416283,0.09701261119340483,0.019751343483176417,0.0009850719643657445,0.026365401687466962,0.012454268730895869,0.0055609248106808255,0.007203206582498301,0.00213142929425313,0.007060650278444989,0.0031421651170540493,0.003122308016907624,0.0052352477846986335,0.08775597188182731,0.005672578996601914,0.027496294023669734,0,0.608843901180044
11218,0.26591103190623994,0.004009570904611279,0.008402036751852969,0.01687379379316001,0.09288154634931016,0.0223830162303884,0.004446784976237315,0.035858708344641756,0.010596534197170946,0.014983481256688224,0.006053218714534578,0.0002686612999744568,0.014650434532396056,0.002870530890671498,0.018380831583950496,0.006318510788929376,0.0817923388741017,0.00885990621357684,0.003265956966167607,0,0.6188068945746036
11276,0.2590568571216491,0.006960959448415298,0.0005560705586532452,0.027015774742032195,0.08510533155577846,0.013574142150788667,0.004964911394580916,0.029518420354977554,0.001060975801825881,0.011923541377765058,0.005962317322707928,0.008462603373251795,0.0010609440105233724,0.0036328994512452614,0.0042918394438878965,0.0037042718052384405,0.07405430895049392,0.0022355194860733466,0.0015453160296543904,0,0.5446870043795428
11293,0.29118980786256643,0.012186566674847122,0.0016685223187075677,0.026859016161374715,0.08817500055946177,0.028219658322516314,0.014238819306944492,0.03083612368297297,0.015528419222638564,0.006462262882584612,0.01308630459622397,0.0001063708515726366,0.015563724115998925,0.0077839741526997555,0.019098386891120044,0.009861957956795838,0.054868597069307995,0.0038113880206118445,0.012357657799035544,0,0.6519025584479811
11294,0.2784224765728523,0.000997228293003401,0.006195500792344699,0.016259198546920896,0.07802778345289009,0.026455700814809576,0.0045997397663949235,0.022462510081708027,0.02141952124019723,0.007050239430254525,0.0023186713924838362,0.0015414926889762628,0.006048150324267989,0.011191043001119966,0.009367999754920708,0.007149923043609982,0.0629036186617814,0.0040118575227720355,0.006801656040197255,0,0.5732243114215051
11394,0.2666216495517995,0.0018204489969143565,0.0011367009181783758,0.002667901983083058,0.0996890335324625,0.022952414021574555,0.014775733091354852,0.023941370565973133,0.00779888474195707,0.001212469399236138,0.0041058584926321326,0.0065560155079246955,0.007060002252289694,0.013211330278521043,0.025914402945034103,0.0008657638230760697,0.08406306889933017,0.01053023987451697,0.014950585563256968,0,0.6098738744391154
11403,0.2417735591449718,0.0027664179210571335,0.0008795620455361223,0.01783814086362649,0.09027332460798525,0.020948237572965548,0.004452763469067336,0.02314363759608234,0.02126154930933237,0.003213225417417558,0.008538936917278604,0.0032813377986955455,0.001956527311853665,0.002112456543362096,0.013422588443603207,0.0013507038332292137,0.08645378479699274,0.0066726927247552775,0.007930606290028962,0,0.5582700526078412
11502,0.2486879904625934,0.011476370165915928,0.0005031484939025966,0.02411160311397831,0.07436782260520626,0.02108895321517159,0.00028386046413023846,0.019809564937637972,0.013987747065324706,0.015033567736674105,0.012115648630151727,0.004375795712029479,0.005232582118891342,0.00380847735376115,0.009154681202218698,0.0016142292880470342,0.06257311864194824,0.01256401676455157,0.0004341374024003082,0,0.5412233153745346
11508,0.2816731363817259,0.0004992892206187,0.004281963683522547,0.024872961251298245,0.08568674899156917,0.015062462810757462,0.006943055055410964,0.023449813390763175,0.01672287222357978,0.011242073362994414,0.005175587756982823,0.0043521680670534696,0.007829797078227297,0.016966373517884176,0.003945161929171227,0.0035398686822054916,0.0733846219889945,0.0056091831854777705,0.0006751690857601392,0,0.5919123076639973
11512,0.23533814638217707,0.004713350374734824,0.0010716000443467104,0.011034783323131368,0.07222411643663604,0.01187293836087596,0.0032050138200694746,0.020582328059666224,0.006706939832015607,0.012848098374835125,0.0014558588063071619,0.010147314179367815,0.001615394822788001,0.02545811413530326,0.014197053872065225,0.004981789540568986,0.05957194805753632,0.0012697353670558912,0.0059469509482627395,0,0.5042414747377438
11513,0.25903048920885025,0.012893323125141097,0.003825611264278357,0.007691716850093688,0.07991891802410662,0.017968377047190384,0.005774989243006974,0.002316245976150608,0.01613646808939946,0.0006545338880923577,0.01427456582457762,0.004653192841283529,0.004950238319020038,7.256356561083832e-05,0.014150016457814446,0.003087327999031877,0.07168511735081079,0.0008348208349603623,0.02104281867939483,0,0.5409613345888141
11526,0.26789108625149877,0.0031346451267542015,0.0028071014431241925,0.021914813956453758,0.09012428136665254,0.01790103035332758,0.006930214788835962,0.02560186175794297,0.0010873156185735298,0.014925973909686533,0.002158709858912727,0.006392437902130883,0.011474165402622926,0.0032891243760024237,0.023789037843239946,0.019673431290064845,0.07322673358011737,0.013610984640495523,0.0018998654130577516,0,0.6078328148794945
11716,0.2719242201315664,0.01668778696637123,0.0030449904165519666,0.03044985310235515,0.10019855755458248,0.019324095543632264,0.0009281390078431878,0.013824665519219946,0.011395684086668354,0.01311670112846782,0.002450285693641608,0.01971377990824971,0.0038452834756211546,0.006887825995457025,0.02389125112762638,0.006728509469620547,0.07615409699242437,0.0052416191376298445,0.009234573550541079,0,0.6350419188080706
11781,0.2593716851062454,0.00474482296220038,0.015859183916022396,0.025036847141114857,0.08124712547501725,0.013283673900994566,0.0022083387891315555,0.039731382333693686,0.0039675051717794375,0.0006755800507715314,0.00911568616806159,0.006412553897996808,0.000297823847864593,0.008256335663238327,0.021685789019097852,0.012623941318045149,0.07444272279472583,0.012568848863651684,0.016431945146927248,0,0.6079617915665801
11860,0.2645882518354088,0.009989044511712824,0.004802135878805211,0.0081861466935582,0.08502673529801542,0.026466444219553933,0.006173307368882459,0.02888190313856525,0.016143707063179618,0.002746616525561019,0.000740866032099483,0.004950774657758536,0.010902493972701531,0.02920996039195436,0.003134739130611598,0.0005091369165996317,0.09260439853505648,0.012722538166589093,0.0013691255358177546,0,0.6091483258724312
11942,0.2626180142837687,0.0016985445714768656,0.0017430039398715477,0.012669482440944116,0.09483593122193201,0.020250449363473724,0.004432514211715945,0.01030424139151805,0.021729688088819026,0.0015513987766458922,0.007824714469096194,0.0062270134498020385,0.016900086931273827,0.0003721220373944098,0.019364208467732156,0.0056882508455341554,0.08079789305862484,0.0019728835220090006,0.013849632044423832,0,0.5848300731160563
11964,0.2655573880643885,0.013433944593194564,0.002416079650137575,0.03225481108873438,0.07080645172995094,0.009659290276444086,0.008813299189709646,0.024705848689262667,0.008073452611803127,0.0005140790486495259,0.010637512172612775,0.005649339558636718,0.0066061000303505035,0.002816078491270392,0.024677883520532243,0.008885131182639835,0.08123373481778869,0.0008492485453011311,0.013915718344913045,0,0.5915053916063203
11997,0.2831354805927423,0.00876713016675492,0.0005199669968440375,0.019910948321275285,0.1038406419763284,0.022245450625317496,0.015851222278400082,0.004462263574062467,0.030537859920471023,0.0002628920606011691,0.0014497961840219317,0.009180928917297482,0.009254883752306532,0.008335546769334987,0.01680374879974956,0.01763734258347891,0.07163900173854437,0.009383178850478586,0.01371298907814463,0,0.6469312731861542
12057,0.25738528774216507,0.0011926252894782637,0.004920034969520387,0.015266581911458582,0.08277615750729718,0.029449469128845114,0.0013287204370669443,0.03288511576110353,0.012089608305658193,0.006792839989225878,0.0055955148844976845,0.001780261929697346,0.00799744700276682,0.008612745121403345,0.019538197871077533,0.010050024633311054,0.06971383035960693,0.007325477953337781,0.002084488401027818,0,0.5767844291985454
12120,0.27088499119134,0.011871637461991361,8.258758504526279e-05,0.010521535707203907,0.09254134752366022,0.015551321796779245,0.0070001216118300005,0.02048913015232578,0.0037135283368813117,0.008358789475392231,0.0003110003417427424,0.002458177186948917,0.00753867180465908,0.0013256773948766309,0.00440504840685188,0.003537090454439377,0.06482334746417635,0.007800119144644185,0.0016464393569083104,0,0.5348605623976969
12192,0.2553453475797036,0.0017560963010348303,0.016813873962735492,0.015780167062100642,0.07401200893205709,0.012190606535621576,0.004673119711286982,0.033851854173164296,0.014475947204413222,0.002710581557319566,0.0020924934319549015,0.012965528607584717,0.002149758229110388,0.0022929793411392858,0.02429693847711381,0.0012795668710384339,0.06479772763467931,0.004274704833608923,0.01801243803163558,0,0.5637717384773027
12224,0.24292596046563497,0.014881592420828734,0.0027286874302363557,0.01645199655542823,0.08893201888651127,0.020287649032222688,0.007339403520057736,0.028829501109715855,0.02367526802860954,0.004546778584522231,0.00813071873073418,0.0012112462937828067,0.017880977804328988,0.000942633451595207,0.02080068832686881,0.0011906966088712121,0.07910492453024344,0.002984201865543035,0.0016919210637491374,0,0.5845368647094844
12233,0.2622959227378515,0.006580806489990925,0.0036595429512380363,0.017930120908959183,0.06813052865656431,0.016738443109814007,0.005698416746467404,0.0227736937093326,0.010879028261934931,0.022929630711806176,0.0004243383877592099,0.00896872812673566,0.0018305400074916539,0.0055630982606715874,0.017483328091719996,0.00040101995722373736,0.09506380894621848,0.0030601028640341,0.0012290518902036997,0,0.5716401508160173
12235,0.260127179977014,0.002764029940704003,0.0022596772230162702,0.02648406743807773,0.08382894286017567,0.006307752722540626,0.0002762349003212703,0.027277635806864726,0.001054929520739389,0.004527377439921146,0.014822238315164743,0.008432561942428078,0.006673544031929295,0.01712785218527285,0.018759255874686687,0.010505415762471498,0.07364079059188428,0.001485219448676118,0.0031562045415271904,0,0.5695109105234156
12236,0.2764808417520608,0.005633721509966236,0.005545307816878498,0.01234234090257471,0.10236287400959582,0.014683291527619708,0.010509619191108663,0.03151208505721465,0.01749503288136559,0.005095502333860659,0.009996818328442273,0.007955856354548468,0.006697306024135107,0.012071133102511256,0.02085212281284622,0.0030723753555208476,0.07744990891575382,0.012993233322874023,0.002779969124626773,0,0.635529340323504
12256,0.2862148000073926,0.010758949534163773,0.0036760605117585935,0.02813277598310343,0.09301430755516996,0.00951074347321044,0.0005323743959918141,0.026888614700024193,0.0028685113937539997,0.002156893970352483,0.0009242978960878327,0.0011926698784447075,0.01262487955284611,0.007368287518454803,0.0013593069626120493,0.008833830589296708,0.07924493158294733,0.017029432487933174,0.0013300285569498563,0,0.5936616965504938
12279,0.27404061937018226,0.008024369089250574,0.0020008458859898048,0.01565984657622109,0.08632563544046122,0.03639370564398899,0.003570216894575817,0.028320043255678187,0.017102736779570395,0.009320531140811042,0.0018310460126789263,0.005140494350934285,0.024812909306980924,0.00997207462131034,0.014736754596804992,0.015324409292409125,0.06975761829384754,0.008057155610732326,0.00876520241384042,0,0.6391562145762683
12358,0.30239269656139844,0.013704005106788415,0.01142217302863273,0.02161626961587259,0.09743741839435487,0.022820176695615965,0.0019839445388716904,0.02230042760284195,0.012837729510231143,0.010656610664825102,0.004287879629036717,0.00035625430516548784,0.0010607095518762569,0.00894535178535485,0.00995737100323462,0.010795443939665243,0.08306873471855668,0.016875734428604194,0.0075192892012686165,1,0.6600382202821956
12385,0.29623492055955253,0.005748826852395955,0.005694476073796249,0.01979166520459026,0.07624757755497215,0.016855382884851847,0.009270700298005669,0.02190488054646792,0.016074717421268855,0.0017192532483199547,0.007286413538648951,0.0037378010117382803,0.005738577866488399,0.009224002131361654,0.004035275880192755,0.011174242538955565,0.044163133683894046,0.009053694434882157,0.016056681198520106,1,0.5800122229289033
12440,0.2748666795194396,0.004478858025364123,0.005251366979526768,0.024562369596050602,0.08511685390115875,0.021764470786127893,0.002926086933084935,0.002882205755501833,0.015560625143911547,0.0167145004686575,0.009693116778713899,0.00635400869486318,0.013159761938115216,0.0009304970821855395,0.014465430754191932,0.003826949831766365,0.0719074669401969,0.0015570409031461395,0.01774555377028902,0,0.5937638438022917
12515,0.2769321833755138,0.0017762717509062296,0.008270476167713722,0.005877134013644859,0.09611285702163223,0.02178576775112822,0.00443895400667874,0.018224405557092732,0.023464934956424786,0.009820534685037232,0.0002713052664567246,0.005433648456795852,0.009701688429220324,0.008454299817918171,0.02488434873071374,0.0010117260366112198,0.09067398355443199,0.0033108240949390765,0.0007381948052605427,0,0.6111835384781201
12538,0.2829674399272306,0.0034122227069576334,0.00514784975586445,0.022069015220021748,0.08977471498003954,0.023942784626619078,6.338703917474822e-05,0.030049555774804962,0.005657611065324955,0.001092931023453907,0.019377134774077147,0.020990165785196347,0.002876290971010825,0.001628702385201715,0.02156247742671184,0.015123511632719145,0.10274615325691165,0.005032412246238435,0.0006811632345802555,1,0.654195523832139
12574,0.2462576418093857,0.01354501098177491,0.006934053058780921,0.001434027210969046,0.09340410373540713,0.02246548896935664,0.012555026161868424,0.030009600044518494,0.012909153941707401,0.008716555197599507,0.00013985070197671136,0.019408577046226692,0.00850729917861463,0.011252725404378912,0.026172308432181424,0.0005596733566096671,0.0893923444833015,0.008194586074826735,0.0031258288708490437,0,0.6149838546603335
12580,0.25230204174021925,0.0048473552564833235,0.0008758930500387209,0.03242303102296677,0.0880826445962462,0.01391535338062602,0.003755543208677068,0.01064061986270565,0.012637716345203946,0.02082111604915592,0.005653361202463448,0.011756579960108645,0.01154149111268831,0.008038554771155103,0.010918334612176601,0.013341155599558846,0.08119704894450051,0.01132877856881898,0.015068444375007478,1,0.6091450636588008
12608,0.28398754329254805,0.003162036902595953,0.007895563611039873,0.01619732156901376,0.08042923638547286,0.024499693112331855,0.003505204677580525,0.02251402826067448,0.01897818257962638,0.004257828339556683,0.009241294717287983,0.005615416012132457,0.00952939110274574,0.004107080852960926,0.028536753674865516,0.0007430432579915376,0.08255108606461421,0.008027764623672384,0.004026174021443244,0,0.6178046430581544
12611,0.2629875427797935,0.01265020117020879,0.012756999169398174,0.030843277348333618,0.09962863170652574,0.025049011970330423,0.007793522742197826,0.018210307038004518,0.017572451952921717,0.00241480153366606,0.0028809377574890217,0.005841034659418378,0.009536836661836258,0.015862661845075218,0.004572340332094466,0.008260027113142865,0.0866753806600486,0.0061052856259239795,0.017335723190266168,0,0.6469769752566753
12644,0.27617276106388655,0.001602041077876849,0.0075428602738036475,0.005989764953920785,0.08355048856982611,0.021397638527126988,0.009475084152460383,0.029710880025595986,0.012158703020319381,0.027774351018917266,0.001528978033709407,0.00899276391112366,0.006232618693705538,0.00047634260709204546,0.02857100917817591,0.00035116557133656065,0.08996812326963076,0.012193698855082454,0.013624015078377742,0,0.6373132878819681
12766,0.29372096325863634,0.0003290430806221097,0.0069081968061319825,0.014913713463307774,0.11367568895493807,0.03292866251709405,0.0012369903860788916,0.017114189779174328,0.0006893975648996538,0.002513695554227203,0.010810431853690093,0.00966757594769162,0.0025040450790879683,0.00920615948752081,0.022289237188530885,0.0003433958272450059,0.07427131707744695,0.01846543564264789,0.013516088981292128,0,0.6451042284502637
12803,0.29650018878873474,0.005651564417226996,0.002971398547804973,0.014625292859041005,0.10590093760146087,0.03244355955207397,0.0015468535084843626,0.02245606959814255,0.02239736208131608,0.0030212040260909987,0.0018754564479991802,0.0014429308943449324,0.006972265137929797,0.005676172012100383,0.013317330489900867,0.001558397674149153,0.08224819291803978,0.0035632623077908225,0.0022181612640526536,1,0.6263866001266841
12823,0.30650225161429046,0.009357184213354703,0.0017727930191421596,0.017116788076237836,0.08616661805661943,0.012482714054946744,0.004628599021427149,0.02152674411238115,0.012561879916008113,0.002399071136207596,0.01810744908286133,0.012551610126966208,0.006251144377704855,0.0006565464642769129,0.0024161852275989357,0.009564284823950385,0.07669864592771551,0.001349067792122822,0.008192491056436619,0,0.6103020681002489
12849,0.2886691789063526,0.016556095525195214,0.006340666641746169,0.020703309502926488,0.07059388863600778,0.014513772619147587,0.0046886509685789965,0.01990601979925274,0.007841796943309049,0.004054081650273414,0.009129508152607031,0.009238373522389664,0.009594092002892724,0.01927433951576757,0.018771213536211997,0.005907012340003784,0.08155623132788532,0.009416223368144417,0.002566085232281724,1,0.6193205401909743
12918,0.28792203780530085,0.007600248305504478,0.010325633943448752,0.009824685432650858,0.09345038213204725,0.023669484765102364,0.0035923195347319792,0.03371876587609759,0.007189491411728448,0.0048609746376103765,0.009450182275927537,0.009693972692558296,0.00041349062360558294,0.008002092502606771,0.025891422716059816,0.009674940245897773,0.07480326267213919,0.004237647273135347,0.005392020203675497,0,0.6297130550498288
12926,0.28633523372974873,0.003383558794454664,0.0012311588956096312,0.011677555924775289,0.06768170374558381,0.01979316292638748,0.017013035684945055,0.035218746825556965,0.003654015286929699,0.004173142870618372,0.004520046267674323,0.009818140672752771,0.0007699081001432452,0.015283106543161173,0.002968978479494395,0.016079176260243192,0.07841716656236505,0.004581325313447537,0.019834905577295458,0,0.6024340684611869
12963,0.2525547896565618,0.011619253566722552,0.013810996647890927,0.02189639735542266,0.09291755820840303,0.021530727137787257,0.0010144192033771033,0.03083664085706885,0.00902832453018936,0.000815279265032179,0.006395379737115425,0.0005703345508153433,0.011698494519307502,0.008202254544550093,0.02832645508885836,0.017353913643550566,0.0709509862749927,0.006385912614221028,0.022705809221933146,0,0.6286139266237999
12999,0.29669583398245153,0.0008400725177505467,0.004332633143601021,0.0070982631495766805,0.0961983872648046,0.020944851674838297,0.016855495807823716,0.03469888205838597,0.022264501450619197,0.02152120125060183,0.0067523433536162275,0.006546105496779059,0.001762351435017664,0.016094456028823676,0.01785989614766448,0.0015173579232511422,0.07104971148770645,0.021991286259404937,0.0161653482535114,1,0.6811889786862284
13037,0.3058337326532613,0.005987912320431446,0.009356964016164449,0.00949205087359505,0.10230828498257541,0.028427195035873064,0.00025313829873134747,0.0211449254004752,0.027244108645145197,0.0007741210644765532,0.010949186101609705,0.012778080729123075,0.0026676418325827923,0.0096113625462683,0.027079939040847018,0.012270994300633999,0.08885545893445952,0.004413728077026935,0.0017116942952868656,0,0.6811605191485672
13077,0.2795529915473589,0.007720031074514868,0.0012687434076271871,0.02274805417784719,0.09095111632811057,0.009088882535486877,0.010128316255946969,0.012670423100566769,0.00927684281548121,0.0027942819342575112,0.00661281849413565,0.007228006601460645,0.011518775444811107,0.004040951386451821,0.012366895423148094,0.008509521484356795,0.06295409531338717,0.006284813259439454,0.013798155405286287,0,0.579513715989675
13101,0.2942896290763536,0.0052272913483592314,0.005195180531841605,0.03130359781790466,0.09272567304385235,0.020573570548790925,0.011230791678124062,0.014072294370573574,0.013027744144109519,0.004585483854660566,0.0005863594574114164,0.006895836619520268,6.35029878069054e-05,0.00812231272605452,0.019676036436487552,0.0031150546405238843,0.08601177746933167,0.00125632484185394,0.002320532403484665,0,0.6202789939970449
13102,0.26563246781868216,0.004693958445514442,0.0031731474777391194,0.017007593196213082,0.08102869261265704,0.018993654930335443,0.010955277722560388,0.00773200370222182,0.00385045695073613,0.015862569702300225,0.00539277347656375,0.01466082964305975,0.009878707947670947,0.008475941861982866,0.03449247922985336,0.025794040862909345,0.07489504124668553,0.002163092190310925,0.007101537864976416,0,0.6117842668829727
13135,0.29437865442051925,0.00017938083341060204,0.015636523148302328,0.034138090501237894,0.08341740314944927,0.01140114902779259,0.0018435697192948268,0.03724245922143539,0.02403451919914516,0.00466282151282908,0.012138390853586338,0.005786584453699187,0.02159564518878941,0.005085673181703679,0.02299362853405496,0.002180970138616899,0.07976359713361421,0.006247735681555422,0.0009798741049139089,0,0.6637066700039504
13192,0.25817128068039924,0.008750149591549447,0.01326906561297827,0.009413480835117477,0.08752468792882663,0.016997394009664945,0.000718808569125171,0.037453249554760315,0.006366180951299633,0.013832762914912327,0.001428925455109409,0.007572259205588405,0.007381937299124367,0.001545099069824376,0.017211968633672373,0.01764090294350429,0.07113165402913091,0.010391919724937733,0.008254449781587177,0,0.5950561767911124
13205,0.28943179670000335,0.005883987822588546,0.0034341117065455956,0.007125317324851482,0.0899761600083408,0.029546471042008703,0.00795631046369389,0.027668229518143305,0.002689129042104865,0.011616448658626979,0.021379182951061317,0.009743891111270692,0.009665857105865169,0.012341547293018588,0.03129380637386122,0.005004185014618444,0.07527265763075328,0.015765126343436926,0.0038758895246478334,1,0.6596701056354409
13206,0.2890891039034547,0.003226566347016009,0.017131097887629454,0.028448986169539985,0.08390202352835091,0.02194653172178325,0.0005652798594960824,0.010414322602992765,0.011500912899919221,0.0030803785896198646,0.004189393399224348,0.00979214390986767,0.00468747869132522,2.895148878958791e-05,0.009660527570187248,0.009290552044567248,0.06617161711720075,0.012712781097395223,0.012593224761366893,0,0.5984318735897265
13262,0.28774612949419986,0.006766715271225058,0.0012618619648581807,0.02295147623255375,0.08697032316222268,0.0069392036574384905,0.00876780037243345,0.034063589762886815,0.025241349234086004,0.00431172538608319,0.0006475199548032853,0.0026830329400746936,0.009823263055909293,0.010069889277605663,0.020669967180587733,0.003595228342467867,0.07849311829232404,0.0039262607964778325,0.0048916332489263945,0,0.6198200876271643
13278,0.2624523817757734,0.005447544594648016,0.0003167891269957209,0.008998467531270714,0.06409494684037423,0.015817297656583327,0.001006006405509842,0.025282166771782855,0.019829307430761327,0.011326661086993607,0.012618509391039234,0.017464084576229427,0.003990576533451234,0.003719412518066681,0.007791936086329352,0.011307109997983837,0.07828755602657224,0.0072603401172222125,0.003580302171372212,0,0.5605913966389595
13350,0.27927721666943256,0.0012042140842209203,0.011358333358842126,0.024709078090431432,0.09496914066672403,0.0014041243939469073,0.0018188920618154335,0.028244159037218563,0.0052999960032803365,0.0009078077861734303,0.0008436083504779645,0.01758511952330569,0.00035003235986234095,0.02192368046697956,0.020277399146025117,0.007309903697475505,0.07884950758088169,0.00873052310286594,0.010269753859042328,0,0.6153324902390018
13402,0.309611173509649,0.0015783794937650007,0.0024244227855869348,0.0181725336998639,0.10268431732657164,0.02249310149175468,0.0007742315627444964,0.025288876489216933,0.0024417438903766952,0.0054560859275702865,0.008141001927603905,0.0028447632076250623,0.00043737515003252774,0.00891897951975716,0.01966825959924346,0.012658305430308629,0.0745414737548911,0.01533734518920672,1.2523320924320716e-05,0,0.6334848932766924
13413,0.298148075821009,0.00033769177736845914,0.010043870256631338,0.02253971692054172,0.09411387650270688,0.01020523030314603,0.007318741136224064,0.032125215124376445,0.022838260489837812,0.0027021085568226604,0.0019753548978001627,0.004888784731849533,0.0003229425344396389,0.012870890854407695,0.018370728021734752,0.005427371574521064,0.08231921897867896,0.012438316949055696,0.01160514988000278,1,0.6505915453111547
13420,0.276372173477523,0.006150999958795567,0.011054580707140655,0.015763418050138592,0.09719307397022109,0.01918042096620607,0.01615914871951193,0.01913964027301453,0.017047476770383724,0.005905716054040182,0.004329180923856639,0.0003028881724209303,0.01857269118386758,0.009744480090109546,0.00600201121652684,0.011643528809230409,0.06931194597260505,0.005827624589644232,0.00631440884555122,0,0.6160154087507879
13600,0.2848760149649748,0.003635858700413936,0.0009358422130954482,0.031126704393837103,0.09162922705403564,0.016787187844113607,0.002706446957874629,0.03447576428617007,0.0116978954213599,0.004444282734387113,0.011645996197987143,0.0018925739380156238,0.015927650958451924,0.004749963550559261,0.027180714832548573,0.0016771409427867234,0.07556583137824878,0.0018173988206104453,0.01899340519317181,1,0.6417659003826425
13683,0.2934013585922571,0.003957534705680426,0.00534215284196209,0.011618011607737245,0.07548153341230396,0.03293688573045794,0.01432228215174582,0.02868079690635496,0.01618260789840171,0.0016087017227069877,0.012245438095021571,0.00015383239714155213,0.003498619548847643,0.01538239090272909,0.016609765756972827,0.0055636356824175365,0.07688671308620094,0.003912038056646596,0.015968420605524735,1,0.6337527197011107
13688,0.2869145485597928,0.002766549961545216,0.004886487170976255,0.024420908937216712,0.10242905963287384,0.0329720967684036,0.002949613840464364,0.03521971408828791,0.017426770183165016,0.006955508129848198,0.005149057634449673,0.0004772340292359796,0.004578118065638751,0.0036410728820563277,0.012943047544526748,0.0022458785212279204,0.08667493765625346,0.0004967348487944079,0.006514677257243435,0,0.6396620157120007
13914,0.27311538238961486,0.0039284253217652405,0.0016398229023341893,0.0220689572628817,0.09805082062743266,0.026375568998783225,0.005939210429751529,0.03739950305946338,0.008857013103452965,0.0033611494145981808,0.0013401921496476264,0.004788773196103072,0.012250426818182251,0.016627199856654697,0.00729646828162092,0.0008090599402682216,0.08240936188984191,0.002583769434528645,0.004132418855097611,0,0.6129735239320229
13939,0.2881090166471505,0.0014812446044274302,0.0031840112803141946,0.023343113755892902,0.09882830713193971,0.014011044597652544,0.0032090653249304494,0.011730825382351148,0.017295462948911672,0.00986360514690274,0.008930943120509386,0.005340001954745257,0.006474859043056213,0.0057508944748356685,0.025582351205155503,0.014033017647706453,0.08163429506045274,0.00194043065992061,0.0015764102850092856,0,0.6223189002718644
13940,0.30505630822033086,0.0006655276827793244,0.0003636191091615778,0.016019809151034223,0.09016934269867026,0.015850325077163864,0.018357074259129125,0.021202297680985905,0.012442131802226808,0.009845553378148247,0.006328705060669834,0.002289874873895688,0.00036214110093024833,0.01634342449226526,0.022943561469974443,0.0020855754100957,0.07784022951831635,0.0022289099689782603,0.009167916986818452,1,0.6295623279415744
14022,0.2958349653669917,0.005151375068920663,0.0032590753929233607,0.012005833885680594,0.10023320522221948,0.01875893584049333,0.008077569616478349,0.03256266774199358,0.005845106037161387,0.005522433320921785,0.0029282705437794735,3.239704047507842e-05,0.009157211603516294,3.3905590332522584e-06,0.013160736144398215,0.007066827132161099,0.07886288049740818,0.002642716353543621,0.018788837002456097,0,0.6198944343705556
14036,0.2852844266684376,0.008024135234989283,0.0039028437506470567,0.02773284789678453,0.09212224144887801,0.014984208380114999,0.007267356391577149,0.025626261294320204,0.03619581239463269,0.01114619400499749,0.010690196050316467,0.0029285001669911025,0.00034907668326098444,0.013433836988609008,0.02522888827370889,0.010414442358683851,0.07987317803341316,0.0074751981736656155,0.003369941371353564,0,0.6660495855653816
14043,0.21512830249100484,0.02215423783753942,0.012214131004684126,0.011364030385490602,0.06685500358136412,0.020322300902426534,0.003927926640661533,0.016096652836090002,0.023487944595328155,0.014462182110370484,0.0070883728114968115,0.004981961005263691,0.012722817785307717,0.012839895116432324,0.016421589015297892,0.007655801517402688,0.05928071622798458,0.0027660042980121352,0.010253120361172154,1,0.5400229905233298
14058,0.2860857000394393,0.008375855694581203,0.009586601128208382,0.011535913982311092,0.09257218654366889,0.02402937526357781,0.016215371390423575,0.016177768680878828,0.018297141374269594,0.001318966441723785,0.003424890769122862,0.006043027534422145,0.01885574063217846,0.013168415707311228,0.010633550174486478,0.011618368276539946,0.06822256811621527,0.0011764785185471131,0.018097339176042313,0,0.6354352594439483
14106,0.2782701198978801,0.0019020727760622183,0.0009352062153256328,0.021974822439184853,0.08755376398463442,0.018863433458626466,0.0020988897508145295,0.03542923674030675,0.011861999439251822,0.009075452542540212,0.0097467149641093,0.0009537421640961009,0.001678408407546929,0.01250578016812044,0.018351879565219994,0.0081833957089909,0.09113015345935858,0.005492207766584122,0.0020572264025537235,0,0.6180645058512071
14112,0.2908029667577064,0.025215844033674384,0.0022446733856558627,0.020653442152096368,0.08813361643440644,0.017145492263890033,0.006012527505583934,0.016892038742879093,0.03165045480133118,0.00706096283355221,0.007914171193735066,0.0020279261289676102,0.007073349892281139,0.0040969387170634785,0.02893187847038003,0.03170524678904087,0.07522972332814598,0.012121017409306191,8.011633154156943e-05,1,0.6749923871712379
14222,0.29713723201448655,0.002483207264945075,0.004639329214515559,0.022317207175511534,0.09538827933148741,0.01829057288164599,0.004832419655048565,0.02003895479649603,0.012834962768810382,0.0034223586916336023,0.0018709921567022685,0.00821980145696967,0.004864127744687429,0.0018644688075764053,0.015240147230549936,0.0031433702312606195,0.09031277533131185,0.0018861035660882152,0.011095932220080523,0,0.6198822425398076
14238,0.29394836740446434,0.008201976675066558,0.005215836570235611,0.00884550568300062,0.08845430288561452,0.026039010774742872,0.0033030474441011906,0.02221580332653705,0.02694396375932602,0.0033958230635667826,0.0005930146788633035,0.0021580855774272086,0.014616818202592193,0.01035726248999144,0.025040506896208015,0.008171476218350026,0.07942575707836029,0.011332429797570806,0.004922889457672323,0,0.6431818779836912
14384,0.29708802536294704,0.009169935624686425,0.010395058247374942,0.004618333710147533,0.08275156703283476,0.004760889014862824,0.0029596818117751775,0.029801512960203277,0.014076698851521892,0.0009392896197064895,0.009118788941297973,0.005372201636741946,0.00978908713728083,0.016324938405329552,0.005068669462930923,0.00140189979029559,0.06267773210184159,0.014811656007446692,0.019419963968118344,0,0.6005459296873438
14441,0.2852707693481907,0.005587137688735932,0.003153916584261986,0.014732279612716826,0.08859980898315689,0.01815897215762585,0.012061227360030092,0.01915536307235436,0.020093463999046098,0.025261502833865586,0.007829094723564233,0.01570756788021106,0.005654417342020794,0.007835696121305467,0.002748949816613524,0.005651798987387124,0.07174002288415901,0.0005536193594613994,0.014912363608570092,0,0.624707972363277
14462,0.29714733334332605,0.010930642878026196,0.0009849888476646522,0.012564223333768988,0.05989421293610937,0.017378904200049207,0.011589649503015173,0.012817479169005861,0.022329965525308897,0.011418821260733748,0.006249984840803382,0.0008127312213281225,0.002715665944888009,0.0007199243929173102,0.019972839044259765,0.014644518501760647,0.07118143061202925,0.011953235011236357,0.007426842578899281,1,0.5927333931451303
14482,0.2808286440804932,0.002094582333683913,0.015816939328761347,0.022615301145874227,0.09987839476604975,0.04049497762463912,0.01635942087258548,0.02031441568713446,0.0051908561576266875,0.005840180003890713,0.00843957101407941,0.0045322847827470635,0.003711488912067543,0.0003789938290052293,0.0038842951278568894,0.009028731965343834,0.08445837779711503,0.0018295956232180126,0.001752441830426446,0,0.6274494928825983
14571,0.2709726554731341,0.010654063261439965,0.007934685531941803,0.014918947149580338,0.07754587782186122,0.003614716971383819,0.008769417542321334,0.036168353623624375,0.004909054497205754,0.014689638362998077,0.010903558925415988,0.0012830587169181842,0.003701322088939457,0.008504883916749785,0.022040300947241583,0.0032554112091805797,0.07918979685457289,0.004127391449312944,0.016765066281727702,0,0.5999482006255499
14579,0.2862697215659347,0.006588236258169624,0.010243701326406672,0.01159710631938537,0.08747099793414426,0.02321995480550181,0.010059699472578279,0.03899342848787353,0.012482611396272362,0.010722662462732103,0.0028816113496722712,0.012247748077580103,0.004259311931214554,0.019065462819039872,0.018086902347804447,0.0040987435278973345,0.06855324354402076,0.009133905913372783,0.0008252480357169922,0,0.6368002975753179
14594,0.3025282669439388,0.006724460606356113,0.003912110568376728,0.02242058767816427,0.09372053189053764,0.02308937179096235,0.014271557413516489,0.039368332366826776,0.012962336346706297,0.005832895088198058,0.0020037003349514734,0.00492461331564877,0.0031129660018278022,0.0034576638080913986,0.02685551583277599,0.003014688767880026,0.076618785678835,0.006780579749896303,0.0031242885992124256,0,0.6547232527827027
14607,0.2880042353598023,0.015752817906829683,0.00039741091146432817,0.010531417459226965,0.08335599736100847,0.02487095947779391,0.005314971383510181,0.039633997053341974,0.0008999502481766829,0.008961472831757852,6.101358141068692e-05,0.01254413820374747,0.009745045739296783,0.005747820413244356,0.03246955785789826,0.002151390160328635,0.07817431878493014,0.000537710386325208,0.004858413539415589,0,0.6240126386595095
14615,0.2949689026004734,0.002963392848579902,0.005073307354488228,0.023268242048219628,0.08103627041635426,0.02262454363051864,0.008317675374388269,0.020408058355408997,0.027320013840490032,0.005709497687823355,0.01167910400262311,0.006121871252002865,0.010010938349025746,0.018961300734622592,0.0267716325227807,0.007570664107970559,0.09178983338877127,0.001787637733340499,0.007802044745279054,1,0.6741849309931611
14651,0.2848564955559106,0.003638897771298235,0.013418734212410811,0.030371165727687253,0.08799137197597662,0.01717279050516781,0.007151401978763081,0.029144163371039058,0.012322671223596522,0.0009943372331505632,0.006610657256967163,0.017494622360494764,0.006822992435685817,0.0008718639284952189,0.013535182958332939,0.004791615674972926,0.08040725146362072,0.010566130031343554,0.006170456616490678,1,0.6343328022814043
14671,0.2823718600212923,0.006355501344909986,0.0038395412573506028,0.0036023221136565406,0.09240462628539423,0.011978286393622941,0.0007765077609306451,0.02430621628171694,0.025715149625277177,0.008088298160218674,0.0013009525674004718,0.0014651867299460015,0.00807796760357671,0.009526350099709972,0.020860347493788498,0.00848927802296267,0.08839789371548902,0.0025494241748246728,0.009020050119747708,1,0.6091257597718157
14697,0.2911100535849688,0.002266854694601063,0.0011627768146928869,0.027246444623222506,0.0745623539566777,0.027408675129162202,0.002268881719920695,0.019899354109366225,0.015976486117514788,0.00393775928355134,0.004336134513880027,0.001599344410623049,0.0020310768850697893,0.0038367171727313742,0.025173076517095567,0.01372991629836053,0.07542127462590614,0.009015449592843686,0.02040777616628164,0,0.62139040621647
14760,0.2983257359738999,4.286668323580592e-05,0.003732366441802054,0.024575714563395815,0.08425982025762994,0.022125114859941123,0.0018557157383688099,0.014967824944848322,0.0161797410102327,0.0038455594638617608,0.006958166148916644,0.010827738019438454,0.0023555883185921557,0.010307632805322665,0.005531739141716839,0.016929819538563706,0.08027879407795702,0.014768175885958464,0.01213448564642432,0,0.6300025995201065
14851,0.2975840646408176,0.009107764514327588,0.0016761829208003047,0.024227942451391777,0.09088100768764715,0.019551534804039823,0.013478211845343419,0.02869822529833501,0.02261196356812361,0.0009321412810462528,0.016627308222012808,0.004500404760522241,0.0017098634289535145,0.0038556826260223165,0.02282249779361533,0.016110291184947098,0.08347632317773772,0.01491349119646813,0.003273363924398231,0,0.6760382653265499
14865,0.2813935667967775,0.00015252973923389362,0.00024963418425278435,0.02459128067085065,0.08120414112623292,0.017510487283654248,0.0034859796329614495,0.03208876089119775,0.008176578675239639,0.009710956844405214,0.0068344698698601545,0.009894520268553206,0.002260951075957979,0.01385654604554874,0.019157155506555022,0.005941880410807984,0.06584353819971814,0.00811369083937211,0.010825673726613763,0,0.6012923417877931
14872,0.2732003070292463,0.0018232339873969128,0.00032682238455712827,0.00456293863462829,0.09154792893816817,0.0269812213255806,0.00529290728517899,0.029032534357108133,0.012198189426851053,0.010886024523962827,0.006870942684380365,0.009191357519955997,0.0028983072925107198,0.009029962783431808,0.013174274402758694,0.002800571983379227,0.07861971099899061,0.011633636076081212,0.00039356218568404184,0,0.590464433819851
14938,0.29620799318324165,0.0028019437657101154,0.003999505796296599,0.02355366460210246,0.09663977524817399,0.016116277218243054,0.002486113709042179,0.03159303417328737,0.007367050752145847,0.008832676716585412,0.006315770871891002,0.004155008867012352,0.0076381688655634454,0.0069975203205475634,0.019192198882815682,0.012858268174906562,0.07156911042459936,0.013272668035283375,0.013175315444224905,1,0.644772065051673
15069,0.28356904411927686,0.02023891936841022,0.0035156261626310835,0.03073857484374359,0.08459903343221956,0.002137014890497813,0.006630832787496309,0.023116293132445405,0.01918663342396612,0.006128783979770401,0.0020450829153068084,0.013319089595565058,0.004683090966716821,0.0007468674729541996,0.020184825850288683,0.012603407641682749,0.08280696428410055,0.012150695796357108,0.001143702257054481,0,0.6295444829204838
15112,0.2996705985731268,0.007705543261537339,0.006286300768105962,0.009096987159292934,0.09524038384029396,0.027936086671845654,0.013418960573256075,0.027784222182290277,0.0014003004982619935,0.0028036884217758525,0.005583307269735707,0.008133952013067183,0.009424977045844964,0.007427850554908218,0.014412962927979115,0.00380969780325973,0.0733762674443202,0.001216761558972199,0.001573586992563048,0,0.6163024355604372
15135,0.28685593788186703,0.009103459824671487,0.0021952100910004662,0.014684324104444623,0.0870000461173687,0.020115046625550848,0.001057121767384031,0.023206432448815196,0.012152811880785598,0.005213399535708841,0.010613544472671209,0.00012316543470202533,0.019705125813492118,0.0055749796989601015,0.01359314269140859,0.0006644522640735812,0.07281112019747209,0.01126725551458525,0.00426945232008365,0,0.6002060286850455
15145,0.290637323879133,0.015470757899906463,0.008401063662546518,0.012411175862894731,0.08894596913780684,0.012893430435446494,0.008367659549076839,0.029016341120484828,0.0035162062611972344,0.005040351704833836,0.0029008467692171968,0.0060015281750699975,0.00029590726312845336,0.001520231035295397,0.021593748691685247,0.006490769196826387,0.08468846299452101,0.0003534616890029599,0.003242967136844619,1,0.601788202464918
15147,0.12122862000632935,0.0005091076612383395,0.00028049144664629206,0.005048458670927822,0.05272632846646481,0.0037626149400635956,0.006680151293419262,0.0023544325840408227,0.009359012817509433,0.009504570774605824,0.0026561520208830637,0.008476009878386806,0.02082495221978511,0.009071312823097658,0.0019560038470497797,0.010674910436856973,0.0330957473180047,0.003145844527753812,0.013458172867893081,1,0.3148128946009565
15165,0.27718211494218353,0.002466355943284735,0.010968014276004745,0.013690077723779946,0.09391234440455608,0.003313996592492109,0.009418257300315038,0.03634627998985408,0.010860604801236497,0.01123308445506253,0.001489924068076511,0.011222326294011084,0.011583190724977344,0.0030295201897543255,0.007541209655415641,0.005248320146884706,0.059339990236080074,0.0015040394957036493,0.008954476061437865,0,0.5793041273011105
15235,0.259664269475834,0.011568896920884211,0.01150929522297399,0.004788473159901003,0.10589221237139367,0.024202217574560377,0.004288049699550685,0.02240187864802959,0.014283713209305488,0.008046202873654528,0.006608152351155865,0.00995558514248266,0.005557294136355907,0.0004856267149040122,0.020495716415766817,0.003233847460807659,0.08424253965184335,0.001835275705173313,0.0026809301008852396,0,0.6017401768354623
15245,0.3035543536117558,0.009820406259986553,0.015879764918311723,0.014572043305860968,0.08841055648861197,0.014603118601685996,0.0038769638827917197,0.02808634613521269,0.022172119238221,0.0075722193555035466,0.008080352726857387,0.0033995356370510226,0.014876617325299147,0.0010986927960368689,0.018871083320474557,0.0033656462187424472,0.07601338703967213,0.01657779778067697,0.002036216393478848,1,0.6528672210362314
15271,0.2742837236067772,0.009185576494857609,0.002009988956028398,0.018347428072337777,0.07962382518060242,0.03666269651666203,0.003448118226358545,0.026872925998613417,0.0055697725510795975,0.003650987054399942,0.007605992158316223,0.0077925878080259345,0.004650528677531427,0.008697114971370134,0.019725214871350295,0.005058128630274381,0.0711969491016141,0.0014922083924807494,0.002369617938570744,0,0.588243385207251
15356,0.28832679101480835,0.012432512909076585,0.0008665439524175088,0.03441606348587422,0.10610127749287614,0.01906061000162474,0.008597384644368006,0.03189836736114809,0.020392892069024858,0.007030379962103161,0.00734000863666961,0.0022370278289956156,0.003454863887609438,0.010849120423431644,0.0004979370980796741,0.013214232653566848,0.06787870029827928,0.012522897138827666,0.007625095266129898,0,0.6547427061249114
15460,0.26808813444901997,0.017524876496937354,0.004981473735388125,0.007521471121713337,0.07979802636305586,0.02740521388603471,0.004000939987099284,0.018900757723739184,0.011841864592233929,0.002203950128120724,0.013470919262533914,0.001310469101910033,0.0035735761497673988,0.000905862064954004,0.01347446917032839,0.013847122754349754,0.08688133881826977,0.01149875765798217,0.010414799033386771,1,0.5976440224968247
15506,0.2835896112808822,0.010679779764128906,0.011440818221189922,0.006718183188593686,0.0776771377415141,0.005022890076569078,0.004169523325438857,0.014400934536798837,0.024310544977994022,0.0018041055157558838,0.007728805379667299,0.0001507897908093511,0.01362341889111976,0.006494958928180363,0.027259349033310527,0.009371104875942794,0.07819425560046286,0.004099054571588914,0.0039695419992629,0,0.5907048076992103
15572,0.2872916033316688,0.013641887082987157,0.005584123167864144,0.013865973364383413,0.094275515456005,0.03356814918337484,0.0005012406985470927,0.034836999904119655,0.007123703262661503,0.007906809081115814,0.005109543294742831,0.0035692292885547996,0.002385056293244386,0.013544866844308128,0.00965446040515645,0.002657881803596314,0.07071181148685156,0.012111045570109774,0.023049738528622132,0,0.6413896380479138
15676,0.287388692931687,0.01325762998144221,0.002637722282164476,0.022403337503895407,0.09128299928213249,0.01525035893680871,0.014553695865280094,0.03248020608967711,0.0155163085207344,0.01657046291610054,0.0071675221537319065,0.007602108704813469,0.0009467207358407364,0.0006953652986539378,0.022511793668615162,0.0030802331710369705,0.0927129721617247,0.012148484195639807,0.002831015717694075,0,0.6610376301176732
15753,0.290479249664201,0.0020812760222581974,0.0020643968762991574,0.011860548637373078,0.07523013328829323,0.011905323874055811,0.0012549038670466792,0.01409190166449246,0.011830337878071731,0.004657821368211868,0.00628222174193327,0.004123797062215173,0.010723696255728577,0.0015368478910706505,0.019060416923519702,0.015930566193519954,0.06359200338533873,0.012260407622711713,0.0025471583040806312,0,0.5615130085204216
15852,0.2792296284066955,0.012786598453599095,0.010536080769328864,0.01189288585379134,0.07709074151850344,0.014930537119703897,0.00578265937758635,0.032436876483992946,0.0073986037358570135,0.015537741653559417,0.02071498037665244,0.009680630225081746,0.00625085053511095,0.0009531681783552051,0.006225573628957563,0.0035696090028923873,0.0746096722602985,0.0006456022576088763,0.005558218780609772,0,0.5958306586181853
15864,0.2660931025317082,0.01445208261368505,0.006185472607183495,0.011014970236212075,0.08948106082453958,0.021809751978049772,0.009146553140953289,0.03195363282569361,0.015930279094229415,0.008418344752644242,0.003100039568677209,0.005310268033709013,0.0006002689702815442,0.010552917410906082,0.031578730904410164,0.0004454371332591403,0.08243373000951508,0.017500534273889617,0.008817787962826847,0,0.6348249648723734
15877,0.2945156134952658,0.008119000955804458,0.0014606488834768363,0.019620632238597314,0.08651468312029086,0.004743685002612218,0.008027253644241193,0.028079498612446588,0.020896288861042858,0.0014049417696212277,0.003988909729751053,0.0071125387935338765,0.014652075882820574,0.00019124408181033688,0.019489012021534535,0.00013072349405170337,0.0811648931137848,0.0038524189881951336,0.007205164307307541,0,0.6111692269961889
15906,0.28819155841589067,0.012406363370892176,0.008869383265158407,0.021230446766691304,0.10780084084203717,0.01687064429715049,0.010884940911934125,0.03997063564489152,0.014051479214848289,0.01244422410699869,0.0014168671503074716,0.004708002467545858,0.006528239875079286,0.010004131007350543,0.024918368136168552,0.00010839820690240015,0.08465900729715313,0.013865236713908139,0.003968058984031347,1,0.6828968266749396
15938,0.282635127591415,0.006975404219151867,0.0026676472431157914,0.00160031470286121,0.08179038647649153,0.013214527407223271,0.004843970965632728,0.02423606779581172,0.005954327903359679,0.023310319176902027,0.0001122816858327793,0.012281486196039427,0.0002497011235503346,0.003648104609355937,0.007168413453158632,0.004623781785031066,0.08316886205266501,0.0017023979487344057,0.010665737552124457,1,0.5708488598884569
15942,0.2874163387985504,0.0005555428590131296,0.009065878623469982,0.010748471412953212,0.08437446221547659,0.02468681671212603,0.0004959535547428734,0.03453233946405534,0.0027752058440350326,0.0050367556898244445,0.004584239917099837,0.004784731507403669,0.010205499188013965,0.0071724731986362155,0.012572178430720499,0.005496733135059832,0.0868478027258542,0.00721397779956141,0.0011110948614017624,0,0.5996764959379984
16040,0.29706800280204015,0.013292102076274289,0.011573733884764952,0.03603993154570874,0.09490659927263627,0.017875510049198465,0.0018976805202644315,0.018108505972206215,0.01619115604364154,0.006373245083368206,0.003827279445168554,9.548838393799171e-05,0.006797420910290331,0.005282624947094356,0.009534062081798786,0.0033926001245156976,0.06443481293482681,0.009422728019845865,0.00041762676131638693,0,0.616531110858898
16133,0.3056094312499013,0.0007219817253624343,0.009679133914204354,0.031253444839599576,0.0879893463705666,0.020137171479694436,0.013513771380433694,0.016480270919146,0.01031107541410428,0.01026487422269047,0.005072791529715108,0.002612701217907668,0.014277704193779002,0.009003155227313134,0.026969825828863394,0.0018042432561796746,0.062311427803797864,0.006136214683273735,0.009249469507804867,1,0.6433980347643377
16149,0.30415153313715454,0.00302132644191821,0.012185455355636221,0.016642552173596187,0.09849541015612316,0.03813375259283792,0.007752547706904294,0.025800301700184138,0.02111779844669506,0.020896583125595367,0.004395353179472904,0.008416500092443454,0.0023266731019413152,0.001337605968019651,0.015969913461717392,0.004480034247885653,0.07662466330820164,0.002716129647621133,0.007001236756750518,0,0.6714653706006988
16187,0.2879065761639302,0.00024022119802109693,0.0066846600653247094,0.009223731588919665,0.08326637830839123,0.014985775177399303,0.0036082777832891887,0.006278202352300568,0.01921163288777226,0.0073525422136717575,0.0007307167633283643,0.003901117629571629,0.004879352516726052,0.0031641456524909746,0.023572812049012144,0.00140070865783444,0.08481818174376196,0.01037000354682106,0.007270828559392104,0,0.5788658648579587
16204,0.29370726818757914,0.0038454746986551222,0.0008252994555638015,0.012676119669814573,0.09045213284737737,0.014458448765498347,0.0003276146510641262,0.029848446963676604,0.020844096112687876,0.006237635566083015,0.028207535455251773,0.011739230786780373,0.009214171778470405,0.013325953123745609,0.0231943100659136,0.005302705155240329,0.08069330266724443,0.00309496508529661,0.006622567286490383,0,0.6546172783224334
16214,0.2802368085608854,0.004475974494174828,0.008122341353782425,0.02657040602631987,0.10042381367373908,0.023877120766499848,0.003861768315247415,0.027397678325968223,0.01975038932733638,0.010378067749064716,0.01580680652296025,0.005712489831433967,0.0005589712886749829,0.0010131697277678175,0.011450704985690773,0.012321923789958054,0.06903434613352852,0.008732808480640005,0.007970273226629373,0,0.637695862580302
16221,0.2957204027947839,0.0012975382427063123,0.003946064989687651,0.012045853251228977,0.0775100286316509,0.02521798355762996,0.005236485373580789,0.017874499661890565,0.014173012941819475,0.004376525010491447,0.0029237632396930686,0.00113170041845667,0.003428871963055434,0.008388416341816493,0.005392313451598335,0.0016437132042810849,0.09422971242507673,0.000377436702228761,0.009992418304597094,0,0.5849067405062737
16284,0.2851035664664707,0.014254002302488184,0.006168017980271948,0.02869499254605524,0.07888330978051318,0.0366943692655758,0.0006009321681955006,0.020808483962203923,0.015336031363606301,0.012232430518928061,0.010225374587351614,0.0014825686534393149,0.0038195590442685104,0.0032875540503943873,0.030479311886622975,0.009144528236807307,0.05816993527942434,3.896069782161002e-05,0.006558732073533073,0,0.621982660863972
16334,0.30361996335708114,0.015603235494592655,0.00937183207749688,0.014340375412015131,0.0805916978600586,0.012540370399796292,0.005098048937028679,0.021753377368837586,0.013147477331632419,0.003140879945145005,0.0069716162509509,0.0015027454988386904,0.01063729675373521,0.010765400313091098,0.012983193159104543,0.008090319107438263,0.06949206892656261,0.0047903028478832625,0.01693321550713227,1,0.6213734165484213
16441,0.27750716940800574,0.00632515204874646,0.004482217244313288,0.027603806372834345,0.09242494142041603,0.018187444551723567,1.2749539002167955e-06,0.02865885577486136,0.012329792675633534,0.0039926411672933865,0.005913926250978923,0.007130714028468929,0.01244666848448885,0.0006674270431839847,0.01762955202374482,0.004011169534400002,0.08570111091226575,0.0025380553437310185,0.0024668394498186933,0,0.6100187586888088
16586,0.2963672039732783,0.01087540276330414,0.012719474988836582,0.01584686714577257,0.09943579474494871,0.022265272204863965,0.0118176883286327,0.01882791323921718,0.005499224637572192,0.00018361444673376415,0.007283005709353807,0.015964536830580373,0.008401240175557101,0.0044392554649437446,0.030922725323618644,0.00847099708269791,0.09520949956122123,0.003746359977416319,0.010111004953346403,1,0.6783870815518956
16687,0.27225016477571684,0.026393100276528653,0.004002705153962689,0.015823418530682507,0.08925813372121479,0.01605120674759599,0.014531344567294798,0.024151741244139352,0.0076243791630678515,0.011505942065871369,0.011347556995653936,0.013176301766045187,0.005324394211850308,0.006367840424127813,0.025584179011367232,0.004445667559476768,0.07613666073516168,0.006265677638256524,0.00574403600679449,1,0.6359844505948088
16763,0.3003900641782674,0.010072452328836556,0.008602460178748062,0.007355054650680556,0.09382670127289847,0.022100903841862373,0.006537721224995246,0.031088711420931173,0.022106679090617178,0.005287626127595287,0.007064846897420734,0.023002937249963176,0.004554974907550952,0.003471012210515295,0.02262079485811719,0.0035157520384006603,0.06880327445142147,0.004520424727577228,0.005383600758722144,0,0.6503059924151211
16801,0.289677993079826,0.001453525446948329,0.006817304565120225,0.003947292459522453,0.09223841017190292,0.035246027803464926,0.0059226450588746905,0.013179901790685263,0.0009148003816558657,0.005822875712135301,0.009717582635385686,0.0010090367929762867,0.010625337639153187,0.009902181120645687,0.014282346708968177,0.0022534501215737894,0.08543201261949647,0.005473463407664626,0.007032593034814716,1,0.6009487805508146
16863,0.29524741403526056,0.0033549689138219194,0.005347957841832981,0.02398271316879984,0.0873603441861527,0.02465865633292584,0.013469190856224016,0.03127101386970955,0.019328705980891755,0.0005722827354022456,0.004364289327108793,0.006152184815813181,0.003996267848882808,0.007506916238443761,0.013608825126647323,0.0022308289596649484,0.0725416991188435,0.0004327707009110912,0.0050180713719670655,0,0.6204451014293039
16936,0.2984698052656778,0.0006971421080925136,0.00828085969629197,0.02150387183402016,0.08967215872530761,0.027493890676025656,0.005474296799276764,0.022123216025671855,0.01634777367677703,0.006735164533329642,0.007798535503297827,0.008016919125437715,0.015485069637210603,0.007635246741181233,0.024342122842618528,0.005736213218475797,0.07127248678763191,0.006655444725040053,0.0030065687529082737,0,0.6467467866742729
17035,0.2884944915367719,0.0035192236747921407,0.004850670096774782,0.014576084786885424,0.08349572991924098,0.0283669757541076,0.016498339659160206,0.029373893871859538,0.016925822349072334,0.009718115395253569,0.00532448613744299,0.00018376868575401096,0.01159875833103896,0.0021460952748738305,0.015911081242195386,0.011823114723064144,0.08862449986933209,0.0022320999582956563,0.017389259883502598,0,0.6510525111494182
17052,0.28399276321737565,0.0025433225555283523,0.008343152477211034,0.023233683225618376,0.08135746814935117,0.020395524773512464,0.006163597623653533,0.017711938929192494,0.026469383013513634,0.005470807771011646,0.001540250297462167,0.009809111545366586,0.011735199172960706,0.011082061738877194,0.02556824083445077,0.0019740106198561946,0.07880126383673104,0.002002503210552175,0.007257310174674107,0,0.6254515931668994
17059,0.30140561866728255,0.0022895660988264985,0.0020071167109484036,0.013809854520406901,0.09670181546515311,0.007488736105700149,0.00037477020301748067,0.018356928951265006,0.014601089169715099,0.002818835852194823,0.004892004968762099,0.004415724379420204,0.003220625762819298,0.008396856364300147,0.005539229510682884,0.003013809931623088,0.09157465839938334,0.0018068112580158738,0.009555426915385976,0,0.5922694792349029
17087,0.2643977416006234,0.0033373156153381858,0.00045693963227727867,0.02238414467839287,0.0823313475069606,0.02112777563700049,0.0031255321202578435,0.014676203023398955,0.009796853878051496,0.006675289878282977,0.011060950714004206,0.0038224961995647878,0.0002669818471121711,0.013749088887606547,0.018550386587143704,0.015881203691214096,0.05682650931294898,0.015262590147722275,0.003750400821058643,0,0.5674797517789595
17152,0.2847617407709933,0.00018830818094743226,0.006523026141261438,0.01343225476536006,0.09176828348888884,0.026025227643152942,0.003664191747642354,0.032608098126612445,0.01267400992013338,0.000909156664937765,0.007475361351768936,0.0012038863288889097,0.014602795463704675,0.003190881874500674,0.024400672569884686,0.007379873370980687,0.07313699206198257,0.0037870602041490016,0.002661149877120546,0,0.6103929705529106
17182,0.2938660193085534,0.0013955579326926251,0.009750834809583737,0.023641162976944893,0.09038530100726452,0.02309931342724065,0.007549708108682961,0.015677908913320583,0.009829001422226499,0.0063841347573977995,0.006906152412635702,0.010228090456460504,0.007011474563226264,0.0007114649620035794,0.017251302780729807,0.0018222709043881251,0.07004063751254139,0.005264305537808639,0.00686985673824469,0,0.6076844985319464
17240,0.2923692821508753,0.008123398624365558,0.008944697439406669,0.007034478926507927,0.0881838038190838,0.017019131297132173,0.00367890727699773,0.03439272600870985,0.01133036832277721,0.0006542522529033732,0.0021551728524590286,0.004909928249891847,0.0009590621158579017,0.0029535906974816994,0.015873462001704444,0.005760183949931377,0.0834622162257754,0.0007284605026476999,0.007998287447440952,0,0.59653141016195
17263,0.2860927314272035,0.01207724689806952,0.0004772064396087989,0.015049788808378144,0.087677944120221,0.020388741314926705,0.003152603637892589,0.02390269794388271,0.008784162644565342,0.00687411284657782,0.01460966790036787,0.006547441995298994,0.006134271266841426,0.004319361408049864,0.01403534949776913,0.002125039089464249,0.07775636890203526,0.0005992920035301375,0.006656726143748598,1,0.5972607542884316
17425,0.30692381675754404,0.01798071171636418,0.00953415619078927,0.006601241970237002,0.07809110916432219,0.02348814018175933,6.923647068173339e-05,0.023972394329420554,0.02003422320562007,0.0036222605597019835,0.015754049076881937,0.011068585767974115,0.005297088775942687,0.0016825916690959171,0.016632195372607628,0.0008883385542815131,0.07595784341898805,0.003349568227647212,0.002790473620620438,0,0.6237380250304798
17469,0.28980193195075604,0.010764755888010416,0.00042097915410196695,0.009187157274823146,0.11116466067624241,0.017850800668347478,0.0033868166135814733,0.044888183595337944,0.014628643024687013,0.005579394770602501,0.010795802200489356,0.009683372943121181,0.0032942590417197413,0.001719315212495655,0.015052541626008314,0.013403172884082576,0.06706470616214485,0.009074745641718358,0.006680960387717068,0,0.6444421997159875
17591,0.29173538992349196,0.004055167398974615,0.008148023219834447,0.010043946003241563,0.08920373689633967,0.01364072593995733,0.017316540627811107,0.02218077409945771,0.01452510162288276,0.007893885856447336,0.002502863091208496,0.001139023302131092,0.006414335949805405,0.013156063572456089,0.0038642558937869768,0.002556614019995933,0.07956778151581982,0.010132018108505477,0.004389584805642725,1,0.6024658318477906
17624,0.29065229869793224,0.007365798819334945,0.009608875768520304,0.002930513674597197,0.09260990102559358,0.018470899843324434,0.013542343096796127,0.012484345224234094,0.017679035223264337,0.008467143557501687,0.01407117390665442,0.007496993903439573,0.010005509586896161,0.011077193983334333,0.011719221007539693,0.0045166708791037355,0.09250583111619388,0.006656150019792615,0.0047345297055849025,0,0.6365944290396383
17656,0.2785455463940362,0.007923248162798492,0.009503477247384373,0.002984228797088519,0.08498015969364942,0.017288902153106966,0.006901877518685826,0.01781582878985759,0.01609887334760032,0.00010852514113512897,0.0028759953881267062,0.01641334442309744,0.005280490701627298,0.010083405039359061,0.003708605082014646,0.00749684267497249,0.06794161193370339,0.0052299436540568225,0.01720710425422275,0,0.5783880103965234
17685,0.26650354715421665,0.01040764720300271,0.013924569748697298,0.009304875761293364,0.08278324961673972,0.009617829158291666,0.00041325693488708265,0.011028658340076646,0.005598860487600145,0.006092541446028452,0.021684421045082836,0.0032787775614258807,0.009715276605835219,0.0033577287451310688,0.04336455812526058,0.006115023296376899,0.0874374409272835,0.007105918787249169,0.0057072326365296,0,0.6034414135810084
17690,0.3159082371085941,0.004721226301901022,0.013391202956489916,0.020999049691120365,0.0837395858031144,0.02938170223656419,0.014397459494919933,0.016971341631842864,0.02373075762924946,0.0018942212878316845,0.0015681128145796756,0.002357675708134777,0.0034644539666845273,0.0013211569068010674,0.016154456597133552,0.0016994186719226287,0.0741585060736751,0.007079171445719247,0.004897972704813658,0,0.6378357090310922
17759,0.31509677849126333,0.003669838672306627,0.014615853133994869,0.009746329189364468,0.0771244951391832,0.021774687703377742,0.005993616938940515,0.0068281969048430225,0.009987391088467438,0.0002185789102993854,0.0022506083216994295,0.00294305429255204,0.0061883524071131395,0.00028498288802845885,0.0035456517865610194,5.5822622207448035e-05,0.0705290159263509,0.006492982919240779,0.002947942318403599,0,0.5602941796541974
17814,0.2990183436285119,0.001755179020620529,0.009997375648163897,0.006351658951975515,0.0931689898118756,0.0034306857259509818,0.0018714855591075014,0.008084971582057938,0.010153113709752698,0.0013324053848835504,0.006021541005072988,0.006248827461070935,0.009801286044078738,0.007849301833677907,0.013031527180838713,0.00038282361746622574,0.07624946192713015,0.006446706210998533,0.011030225420528986,1,0.5722259097237633
17841,0.2749673695814001,0.01963941352110265,0.007695501251826003,0.009136343294907232,0.07006771487529773,0.028676558537963595,0.004316024630755154,0.01625140076025893,0.013880769968970821,0.008803360354989997,0.005297798052851961,0.002253205901391852,0.0013242791427482384,9.76882273090492e-05,0.00743492603478305,0.0010509054751207429,0.056014740575152246,0.0008000406446921516,0.0032497021339106804,0,0.5309577429654322
17864,0.2946050926847726,0.0015875672217400831,0.017797938178753716,0.01866065753783516,0.08631055705153755,0.01987016323680467,0.010399915792365223,0.02079044536268243,0.0002834496195649857,0.002277900151887713,0.005450109738460341,0.011823922854816848,0.0057831266781750565,0.000468789494282832,0.022150591339456592,0.0063612968173955885,0.07549242263507641,0.018041724446440928,0.00431423751674212,0,0.6224699083587908
18020,0.29355688299102356,0.0010500389849512658,0.01418231765720492,0.019366124111216562,0.08215149629172538,0.01630158804528567,0.0022293143036593477,0.005483106005217889,0.0072656259829865415,0.008475627569918156,0.011043289267077564,0.006146413450877735,0.008935929671870877,0.0013097302353933618,0.031030446554494114,0.007941584697691512,0.06455076121955454,0.00147995085893285,0.007203012482744633,0,0.5897032403818265
18030,0.30512386877269304,0.0053143902766161445,0.008316987704747744,0.011683110249719629,0.09453498240806807,0.023123743149907037,0.0030830340091089793,0.012883783049766446,0.013575373497100264,0.0010016920297994897,0.0026094965055755114,0.0014806044730859755,0.008956181578886533,0.004844091855326396,0.021876244144009287,0.009466718984584488,0.0734632116871527,0.0022791502581133724,0.009794074967576973,1,0.6134107396018381
18044,0.2928796819434438,7.451618969632948e-05,0.009391612931826528,0.026280208499214752,0.07939847056517181,0.036886234086729766,0.006048174163870479,0.012253252027368574,0.005578205266135758,0.005203214237658023,0.012546775772473427,0.004230788822869785,0.0048769504470636054,0.00487467244625666,0.01899140044505397,0.0008266881665479929,0.06902646659205418,0.007814186748527465,0.016744919463669135,1,0.613926418815632
18045,0.29880305437234084,0.013152034534822213,0.013011337903550054,0.011195623575574274,0.09228871726577335,0.017324508256897242,0.001692361224992304,0.004380176216052272,0.010686431850226743,0.0144501843949066,0.0015566859911357361,0.00831483541181031,0.00462328844191178,0.000330363790189077,0.02110262619489958,0.0011022041233956495,0.08840657555144739,0.00408872940389094,0.007477377585418651,0,0.613987116089235
18068,0.27497577800532386,0.011133913026734459,0.0004458853889407598,0.019071261834599586,0.08357618813770912,0.025097529738445368,0.0008943976354451682,0.023268169160324245,0.013271897045162467,0.007630149213822114,0.0017838071580520418,0.00941575183337012,0.006643598720572013,0.004607302292209859,0.009327067925454936,0.016346978937420095,0.07518448768803858,0.004769706068365798,0.006036084516272046,0,0.5934799543262627
18070,0.28340368915078856,0.011246195315976999,0.01044469742764567,0.022971753534866746,0.09382144646182258,0.026782217439428498,0.005021721280185061,0.0192596538561094,0.024529608485332668,0.001015923708372933,9.366067819612413e-05,0.010032546613562997,0.011648044786868116,0.001000701857163151,0.020920470305793578,0.008710242972557666,0.08003150386829984,0.007332895057075162,0.006311816852986014,1,0.6445787896530317
18086,0.28548621039839206,0.0019989151450899756,0.017246090186421346,0.017906479402378824,0.07411622650324864,0.03073037485069323,0.0007750689585890713,0.021468376149499743,0.007178866124243779,0.0046459040108502775,0.009188299047074973,0.008889889668825136,0.0065291007329115365,0.003226280387063565,0.004827271998592258,0.015918052578854116,0.07292684354547799,0.0023721606371971075,0.0012147872236442853,1,0.5866451975490479
18230,0.2986650856824664,0.00013449288461763942,0.004442087509351677,0.03442341423051259,0.09488236194895194,0.013563779420588961,0.014899023502872262,0.024795584425396436,0.023848921342249235,0.006867954597407269,0.01087467040733213,0.015927844575865546,0.008942151066519619,0.003226335984743167,0.02597353856417669,0.0027083276012361403,0.07921913102423152,0.009250110595433347,0.001783830469721021,0,0.6744286458336736
18354,0.280291455562854,0.0033536924455603457,0.009347995738520293,0.00831588918622486,0.0908274381068314,0.0169901481020539,0.00503665992897289,0.0321107567879558,0.019077855384008382,0.003726535170203731,0.010198830045929976,0.009700757046936452,0.0058862009760413826,0.02315394278472493,0.00838245238924601,0.006738272892815686,0.08579476857963293,0.0016876476667198397,0.002609527106857532,0,0.6232308259020903
18390,0.26355709681227574,0.010125358712590115,0.014287938212115913,0.02455146257469066,0.08866686902499842,0.016194624979572518,0.007148618875156689,0.03203603264339089,0.0011429752585453792,0.00554485243981935,0.000850801490581146,0.008296767401380089,0.006754918760492846,0.00585001196883053,0.020773301247723065,0.0034917431945059637,0.07521870196978521,0.0022332511658800735,0.009459325404061048,0,0.5961846521363956
18428,0.2852788971087516,0.013940108958816191,0.010494102650864453,0.03126598484119713,0.09053475143159269,0.020668523923955184,0.008808088340365974,0.013137534607159265,0.0020190774266580567,0.003633313049843822,0.00529773001281163,0.005995313722756079,0.005821299093045361,0.00958609109917537,0.0147718691346166,0.007020233052022176,0.08101629508097617,0.0017899221101883409,0.000960615743127461,1,0.6120397513879235
18433,0.26669255826409727,0.016177052987805085,0.004996920248754049,0.013447721090944059,0.08438774464617353,0.031495886989670645,0.002743246020222106,0.029721663459174215,0.007969252389553863,0.011517016997382643,0.003929664821435165,0.0062567485356537,0.004442610844866406,0.00948515447823791,0.008356644833767532,0.009455516342623796,0.07566526932840094,0.012360195689818089,0.007536078778305125,0,0.6066369467468862
18529,0.27789549275762376,0.005788453389259254,0.0047874664560096595,0.0181271923403378,0.09569785162660141,0.019138548018858673,0.02212437618171597,0.025848615210835098,0.023333149220213522,0.0002008345834912385,0.0032277822267151525,0.009656101131620345,0.011074894284462237,0.013371137294321824,0.02332194597662262,0.00767804242012559,0.09059942972397693,0.003512047769946578,0.0028583778986775933,0,0.6582417385114152
18536,0.2827616999283789,0.002340908412557371,0.012252240384746082,0.015718077006198924,0.09371256898349743,0.013718786776541272,0.0016067799777582836,0.010850144364674701,0.011869546413252628,0.012118607451903622,0.0027344560516793606,0.005554730560406158,0.003746155986717602,0.01292476462591291,0.013958158488267723,0.0007007943135784271,0.07863280475120954,0.0023854728265151797,0.002921550241493145,0,0.5805082475452893
18585,0.2500338681386358,0.005790003484214566,0.007996571652565466,0.023552655940096968,0.0842253533644018,0.008423862391100467,0.003191789797579737,0.016446700880787594,0.016360812829813474,0.011439757162956586,0.0011554892498677567,0.00461098814507022,0.00907427968602051,0.0151836602987719,0.01723170300695454,0.005222807314265923,0.06440884144187538,0.01498661807410645,0.0021186472436767246,0,0.5614544101027619
18590,0.2676172049631483,0.0009585539323111863,0.011045303209740247,0.0064224295934586645,0.07776128309207063,0.024146601031306503,0.005180421831131194,0.019892808950344863,0.017588216525747928,0.010866319042953876,0.006577001711350914,0.017169593685892447,0.00860418394309155,0.00209746036064021,0.023834919612400567,0.002199135349949138,0.06231531416473814,0.014820282806038719,0.009348526003484776,0,0.5884455598097998
18650,0.2743418752054948,0.010229402039380588,0.0026525516335221115,0.01086917526557786,0.0777669970799664,0.007206455376568763,0.0015534814478865226,0.03484939184691614,0.02092477200128503,0.00821914928995283,0.001926945166347192,0.007666162925403784,0.010772615029983768,0.007398026411969785,0.004073536945297875,0.0065147213878446065,0.07105552332278037,0.004900645575271514,0.01059319155159897,0,0.5735146195030489
18741,0.2826696144240302,0.01671622303670363,0.007974358141289665,0.015138598941373952,0.08752200818148552,0.012065933144525963,0.020006408574724962,0.021873839843803356,0.001001429600747967,0.008156060899976381,0.011244460895854508,0.01619114706545574,0.003937018509416914,0.0069043285296326576,0.012049710544888603,0.0002474516707123976,0.08861436792342406,0.015004161242847081,0.013864371229618165,0,0.6411814924005117
18762,0.27648544950206355,0.007693463988768954,0.018693486960385586,0.01816694677274433,0.0841966331508314,0.019382632256575997,0.00030766789479601004,0.0296103125172472,0.011196176221412295,0.01862165766337544,0.009598702456956626,0.012032577504114796,0.010927172640230142,0.0018109200733141023,0.014332745671830424,0.0009687057926556278,0.06114706448838281,0.024335735603137485,0.001982189767125998,0,0.6214902409259487
18838,0.2535332101342265,0.006411750208617071,0.0016947039737897683,0.01669729665335378,0.0772782489251521,0.01213254671270311,0.01180546653370473,0.030358932539696615,0.016062338188705772,0.013171855510685669,0.01946300053338196,0.022189592722459593,0.006094797337634664,0.008262989734476962,0.02233125776149036,0.017620679353781733,0.07877774126338166,0.007172756895839621,0.005969566669395646,0,0.6270287316524773
18858,0.2805828482470096,0.003507242224106629,0.0019009947743713262,0.002180019689171439,0.08722087200947491,0.025531970685097456,0.0031441631574530907,0.03042497226784394,0.01586893874670872,0.005549925789750854,0.007021378574259579,0.0005510389411395269,0.0037669954264388824,0.004535274823318445,0.014507419681971499,0.014019979223932817,0.06965922061027228,0.012027205210088232,0.008797893543529372,1,0.5907983536259386
18879,0.26058299916953137,0.013662042409464122,0.010865173147281745,0.02257630122151974,0.07949707859077265,0.011668752160293479,0.005545576436501026,0.02169694180026401,0.012345021045946595,0.009644147803247006,0.005651347507701346,0.011482422021604963,0.007554855086759425,0.010268567611786683,0.006100091618465043,0.00023062297498495894,0.06746795467631413,0.020761140246325846,0.0011786685228802635,0,0.5787797040516444
18939,0.28193931356943464,0.0013355562767901502,0.008140619063009889,0.014293330161636615,0.06938038520578531,0.021398704896671825,0.008016327093171245,0.031292553486941835,0.009288397300149995,0.00586998779584243,0.0024818963108169446,0.000558302702578618,0.004288382378532242,0.006966698253083671,0.018712813304671606,0.01109749170172133,0.07701143232980927,0.00059089267719868,0.013959360629829503,0,0.5866224451376758
18945,0.258727881922462,0.0018956246239151685,0.0016786523887605154,0.03607290916244702,0.08767375986247374,0.01753268362444344,0.0032640494691523283,0.03194614356003896,0.01620408539221624,0.00570845046820939,0.0023002362480199993,0.006493514044346394,0.016201172699356746,0.010827729196942243,0.02038251875458762,0.019164649040150188,0.07304305484250205,0.008825849471038755,0.001776511605238989,0,0.6197194763763018
18969,0.2936270378964637,0.0009360077475131326,0.002557087282148603,0.014982604688647934,0.08343836462015929,0.009301727556134873,0.002546145508172451,0.02218436633228774,0.004400663802059778,0.013782076882528013,0.012533195601243911,0.005061518677451584,0.009203460723831648,0.0099937123277507,0.019616973836973892,0.0027690445078698087,0.07446740212069049,0.014011340581217887,0.001449809346634118,0,0.5968625400397796
18978,0.28218780596681275,0.008933898081180894,0.00670807628933656,0.026529502942741746,0.08525960927887823,0.022555219985925745,0.003503834640665529,0.03401793774408492,0.0096072246726019,0.002997270586906117,0.0022174538623787056,0.015978947793976375,0.02174684395816518,0.0030170951349031932,0.02793377265207887,0.010682470518927126,0.07735098344166048,0.004755769818332762,0.00037921760557844036,0,0.6463629349751355
19024,0.29481118029003517,0.0016542260502980738,0.0012883987477819005,0.0022291797995908306,0.09176829343917502,0.01171715957804407,0.0009743193430289728,0.02608396701894206,0.019424416532635526,0.015659863372248874,0.004094942671547891,0.009586828984721591,0.014022972007160931,0.00976733993073058,0.014626803382524553,0.006127834477265315,0.08332931049670207,0.0014519304432399913,0.0025771897402960663,1,0.6111961563059695
19038,0.2798090427680605,0.016385041211368686,0.001229252712487672,0.0038650257366476155,0.09096226200823083,0.00594976682469828,0.004638554091299919,0.01899833038166216,0.008390011246621719,0.011377294420330428,0.0019924763326592174,0.005311515731239831,0.004352567483646667,0.0007029796237094738,0.008896346904775478,0.00972230769730682,0.07727788179679189,0.010522036731514453,0.013475616076873215,0,0.5738583097799249
19114,0.2914192131130562,0.009314158698439061,0.006240614178817636,0.011502464187115953,0.09455163195284491,0.024178685223810118,0.004509551443311095,0.02765994408619224,0.01012000419668835,0.004335782371133905,0.01481469625116083,0.002098327038521051,3.313086972960329e-05,0.009740316549105382,0.026693760307207354,0.008237665818939782,0.094214818090038,0.0030551594676924846,0.005135919325999801,0,0.6478558431698037
19115,0.2624987733793209,0.0060081513026479004,0.008180487003986058,0.019116882797996657,0.07793677153216347,0.008982176867631819,0.01353082783250036,0.012864201693141059,0.002407184828402199,0.009888764655283499,0.0050847814557878875,0.004089022351113198,0.020528722800989625,0.006160054503707969,0.010934212529612648,0.0033716049379432698,0.06949816283449131,0.0010470075566226885,0.0043659965512649525,0,0.5464937874146075
19203,0.28685088823098503,0.0016568823646260142,0.0007499372366370431,0.01318985379895703,0.08558020026954406,0.019561113416250636,0.013901722740033385,0.020947159354582967,0.033535566696068934,0.00547406227918122,0.014836422313895904,0.0002900851218989666,0.013505573425633922,0.002763436524225149,0.01311368602345055,0.0004414108180732494,0.0809657276926856,0.0002806666339919488,0.02109880261964332,0,0.6287431975603649
19228,0.2788969047149533,0.0017828640515692837,0.0014524411256341889,0.009735878166644492,0.09294918492793613,0.010945619144144644,0.010366348818996245,0.024592017627560393,0.0086154911987866,0.002571347714776697,0.0014790038177214984,0.00669354004084246,0.002098887588599506,0.009815721425196433,0.013694414851642191,0.004766183969969752,0.08151092481987714,0.0069876807581676255,0.00622920184112503,0,0.5751836566041436
19231,0.28011323382294895,0.0002679456210693548,0.010022664634690657,0.012216878046863345,0.09236000724188395,0.012957762530968996,0.019348534150568794,0.023899071484141686,0.0169866590127324,0.004524919692513057,0.003332987754578808,0.003579718908743359,0.001323651967629758,0.006615967109515728,0.008721130620530102,0.015062033910532012,0.0769896977908384,0.021221587102714063,0.0016556391873470693,1,0.6112000905908105
19250,0.26534741937459155,0.01124871815252022,0.005644881497679568,0.008033093984332504,0.08522185733758951,0.02788496320533655,0.00259799514930711,0.02882562985757986,0.004355601300533848,0.0008657643989697117,0.009446563787663361,0.0025493974374246266,0.003512679734715279,8.889132047024726e-05,0.014158136572911472,0.002086864786857771,0.08759995805171678,0.011471584925112755,0.012983406972134272,0,0.583923407847447
19292,0.30098764829018243,0.003372929585773718,0.002471697859626778,0.020489982507285887,0.07166903732632511,0.019350673578055113,0.008221187595466892,0.025213347371835514,0.023309627415427123,0.0024417751767977637,0.006909176936150365,0.00839184534216221,0.0141974878479559,0.01355900978958206,0.0046810338552273605,0.014416683295485,0.06324676794899865,0.01285426539138407,0.01788763485373544,0,0.6336718119674574
19327,0.26906679831629465,0.0007945100973326632,0.011288960185628303,0.014213324212822264,0.07940445174759528,0.009581385207755852,0.0028688988694599658,0.024438305785707902,0.018213207546490504,0.010903806382908858,0.005316404851446324,0.005133252046853295,4.465199640625106e-05,0.016595925284382314,0.018489450080009778,0.0022379523745483655,0.07161774517487421,0.000523379071504567,0.007262275401380984,0,0.5679946846334023
19377,0.27451480296473546,0.0030427117786528176,0.009979943707613962,0.019125878525509645,0.07862099192319935,0.012268025294385494,0.0015446273398063565,0.030361827964976343,0.03074828110245252,0.019356937165066816,0.0014814051821417055,0.002627337768804345,0.006635184623880738,0.0015854476779413134,0.019175881706021178,0.0009405578213311108,0.08287064128619308,0.0017138002918473045,0.011591781386865261,0,0.6081860655114248
19416,0.284745826920072,0.009635333649110749,0.01817018262414308,0.02376033838727786,0.07076427911105705,0.02805231032370791,0.0067139749032465385,0.032350099591273565,0.008589000614035251,0.003884301492326974,0.007333121806953883,0.01566143460206239,0.0011667617892171169,0.0062031795132237565,0.014267784536194377,0.001106275157263741,0.05784893668903463,0.0026008636569187006,0.00331608191714348,1,0.596170087284263
19453,0.2850303630581571,0.004131792686182779,8.403565285776029e-05,0.025119470354848492,0.08968100592412843,0.00836392283936989,0.0043976336719297095,0.02505999771916472,0.012343570621627383,0.00442578480187933,0.003205877749366078,0.002286924235343944,0.004288763319462416,0.002995351574624573,0.04164962010199428,0.0008438881632419297,0.06529277176371584,0.010332548330060198,0.011972380980449355,1,0.6015057035484042
19516,0.28011110734028916,0.004901260794584708,0.004151833981623089,0.020259652221980267,0.08293588861810447,0.016098559512113475,0.0043963632243924945,0.020643141831661667,0.010924332699237848,0.0060577051032169905,0.0095316556445514,0.0032263495478106166,0.0035508716539961586,0.004431062634490453,0.0016821709428558357,0.0035457702166014097,0.06958926393532301,0.0014488444827218056,0.0007449227393322048,0,0.5482307571248871
19530,0.29171314951290994,0.017937522845160498,0.012816936209782977,0.0227076605383693,0.06986856449907061,0.026878693799227218,0.01690594677315417,0.04391969758643302,0.022306909292865183,0.006099132241217653,0.011271670825077034,0.005254862561379204,0.003853256939979962,0.004149063376401471,0.009178643554111101,0.0067916752013784856,0.07296124294391486,0.015339629537614165,0.00102787113530551,0,0.6609821293733523
19555,0.2693822342069838,0.023481980091009474,0.0030105907244158277,0.004951162910574019,0.08991883925094689,0.019228771945738424,0.009871267166360538,0.016597143039990513,0.014177991446079532,0.011989773195270956,0.006411276435423077,0.0031705442873540437,0.013285018251544444,0.01506126714482957,0.014082876576579716,0.008915210669670551,0.07947446897694073,0.0007172606546054159,0.004711974341669833,0,0.6084396513159873
19739,0.2940859251679628,0.001079880697356957,0.004123475478380571,0.015960574755172527,0.0919300098849896,0.024069419635518348,0.0013921885528138237,0.03730664457637641,0.009782086416484833,0.014081728790069135,0.006862572471864843,0.004358271396055107,0.008124186228499582,0.0037615263540713233,0.01654780364508526,0.0003918658467208824,0.06678293607600327,0.005343251412913604,0.0005843676503592983,1,0.6065687150366982
19786,0.268642812620037,0.00037869684688991034,0.006156558049550949,0.002419236938734065,0.08514880759716252,0.02191294518070708,0.016552389045030893,0.024111405005302816,0.012038459246503153,0.004543341148068836,0.00755918929705452,0.011249836781978618,0.007485540412284988,0.0022621757834776508,0.017030521999486747,0.010031792611711143,0.061228893763574044,0.0015059255088904094,0.0060830952922254385,0,0.5663416231286708
19796,0.2906832828200511,0.0065372042628868525,0.007214660835242848,0.009311737246562538,0.09071102545620935,0.027678392715666966,0.004102365032700549,0.03659860849531419,0.01958668916513538,0.005780972318289176,0.01559242079577329,0.00803962266318648,0.008023215358624762,0.003200038397179791,0.002715186598417933,0.00035771905889640413,0.07133315196718878,0.008055469634828656,0.021981169424163307,0,0.6375029322463184
19815,0.2704433262217413,0.008679320796236916,0.004079147829543793,0.00827169760280862,0.08712255691734895,0.01994945450794416,0.0015694790891220827,0.011263036442993713,0.012051913287269943,0.0003450265338298197,0.008015062292222269,0.00876482759209802,0.0007711546403198684,0.006633302902941529,0.0030409469144115067,0.0015414164998459362,0.08116027073494254,0.00488209178296633,0.0023965771952997646,0,0.5409806097838871
19826,0.24903133385456575,0.006348439400493731,0.00408801403831861,0.008123778034887723,0.08811877335604493,0.015835721029311366,0.00987980980756942,0.018424684829900076,0.014482861326633078,0.0016208189243775454,0.0011566773507559924,0.002934803000408859,0.008238373641385627,0.005882909958699988,0.005785698232685234,0.006526063872622482,0.07683418828474183,0.00673515705739708,0.009881523137981288,0,0.5399296291387806
19874,0.2787333537639786,0.000913372590367251,0.002300768479938685,0.022320573082657905,0.09267725034777516,0.0219237583051228,0.0075193259419770635,0.014144102409479137,0.016997166023315045,0.005094011964676923,0.00819650824880354,0.01099057048428623,0.004110766492408987,0.009355269429393335,0.0029582455872437796,0.008082644717744098,0.07510182247147504,0.004194354053169238,0.0017892649409895322,0,0.5874031293348023
19973,0.2301368755798099,0.003235931270638312,0.009461344222761826,0.016867243136451614,0.08129140032268493,0.016770849104270374,0.0142872711655837,0.015194357280106123,0.026303095957146864,0.015447897123435134,0.01631513442872111,0.016996178911247408,0.007508899258306713,0.010702147722427759,0.015426693547603553,0.0030980196159621155,0.06566712020525163,0.013705975057450678,0.015729776933096223,1,0.5941462108429559
19995,0.2909291078236845,0.0015310338923082605,0.0033131806963287687,0.016614554459797547,0.09442082664260669,0.03286960024410134,0.01453055714906946,0.04243311685099106,0.013649054947573673,0.006739515535331854,0.0012759748160240032,0.022595518980750802,0.00011673854167529046,0.0004157240408032191,0.013048017710656869,0.01099328357523729,0.06795854327340135,0.0081560849402792,0.000549247705641314,0,0.6421396818262625
20184,0.26944424152248625,0.006512234800820131,0.016204479439994503,0.020801864201095654,0.09018851141903717,0.03397958979440889,0.006524144033515194,0.027450127607388772,0.006588868791482331,0.008842350926649872,0.009799120889171854,0.014679869381394236,0.0005538697429803577,0.001822610622293883,0.026245557473953265,0.005975497062467534,0.0869224623633897,0.002170124543266784,0.010711856774216664,0,0.645417381390013
20226,0.25705590547249463,0.00520386348500366,0.00487517910684901,0.020700855891419376,0.07870165642570465,0.003853138853786591,0.01043163596920501,0.016152043395153717,0.014720734267684428,0.005622734318991486,0.0031462982261664424,0.004245644570216863,0.008659866473629436,0.007605394015153219,0.019537847681262547,0.006023973787192475,0.08570848914269076,0.0005307019519762632,0.012585035893900014,0,0.5653609989284806
20230,0.2791888830931113,0.003680285477972849,0.006121206663292936,0.009160673296098746,0.09877432020146665,0.02905983648881246,0.008636232087176987,0.014695195126922496,0.015000121858314093,0.0033046874519404423,0.0176137629407596,0.01267065910848109,0.018124410492481983,0.003223933647815787,0.003526714542606169,0.005621279389598171,0.06458763600374845,0.015151198785192554,0.00914473512695703,1,0.6172857717827498
20372,0.2788494538295916,0.001966945709275695,0.007915378508521061,0.009831263115731263,0.08938638600864236,0.00956332684753477,5.9852170587385196e-05,0.026837255277013774,0.03119377107526487,0.016329902550560996,0.014688622968862468,0.004049363204791441,0.009657592115270503,0.0028345506086890886,0.02211861566738371,0.008708135661657526,0.07975288224705816,0.005091359183305945,0.01014799390810696,0,0.6289826506578495
20386,0.26620197221524416,0.0021619301699799046,0.010412386566297697,0.0029197914284071393,0.07743549690215337,0.023415040427130815,0.0008743199195308966,0.024580356561828023,0.016040213531865705,0.008342446915571322,0.01810797262117681,0.004723370645690831,0.00020516490251237652,0.0024912836369011073,0.027061039441610164,0.003452930820625957,0.07452125203222856,0.014256873720288622,0.003773120437965129,0,0.5809769628970086
20416,0.2694901450131261,0.00920825434160551,0.001463311004583752,0.016845007817157538,0.08601917471945462,0.015463153530712872,0.009524689628003092,0.02935508578499615,0.020748562677750024,0.0008190019373095632,0.008588926135221825,0.01382352719389316,0.020642982063806846,0.005042140147546565,0.010764874993006098,0.00795163385552455,0.062362325015419544,0.0013517707874422052,0.011433049297720746,0,0.6008976159442808
20437,0.2886036203370151,0.00480229311798006,0.0002777456159761824,0.010419329984671382,0.07444108701228394,0.017019879546200142,0.001794834771551625,0.01670856317925696,0.00998204719988543,6.801687471582665e-05,0.011160371675336012,0.0033795983179816837,0.003962012646526468,0.006150463623164292,0.013206899481227332,0.01050919586312149,0.07265506036319144,0.0002779469090959866,0.0008534142507759611,0,0.5462723807699573
20576,0.29828917870742794,0.008158785779810378,0.0010817779967172716,0.008063739945205385,0.08579549103399069,0.027939800403418282,0.004439616159854283,0.03978650370987933,0.009149235042539618,0.0016618313550059922,0.0018497838131776353,0.009936350374858259,0.01177055169619885,0.014421420706294541,0.007876280411644652,0.003916372363186561,0.0788105255287366,0.0024876190978650506,0.013962317681584355,1,0.6293971818073957
20616,0.29007111959116766,0.0062108099316712986,0.0018228600418383515,0.0034518565119186374,0.08064816123619943,0.01481342158579651,0.002414696595137001,0.016982202774247633,0.001405328543296931,0.0041670342810585115,0.00027189184844868584,0.010365557418122765,0.010227405527995476,0.00034067934261519715,0.009768966457245792,0.0013578427208297186,0.05923416210265001,0.018641137668470677,0.004801929080693008,1,0.5369970632594033
20656,0.2689130532501587,0.00305510854755558,0.01172807137103172,0.02039324989776412,0.0909432340143653,0.011042237147519509,0.0077316879830616565,0.00656580627095976,0.020526491105181063,0.002387500134275225,0.006617354191931799,0.015121219984384694,5.7956955221387644e-05,0.0028089977727407205,0.020629188026983217,0.01701030322958028,0.08855506083095291,0.02185293154690661,0.015054484740819893,0,0.6309939370013942
20701,0.29734844920466125,0.0011632239009841258,0.003694663730304488,0.018528541180833035,0.08516932545431319,0.008033168010374143,0.015902338319758562,0.015230692596904261,0.01253767502120878,0.0038230591468112096,0.01940624411221272,0.008085411201402541,0.016706997544396397,0.002566280294311495,0.0054576138989993975,0.003126417027340723,0.07245629413732123,0.0021018127512788666,0.00961237199450729,0,0.6009505795279237
20707,0.29203799709064454,0.010695508374111155,0.0005001168390247743,0.022192200070961662,0.07552444985670803,0.012105419489019126,0.01743588372539464,0.015034983660983974,0.016788882261279975,0.028269102277386486,0.00416560709266195,0.013147353508377032,0.014563497516254917,0.0030688952276796983,0.007700908975922597,0.010984616179432048,0.07332668999605568,0.003907397272397716,0.015164178917412636,0,0.6366136883317086
20751,0.2702167305302309,0.002226660402930685,0.01178106005433125,0.024210345020759323,0.08625683705337775,0.0004212287603489382,0.0009668077904395113,0.030743403054531774,0.012399753045671147,0.0018642004250763646,0.009533473420250682,0.00096108047619575,0.018644120779945022,0.01717514836017452,0.006594865032021083,0.0013672723751580768,0.08307916491587107,0.001985531837079958,0.003591218771108264,1,0.584018902105502
20785,0.29563353484760263,0.00977066561432099,0.010247065016415246,0.013984468584437198,0.08519049605652006,0.010581077456889165,0.00044148709784586743,0.007968628619015988,0.020370969551198496,0.015152079011991483,0.0023184208638117065,0.003070571962652275,0.0017500943583478902,0.005456457733115329,0.010552332044315353,0.005384311579965681,0.07244232436092621,0.011445103424351157,0.005493770412288514,1,0.5872538585960112
20799,0.28763693106174276,0.005075094968886235,0.0015828592086988744,0.015687683960922287,0.0862431391867916,0.013062816239759387,0.010149691809779168,0.020674104294777913,0.013992959287495858,0.0057988411482816915,0.004319411936614521,0.0009876971597210446,0.0035314853301999898,0.001502770685311715,0.0167739380465687,0.003710469117268514,0.07540768867911903,0.0037423158854460363,0.010771209487122147,1,0.5806511074945074
20808,0.2751118643883223,0.005072509840427672,0.0059157094891947185,0.01806813473385126,0.08759501057743455,0.02499769046800633,0.00898393721011366,0.026845159278507523,0.008795850410737799,0.0013645795255072862,0.003933121825254382,0.01750765344617937,0.0004780502864709542,0.002543794385823324,0.003928334249872272,0.001561893978409788,0.09220728413090003,0.006273307320694083,0.005218379272390399,0,0.5964022648180977
21003,0.273201096277597,0.01805913604789479,0.010838574230252952,0.015097833725037793,0.08659314553441322,0.027041837756252077,0.012085873323363252,0.011562117239832036,0.015550687678238116,0.006741575935477921,0.002545440824643203,0.009077812493007008,0.0005605983696417154,0.0014580550253554235,0.01878311851288646,0.002141559435060038,0.08568310963551004,0.00020945826670948982,0.01160482415079117,0,0.6088358544619636
21014,0.26970442942392947,0.00444596849239128,0.011473832834745441,0.015779344220412213,0.09018666079054806,0.03096422624459857,0.017443110224666238,0.026274004248225076,0.01263746615417066,0.004817771929403485,0.00396180468449805,0.005274816144849566,0.016396367406464298,0.011235140488004515,0.01720983631564352,0.00023977788238143687,0.07575808612335605,0.005163805049413226,0.004967780768157904,0,0.6239342294258591
21032,0.25582057757803606,0.006383570353021008,0.003701958279587607,0.020359626874610064,0.08158903389688608,0.03842110526381641,0.0012661637255615193,0.024442234917482458,0.018740997795716967,0.0033735244475013105,0.004732900265314134,0.0008263835809713855,0.0020593794643334914,0.014465635166307864,0.009560390995070483,0.006856149029756592,0.06363440703414194,0.01102613018450558,0.005077683437642019,0,0.572337852290263
21114,0.2740537111946184,0.00790016470705158,0.011926492159551366,0.02565775748157912,0.07924660145798827,0.012356746262145517,0.014892606807504429,0.02317109832866282,0.02254975333638471,0.0006701008216055874,0.007601106535204718,0.027489718436213482,0.011203952100866048,0.0019323672767520995,0.02443225458771893,0.00016708883956050713,0.0581280785206005,0.00414889818111794,0.012746885409476803,1,0.6202753824446028
21251,0.25442647699564147,0.0011517382297700177,0.00825415130408985,0.01021140750037783,0.09407628342030176,0.029144245628242534,0.012647328655053575,0.023107013974842883,0.021281832546849854,0.002187837101508916,0.006555560512566742,0.003398848231993555,0.009046537500754667,0.019697855593421146,0.028214594438481053,0.007206397105347826,0.08211793399902065,0.002074080072078668,0.002077218349730145,0,0.6168773411600731
21311,0.25558389505523954,0.014278809547186005,0.009223400813807132,0.00321449425489668,0.07959028098393987,0.006037054815988166,0.002793875605901363,0.023593526973720563,0.004982206845348781,0.008643894011029276,0.014767951722008022,0.015013941144914032,0.0075963916743769806,0.002558400961286133,0.02634284361372285,0.003041047523482678,0.06618221540574039,0.005447497925177215,0.015581804741442941,0,0.5644735336192086
21339,0.2654541769398399,0.014178693532685822,0.007456370337188427,0.005053826912844106,0.08551813460110422,0.024986850656102313,0.006334319205405391,0.025852752422886222,0.0016843095026965206,0.00586851665910094,0.01040232312799821,0.011769533032326291,0.0011485315255849598,0.0063253817893999175,0.009550980119517794,0.0007476996852667669,0.09190802346852667,0.025333370911854905,0.002535593459412507,0,0.6021093878897419
21404,0.2631499819928292,0.0015726072413077092,0.00239255389758965,0.01029168992993911,0.11120151106854853,0.02007541858767676,0.0038997017020328813,0.020033683451856812,0.012837384870887262,0.006397013733142917,0.0021656865611657506,0.004178099644356926,0.0031039864945061404,0.0005654519246428588,0.014057525202215891,0.002289031190084302,0.08941008739220933,0.0005366745338285291,0.0024408771683646136,0,0.5705989665871851
21490,0.2829839769597199,0.0008458591855014814,0.001698431722514833,0.017162201953934204,0.07450861370455636,0.010195591795698919,0.00981532526683898,0.01799076549074238,0.010272551019396711,0.0027127247664555467,0.009071585417489753,0.007723661560770324,0.010411746468193539,0.004846434869120506,0.023853600621433865,0.001991702842197363,0.0694902315466043,0.001966698723718752,0.002220945517075201,0,0.5597626494319629
21598,0.26254974666551506,0.008400706311038281,0.004974441192235718,0.01869969007012387,0.07966270504312653,0.024838486417262055,0.013513719280156876,0.012786701838007185,0.0036400018642345783,0.005472685733485449,0.003477505551080605,0.0020696237355340243,0.005389350226865285,0.010836366910575665,0.008970706257115376,0.016408037880688037,0.07579113673634134,0.011885712850205758,0.011599468352925284,0,0.580966792916517
21651,0.2569942235529396,0.005653780664040141,0.004116944513620769,0.016538150223509022,0.09970928568663226,0.03579538509207237,0.014459354784910766,0.025365998983047564,0.012442530733709196,0.011544382788611519,0.004629748777430096,0.011791097955767462,0.0026826572789989105,0.010985151871291109,0.006757974287623687,0.008499201642799733,0.08230274659296855,0.004090253816798395,0.005821162897055519,0,0.6201800321438267
21714,0.26800005166664115,0.014001983859102804,0.01403318378654938,0.0018280991846180237,0.09418476299873177,0.025035127049044797,0.01936710317141011,0.022623869999394693,0.009031169529179135,0.012374616561403276,0.013034058299719856,0.010253592425082812,0.00697283550668423,0.0032732783297801274,0.022740789650698544,0.007721002439529296,0.07948641884864942,0.006201006499540728,0.007565598433428423,0,0.6377285482391886
21729,0.27644768976407297,0.007552565937225268,0.000830464150755024,0.020490841054068017,0.0851127664099958,0.02679671435531377,0.005740935864529726,0.029556392608610715,0.011228178992878776,0.0018491467519088061,0.004655525190123465,0.00031576697520771004,0.011380750869081607,0.010818976563755809,0.021875654806912507,0.0016971546617438281,0.07803738844070218,0.002539848569837017,0.003035910630384457,0,0.5999626725971074
21738,0.2653444076590969,0.003510934360331301,0.007052988242790766,0.02998971616304691,0.091205369596945,0.026980685574891066,0.0043263160201900555,0.03457437575424195,0.03170785962908499,0.0030061340876264856,0.0060627033716506,0.0006510306634764578,0.005108812744235242,0.006194851599792719,0.017918786876175954,0.01807134758873722,0.07627623245592381,0.004453431126155431,0.008739259573719363,1,0.6411752430881122
21739,0.28445582063971975,0.0015973448774719325,0.011588541981005254,0.024217937463039903,0.08374697630771709,0.02595698262069103,0.004681602921049521,0.01853182799222478,0.002475649359828355,0.0036266847433180744,0.0034049989471344752,0.0038013412361366755,0.0038303540634673813,0.009042515070337284,0.02306758606485118,0.0046397515441795375,0.07506429767236156,0.0048355263189287685,0.012754933180925954,0,0.6013206730043885
21789,0.2941763225534545,0.003297042838153813,0.00951680831162191,0.011469197358163444,0.08921663986084728,0.028481520295278173,0.022779809683816408,0.035209860421222094,0.016907150772466385,0.0017828251291534026,0.0060669255851948795,0.0016399388867128952,0.007232435065646431,0.003925913064543222,0.019395446007021346,0.008677426565096126,0.07920203570392656,0.013374817347928905,0.009659423494853743,0,0.6620115389451016
21917,0.2909455011699526,0.0032904926871154512,0.011986985379375384,0.020835440164589082,0.08095409328029443,0.03465420630837581,0.011076657690455993,0.029945720154318144,0.02885799243558027,0.0022780831878112156,0.009788799003233241,0.0018105079452073439,0.0009759235033009268,0.0018510896402659544,0.014502693534383854,0.0028303865250379283,0.08420806835181054,0.001962361119274486,0.005191888077188703,0,0.6379468901575713
21922,0.2987541112165221,0.008479963584049004,0.005262717150173291,0.022851237728045183,0.07690516705870197,0.0171414738252017,0.011159946312800248,0.02314453553654074,0.011413233622870108,0.010849627734765516,0.0014746033106755887,0.0023994823937487438,0.0011577417888955577,0.021351798035019832,0.0019825677074703594,0.0001956810250106254,0.0615215798044814,0.0008255050623770234,0.008958457295790376,0,0.5858294301931394
21996,0.28237193173629405,0.01138777493928123,0.006322447644982441,0.003279916581025886,0.08742897369292833,0.03224369729624223,0.007983664213123059,0.03807573931618648,0.020576820604012766,0.0027705155620098504,0.009149422469678056,0.002221566900338088,0.0027521120142614238,0.008519611324766072,0.0031438707684247964,0.0006615618688859428,0.08231194710629303,0.0025967314046221107,0.007630219639499952,0,0.6114285250828558
22061,0.25469825842189775,0.0012861570060163456,0.008517541470109044,0.010995364474309561,0.08208709607395351,0.029444856318515275,0.0059814411740512574,0.030713645981998338,0.02982604104012734,0.004580461212567255,0.0077051347882923366,7.247904606959404e-05,0.0064162925661856995,0.005760560006928457,0.0014995791765085816,0.008837742147251885,0.07897877116897657,0.0064170514672390174,0.01101702187467751,0,0.5848354954156754
22101,0.2718099785617406,0.002842125297077032,0.00930895836480385,0.013410408852663116,0.06947693159507173,0.026890707804156883,0.004344924659002882,0.033269868289228226,0.029287510135326968,0.00721350912224847,0.0005257724714328087,0.0037417864964225554,0.0031570222942101335,0.006489252024796805,0.018412743459059248,0.016082933847421654,0.07521166985418809,0.0008087572375060138,0.001381253327452943,1,0.5936661136938101
22178,0.29093795424030044,0.005550845200217143,0.00458036518938935,0.02441307365965834,0.08062383530373315,0.02162063181487004,0.0031521834163015195,0.021188366920568375,0.03419061076228957,0.001363571476935678,0.008710084177957234,0.0072506323768815615,0.0022946596361380954,0.0037526375170804202,0.003193481314769145,0.014300941161887574,0.0727860665089318,0.0030668242311761656,0.0007844644732494843,0,0.6037612293823351
22244,0.30293354463970784,0.012409105750773579,0.0025323766182061844,0.022946592660914523,0.08341377028783185,0.013271234814214593,0.0031231356969945935,0.02487670379399387,0.019150432958636367,0.00999417437803463,0.017862874529072228,0.0009246746438654328,1.2212183230737795e-05,0.009825382215561148,0.014112807728729972,0.0018527314753123154,0.07923321283740191,0.00021806798327558577,0.009354921482250724,1,0.6280479566780081
22293,0.2701164346465316,0.012175655720922891,0.006300432201755473,0.0212667226639852,0.07085116003103376,0.0111897156435839,0.0058745561278840865,0.03326794977330705,0.007156054882026516,0.00025820577146896663,0.0019442252795751278,0.0007742669631623753,0.0003806058029803406,0.011543742443610824,0.025501069084328903,0.009440491435000108,0.06764136171359718,0.002954769876088332,0.003595713002210101,0,0.5622331330630528
22338,0.257714405502914,0.0017912762938735122,0.000327594456039075,0.013125807755463688,0.06815272477284116,0.01989873595930345,0.0010666310343225968,0.01942667321039586,0.011196014193877595,0.00782318107357681,0.008780771189139763,0.0032918144435002323,0.030546239750822497,0.003239717181325945,0.019800079342496335,0.00316044151491118,0.05789418484776248,0.00210590715320372,0.024051838325087352,0,0.5533940380008573
22454,0.28443400216806214,0.0017488256771518423,0.02269824131202907,0.015657948927885874,0.0963137296296115,0.022015322825805008,0.0016017461105944583,0.012555383861640403,0.013985758432116044,0.00025773847808093555,0.005752251309949801,0.00023519484305039093,0.0029350763384437947,0.010419035022721727,0.016354343698723673,0.008692700745968172,0.07789956693448055,0.013558797003836541,0.018955789970821514,1,0.6260714532909735
22616,0.2705266952080945,0.006273549037738579,0.013168514554958797,0.01975939312627717,0.08785930940475885,0.03306090912980057,0.018640546346085436,0.02942549317701321,0.01522389363050035,0.01536587413816377,0.0027175674095439527,0.006620083001911873,0.007104305508889485,0.013289830132608179,0.018932174961130713,0.01888030729177619,0.06958236863515019,0.005034709784130323,0.0022898589147413435,0,0.6537553833932735
22646,0.27209321998653385,0.0011037109242814022,0.002036348227958862,0.018681028207207823,0.09069996108233534,0.020635068537099715,0.011700152716651516,0.03048239056449374,0.020314864948417357,0.010308453750756535,0.0018608472390663836,0.0070422400630761875,0.004546201184059643,0.017402087129098354,0.018567737674713865,0.010845113148283422,0.05863253534238972,0.012816298940926878,0.004896391636988554,0,0.6146646513043391
22678,0.2644476873929109,0.015947590322633348,0.005019568575196186,0.014102851847057838,0.11136771704167153,0.02742175832541141,0.003101718869459335,0.01797527150118162,0.00866415216098719,0.005974859924724297,0.0055907007261378865,2.5238331858495478e-05,0.005239037051317208,0.0011056289856387425,0.01163471244409877,0.011421483640591982,0.06899506612669057,0.006727968776225954,0.006536593838956717,0,0.59129960588275
22731,0.2955170396650273,0.0044356084744628975,0.005129527000288186,0.022318645445458477,0.09315629870664095,0.022687309278927002,0.0023925683326873216,0.025422113058152455,0.002617885013262076,0.003977548844030767,0.0013270331587649778,0.0004661476476275752,0.0026720950301546155,0.0026722006867885588,0.007824936070383403,0.004334867563352217,0.08267169439799142,0.01165686894908442,0.0001522032788628784,1,0.5914325906019475
22783,0.2895098326467342,0.017953754496574572,0.008010008780942773,0.011789908363112656,0.0926244792795995,0.019906574855509302,0.005139432687698716,0.01096089892939652,0.0136407985539456,0.004488363589810191,0.002117338574547923,0.0029325238778946045,0.005860021660218672,0.00990426185938093,0.024293827206082377,0.017291505846400206,0.07234547686133917,0.005351237794597675,0.012571411155432213,0,0.6266916570192178
22785,0.27585871887818836,0.024437334585423073,0.00024325231160390106,0.02737031820457466,0.07514498095382958,0.004158599339116817,0.00626913792806601,0.03781738128688707,0.00321277919237861,0.007352855701509297,0.0006066499803163572,0.013617966056822424,0.0037865894427973005,0.007480772711344822,0.016377254081976895,0.0035760054053616307,0.08134387013196333,0.000545687546056724,0.014397308093727358,0,0.6035974618319442
22807,0.2759756536205604,0.0025814452878584098,0.002310305557130154,0.0010762741147957299,0.08129307129671139,0.02261485540103915,0.011834346584310079,0.03314811164631917,0.0005818754587552295,0.01553236727804785,0.01432909540371121,0.00027451905035944424,0.0024226191440187366,0.007858247368225657,0.014075076186954322,0.007804935790282275,0.0903737293989175,0.0037014453367383003,0.0020853535766835107,1,0.5898733275014185
22816,0.29344214529862944,0.01774536368093695,0.014121537927502984,0.018141818346633528,0.07181947663021021,0.011677963766638612,0.004759068325129214,0.029590510390110115,0.02264486498600163,0.0164842472251151,0.00732355250171076,0.014652418259820344,0.0035202544503429934,0.023205220459425694,0.008001332090913136,0.00022411644243069194,0.0656838982960735,0.0073323513885359265,0.020688791228630665,1,0.6510589316947915
22955,0.28731932964099244,0.005520967048848905,0.014852104636743744,0.018256294016088467,0.08431348699213784,0.01541390977998272,0.005193996433919214,0.03258815820891071,0.02285366635647626,0.013757417054842557,0.0034223345779612925,0.00418912129572618,0.004922944084193234,0.0066835279156622,0.00132809082626178,0.004548463242322184,0.07494600486654748,0.003883470907488523,0.008441709688105415,1,0.6124349975732112
23081,0.29479652620182895,0.009747370943326514,0.001386795543534467,0.01048468039458828,0.07599356984583938,0.019980022195566053,0.0011225300840490497,0.02786655319451837,0.0030663949781476216,0.004446382764266435,0.006632582777864565,0.009076091406189897,0.001760850016593122,0.004128587134934907,0.015696288535612283,0.005450820954889653,0.0717466494615258,0.005368844207128126,0.008915351029247648,0,0.5776668916696511
23154,0.26001242476935377,0.011095258996699078,0.003318453117323437,0.005997692673179092,0.08286099214708054,0.015259428325453945,0.0014736211704914099,0.027978531226005396,0.014388059364521704,0.005469638984828106,0.0023070228390484468,0.009749501227089877,0.009417239104171546,0.0022206744518474806,0.016433986319837803,0.01640832157870043,0.07744733211012733,0.0009368638251613773,0.001665718389243642,0,0.5644407606201645
23413,0.26232907661334726,0.0005441340136592175,0.001706321114113304,0.02374744540903706,0.09136181688470829,0.018709438494300252,0.001764416081964337,0.03166317755267002,0.019793034387189337,0.015687454178239902,0.002171735974976393,0.0041785450481879125,0.00305810259633235,0.0004589604948517288,0.01055135258303009,0.01199658971696277,0.08520141108648821,0.003253079455974127,0.008791835171704754,0,0.5969679268577374
23508,0.30889033506975655,0.0015051939043507425,0.0062056511776784175,0.007863462908393033,0.08404817649132588,0.01405605005681152,0.006674621648720298,0.028684199875230684,0.026719897000500557,0.0074307707516634925,0.006635269483581066,0.010787393098578367,0.0008192948096237201,0.0009596485954533416,0.021943499335983108,0.007008142993406905,0.08470883482383454,0.019284469266955713,0.006974692699548402,0,0.6511996039913963
23553,0.2973334189523404,0.004343164879078625,0.004516847186267705,0.030297609681413554,0.08483554851771642,0.01107226002005174,0.0027737971202333664,0.017665226046872463,0.014280606878821616,0.005102689598991368,0.006191404688099158,0.005035478743345087,0.016787316835779637,0.0036408367108408963,0.023112950355344355,0.01451608092108462,0.07019793365070649,0.003146965487105069,0.017552017309551693,0,0.6324021535836443
23635,0.3027769504894047,0.0018618855373815806,0.002421501861603158,0.011842953793477188,0.0962661921320666,0.01689964364448101,0.005604768645209923,0.03514049843223326,0.022297313612217505,0.004491008120990107,0.010421294230558195,0.005073252576804093,0.0016980587129562417,0.003728334733263795,0.027681210416339898,0.019220939014428003,0.07901151519329629,0.0015028123771301915,0.01775880588780067,1,0.6656989394116424
23639,0.27867500934413875,0.016192071586650213,0.014813665564564689,0.011954558717029412,0.08751506577407484,0.017258721820463768,0.000967391160435607,0.02358200166764978,0.01905063610000857,0.0037188919301714687,0.003877232397040504,0.0034479330954630774,0.006015534698482424,0.010512626682019502,0.02416287418727475,0.005773529513274032,0.07380870683836982,0.013155952633877444,0.002782058483931231,1,0.6172644621949199
23656,0.2899930250955662,0.010164205711612275,0.0012193438958714063,0.010339121811683245,0.0867426461815624,0.01348251288796631,0.007769954765387141,0.023532145574886948,0.010767657396707004,0.004416047412975691,0.014826873471981352,0.0038247572529088903,0.003981935359572208,0.008817293985523934,0.023386284310762548,0.0020660763975820203,0.08027157901768259,0.01598541361466182,0.0007996352583671124,0,0.6123865094032611
23660,0.26164267671421176,0.003174842735630517,0.005071388390454262,0.010756727391593153,0.1099941677366061,0.014189690605302212,0.010621951449210567,0.018638573835570035,0.008398830689865827,0.0015529354345270219,0.0036484431643839183,0.011674629786446273,0.016132672429444675,0.0037219280375752734,0.020216513787980527,0.003281476918998701,0.09324565982615309,0.010887630999830278,0.007839196129773613,1,0.6146899360635578
23710,0.2743639350864374,0.003957729879487982,0.018894262004616094,0.019182930788153894,0.09254471318988772,0.03618358195905187,0.010260112455890159,0.007993018152963776,0.02337565500177277,0.0028305386992343176,0.02191449290675389,0.011335323346414211,0.004856815542271711,0.012094104200409583,0.016990861576633428,0.008430273878159103,0.07402035481003234,0.0071133790833625,0.003410389344441708,0,0.6497524719059745
23840,0.2965421445826447,0.016112830831008444,0.0051571843956654565,0.014574164280944614,0.07241824537062216,0.015838419242958274,0.004749160255055413,0.02860688888581609,0.033002720601869776,0.013627157945185042,0.017903478738965813,0.00448672458787537,0.0005703998014343648,0.012285418328023644,0.01624284100669384,0.007176188719074818,0.06620059019511997,0.013617459213612623,0.0021942338935893556,0,0.6413062508761598
23879,0.2993776643036072,0.0054235633895199035,0.005693207054082761,0.0204170442397332,0.08966024463380366,0.03254853475217251,0.003328459678051276,0.01163941858381953,0.014494095177268058,0.0021934725058133276,0.0032144893411280508,0.0054629709274115,0.008785854261357931,0.01811859180871775,0.0059216345652525326,0.003132587857261726,0.06386069804677179,0.001388305849901255,0.006426430856404806,0,0.6010872678320788
23986,0.26935905939079224,0.0034603443870455386,0.001748618296469294,0.01971318586079293,0.07852380602544187,0.030527100867388524,0.004517878974397599,0.03733115393376965,0.007953319198370251,0.0044996263737770254,0.01790544794410151,0.0006286291529382339,0.003281798597837669,0.017092534615681974,0.02101397374958287,0.005010941057681822,0.0753905782677458,0.007755817490799913,0.001620234478933018,0,0.6073340486635478
24055,0.2982361362542643,0.001875755047091646,0.0127856682430015,0.0336885268663456,0.08703603674198236,0.024534500889129583,0.000965438138649173,0.024828355190301035,0.008765378237485558,0.002503078309748885,0.008805951147673957,0.008113278866914382,0.004310605525518056,0.0086411553668994,0.015190811678840965,0.005132704623888072,0.08907389597573,0.001887216096708655,0.008196314979249787,0,0.6445708081794229
24065,0.26184980694088533,0.01602221930791713,0.010894379582113178,0.004350860758330085,0.07999894654501072,0.01610216079238388,0.0055609104776906245,0.03825494469291575,0.01617016851475032,0.004938367790887183,0.0008158013333523993,0.014146397875059306,0.013596587007401725,0.016229493197038293,0.010857170951775687,0.007715795538859648,0.09740971040227756,0.0030155326994349132,0.0012853940451214344,1,0.6192146484532052
24072,0.26752848341396446,0.003985263783003029,0.002133776527410622,0.018053194745384134,0.08518185252670984,0.025340762938703233,0.00954584091715126,0.02407222493333013,0.01900551289894717,0.00028571989447276575,0.003723735941942872,0.0018210875304135415,0.00010768181104740793,0.0019313648503617652,0.025727010850388827,0.0017897271951078646,0.07266740261408106,0.0029672558218420773,0.0038103369309493806,0,0.5696782361252114
24090,0.3003470214457851,0.0007253715049362667,0.010103494133115098,0.015076052397187433,0.08447530134215213,0.02016195577360003,0.00485224253200103,0.025068586396954896,0.027640646742547837,0.00385709643216963,0.007361570261053025,0.004469390769952934,0.0018013161509790303,0.0006930524583007041,0.005991126346334676,0.0004149162253164667,0.07767131106841305,0.005336944810914668,0.005594367965569567,0,0.6016417647572836
24103,0.2678640448192316,0.0037935958106688995,0.020434879908166406,0.023497100949451125,0.06652870371235854,0.0040038667311123564,0.00996513059417112,0.021125264587661886,0.017920071255257443,0.0026570127941285345,0.0035552384647286194,0.01138120400130927,0.004708521648118538,0.0008092076722111852,0.01620665862317815,0.008530324332752668,0.08226363917225665,0.006143497188300276,0.004911190729125652,1,0.5762991529941889
24137,0.27656401095844546,0.01624541956431539,0.01256753715609205,0.0180179757030753,0.09105634428757892,0.019261604901135685,0.002355784724689306,0.003545429979238153,0.014977123774482688,0.006299270574314125,0.007193630913452908,0.004605399277844868,0.01743024698927016,0.006841373715343541,0.00945431663418165,0.0029425475555846007,0.08480143371243011,0.009044938863729155,0.006168543681080342,0,0.6093729329662844
24217,0.2814798008606086,0.005350691005971018,0.008920831222066288,0.019271567777209373,0.08811111738073833,0.009751041710320988,0.00015092363947383894,0.02549862463964009,0.010235653490200303,0.006509585468409091,0.0020394804310687547,0.0025769179259778983,0.0012251438985496983,0.00848550342239386,0.022190747914853304,0.007345653324194568,0.0682815343788169,0.012856173345711907,0.0004775443656151983,0,0.5807585362018199
24270,0.25574455810512076,0.008066579738854857,0.0121910936842796,0.01984116376536526,0.0929692701707031,0.013914990970426725,0.012902234588256033,0.021863757873574613,0.014889107950133713,0.003880576505255286,0.012532594504211276,0.0038313282101999683,0.0014477567712602322,0.005244294840595408,0.0011227101972742291,0.013822841324715689,0.07552135055621159,0.026499295580887646,0.0022100359002158927,0,0.5984955412375419
24337,0.29113385978561246,0.003009932606566838,0.008515168940300124,0.006219511623519045,0.09345624559064904,0.016065393772127044,0.014213545915854435,0.016473640541470352,0.016796965560316044,0.009640582881324702,0.01957230673238655,0.002066304981112597,0.008881263263585,0.0019128002426483126,0.01267636852929355,0.013830431227604247,0.07363344875555507,0.0018296591874992526,0.0014669616956872712,0,0.611394391833112
24388,0.28309704727607876,0.006174906767035052,0.0013748052066962166,0.027952547244104273,0.08891876292813616,0.02022546149529488,0.009339831968608306,0.017307491701080296,0.013956699034219385,0.0012128921501241916,0.004374423059080439,0.003856546774753486,0.0031839089255851264,0.005778148297434876,0.0064317646854455185,0.006255759495240163,0.07819666540946217,0.007973856160987381,0.00038455842867423046,1,0.5859960770080409
24407,0.2816037667771706,0.00769166591397328,0.009420341590725361,0.02251453925901084,0.076496652043168,0.021148881097838558,0.00032366453844783345,0.039637062648403,0.020587992526960985,0.014498088307983041,0.00601004982772058,0.006323169453093588,0.00884790535676019,0.003179797526711222,0.014188464807054314,0.001813203285437246,0.06558835244803927,0.004314707743893487,0.004581739708836575,0,0.608770044861228
24418,0.2852520402114758,0.0006478923585141965,0.013945962441793042,0.018504363106638683,0.08289442369219603,0.01029607677427469,0.013027703297097003,0.0271258476258663,0.00954094389650013,0.013071610858253369,0.004688761423501131,0.006483158580704706,0.0011702997625912673,0.004417589105600594,0.02057535216036147,0.001017716426131414,0.05994490645664742,0.01394324406396035,0.011694694261285074,0,0.5982425865033927
24439,0.2761674414318411,0.0072012717251083705,0.013909183674446607,0.02856451749257772,0.08793488921063099,0.009427942840575547,0.0038062943556784736,0.02196592328484699,0.02318849040866137,0.004763601146162904,0.0011685345000489438,0.007325776198717909,0.010759696150018925,0.008573332351200336,0.02059303886308628,0.006353927214242516,0.08852427866969001,0.005421795078231949,0.007977308598858361,0,0.6336272431946253
24529,0.27227682224513755,0.00278256977603483,0.0040651902994165035,0.025873019169395724,0.0950650534167084,0.018404621095964985,0.0004437536980203146,0.01855468506533022,0.019470507740809342,0.0008629145617939022,0.0013305750782280491,0.0007308914011415008,0.006863174499766108,0.0006932833194416983,0.0115434484867782,0.007365806460968653,0.07491592711385528,0.005425610556442802,0.012760456104958275,0,0.5794283100901924
24612,0.27753555579404976,0.0018816345139351948,0.010953930331134388,0.005150086149653286,0.09399312602071407,0.0073713089755574725,0.003674353270993231,0.03131658856115397,0.005401842645118747,0.002662945598214252,0.004192736412568655,0.007194255226545207,0.0013878376396668027,0.004708641710600462,0.03064617075012753,0.0015856610173146303,0.06698115096828237,0.0019084942859768652,0.010315594349447715,1,0.5688619142210546
24707,0.28434802891528205,0.008982226015028473,0.0003223575809272353,0.020925176101423505,0.09160021315999134,0.035200136678537344,0.007081773421449617,0.024023183513902233,0.01801892554650433,0.006952926527860999,0.016784048293255173,0.0037726075271360617,0.007273752246215342,0.003258782428351235,0.022258864125988192,0.004916960796839481,0.0993859411808983,0.0012522201869393376,0.007761836609316714,1,0.664119960855847
24822,0.2747801529205703,0.0011592811375258603,0.002002262996620995,0.013991315051040358,0.0951918141089445,0.021244104576051203,0.005871450133854983,0.021833935048926608,0.01930378966799712,0.009315633732486148,0.015242853074424143,0.0039010764984406194,0.006711926414545875,0.007301933764378788,0.0020867541086098834,0.011718208930738895,0.07534381469624149,0.006605097769713832,0.006621713213792712,0,0.6002271178449043
24838,0.2911859938849685,0.0022926776095762856,0.004455566237664457,0.01427037730123028,0.07968332929176909,0.005767865124057191,0.0030148316792193122,0.0315260773531154,0.022266223798131132,0.011250676130095906,0.008449203405589046,0.005831472373743839,0.0004868161268490913,0.012612296386187032,0.010512428842449023,0.003865052305504607,0.08421581949873266,0.016661719540114073,0.0035127755777647294,1,0.6118612024667617
24857,0.27434198376543134,0.005091180611662349,0.004208676750474207,0.03105964566784514,0.07230280221270471,0.009497915123370941,0.014742804656976699,0.022319399547885303,0.007746310776543666,0.00292307147342061,0.007111232994477717,0.009468880561511484,0.01361705503871342,0.006979654261514982,0.003570625032225661,0.000620065651258568,0.09327763124548824,0.003421469370611771,0.008237511249366678,0,0.5905379159914835
24867,0.3106172325992753,0.00837891173307835,0.0038238155982943684,0.007570568101199011,0.07011872535243921,0.012406597769330115,0.0015916416426942019,0.03324666707978366,0.007339308297115051,0.0014508860897651027,0.0016876202218100722,0.012821665497577423,0.0035716752427255327,0.006086430510927502,0.007010101557249065,0.0003241132486401421,0.05894135558907164,0.022873565641902138,0.011507029283061706,0,0.5813679110559397
24901,0.27189612017542375,0.00032030937597058546,0.022106687463498417,0.01703658957272422,0.08803509198274485,0.02021521915653833,0.003979198307798132,0.007615598335333941,0.01952242213913798,0.0011899010675234922,0.002348961551254323,0.006568090280075604,0.014294323503336284,0.011753087330592141,0.022824065680245833,0.003771693265755684,0.07658209766354379,0.0007393120221196519,0.013481416509426703,0,0.6042801853830437
25045,0.27931378002838575,0.006170904693184609,0.019013201311047195,0.005551422384649227,0.08343448118645898,0.008125458892897827,0.014098422004117163,0.02021055694518691,0.02024992002286118,0.005398667094700874,0.004131652300224988,0.0031473750897992683,0.012743962577292017,0.004758638266798526,0.022898170885029576,0.008449533108338845,0.064272466424389,0.0026625410183615072,0.013877707679241543,0,0.5985088619129649
25062,0.2669218591007904,0.017660719540521338,0.000589634313771656,0.009964029453870794,0.08049499257640035,0.03810898473218126,0.0029373812507274533,0.02230602011224893,0.021423724277183025,0.002887279947324246,0.013252465048209495,0.008168442303506336,0.009519149329973957,0.006060096288894456,0.014852089307140277,0.0035465345880374356,0.08278896580105707,0.011402124051054998,0.00932233255497101,0,0.6222068245778645
25165,0.2906817531449316,0.012046847551188258,0.005659870024873379,0.006388050669585422,0.10194020130482041,0.024525714464631126,0.017036706179200427,0.031029215149907953,0.008780052228311144,0.0007525214910605181,0.01100176496205726,0.002573132792097671,0.0024842952378875596,0.010813154408135026,0.013190322398113824,0.003266459268152381,0.07597261351651606,0.0052678581461943225,0.001066323456208918,1,0.6244768563938733
25174,0.2868437363487514,0.008883457872883522,0.0008796956440670369,0.021003649051874344,0.08283427153499665,0.01788872910646661,0.01133620034669405,0.02514847679206611,0.021238486308834705,0.002502048583908445,0.011559444953144912,0.007101720854397136,0.0034205130293368156,0.0019706431019393474,0.01621069465536186,0.007793318023991902,0.08243405361286969,0.010993418746994053,0.008788347083389185,0,0.6288309056519678
25290,0.2714273784582843,0.004073238511497632,0.005760934750624253,0.027433764056618844,0.0900761774226145,0.016600068252053537,0.005318277016129503,0.024598481714643145,0.015871183571336024,0.023306270593831956,0.012226859259495515,0.00501926341347234,0.005294493147717187,0.0007744910383011532,0.00031714815907294157,0.01573994996317178,0.07656849252322157,0.012328893468417534,0.0066606226470178435,1,0.6193959879675216
25378,0.26943717389495264,0.012756927466301552,0.010264674915527298,0.023200159759703493,0.08696498415822713,0.02628457493470638,0.001919208436634365,0.02542140080772499,0.01567030510271492,0.0008273587523827242,0.006635474132380877,0.0022924308268459288,0.0036148553506642808,0.0030061381706426847,0.0032660932700537544,0.0004836420462156737,0.07543948598125325,0.008034256907098481,0.008519353032003687,0,0.5840384979460341
25435,0.3060825427404492,0.015179563844307046,0.003969892072862047,0.01846958444395842,0.08593565407984481,0.008974074372111588,0.00576069440984979,0.022775711983393322,0.01778651885024882,0.005222599811312807,0.008782838776548101,0.008749469169162992,0.006544159062967201,0.004452868414153105,0.024574476921778207,0.001564697627714956,0.07429877565848587,0.0010650108405203464,0.00024247970169472151,1,0.6204316127813634
25438,0.2720774967445546,0.0029301912383730843,0.01922458633946463,0.010498895134095713,0.09416875805643748,0.011394978667276656,0.004635443810627518,0.0207407273240574,0.0017328173724892705,0.0123544034185484,0.0009565946603691193,0.004589131892079782,0.0015229835061621921,0.01227080594939573,0.010970324993047818,0.004888210661446983,0.09215246327150646,0.02723974061229025,0.018434572502512726,0,0.6227831261547359
25468,0.2821805484305701,0.00108641849289631,0.007175460328869193,0.02439731828018173,0.0865248312496785,0.022472092805040353,0.0066796178020229365,0.018646448802444995,0.021141381630589227,0.005059227128469616,0.021117483877156232,0.002103086315925805,0.014320630265289923,0.0006037711394951859,0.016123106592365814,0.017349438874989187,0.10133011103732106,0.0048844440432145725,0.010479797722245351,0,0.6636752148187661
25493,0.28664419862318496,0.007926471677803783,0.0020095634841045865,0.014173663052202513,0.06368171166868088,0.011631381603576683,0.016455613154058184,0.023946532229611194,0.008936306076064314,0.010944405063694637,0.008604151075016046,0.0004501210964782927,0.018297070735026455,0.004635755184236273,0.020178514370504837,0.002978794379216024,0.06490030466892772,0.0043629868683747255,0.0062280885685653395,1,0.5769856335793274
25560,0.2687610616910885,0.012371896806930446,0.0030692116258758764,0.023456379120300037,0.09539537112298835,0.012765978736613356,0.016086499153814868,0.0392592405546017,0.01970852507730528,0.0025151011251235656,0.011266093776640246,0.01209854947892403,0.00887995139660048,0.0007989786676307347,0.0171599967343359,0.005103866961217444,0.08568450934238803,0.003080888864421521,0.0023238298022660296,0,0.6397859300390664
25584,0.28174686959801054,0.00612046814053429,0.01165923086595928,0.010581805494075046,0.09690104447610987,0.02136115987321276,0.0044751377021275945,0.022136342069274156,0.01708335560004229,0.002664220470220279,0.004919043888137334,0.0033027611230653326,0.002918122713558588,0.020191899513187846,0.015497965053007896,0.001967352558551302,0.09075491128698251,0.003832956429060191,0.012513221536303127,0,0.6306278683914203
25614,0.2906675417337615,0.000352551720249819,0.0004928362863913166,0.013554509147850525,0.0816437434987661,0.010706385725168346,0.0012045300027040998,0.010600822925384997,0.004098886905453116,0.00707570897880332,0.011867079554036458,0.005746612234209027,0.013306644058627515,0.01343737522420442,0.024099827102213527,0.007123508702955045,0.08246604115240976,0.000794824383923789,0.0060593457443219945,1,0.5852987750814347
25627,0.25277631123909977,0.0006573262699002909,0.002106089986508467,0.032342456916742444,0.0921678814163828,0.010749275798722556,0.007663089782640375,0.022974162839363557,0.007511707196674517,0.006230730027518374,0.0022255070023789515,0.0127145396563547,0.007590309467293195,0.013913553421664187,0.015997177475670254,0.001534992652610168,0.08105558770767003,0.0016986761120551732,0.004307590851286278,0,0.576216965820536
25662,0.27649238341925275,0.010065817678180336,0.004686543899363283,0.03325080749177808,0.07348480687269428,0.00411696546828122,0.0039141793080968565,0.01495929471953475,0.010348203954480183,0.0016227748261293266,0.008207190062320239,0.007451009536483226,0.011936329049388022,0.014177649661309133,0.006457272607230945,0.0123600892278609,0.07556938679283279,0.0032480235676457833,0.012445798128808997,0,0.5847945262716711
25728,0.27419271243825144,0.0014663696865720869,0.0003806173425136525,0.021280203774628983,0.10122591912872346,0.01765332071059738,0.007681100757752127,0.020821032819977228,0.022904400112306236,0.007746269748934351,0.0019945945098061102,0.017014097377404867,0.002304743832715328,0.015151470854815729,0.023702686626685673,0.016481932856991833,0.07512744059275991,0.012431658387594737,0.012184187530210585,0,0.6517447590892417
25776,0.3090806753573486,0.005220407510990385,0.02294243968436446,0.02224777135624589,0.08390084674953208,0.03510354220121854,0.004908399585063936,0.027119802799010804,0.023779932369626194,0.0038493100005277205,0.00538926258787347,0.0033565310417957486,0.005110429106077131,0.00537717181002627,0.02605009245177165,8.811636041698207e-05,0.07620960252334955,0.007596459265455118,0.0006448558160309412,0,0.6679756485767255
25906,0.2587772448047314,0.002734152392065956,0.0032114723257297717,0.023547357192325005,0.07141501422848845,0.027164259935392492,0.009498313674991774,0.02500966289330888,0.020077456106761052,0.0015969792492358632,0.015868442775107808,0.009013720344821558,0.008973306192043177,0.004435205766237679,0.024391584534085155,0.0013650696647819853,0.06913006076411037,0.01588230975922306,0.0067558847816060865,0,0.5988474973850475
25973,0.2558352987069602,0.0003288219676780162,0.0004948635876611109,0.022696017550566897,0.09737660786276793,0.02427947307463499,0.013888602517401712,0.02433280105021813,0.0015366999630691044,0.00991636240877437,0.014962110557733823,0.0027125995547372097,0.005800616682171489,0.001554146818071582,0.008324797415922415,0.0025701568038512847,0.06448094284129537,0.004723503071175226,0.002731161892792782,0,0.5585455843274837
25992,0.2580312490704771,0.001508193633855301,0.0001675110578192471,0.028914217960304398,0.08698085547729667,0.0043905501194626785,0.008866948966447278,0.02679036738428296,0.015550237102731181,0.005045117762037402,0.005670625494403872,0.005440629739180992,0.008091856585003176,0.008340064771638313,0.006749814526468762,0.01087520070796854,0.07061402076261247,0.006752966180303607,0.006313212769788442,0,0.5650936400720824
25993,0.25685385632607427,0.00863683667852592,0.002341586507090024,0.01899458374054575,0.07984237485078824,0.014479429945249448,0.0006901788068682153,0.025406455629313474,0.007689888840425723,0.008888870059679426,0.002378189351219756,0.013340980146286527,0.010083052263119374,0.006365188015945666,0.013571868951566531,0.007550029187234829,0.08164884693970914,0.001754870652514013,0.019063533073110994,0,0.5795806199652673
26064,0.2821866751020948,0.004424328658717952,0.0031703625091350483,0.02118535470081754,0.09523135959513243,0.017776692542930347,0.0014583417093027202,0.026878641883925625,0.012834409613189338,0.005629263846013765,0.0012765545841810612,0.0025133718847091496,0.0018783167023751271,0.005782933390325755,0.020390229972707157,0.003296437469182769,0.072935462859856,0.019775853877681545,0.006662154287299977,0,0.605286745189578
26066,0.2952877595708515,0.006553089643306562,0.015869183443086275,0.014623724621934234,0.10269064348602282,0.003314491154869863,0.000528163353952471,0.010398634975342934,0.01970060988311324,0.0018019800578428567,0.010075194867533596,0.0013000948141804046,0.0008400882391844125,0.0004586137877776532,0.014127245782693948,0.0027954475098059786,0.0698428282416308,0.009463620395119566,0.006441133505341533,0,0.5861125473335906
26073,0.2675502823974948,0.011475649684488906,0.008638055583869073,0.02209199965062794,0.07816641372533974,0.015498695024757156,0.011440069156052248,0.025204478884659834,0.023065055631713127,0.00132740341660434,0.003354813946701817,0.011945605964835536,0.0013829778303882875,0.0007910926133343196,0.006950970673288798,0.00777302125416313,0.07472438098121606,0.006300308195345285,0.004778117350519598,0,0.5824593919654
26172,0.3038284312493927,0.0030493494942619324,0.00455689175695553,0.007776579960708518,0.08026438243557533,0.021867512636312283,0.003222467389189163,0.026780493915203964,0.018564676660970888,0.0014391326751592485,0.008795823813470788,0.0015582735379100785,0.0009726263943166098,0.003668759028002531,0.02129260547699341,0.009758107453650402,0.06273231166395572,0.002548965110381561,0.0021209427991148917,1,0.5847983334515255
26244,0.2953305057928509,0.004837068454359111,0.007941141312637703,0.020160548069120147,0.09119264857857304,0.012518699063170805,0.002189309874703091,0.02517399743768259,0.014748149591598656,0.001366590955263422,0.0066640687483401125,0.004432088238795687,0.007538710179958378,0.011318819308335726,0.022138428173440392,0.005044907398393182,0.08259118888371718,0.011785036064175445,0.006481041935204978,0,0.6334529480603206
26331,0.2855341000384681,0.0002082937666333378,0.004247805298769541,0.026938693579271915,0.08960307607220087,0.022743711529971233,0.012342652032034242,0.02898075038255475,0.003278938212683306,0.004476437623314851,0.009196645626835547,0.023411099799862722,0.0009600478434586177,0.01289203722877474,0.014782695700861822,0.000803368710431682,0.08478319225102485,0.026332715085485334,0.005248375484191398,1,0.6567646362668288
26339,0.2722628066818035,0.006243867483047155,0.013234234689287862,0.017329819357923857,0.08912809218521013,0.01135379078785433,0.002420483329866806,0.031019472387882777,0.021702232918164265,0.004051937894333762,0.001096035370328158,0.004281518515664159,0.004442112842237051,0.00827350657874968,0.025429593579193752,0.00323421605959299,0.06897705340723502,0.017028612811502617,0.0066988573521075,0,0.6082082442319854
26424,0.29366927793875064,0.0019829339902125162,0.00402046626743296,0.012222578356626886,0.07848475511674338,0.024135487803022528,0.009036204619744305,0.03130387965943527,0.008068587479002458,0.0028622735732535625,0.006463299126361852,0.009565233624104783,0.0009717678351569688,0.008271396029398161,0.015202988719690497,0.003617232008003946,0.08141666163031758,0.004572234636905726,0.017409599091721104,1,0.6132768575058851
26461,0.2851030198657622,0.0008089371411147689,0.0025721557102690094,0.024324732686068513,0.09776559993288766,0.019339882464706987,0.013047734195835317,0.02984250552727964,0.01598976332549806,0.0012762742861327778,0.00010722819305619832,0.011464984490259922,0.0015261307950570886,0.0002790738626083208,0.014254361107068878,0.004188074180672887,0.07102994780942953,0.001989749787365142,0.0009046473185400532,0,0.595814802679613
26470,0.2804773028946543,0.002692974193219093,0.007475878927468732,0.0066330624805928965,0.08154177754734229,0.028945284213781612,0.020226873187390484,0.02128845603116078,0.0037318085230851517,0.010835586691670585,0.008355076759002175,0.014498738952993865,0.0016530780245949265,0.0009235583061211523,0.010290023565071643,0.0032962400995921936,0.06261038799580695,0.004708567093112251,0.002097451026753378,0,0.5722821265134145
26482,0.290049240565093,0.006642436572071544,0.003187049744755489,0.0013741557166155015,0.08937377358364897,0.025390030844418647,0.012844944149710881,0.020399634966914167,0.029190441440255968,0.014840812029304236,0.0051291070605598895,0.010536642698640008,0.011229064344240635,0.009253358770089887,0.03774293505191816,0.003420209807682093,0.0978118131101046,0.008875980482519277,0.013009368169900422,0,0.6903009991084433
26487,0.2595160548604886,0.008138586417671088,0.008121109897726962,0.011337190058713822,0.08442485718737885,0.01726669108424293,0.012795819622497142,0.019532402921212094,0.02352914381778872,0.008778033231819369,0.017891701845005756,0.0070860786779790306,0.005414094722515615,0.003478021983512843,0.010243750429848687,0.0005497845958740609,0.07680846910731735,0.011004622844867883,0.0025737646948935907,0,0.5884901780013544
26517,0.2707970901990684,0.006912651183948562,0.002025264712599606,0.02387419551561934,0.07464468944726195,0.01239294558250779,0.012272023216946898,0.011399344404697065,0.007559458620914375,0.004232873847765526,0.0030864673936920016,0.00460600767859521,0.0052324091019725245,0.009837525773662974,0.013590369797968894,0.00030132050078930027,0.07265308922961357,0.0071702328122966365,0.011083074658016721,0,0.5536710336779374
26518,0.2717366243963964,0.011241459793028577,0.0019961979829724486,0.0203672651519866,0.08030716529626516,0.010704028609671358,0.0006130900583894215,0.025194578462609616,0.015495152264752914,0.0056335282003793005,0.013525066613471384,0.0022515988477472024,0.006633220629039574,0.006840050103292969,0.018178685315045132,0.0021901060725917593,0.06453590530791598,0.013024341119860925,0.017397207009060004,0,0.5878652712344767
26521,0.2636050912024897,0.003533354649369666,0.007455245683867025,0.03730374201069199,0.09810528948715101,0.01934113370148832,0.007830419141362366,0.021368318558551556,0.01766612589452651,0.007367238061104759,0.00842151367072956,0.006778816002460109,0.004041209116500948,0.0016898243790040516,0.019974696178721735,0.003932190812411321,0.0716741240220654,0.0005199369555341614,0.00026278245297099695,0,0.6008710519810012
26574,0.2662281849421489,0.0019869647597470096,0.009116152214523845,0.010873472431017753,0.09217937171540566,0.032297928808949536,0.006361847739058096,0.011240799434774223,0.016093679081458964,0.0065282126870113925,0.0029433532337193205,0.013288760985721466,0.0007886205517390082,0.0013355005035013178,0.019898239780598095,0.013594287180128896,0.0768681406182113,0.005415545548419231,0.007828798266611413,1,0.5948678604827454
26585,0.28139472966061424,0.005952729462019779,0.002510556936461836,0.004534911508471618,0.08692815531079821,0.021433966530161337,0.012127524083298587,0.00988481302621625,0.016059436125047368,0.00116359684211293,0.00499353482040835,0.004212136564904818,0.009773104024467768,0.006645295607237029,0.007843755231889077,0.0015872391562340258,0.08290819670601002,0.010111315972991024,0.013829869871944357,0,0.5838948674412886
26843,0.2757482634169815,0.0022190379712185453,0.008117665993762445,0.014509740329315384,0.08283152985874206,0.014579214478357371,0.0019682567206070097,0.02934614375310773,0.017265470047685864,0.01781186409578173,0.007263864228425074,0.002789710024950232,0.0011708669333009136,0.009257896152002317,0.034679713887092664,0.0006113467834635551,0.07592775282628753,0.010478792671404962,0.0012272817628794573,0,0.6078044119353664
26875,0.22463224596630643,0.011638017779865398,0.0010916820524259202,0.014381440534194998,0.09271670971480377,0.014070609400336278,0.010366756371200695,0.01719575514451661,0.015994918282642157,0.00693698854048968,0.00019748174364522727,0.006675036007727661,0.0010627816529823581,0.01761299732041887,0.018355430042755097,0.004863741899460337,0.07081246568371824,0.006633297683986619,0.008549999036971886,0,0.5437883548584482
26971,0.2546019915737652,0.0018158028817728492,0.005631073530387104,0.019327406474266746,0.08316507650575974,0.021572750433707794,0.0006750831655365109,0.029696316433823988,0.022214108221807544,0.006834528856453133,0.008746013362898748,0.0020620294357421333,0.005653506844526901,0.005043647572922141,0.0009672627665593774,0.01235628567608187,0.08764008692041535,0.0012242081927538331,0.00040970993607015977,0,0.5696368887852511
26991,0.2727576262837245,0.001930818069380828,0.003896805844826104,0.017496943418266526,0.092784018326549,0.021325913759814297,0.005000267857351678,0.010584110329152893,0.015902075029559416,0.006301144792448567,0.0067319547539412185,0.006910785691833098,0.004564682269092682,0.00016638288770181241,0.008043159225799627,0.0002052949754448185,0.08350146723340947,0.007030630342853975,0.003180280322889082,1,0.5683143614140396
27192,0.2824270801465123,0.006541051408708489,0.0001958028488466046,0.01996177377897587,0.07343063248591539,0.0073169491418848135,0.0012082230518240089,0.034236966322667574,0.023088785530594198,0.0037486127006952814,0.00447159831021246,0.001531716268275722,0.0074728329369726865,0.016947011476157924,0.01596375633859064,0.006161596852152832,0.08155840957580056,0.005720646979935123,0.008269197035820096,0,0.6002526431905426
27199,0.25369737492648253,0.007734824652923026,0.02009698716692654,0.011484944659620359,0.07824565238163385,0.0056372667264900055,0.004513757309348533,0.018605872930814116,0.022606681559263254,0.0027261371919604055,0.013740151044293214,0.005334041475447377,0.0033157263674560766,0.008451980834557688,0.02483628780133113,0.0015204578831234852,0.05982577509722949,0.004878731565447698,0.0015892119888221352,0,0.5488418635631709
27260,0.2556171091270357,0.0005818129695884641,0.009121248504255526,0.023418440349221702,0.09042375206599668,0.028252685698825806,0.008932781800450686,0.04251738753434736,0.011245455076893647,0.008072895855896503,0.0047401322914919575,0.007939923583075466,0.008140308937201763,0.016503576087768337,0.01944945800380281,0.00666298623556748,0.09403456136847414,0.0034343693114840443,0.0032098445827721113,0,0.6422987293841502
27333,0.26425716666102816,0.0005156626943935879,0.004621750328931447,0.009678514906908261,0.09834540403340288,0.018764319316561272,0.0065560211875319106,0.0138224765374293,0.0069954374638355405,0.01042312997720812,0.0037193039358586234,0.009248672883761458,0.008873373778629986,0.004075028661763807,0.007177966778366827,0.017120304254288954,0.07055398305422762,0.009556976960180973,0.004778913500326902,0,0.5690844069146356
27358,0.26979668914733,0.011176233326476333,0.004277080264486381,0.011914455885306584,0.0743100243151067,0.018371297311875878,0.0025705535445353592,0.030187648534587247,0.003079665103155509,0.010223482259234227,0.007294113977022453,0.005327923729412655,0.0004087823123761973,0.0032799958998509294,0.007317816140313597,0.0007704162825389824,0.07907001511181883,0.003536042738488059,0.0009210050269788355,0,0.5438332409108948
27459,0.2604857878350401,0.007353265892589556,0.01657808346091405,0.009259942646165227,0.07193172089644367,0.010656624576834592,0.0003950639884528042,0.03188344811997446,0.006242476189463794,0.014648651789696212,0.0013502784997045892,0.003106377496141121,0.014903535295348951,0.0067329930848783566,0.011826215343566558,0.007308814992761354,0.0822715658260122,0.012365501821713091,0.0067373286628852735,0,0.5760376764185859
27543,0.23978438011394598,0.0008157303006669069,0.00019122535030251085,0.01312634850157213,0.08348722759175908,0.023379526325571772,0.013038530595677056,0.01616793338800352,0.006120484680764592,0.01351743256961767,0.014904067325867338,0.005073572751478031,0.011022964959696905,0.00045063380987994607,0.015773029553284315,0.005794561458211237,0.08375180030874886,0.011904679960941827,0.007717904702033083,0,0.5660220342480228
27554,0.271236720230167,0.002409546916251629,0.0008582442919272532,0.02781500309665639,0.07816890434375244,0.025230354466096037,0.006273715689732837,0.024220030646177598,0.016102316589414977,0.0019753758036099114,0.0017643839719943394,0.0035789446610673932,0.0009184680793124553,0.009313428748032867,0.021193021834680734,0.0007173591041003294,0.0779179078194082,0.0043459225099719626,0.0011556919940698385,0,0.5751953407964242
27648,0.24975737892268224,0.010746137524323122,0.0004088749766201463,0.03645379027752204,0.07856278844791513,0.02222672615996324,0.008630373824450862,0.024007666868900886,0.010743480996630899,0.010078825312102309,0.003769818988098789,0.006572709768268903,0.014386495266036723,0.0012599534408838783,0.028294673636871118,0.0003192679257415811,0.07837285497979946,0.004805209697925881,0.0179370914268942,0,0.6073341184416314
27741,0.2652326749396426,0.00795071000276377,0.01161789127483648,0.022429464499761107,0.08828663236052363,0.021675736567259265,0.0013196188354668425,0.012034010164786297,0.008446784710731202,0.008123647220482965,0.00830296664145454,0.00331598750879545,0.005411919501421002,0.002104621255528332,0.018990099938182615,0.0003063928500347667,0.055319242596333126,0.01635267514427609,0.001261382455853987,0,0.558482458468134
27816,0.28652905139643287,0.000502697125806208,0.0080101865155036,0.009782345495212752,0.0870624963194035,0.019629767701814658,3.243059365699187e-05,0.006668181136793913,0.01820240393437136,0.0008103997568224838,0.010521655421687858,0.004286733261310389,0.008294557118363157,0.006819030959621595,0.020252279493756072,0.0034557169359244193,0.08162764087393316,0.0016589034997345898,0.014248045155720292,1,0.5883945226958699
27822,0.3034433527896676,0.007142890227340744,0.0029891495118790847,0.012815479711795806,0.08395715287620473,0.0170398875671956,0.0014493753333060869,0.00563828164320098,0.017095667368705096,0.0016267689607222982,0.005330022468642535,0.0032649452515189797,0.0068294868084609085,0.01565767610929392,0.023723419378324805,0.0038924686389382175,0.05569301463409157,0.009230633555294911,0.009105607777992391,0,0.5859252806125763
27832,0.2798447568415383,0.0209998284696355,0.0008090868299843896,0.025652439143827276,0.07821762927048606,0.012102425578870557,0.003676158970821088,0.012020588039626807,0.003746625023707405,0.007420455566752389,0.002109191769766664,0.012650357645799169,0.0039058762252141225,0.00464674251249213,0.020230619056496226,0.00017392484660941386,0.07119906905995672,0.010355611381810542,0.0026592871313116874,0,0.5724206733647065
27962,0.250370774325803,0.001290380722568029,0.0020371136890113663,0.0407310285878674,0.08174315926923163,0.020113788199303283,0.004876850440731263,0.02269263008353064,0.009473713211384693,0.003023254351167768,0.0016741803651687524,0.009995021107057247,0.007379610561583693,0.012028432011694111,0.022648199124828978,0.005240965510217964,0.10277983243851807,0.010261541182727565,0.00027227090809531104,0,0.6086327460904908
28103,0.28878377778323683,0.002830322972395132,0.0051493041477545885,0.015292209980678508,0.08667364165328864,0.011135011058585245,0.0023191697868665535,0.02805293936061692,0.011468195862638886,0.018587876329715175,0.01001016292223416,0.013148033818234154,0.00579769921630949,0.00047655935542802023,0.024555100567266813,0.005612353946498747,0.07487569875910328,0.024345945022074957,0.005780074049350147,0,0.6348940765922763
28142,0.26992126130377003,0.014551321791271558,0.0063508272860971085,0.027447394839724956,0.07158704024241573,0.014061017289588014,0.012967952231322773,0.020959889368510235,0.02122077325004941,0.023929762471671057,0.016280329626775853,0.008626383606451743,0.0036052773859131604,0.008012910874119586,0.011916992887822104,0.010992535391873979,0.07111003707587397,0.003160141371512051,0.011164403327204296,1,0.6278662516219676
28178,0.2907235492619423,0.002173492205885812,0.007263972257429045,0.021912484256780836,0.09990897896362733,0.01447171435743063,0.0030690963583967627,0.02530687399141813,0.021995047708034912,0.0013679895271886287,0.01191794546554821,0.004516626648727695,0.002493439270753766,0.00837157751987099,0.009069797129367318,0.005561109330885591,0.05471248225458744,0.006304925245743719,0.004082210899780387,1,0.5952233126533996
28201,0.30048717206309083,0.004897757416765518,0.00461811224993269,0.024705357261098803,0.09883891097775774,0.012125351706001137,0.011833193657422707,0.030327382492687436,0.012761713726833209,0.0008219057706654811,0.0007602714902421699,0.002504209446910629,0.009503550172807254,0.005572296580075288,0.018515454175877445,0.008874695575259146,0.07018858097013113,0.019739204197808582,0.0040528790771585995,0,0.6411279990085258
28230,0.27613728973113916,0.000808082718607729,0.0035721679476961575,0.005484551519910856,0.0931540294812487,0.036418288534234566,0.006712403197160365,0.028723097415213686,0.024279778903567664,0.004056024184046206,0.0021817801326036706,0.0004750386117712348,0.004991105314035403,0.001118981677673213,0.00881527898335937,0.0032999359008762264,0.08455162804151437,0.003932607659419667,0.0004320270696322862,0,0.5891440970237105
28390,0.2736456323898492,0.008652537339211702,0.012630509295600913,0.014853768310719377,0.08643113751151354,0.009363997383000746,0.002934046336581945,0.024546668090620304,0.014794359630553412,0.0022702467293265615,0.006760682774192468,0.0017902610191815875,0.0015588591609964446,0.003321428455596411,0.007023328366470322,0.004583539442563339,0.07155371025528122,0.002468440756287758,0.004327084751160491,0,0.5535102379987077
28450,0.2858581056871631,0.0028419302152049904,0.0012997924150661888,0.013343276843575015,0.07893033439875793,0.008996916244122109,0.003351317581443433,0.04598760593080751,0.011152828666505403,0.017397902662190604,0.00087441940756772,0.001706652325954326,0.00033562012967852596,0.006994740071698292,0.03307913504177092,0.001574663876608807,0.08802626112858412,0.0006445415582672271,0.005698137213723008,0,0.6080941813986892
28524,0.2779220046322774,0.013490376989191236,2.6986528973907793e-05,0.02596070771285614,0.08432362930179003,0.007093616341134893,0.004093956095517099,0.028042710314611384,0.006703847819121624,0.008781083287626331,0.00473824319012282,0.005398989337881413,0.017666927237461303,0.004672589810054783,0.01491494702000039,0.00335165641975648,0.07663422113805737,0.02008823205356008,0.038138900472094485,1,0.6420436257020892
28724,0.2967125193789291,0.010943552981631232,0.016927610591144594,0.009819675523477582,0.10131624728084346,0.021899798001509586,0.004662615478977835,0.030371999360112232,0.014908305314379342,0.003400434353133244,0.00037038088206134504,0.012284101465328035,0.007689699162333082,6.521626330639816e-05,0.010889157569462486,0.001982349097328389,0.07076217781361899,0.013801296288391362,0.0028542128202135287,0,0.6316613496261818
28791,0.28522440569498114,0.00741606641080271,0.01606022946982201,0.029397022576542194,0.08291085198917725,0.02593597094315203,0.0012934012809901778,0.017189131002977403,0.0033677640190455994,0.011754654949510522,0.014442811362549797,4.973627337602194e-05,0.0021623491388279184,0.006464710537006589,0.010705027470172972,0.01798166439833955,0.08262275113988972,0.003976669933563494,0.009525345589950203,0,0.6284805641806773
28807,0.2872886485308707,0.002468063368343757,0.003751995448197519,0.008289570068461207,0.07956686262940697,0.024819171730518216,0.009803079121594884,0.01758203045282728,0.005727048116720833,0.010982743215679849,0.0025014522406168194,0.0017419162285218055,0.0040109043595062165,0.008350582132516672,0.012135212561033571,0.002506525122644687,0.08380492041127027,0.009364949584353266,0.003244017676732889,1,0.5779396929998174
28939,0.3067735077048627,0.01143297503926796,0.0014151738026715569,0.0179615142101341,0.09563069465910383,0.013821635711870381,0.018243558016270752,0.005529140016544802,0.006751913115106295,0.012485067041862788,0.0006131528456403091,0.004302450905608191,0.004023894226289601,0.008695940007302571,0.01012184318836402,0.006937552934304183,0.07151950983050355,0.003913854686748857,0.007143270794921154,1,0.6073166487373777
28953,0.27621199864979423,0.010673022008424312,0.007690677552772219,0.01879742536230824,0.0780090803922137,0.020343521695976412,0.0018498171469371876,0.012706306950961104,0.00726421180957332,0.008104460797874309,0.015686656727970684,0.012121213881163748,0.002326788736005389,0.026768298517479517,0.015347207124395178,0.00768392296357852,0.07837641676461805,0.010763579939680492,0.004146875610833087,0,0.6148714826325598
29042,0.2977787010625341,0.01258362826141205,0.003552919787513092,0.014834250097272362,0.07318941748448701,0.013728136168964351,0.0025224188962764643,0.028424363408108593,0.020445374391417862,0.0005795239636254499,0.005375749234328543,6.444128711901011e-05,0.005896499001048811,0.012752312360741386,0.01785974603260163,0.0194606421939584,0.08976123763586,0.0016354180989891277,0.022011983908909606,0,0.6424567632751679
29098,0.2813269467687244,0.0010855635685752105,0.01977148808950895,0.03220234582195405,0.09435357633473736,0.014368987571026576,0.00309718009654341,0.037838572499230616,0.011491340923150392,0.011186806228967939,0.002464798582053553,0.013495449334985275,0.012131525274638419,0.008834524105594271,0.010092962003008547,0.0004862338266528439,0.08381428143929981,0.0096428187861439,0.002517826183342247,1,0.6502032274381377
29145,0.2830215381460566,0.005307065440057968,0.017146819550480148,0.01584304523646482,0.09509788294612466,0.021468923847803405,0.003279753111560486,0.025879873365882315,0.005055377563954804,0.01226270343530461,0.0005565329999944082,0.002912653380635659,0.0010041029317977037,0.011800503208303106,0.02314041681854557,0.0009369817083525118,0.07267746762537675,0.0017027587765499025,0.009582562088142031,0,0.6086769621813874
29290,0.27950592016424347,0.007980168968959617,0.013906228987805733,0.02599992299888317,0.09192858408210602,0.013134423338545339,0.0015289853503169374,0.013543788173506998,0.026040158942477597,0.00823800579949936,0.006144407430383884,0.0048097337297872645,0.006347726307701287,0.004312160014477067,0.01784624604484149,0.0019486969163520797,0.08666886955227003,0.006989524202890874,0.011221982674135303,0,0.6280955336791835
29430,0.2941261534585088,0.004768400815160355,0.011896425234760465,0.017748692683795936,0.08513485365755732,0.02142117657649381,0.003535034245043959,0.02570864718779985,0.004745393761283554,0.022264606159807177,0.009824384972417891,0.0019547905665150325,0.003077681279548699,0.0006858782960551377,0.022773118542009054,0.004375718024387586,0.07490671987918189,0.007773207018483965,0.012634732292584364,0,0.6293556146513949
29469,0.2741953322772235,0.007226398435742527,0.008580823462220236,0.011385743874800753,0.09691466595492677,0.01741799540388047,0.004251288578218022,0.02463110415399643,0.003752011860830151,0.004936979864706513,0.012746254735070088,0.01044090397600173,0.00348696509195372,0.004233006549183662,0.017673122818908114,0.006606785392572799,0.07882808344847744,0.012270639667909802,0.009147618159864507,0,0.6087257237064873
29471,0.2953127052203975,0.010853078280551447,0.004461985869310408,0.004561939401659584,0.0899344412238913,0.0021323442232714105,0.006524989038122609,0.024972864982031138,0.01604606861082726,0.002377890623556294,0.004396947415647073,0.0019167609264581032,0.0016277096797305077,0.0005663185506058233,0.015339637989256909,0.007523150016317172,0.09256453553461311,0.004918479581780448,0.018477652270508668,0,0.6045094994385367
29472,0.28223947669614075,0.000487515481241062,0.00034836316018604,0.024993836147666593,0.08942698367940127,0.02018902643631701,0.003199752726595191,0.02515168754181369,0.01696852327045051,0.00610959657617009,0.001939154184106055,0.008328095896549582,0.004729447890010592,0.005187502009759934,0.004933794188342062,0.0007191019498349209,0.06311275384783753,0.007310313444242157,0.0019823894788952127,0,0.5673573146055603
29537,0.28147473273513934,0.002022997895317647,0.004823454835263813,0.024327366046990106,0.08840226141456782,0.0047847800947356895,0.012861342812117059,0.02238206195092585,0.007039572689282774,0.0028187743016271326,0.0004190749421862201,0.00224380511073082,0.00020596894275176736,0.01075503036095061,0.0268416430202933,0.006674830961618048,0.08585812653569636,0.0065868522260862615,0.006682766501639954,0,0.5972054433779206
29652,0.27558009804573647,0.0005707031965345597,0.00786137484244917,0.025154627781462966,0.09411058507259454,0.03958259265683967,0.0015623919812944782,0.035409575005501126,0.006834450402476127,0.005557581844400109,0.0005433142117333056,0.009190759771406177,0.009390317072164284,0.007538615980303775,0.02067133148670418,0.014875483938812653,0.07515823729518704,0.008789810515633736,0.0029730932536559855,0,0.6413549443548904
29674,0.282420518077926,0.019972675114312822,0.0010975130734579568,0.010321352317296585,0.08952211788584506,0.0272261942741942,0.001814213916188307,0.03058049951812284,0.011946448274053128,0.01319004927981696,0.009447483615221809,0.0006047558145522966,0.007935696877869438,0.004646104743269192,0.024384503119031807,0.007527829957694425,0.06737657906505365,0.014618427600435559,0.007956174214557257,0,0.6325891367388993
29730,0.30891527686222564,0.0017522019208863692,0.018312878264932855,0.005897092046441447,0.0853633845438966,0.015318637603372244,0.008256635073068475,0.021225708526421524,0.020779159213330598,0.010180711990418865,0.0014792235230893362,0.006518086438896937,0.010519213920897755,0.0014740940611371433,0.012898208748528164,0.003511362135241893,0.08009576890521129,0.008829796955757889,0.009881891698260915,0,0.6312093324320159
29893,0.2775364733711866,0.0005198813981923285,0.0035028670058323084,0.010506246426579033,0.08188067162429934,0.032461103957950134,0.00014048245015015542,0.0217425390339327,0.010611642719718579,0.002074546881164277,0.002896552875886123,0.0019673485709046003,0.010916698790977604,0.007442793997904482,0.03873751080175286,0.00010214660405175331,0.10294061642266686,0.0010390344680866826,0.0013560707184933141,1,0.6083752281197297
29990,0.2686733460459295,0.0018125436663531426,0.004038406044420396,0.02092836984373707,0.08022752394294617,0.031563395835661076,0.0022275103245985683,0.032040003370110606,0.03339543734886211,0.005908004762450803,0.0015791820830844694,0.003406211763482683,0.019855917525486336,0.016388765910821747,0.024161884561334075,0.004789587030644503,0.08231432741466838,0.0028349799011507487,0.004786469704520778,0,0.6409318670802632
30027,0.2692440998457393,0.013333680102553532,0.006198134630842012,0.007918117466863762,0.08625080721717847,0.025204067857559655,0.017253694105847053,0.019153822380867925,0.011643167692884697,0.011893224190432391,0.014316068491486386,0.004377805053936481,0.015437133763323776,0.006581116948985199,0.013985551960510998,0.008022578097805358,0.07990864554075026,0.012235998947685303,0.00043249403945614057,0,0.6233902083347087
30137,0.27593438073179344,0.006759160546455039,0.012848756797475646,0.021586422004883928,0.07528331410064154,0.020359388009043137,0.008291662960479613,0.01906248741482455,0.004314316074077586,0.0033687671049796057,0.017999728201551372,0.012965866923335645,0.0004624570087867708,0.0034825475456930514,0.010043482886903703,0.002249718344767131,0.08052458377597381,0.010780012758330224,0.0068896845542293006,0,0.593206737744225
30189,0.276309643666442,0.0018825285686632136,0.0022987732789175935,0.011982648058756012,0.07369294683428651,0.017210101269664525,0.006723435114094108,0.025069592896004307,0.013357031381970705,0.007576910528244569,0.007907854049837452,0.014193665323432967,0.008840697983463042,0.002992374172927614,0.01724339339619039,0.004566234278801216,0.08823075912470933,0.019395434109423147,0.01913422989322945,0,0.6186082539290582
30206,0.24243178641028051,0.003558371474141182,0.005896639502173309,0.02968825634883673,0.07159367155864774,0.015712027443044625,0.0002815974075456331,0.037172611698034416,0.01227240240774569,0.005106668878602722,0.011979269296859373,0.002808468305271426,0.0036825852552631374,0.008182547679735384,0.02355779037874382,0.007814391431196298,0.07675514211608916,0.003963746547840755,0.01066840219083973,0,0.5731263763308917
30280,0.2610335121086662,0.008095553479140847,0.0045843906010488,0.010797589482194697,0.08226113684861151,0.01712506872617729,0.009619356693230401,0.033165319502589184,0.00930561452368282,0.005750266917441771,0.009037143871342346,0.001417234621063578,0.00821776556102804,0.006237911048329524,0.02166421538049246,0.00537688378188995,0.07985747185633223,0.00014110081859574573,0.004425848046364312,0,0.5781133838682218
30445,0.28613208809543705,0.0071961895075320975,0.0010057031169889573,0.023944288181613614,0.07804250861117647,0.014860587383509987,0.009988322498983706,0.02848206426800691,0.001809648960664148,0.000202932126625163,0.001374327837506305,0.01565165499186836,0.008223435073596498,0.002680245019953386,0.011772613969995651,0.016667585032625745,0.07855095704371742,0.008868202415046217,0.002191126064342642,0,0.5976444801991904
30469,0.2925389230517468,0.006567191324165463,0.0031938289437676505,0.021063051586953926,0.0922977458320413,0.0028528966019356243,0.005737233077107093,0.028268978362405873,0.02248669757500201,0.021481239654019907,0.0037216145032078337,0.015783481341842986,0.009146012769997923,0.01288178542115272,0.027168590147653337,0.0166557900214822,0.08302643055091782,0.01244274287176901,0.0027206402144769326,1,0.6800348738516464
30476,0.2990504887839728,0.004934425923880268,0.00462088610488884,0.009156572766552242,0.08643116845141947,0.01339208237354593,0.01567269445835664,0.006780566305268819,0.02368901766467193,0.0029513684063285418,0.011857462760020268,0.005915301358697931,0.022420155285955232,0.013499172444158354,0.01661348639527681,0.004239724475968621,0.06937681944413224,0.007570536126045192,0.007119705125096088,0,0.6252916346542362
30484,0.2593175789776262,0.0011368169499638818,0.0024475611501161895,0.013752830063001239,0.09236429216736233,0.023511044150840828,0.00024425936327010533,0.01847924315137747,0.0077621323729891,0.017320562800150995,4.752750898265737e-05,0.0005142603051954981,0.011824734967373391,0.005958307231720383,0.010989622720546686,0.014620890963462266,0.07823422432724547,0.007498454783051651,0.003910585493661002,0,0.5699349294479373
30656,0.2736796137841033,0.004193147086283248,0.017375187595139913,0.01506664996871261,0.09341666306762378,0.008131801227686898,0.0045126501936023295,0.027276348942569473,0.013756446578171632,0.003962055787883235,0.0043440710152031796,0.010754786752820492,0.013347384714260252,0.007088208963353989,0.023919718069575678,0.021325699909903167,0.08313213290669996,0.0046523291894605525,0.0003111223177327699,0,0.6302460180707865
30710,0.2981513871552553,0.01175655775954419,0.003950148829765326,0.01058399930868265,0.07850150134139369,0.00957493879188708,0.0095793309391937,0.029322301059629397,0.007503767025561437,0.0026463839188746526,0.00018073907942861968,0.0025524187611623145,0.009073389867408627,0.0008006701721558686,0.01635085661750803,0.007539102630874944,0.07824237053221621,0.013209692551525069,0.009583927369782062,0,0.5991034837118492
30719,0.2815368487381978,0.0039003730229919325,0.003963253783893697,0.01690120331276047,0.08909550753676758,0.007287772278088011,0.0018340940765228326,0.020583537878432968,0.0003055442692917968,0.008012975963876933,0.003685759213386145,0.0023678581227302904,0.016902510109151257,0.001510976638361284,0.017852662736682734,0.002089686874557605,0.07750713648960618,0.004453937838088719,0.006339757467845875,0,0.5661313963512341
30731,0.28278192503732164,0.009916228303771308,0.002062987689741113,0.021830089568157886,0.06596095200080843,0.01760451508087406,0.015558097664617881,0.006887622488982085,0.010828806370316952,0.009404479957628166,0.009225358360362606,0.020776554337644294,0.01006653874750096,0.006277275678907605,0.018518957642038137,0.009931730499090864,0.08296639226132826,0.003759680772589732,0.003907698126806352,1,0.6082658905884883
30881,0.277102013818352,0.0003143152865194832,0.0010388495481132019,0.02506949296893737,0.0979569985615486,0.015483963216313729,0.00895278526245521,0.020244085066640504,0.033921897662890874,0.013953105690917839,0.012517452198627406,0.004810745846179688,0.010882244514884775,0.0031891028369290552,0.006852525581137346,0.003743399366620842,0.07340737401457172,0.008795546914280134,0.010129159508173445,1,0.6283650578640932
30946,0.2899896495433914,0.002851262285586396,0.0023941412316933566,0.023686008037335025,0.09100554622392752,0.019323827174910994,0.008908595370232471,0.02731382577808887,0.004917141484371355,0.00345723199186714,0.006656436414990745,0.0020114078800906937,0.0005568962597160556,0.010071476149182206,0.029367511499266696,0.000840666063156448,0.07579951250707591,0.014375058260573705,0.004767692868610632,0,0.6182938870240676
31009,0.29504664218825805,0.006709549263082322,0.004427188338442879,0.0162492021303209,0.09617685712336846,0.014366971375764117,0.006502491436932277,0.020633469590898117,0.010271965587139022,0.0016848127091205383,0.005023325465107424,0.0022750352080167977,0.0035420022439076495,0.0015430654805052041,0.01509669473833894,0.0003009712289742871,0.08101241654249604,0.011689524568543238,0.0008771831186341828,0,0.5934293683378504
31054,0.31183213981901037,0.005957672878234988,0.00085802015554279,0.009847051927480055,0.09006221880070353,0.008359596933975413,0.013099528579968845,0.023990994433837867,0.005426101525791216,0.009216088990619346,0.005996621562167395,0.0032585727170037835,0.015757862945861376,0.0031050464231329347,0.007021661873927086,0.012686601084997428,0.06636976701118408,0.007393435128486447,0.013271948303344093,0,0.613510931095269
31112,0.28484649735129475,0.005516436173097789,0.015428584660918666,0.02244402909744669,0.07767727730650573,0.029253178476359415,0.00452375241802265,0.02903552249961656,0.01962146298509649,0.008343134497113354,0.017617328698850764,0.0008863454721522128,0.013152395744152516,0.011567089402916411,0.013083378384979924,0.0005320285148581029,0.07560884591437647,0.005510273317541788,0.009313528451847521,0,0.6439610893671478
31152,0.2997082818280965,0.002354975121765559,0.014539880368279391,0.006720667826404295,0.09556332365250898,0.0026805324248513423,0.0065880012026874124,0.030705046131799113,0.006334424495834474,0.016846088272163644,0.0013130475928180704,0.0063906792128577234,0.00970913408274211,0.00486690124774188,0.02216091444065509,0.0074893952799647365,0.08882770601702174,0.0030010759418390527,0.008921491297294413,0,0.6347215664373256
31169,0.2809695101911565,0.003089613244266839,0.008420480396030617,0.005269667641087371,0.09161848150871099,0.010359758838897951,0.00019587272868288994,0.018408474212415062,0.016068305309013077,0.02128457292409613,0.0017386929163334271,0.00226441101654927,0.0013249375441911691,0.0016360594219827671,0.005295925995776146,0.012642283007833115,0.0762106412688911,0.007932494622697855,0.015710732092243485,0,0.5804409148808558
31213,0.28774852481230956,0.004678622607184288,0.008874508948450982,0.030272055395853138,0.08789584383532993,0.017605838860690327,0.007699803812476904,0.02496743643876956,0.03142577513600516,0.009270038892583118,0.0028423067756965918,0.01196065344254842,0.0006809858007060558,0.008113875536567871,0.022596782843680507,0.008561470808307303,0.09189126667272501,0.0070691937668794485,0.003173779576156329,0,0.6673287639629205
31243,0.30309862727520953,0.006203793975842686,0.006282738050054433,0.03616237130523502,0.09780930255240465,0.027622683806341326,0.009560295423476904,0.01890756377242177,0.030342118691011475,0.0025673230004598893,0.0008727415398796605,0.0017046325369851566,0.022298305885333727,0.0049485275243776605,0.013710050484184695,0.0035606991680012475,0.08357647126639507,0.01557960466198108,0.014209114489016536,1,0.6990169654086126
31275,0.2818969991411337,0.003958818408576909,0.0074816797304951025,0.02025384010354945,0.0866439582135492,0.02296628001154238,0.016096885798508525,0.023461939878027548,0.00955626214754164,0.00305308272912383,0.006554189529210423,0.0067091556223043145,0.015405790762887511,0.0023125873187080583,0.02545818737074777,0.002006205747630545,0.07384027486726905,0.0028332864643795725,0.001800318049603118,0,0.6122897418947887
31276,0.30092834262487345,0.0019643479881967687,0.006301997406854892,0.007635676349687425,0.08626976505798939,0.02069386386936768,0.012085246303919255,0.01183454021073071,0.00929914893174888,0.0037656030153122673,0.004741970685639573,0.0009156274925439205,0.008757857904050887,0.002281181131777747,0.02838221661618905,0.0044230292160287055,0.0814212849773379,0.0030244951868519817,0.0047870087831124964,0,0.599513203752213
31302,0.28380153986099466,0.0035027397277451063,0.004462992940345066,0.022732165227280034,0.09066239507460162,0.009183813342173898,0.003706919707716575,0.026971815119474118,0.01634272450638615,0.01740064011379025,0.0023890260071146897,0.0012522720476042853,0.012304529240521729,0.01799800470435389,0.028556544861983786,0.0028079356703815087,0.08347763509291735,0.0008294971946843611,0.005557509169850368,0,0.6339406996099194
31309,0.2798532419409204,0.005479920644819587,0.012690623063067685,0.01430025429990132,0.10216921914248399,0.028770720926880888,0.009382120055565409,0.03222446351485888,0.010825315226917523,0.007208671781230746,0.009210336872143673,0.009907756723780876,0.0033931595092065534,0.008443703723813778,0.002410525638960537,0.0027231922262571898,0.078702696700761,0.01559488657937296,0.00819424263232389,0,0.6414850512032669
31405,0.27491745608571944,0.00899463894790418,0.005208915986240935,0.007170393886454963,0.08864373064864849,0.01493222931330082,0.0015585919599782829,0.030138305849509436,0.019891852524475617,0.0028304624673993234,0.011137756233190523,0.00014956047222662306,0.004640798015398269,0.010986940216326282,0.007265819650340932,0.0003371200161396897,0.08117066381730476,0.0027847500614195638,0.00731023859212374,0,0.5800702247441019
31424,0.28298382976054187,0.006103591004739649,0.004599249882972799,0.02090240199604885,0.07785461955441898,0.023262393757121417,0.015305347155850881,0.02864455595122256,0.02706914151184012,0.003993970601604243,0.01768794211324859,0.01067379219622251,0.008242749778518516,0.0052176258278537006,0.02566332169667547,0.0051883412715153995,0.07528644616469488,0.004927978728694912,0.005194566521693509,1,0.6488018654754788
31466,0.29176435220571456,0.0030256887994482397,0.006856767273819938,0.017589144945055635,0.08166819862898356,0.024906687313879263,0.0004295620696059429,0.024602831689853017,0.026629843617294584,0.011815837732818382,0.0013055984829136264,0.007314848548533569,0.014164142576809365,0.006274004990629123,0.022884919822883522,0.007487859541573821,0.07625595211567296,0.003394461135441265,0.0009614306094135178,0,0.6293321321003439
31481,0.2872986604540774,0.003531250672723905,0.009062820916871545,0.02520075593334571,0.10033392456786473,0.036049663957309415,0.001654261023941179,0.03045378379502911,0.014202436946533262,0.003244862414842521,0.008264531461298793,0.00495294291762743,0.0006167513780316793,0.0029913909922796196,0.022576291173844684,0.0008897457521349023,0.07721877876484363,0.002031912774118518,0.012053521200067942,0,0.642628287096786
31522,0.29304611203587194,0.0033872227173858,0.007271130549187273,0.01143474606084159,0.09656871209267914,0.009878739707221187,0.006944498898803861,0.03507722222574528,0.006783223608467012,0.0008637365755465896,0.012358134138775598,0.010358808211210626,0.003958635613779247,0.0036129493331516133,0.016273098538672898,0.005914251096468763,0.07745880882805435,0.002576211379654264,0.0025666208986986757,0,0.6063328625102157
31578,0.29568203612785404,0.0178407998287526,0.019231219835908267,0.019937981501460013,0.08754264045666324,0.020366364977649272,0.006843857428974911,0.01885138698594182,0.0010138877924517795,0.0026451017107226634,0.004554910857322426,0.0061696151593171366,0.005789494798114735,0.00826916821907686,0.022680916616009385,0.007977583367610508,0.09107752349439227,0.009565970624182898,0.0037798148445834113,1,0.6498202746269882
31592,0.2946564960844879,0.00517345709143065,0.001966503449935928,0.005741003015868906,0.09577233091184435,0.017296578310257466,0.002809057037611369,0.007876019960185698,0.01296428694258082,0.012680492360596256,0.016029377956472034,0.0042465800300819055,0.003498846832273107,0.02143868984666871,0.023616244939784755,0.0016358039732082893,0.08476307233567021,0.0030512003661434246,0.0043102833425124115,1,0.6195263247876142
31655,0.25916424096847723,0.000907401838376023,0.0032491444632383537,0.036296389184674385,0.08909163327130555,0.038036154151338854,0.014539645154645515,0.020051862475370857,0.003710836764718638,0.00015923544890713038,0.005362188856592665,1.306526120238387e-05,0.005455738209398828,0.00537702309644806,0.014715454717238412,0.0015952427888708866,0.0834007704222839,0.00855572361090825,0.002183481221894645,0,0.5918652319058906
31732,0.24909593804148025,0.01329050488300787,0.022684938835634928,0.007661428411176921,0.10349447136646399,0.029972918516456688,0.006968231931200773,0.02613510324841277,0.017907651492151514,0.011345309340168514,0.009484389624517229,0.006054445701521884,0.0010507173576930233,0.01596718003426099,0.017373110433160796,0.003707639639528121,0.07501968292662459,0.0017138251654929164,0.005148733132808598,0,0.6240762200817623
31768,0.2764711615324014,0.0008493723492318833,0.013403324838049183,0.022716825664482233,0.09279245019054519,0.011878455058957458,0.007846569828921826,0.0314789900035601,0.02664089395941767,0.006167676354493864,0.002583433043566559,0.0008541131061500377,0.01622150549605347,0.0027484965299781187,0.023086968584530267,0.003282933870388102,0.07520880018336668,8.177323038695998e-05,0.015097987080818725,0,0.6294117309052998
31772,0.2920044199198268,0.007926878065691463,0.013279336641337385,0.022917689732311546,0.09029761346480251,0.01940889170982154,0.008122248890155585,0.031242368798833298,0.013789310003516823,0.005097157732473594,0.005206943283345853,0.003972171762789205,0.015680303642920723,0.007791374615546388,0.01510114755124631,0.006434469731220822,0.08536827558012268,0.002258061688187418,0.0007787150768005979,0,0.6466773778909505
31850,0.2921334069793508,0.019106284268202975,0.005280102599312105,0.02096933695408963,0.09483860477741318,0.029091715658894516,0.00016811511461562608,0.028534176299444988,0.007498322872248021,0.0036906919719274255,0.008633243408924523,0.014194822560697852,0.010724519082803466,0.00524403405935376,0.026460321207603155,0.007209665954185624,0.07178939249993825,0.005312576332452156,0.0156683401393479,0,0.666547672740806
31866,0.3081663850662753,0.008671721783045226,0.003559787934710772,0.024488082990516236,0.0891493283472433,0.022365592995081753,0.0018119267684264559,0.01366800866745357,0.010913263248864567,0.003549914656940719,0.00422638793583066,0.00936581421308143,0.008227043457378595,0.015472470849971475,0.017481044325819275,0.010271389333641892,0.07720238891056055,0.0036326363578457394,0.009279752416353346,0,0.6415029402590409
31880,0.2858377184906783,0.01666198943008754,0.013887084271776868,0.013885904329483936,0.07280399741642761,0.01877472767913374,0.01120044463147174,0.04030364448403186,0.008343012413192819,0.012345213989205624,0.0011172828121728165,0.0031876362497517347,0.0057713508274711365,0.001635408223646191,0.017197809327115083,0.0008689822797815967,0.06914598891592645,0.00885962768405069,0.008545084205007117,0,0.6103729076604129
31971,0.2672521369916376,0.006670507119663126,0.0009557081503813382,0.0103989077738511,0.10749271042499046,0.008168429805663558,0.0022680678371087876,0.020453163507997252,0.019226329733925684,0.009029278071700252,0.004215365853786252,0.007448461422865509,0.0004148043510117468,0.0037690102581162655,0.013527192861564794,0.015494849152327787,0.07582934628143716,0.0010515255447417424,0.0034086500986167424,0,0.5770744452413872
31994,0.2887408477537457,0.005253511694703548,0.007883931689595452,0.011063687767628411,0.07743367205010018,0.012886497754525533,0.014758086933596369,0.034096854817210136,0.022201158047586884,0.004341450290350501,0.007082588743940324,0.009504069951861871,0.004325821618107308,0.009359989597168227,0.008573804968863608,0.002884312792918289,0.0623671280767811,0.009332162465639173,0.00785394369097169,0,0.5999435207052943
32088,0.23630882331598763,0.012380686448872236,0.004729931242335684,0.035499383630062796,0.07017804680300718,0.011709275301849505,0.0020991834433994345,0.017796788512458684,0.011303528728354913,0.008249398261723828,0.0032048032536217265,0.0012801964007802724,0.005427644121910526,0.0032908592302756975,0.020813624810408105,0.0012208756913774407,0.08046019776177105,0.010406295680453446,0.00830253774855886,0,0.544662080387209
32148,0.29478807077397323,0.0018997270976757739,0.009039807349128608,0.01587657165100335,0.09019866707027668,0.014063848964568004,0.01592546790676465,0.014533704139698903,0.01609624278545527,0.012882871523746934,0.0011890087332890906,0.001853929635805688,0.003801506842177521,0.002440432050866391,0.009988023268060134,0.0038681269662545143,0.0916966636853837,0.005103645087797086,0.007958079888979036,1,0.6132043954209045
32158,0.2656866024965228,0.000116837688980819,0.010658475716941146,0.020396650357014524,0.07704533973309534,0.01874291006814047,0.0008549235861727529,0.016701659783226377,0.03964792223092955,0.0022320408720640237,0.0013930117381795524,0.005762186420007845,0.0034856992413288064,0.004218433773794549,0.013067266095412035,0.0022646698398431134,0.07214186321280584,0.0012896846989730283,0.0044609034789238645,0,0.5601670810323565
32165,0.2897208129999876,0.004972042760156131,0.005856419057700385,0.01975418576371276,0.09534144068229364,0.003943335054844444,0.018429383051491423,0.03456298438906996,0.023191363930829465,0.008052891981630422,0.0033763266923730424,0.011932213121323658,0.003761800765794557,0.002322951261917132,0.009240393300260247,0.014636504307020032,0.06535990380506439,0.00282578325648288,0.0021017568286856654,1,0.6193824930106379
32172,0.2706559709848775,0.0007888248759371271,0.013276681099809756,0.02788528497563402,0.10239834720132064,0.017154227527434507,0.0033598116152704287,0.014447670588268662,0.009290131060837472,0.0012967914316890504,0.0016276706180332924,0.0022418227901897314,0.0033912318891685393,0.015722383247074118,0.006357303681629743,0.002146486739153807,0.07721791709530909,0.014460772174584736,0.013440294036339995,0,0.5971596236325623
32217,0.2632285376067619,0.0033141151137006295,0.004040484097604931,0.021183933745200202,0.10139219134449072,0.016002495407699706,2.100217553025481e-05,0.03390159864558066,0.014405607743981608,0.017835847621945476,0.01557168228169781,0.0039222330538539645,0.008341150430142583,0.003802398592424095,0.025537576704385258,0.006945451696145666,0.08058219653148532,0.007586145717367928,0.004119270636822621,1,0.6317339191468213
32242,0.29321381230712334,0.0014665860614126588,0.014178933053913547,0.002285215773383932,0.08453048830807387,0.0335796746982638,0.015163288695957894,0.02296942093129607,0.03218870735506184,0.010480516350821135,0.018988002029796437,0.005559310195738316,0.008717500776838829,0.0041584780400412595,0.018072096850738562,0.01198099588371576,0.06969660340471796,0.00780980973930955,0.010573441408517426,0,0.6656128818647222
32373,0.26176173928866414,0.00547393975748328,0.008790161731407923,0.01875459302981156,0.0983217989330127,0.008918366321035914,0.007346965654730311,0.028799744389705822,0.0039335098823695715,0.010967639650881924,8.141846639173187e-05,0.005700002961757736,0.014342204518532008,0.0008618217055937768,0.009596230088279383,0.000986366142641776,0.07985378793640989,0.007180789953394692,0.00694771876422648,0,0.5786187991763306
32394,0.2611702052719054,0.011391450541265407,0.00408931060376522,0.020963249434491234,0.09835592409416977,0.020862945098879083,0.00029047365345523645,0.01914637562331685,0.021768895696046585,0.01285089401872523,0.004374326504231945,0.0017691064422139758,0.014750555801765396,0.005448075268314067,0.024155518720905603,0.004460851182250195,0.08421187914441279,0.002495717517810704,0.003539220748687928,0,0.6160949753666126
32435,0.2734214672703352,0.002066770570943298,0.011889246083972292,0.011323710685592786,0.08035751339456886,0.02972181844914679,0.020842434516424726,0.010404233559246738,0.026006144302629982,0.015591049771347645,0.019629219493181974,0.009669842557374487,0.01188565166956704,0.009808257301438911,0.01986931193881112,0.010131636210929728,0.0680098100964656,0.016946303125574366,0.006442281688575662,0,0.6540167026861272
32543,0.29180804150428213,0.012917573329538553,0.00326325342628422,0.013226535003266246,0.08793380399977256,0.005009813615119205,0.011961017405620571,0.018971433846033874,0.014795454495162605,0.007732959031741722,0.004404274033479512,0.009830045237535511,0.0009625578265126305,0.0026073222708269165,0.025160960581232475,0.006980707107398544,0.0929578694563996,0.00313376994417188,0.0049297693200885135,1,0.6185871614344672
32566,0.2797083233545753,0.010452658600830302,0.006449267108846651,0.022011113753148518,0.08824910048997324,0.017419581775227736,0.004111098205481774,0.029210451063766654,0.024584667307360777,0.004568365019233106,0.004440405085917523,0.004187354524825136,0.005065991944681279,0.00017968392039285683,0.009758314157506802,0.007537040728159217,0.08245429325097933,0.013016425859261205,0.0033535384652459447,1,0.6167576746154133
32574,0.28525403071982824,3.058191299650004e-05,0.0022335086301100465,0.018559488176475666,0.08102863164344946,0.020978686154628792,0.003812651826177056,0.025851987139856154,0.01517052491409824,0.01418960905629957,0.0066878653547523086,0.0025252843397163553,0.0062991577903189905,0.0012300882278247966,0.023575829767190446,0.02146104886464343,0.0705997112650033,0.006518997603461698,0.0057001690435622724,1,0.6117078524303934
32596,0.30998241775405394,0.0016478512281050497,2.3943454573228032e-05,0.018541610264365918,0.09487657545134293,0.02229864737859477,0.0027050958446603224,0.015291668494129058,0.017576649814634554,0.00217247721610918,0.005175886368139586,0.005872085986113859,0.003341986575464836,0.006240268888450982,0.0004798074269329535,0.0012750810392967024,0.07205366207322494,0.012572491689191948,0.002750211399550729,0,0.5948784183469354
32772,0.28502661258390133,0.0038237635458378476,0.0024982692124991823,0.017740861290691863,0.07732632528844696,0.012116573944612005,0.013877393372371715,0.038089688537104045,0.0035728613467743294,0.011019610692086512,0.007551207553486644,0.018933523070935147,0.0006538212165002088,0.013861630941627122,0.021215214146364743,0.0026767416467118397,0.0739711275914503,0.0002899858267160314,0.008350705804647031,1,0.6125959176127649
32995,0.30575011899905996,0.010659906874298691,0.008843437892432273,0.017657813331263945,0.07383034830718156,0.01138076353742207,0.012477096959766029,0.02894578579298902,0.0032686678920884047,0.0070211734888232505,0.0005559345962225919,0.006637776492036994,0.002690408427990692,0.007135954848688041,0.013615317042895017,0.006667540546352794,0.06847371228311531,0.020681362195068723,0.00717448695466446,0,0.6134676064623599
33052,0.26457477742951147,0.009949165092001588,0.0019496086267209874,0.011837839680258234,0.09293391775226051,0.008042613277671085,0.017064960763131007,0.010947526872538343,0.007664009557642871,0.0011098474391144225,0.009112528038610828,0.009704871094897495,0.010415396865852734,0.006249625532978124,0.006547916765656443,0.006098790170786831,0.087753152864738,0.008858341511995547,0.0031193649371859824,0,0.5739342542735525
33453,0.275835127272935,0.0006796805836087155,0.004200673530785939,0.02730598515579936,0.10249656371094798,0.013363274802820149,0.0035122616511285773,0.03018701798405973,0.004188271482845198,0.02410148260170951,0.0028209876755604366,0.0019268376099677224,0.007001465254886246,0.0016972092679986255,0.018721248965595925,0.007787623696979509,0.07362326700706676,0.015009975520936239,0.007073403030931315,0,0.6215323568065629
33502,0.264094847097636,0.0042088799658011634,0.008436920912797062,0.020283335228363997,0.08331915428724328,0.008070269217769587,0.010494827582490448,0.03107440411282914,0.004437243066682858,0.006980338149626098,0.00840510881557072,0.0009546724030401252,0.0034053776191117586,0.0211645459980213,0.010351197397957299,0.004562213585450828,0.062458311346795845,0.006081489840921177,0.011519341810850094,0,0.5703024784389588
33521,0.2806981947725159,0.008905356789704534,0.017689761765667323,0.022063996820857287,0.08144674072091419,0.018480225896708048,0.0013639543984227615,0.01263559098971015,0.011592594524173248,0.003564159062647652,0.011484628545453002,0.002228593202560006,0.003666949201265155,0.01821048245455513,0.01496944175305033,0.02465439498257982,0.07550359924973013,0.008049681438436975,0.016750756710212297,0,0.6339591032791639
33522,0.2786759405899017,0.0015541896021054626,0.005756530393809154,0.01693222364803978,0.08532389729476854,0.030496327829570867,0.008384526373102889,0.026495061276566895,0.0066135493977906345,0.0022310484956222965,0.004385236837417015,0.008955771274070148,0.010393770081168496,0.017245174789013506,0.01924620153917444,0.005920987688361211,0.06990607080283893,0.016584980791164695,0.0022332939607525143,1,0.6173347826652392
33524,0.2856516804555008,0.011654613417957566,0.004102519286745183,0.013786934364651553,0.09355966350350226,0.018139435522996558,0.005315522054742429,0.020396286274483862,0.015558611581202586,0.011883865895624365,0.009106092875099387,0.006404045072624059,0.008624248567923914,0.010677886449923938,0.007167228420697161,0.003217571997949821,0.0853710596349495,0.012484116979160544,0.01242654006331976,0,0.6355279224190553
33544,0.25635612910858757,0.013592914395089764,0.005134905091176853,0.003433597380037156,0.08030538568079607,0.024976631164093214,0.020127861379155742,0.01759732470595603,0.011532436608037945,0.0004640269207108641,0.005425150599352574,0.0128904844255129,0.00412606710079066,0.01502180154648046,0.014535070262696886,0.00868590347791179,0.0689991384519878,0.004765631213826241,0.005436540801517237,0,0.5734070003137177
33701,0.27987805222930334,0.001981877361592277,0.004721192884799125,0.013063390875834746,0.08212713883565213,0.014489431622227922,0.0023866566911223716,0.03180881816923207,0.020239426233589757,0.006249716067887003,0.005196263790272659,0.0013600118095381582,0.0088230472454416,0.011885682431698063,0.0073847828211335365,0.0042742325177602715,0.06863565390958197,0.009590641798149042,0.0060445117441876575,0,0.5801405290390037
33782,0.26204677957974815,0.0063214579847797455,0.0031292619307737015,0.016374714939370913,0.09483231785054891,0.02083272588239368,0.014030487696645364,0.023577525304221768,0.0195097802949122,0.0007033161575009258,0.007627741486015536,0.007713939968768142,0.004326797537096962,0.0019129389491306344,0.017086975743600318,0.0064207569527629385,0.06723282554641813,0.012345019048527799,0.008795253842945333,1,0.5948206166961612
33835,0.28830485649697585,0.0016175086092853226,0.006531716628250481,0.017867605077825484,0.07819981915491217,0.025898776639488977,0.01249914238537063,0.022697711566444994,0.009976347646226114,0.0002715433966413085,0.011120337539687143,0.0023097564968897217,0.009808892466474031,0.00858065240127616,0.018774625415854382,0.0020719635649767993,0.0708342629997756,0.0006872864137990112,0.011522897930951152,0,0.5995757028311053
33861,0.2434878816592262,0.009457787410879631,0.015023654869868825,0.018474202850512846,0.068950998150464,0.012010427292717092,0.0017421994958992616,0.01738792490027065,0.01579917426998717,0.006535154978325041,3.465530917208096e-05,0.013466538466234676,0.001043433040718061,0.0019685751659217895,0.0078153891976289,0.00574057072896416,0.057287344877228405,0.0014621259769643916,0.019989528602305837,0,0.5176775672432891
33864,0.284884187051265,0.0011885311564971209,0.004801786186012808,0.0030872905708269685,0.07983194903390367,0.010184090169239516,0.0011899277729451314,0.01702911713388357,0.03950912413531867,0.0018950189278530043,0.006411272544892321,0.008821850113303033,0.008247847848312551,0.003035044259218107,0.004776009917959948,0.0058705189583036525,0.06660012962524009,0.005062836796610325,0.0025682636375320717,0,0.5549947958391176
33913,0.27660125202278746,0.0056327178485438105,0.010541814004383835,0.017003978517070372,0.10462944889172908,0.023126490257685702,0.0027941388219607714,0.01988410967255578,0.013834582812138037,0.01186133378238157,0.013140159499393077,0.0014236845325863916,0.008662549155581473,0.004684331572879852,0.030231831916958142,0.005348631746904479,0.07708511875544344,0.004608261164747279,0.008586115554989317,1,0.6396805505307198
33987,0.2944174170040786,0.0015847092254551842,0.0010262244037189455,0.021642389889885438,0.08689877509529159,0.03354648388279543,0.0052995052577191875,0.01969007716720837,0.00045150743616384763,0.0006371043819254595,0.0051810050922531025,0.001127940069040764,0.0136659237061994,0.007197584673595089,0.011769268356001703,0.0005587727001754838,0.0914014463763769,0.0017331715574693963,0.006011762957830586,0,0.6038410692331845
33989,0.27209695652204796,0.009329955922114592,0.006106609613708023,0.012521756111640471,0.0804932274685454,0.013502240287273207,0.003193785137876922,0.027626714710055584,0.011806537523071257,0.009539238727380354,0.00660713161772364,0.0008594183512002684,0.0029404488604545835,0.004093374109186447,0.009539170287303864,0.015436573616566487,0.06782371959068319,0.006182355912200045,0.016294001647029894,0,0.5759932160160622
34075,0.28834099567666577,0.02515020224831194,0.006769362100652296,0.008547222681380907,0.09089456428224232,0.008100415169493407,0.0030367303896365484,0.02499615376878488,0.014024438468444526,0.013564391346378834,0.016227207278910635,0.00342814845788878,0.0016819527711773965,0.017769756839536292,0.010886600943628644,0.008909892774357787,0.07289898494144094,7.706747215519476e-05,0.00029947092697918214,0,0.6156035585380663
34082,0.26212302208554183,0.010150555818669992,0.005678624424522978,0.013014878592480105,0.0888384570700132,0.0045429188641237725,0.008557119205924987,0.022916639279260343,0.005872042875154026,0.005868370689592555,0.0002761134699851431,0.011490014060948506,0.007498533522964697,0.010091571355874537,0.028244592213383195,0.0005434237094577626,0.06855289908331615,0.017029970494356752,0.0036625718387085634,0,0.5749523186542791
34150,0.2821048495677493,0.009089451401583107,0.0004326525854888738,0.0034138657303182532,0.07708978575941262,0.006473214541982671,0.006641320511242293,0.011877605813580943,0.011633506289410473,0.01870058086935332,0.01882566219779799,0.011722947630068445,0.004181119073042734,0.002604127290722196,0.011184059118076004,0.007943063682937195,0.08654180962832853,0.012372306781778792,0.01114925295615264,0,0.5939811814290263
34220,0.2638896157370228,0.008998729544988272,0.010914226891306578,0.020529628875848634,0.08648961609465292,0.017335569645409228,0.00010849046693034691,0.009508590747526453,0.01607072753647572,0.017597740386129095,0.006111805671407005,0.013279163385426248,0.012633963150647371,0.007388858215786075,0.016280692445927097,0.0018273637734042552,0.0825437937913441,0.0020334597190881138,0.003290562921746138,1,0.5968325990010664
34285,0.3067415638242105,0.004301523026964007,0.007377075716610914,0.025371097495474663,0.1016837063546114,0.022577454357434513,0.0026875544759854837,0.02351216286578848,0.025084604680190286,0.008881947683290928,0.007474073996538042,0.0007989048584790597,0.00524126022935262,0.010326082619277427,0.027426743854467268,0.004015563347933244,0.06940014513771778,0.0001387349677933278,0.0032857637357044823,1,0.6563259632278244
34293,0.28650481740841016,0.023643718043721628,0.00582489174529923,0.018790914645382177,0.08345850011715378,0.029463403682705634,0.006005711750537377,0.022797853219706548,0.022433137524688677,0.0053215306233918925,0.0030225116671084747,0.004374506779437935,0.012805697803593743,0.004624659013263954,0.012414877312796196,0.0014589738828120259,0.07537756497013308,0.0002784712042996834,0.004538933569590858,0,0.623140674964033
34376,0.2935324975206202,0.003910046679917243,3.577828817192744e-05,0.003355122643158655,0.08509232636592597,0.016684268469567127,0.014199410686600366,0.01719970031237902,0.006422785453264247,0.008795192165067746,0.0017248124775738778,0.007156514452718549,0.0006462849376070218,0.015063042292149291,0.020796527751261777,0.005431362405409311,0.07517156853424495,0.0017814454751615358,0.0027477719243203316,0,0.5797464588351191
34385,0.26359826971199385,0.003064283033494723,0.013303115989069487,0.026336588565820097,0.09127047852015402,0.015667185393845665,0.015090949288165121,0.021244613580662677,0.0001242892856579761,0.001224911379002006,0.005160754745804443,0.011240578254616955,0.004515116634593993,0.010708493276837453,0.008298410301816746,0.01597179948086779,0.06771269231487981,0.0073577038418518904,0.020810173587720575,0,0.6027004071868552
34397,0.27432978796307395,0.0023622484670981184,0.005831890174603145,0.029268759484090936,0.08981851089258651,0.02854555291381649,0.007936741178334194,0.03633671173584229,0.006787100145910434,0.008107027078795556,0.0054833388886610475,0.0014192501113488036,0.0011812068492695383,0.001820868731249682,0.00050392898472258,0.00627550221714568,0.0757629493228992,0.024266462518652804,0.0016253260721967241,0,0.6076631637302977
34440,0.27505921301683467,0.011668765425604787,0.00608893364355465,0.016672540360294523,0.09716556382063342,0.007107082705103848,0.00373967256486374,0.03099106611489976,0.0182835485968194,0.0007562013732583222,0.0004152606160526017,0.011192405215581094,0.0021147106374954563,0.008510249888218363,0.019574329521785595,0.004521180985272986,0.08138549594644894,0.007112150653659844,0.0028535191606722113,0,0.6052118902470542
34471,0.2880191320613027,0.004776594266101394,0.002532978342409101,0.01760801938063294,0.08885237346797757,0.00915179524644266,0.00658165279154197,0.0337363315021235,0.004170695336310602,0.005757611563929502,0.004903484645184398,0.00955883534309306,0.003920891412903814,0.010456178907674684,0.00032661906497204044,0.0026627578179828177,0.0700120876044229,0.0032701614809503878,0.00757326458228819,0,0.5738714648182442
34547,0.3099758902619565,0.0003202387548302436,0.0008299507068723198,0.016299355203687763,0.08004970867654496,0.02819577863665381,0.016551606249083202,0.019073200608546087,0.01719541894549449,0.0011600327983414946,0.011483410907429109,0.0029358530603980117,0.004293005682256711,0.004070289582530653,0.020963539045384262,0.005625437907820238,0.07004067218923245,0.016161863639172155,0.005943159867024695,0,0.6311684127232592
34556,0.2717349043853565,0.0015326136018978045,0.0037091369431009697,0.020315250601331134,0.08122646835338608,0.014015314984922256,0.004840482656183056,0.016410904063831035,0.0016994580000403018,0.0034926376534901906,0.004296265381734923,0.0031654469432312923,0.009381275883090838,0.003803436010757066,0.024335554175806965,0.015110074920544088,0.06716040457227111,0.0037433781530870672,0.022457431453795234,0,0.5724304387378579
34672,0.25320770820401256,0.002755289166575398,0.0037110146704165846,0.014819039579824757,0.08755925873694223,0.01812227053384566,0.008288546181840556,0.035528357217328464,0.008831248547459623,0.0033833341427602897,0.0012826403660042658,0.008136801454183915,0.0047615909537423035,0.000608400456769491,0.017076226423042965,0.010058764293131182,0.09095435431864266,0.017265682274237554,0.012463153339102685,0,0.5988136808598632
34883,0.24586332286248622,0.010488149584573732,0.008112055676015,0.008841488775073666,0.06327707683909675,0.005356290588452017,0.009460490430820003,0.04607381645153469,0.01412494074096465,0.0011252751731777848,0.004797531600007801,0.005719743306732095,0.023360755973239125,0.007916670963705146,0.007352754658389071,0.012820853302112606,0.06362404341966037,0.023188592087050427,0.004303883530879698,0,0.5658077359639708
34887,0.27382897951689317,0.014364835015629634,0.006495119257723025,0.01324290494036333,0.08177095153381995,0.009857756641786309,0.0011268974195836974,0.03059316502854486,7.881376390200992e-05,0.008113816086378168,0.0028638287057930274,0.01040928952803076,0.008146359768797778,0.0029750276900379043,0.008321667727667657,0.0006040679142169322,0.07719522039395532,0.0029125691353542077,0.002323101656977391,0,0.5552243717254551
34899,0.2418140401571938,0.007266494281034385,0.002215921163163142,0.01762582556289731,0.08052604255473708,0.011129724228299453,0.01501135661518564,0.006029842321065991,0.011749730902432328,0.004694318366714837,0.018447831983245254,0.01113064066683393,0.004916913776241165,0.02491031078033637,0.023707782915879296,0.013528605127346487,0.07312530759055454,0.010313614173120446,0.010213155164469093,1,0.5883574583307506
34917,0.2864387402287688,0.011296182825737827,0.002696080837682328,0.030223912378618736,0.10539949486251093,0.011858678833058751,0.004749425891758741,0.020962820456436743,0.008065229262708236,0.00422785161429671,0.007296614099286579,0.012711661342431037,0.0008719799114384902,0.007989107041759608,0.0108694498530839,0.003085251720831521,0.06948847744911106,0.014981118346986831,0.0073156582120471,0,0.620527735168554
34931,0.25566134016206216,0.005361027996445132,0.005789507884681359,0.004830275476326883,0.0699181973643731,0.023621410638548404,0.002303715918812419,0.017867260483996436,0.008034422057904065,0.003226238058428711,0.010858913653178124,0.003238734036019332,0.006750739370348923,0.00014730134670239766,0.022761333812590805,0.0066332519894086485,0.06695265159422968,0.002553221657788534,0.00034035628738520666,0,0.5168498997892303
34985,0.27700566688590367,0.0058998478612210855,0.011820830465110854,0.003989357483568081,0.09325207530889011,0.023742782574373445,6.9234339088456695e-06,0.020342526646025236,0.01195093009220617,0.0061199432028574375,0.011112992069085881,0.001613396376899604,0.007289241705427848,0.000975734933698947,0.010166566065498499,0.008965300671929756,0.08265711757816124,0.015170952862226857,0.002579622882346893,1,0.5946618090993404
34989,0.26917822291846166,0.013713514399667196,0.0008124548553657593,0.011480361367083101,0.06898767808190337,0.02524516728196087,0.00046773921012502334,0.026299269407653467,0.023774375796980392,0.015330053029571678,0.0015226244336482351,0.003957053240266938,0.00605094504360287,0.015784680865513837,0.0289448171588873,0.0004961750782564987,0.08032834580576843,0.006153483411140079,0.0030971314937812944,0,0.601624092879638
35008,0.26208925125879473,0.003429613314106555,0.0027670147171959597,0.016519393942595377,0.09348495639444072,0.013981453562486496,0.014278091838235725,0.0456223125264306,0.023890324152423505,0.010813835567819435,0.0017955400368403313,0.0013953464251618187,0.0014185561972137831,0.004533878752567549,0.013927211895859947,0.004743629968455009,0.06981836503110955,0.0021883208483047885,0.009607286914413874,0,0.5963043833444558
35032,0.23905839337028853,0.007413274989188194,0.008217040012360188,0.027173674416751843,0.088788460371636,0.024266035900950864,3.49781816245208e-05,0.027732353389970345,0.003930885856671421,0.008481437544307469,0.015987834011460377,0.006242341411551127,0.0024867171165128704,0.026761911348621638,0.033367168685677115,0.002544843090620625,0.07565818823343005,0.006300234998254254,0.013959955417380463,0,0.6184057283472579
35054,0.26440555257722564,0.000916005020093293,0.011278836763959008,0.021725204378240628,0.07845069009749528,0.030332105266048744,0.0100467589965559,0.03463215567599449,0.017043866232333355,0.015782555576072662,0.0002773605080938472,0.00852297700472867,0.0051176883758267434,0.0029385826280526415,0.01916118616288885,0.0022642703565569485,0.06681209824426151,0.0040720053637943844,0.0011820668609044305,0,0.594961966089127
35056,0.28386866778526315,0.0025957427454112807,0.011707975410623517,0.013633002568168946,0.08660888111800565,0.017278665101815156,0.006419334101041209,0.016668179347218873,0.010466697093560646,0.00943480329874377,0.007384950579151263,0.0006859569493380864,0.007573185278006756,0.0016093631574762997,0.008122075045258307,0.008450453368760163,0.06903701179661985,0.006654850080696464,0.007464545398891729,1,0.5756643402240511
35109,0.27623386170985503,0.006583806447072751,0.006161379041240246,0.011306166439331146,0.08757375035888015,0.023651606439841443,0.0072031224904634365,0.027613502411868374,0.0260497769136219,0.001203632264634407,0.00817425859094283,0.007718899084530783,0.004446314033710632,0.0019098226838121732,0.014514092231352466,0.0055318587449000554,0.07056724571530369,0.0011443570792098606,0.0077670770689974135,0,0.5953545297495688
35138,0.271831577795134,0.014022312391082937,0.006095813807226358,0.016243124721854633,0.09918212412250257,0.007401502117997488,0.002409111901051758,0.05032115443292691,0.003585533454080591,0.007199599660024351,0.01056049652203581,0.0016702086246812614,0.008410322612530611,0.0017836927403803889,0.003310061378105197,0.0012724553135743946,0.06966996481606944,0.004105063891484238,0.019580074690998817,0,0.5986541949937417
35149,0.28975300798380865,0.013544718301191023,0.0024412363429276466,0.012343505436277886,0.05804719248191913,0.01113021978197472,0.0030620190695457403,0.03030928374608236,0.026746659165610892,0.004977544922169229,0.002326202811497183,0.008917713966835676,0.002735706501593776,0.01608329682074547,0.043659504546097926,0.022981679335298526,0.06239539795772084,0.022209637600069925,0.005843029787452176,0,0.6395075565588187
35178,0.2746662145721991,0.026214777286525437,0.013525948427336931,0.009794306195279354,0.08144030743484988,0.018384959499478173,0.018134479852117462,0.019343400638313458,0.02408312374970898,0.0020876843777052323,0.005717260383463693,0.007707320567156137,0.005763717358211017,0.002606939870277458,0.009106560234546576,0.0014855368429184804,0.057019241659450534,0.0017264698698995738,0.007092424436060687,0,0.5859006732554981
35182,0.28233607327589744,0.0004131336575130316,0.005272648333406114,0.026237911874333084,0.07925857502024326,0.023684574466520773,0.004248854695142997,0.023919258936174845,0.019798301266675856,0.005509750680375904,0.00928064812515675,0.00024667701016401947,0.00403802274507681,0.0035276621532972048,0.02322014810601999,0.0019772163068651825,0.07954831727042833,0.01905533088746769,0.004891086948505469,0,0.6164641917592647
35207,0.26380159434851097,0.004944005165808193,0.0040970411063410385,0.010666392471030817,0.09022473242792235,0.020742275848125134,0.020827704368887538,0.011042042891246301,0.017850794462168387,0.0005220655618564966,0.005884329740722871,0.005223890305058918,0.0057521871853254605,0.002828935628743567,0.019418567044286204,0.019796198849329007,0.0684383535381592,0.010494999832401479,0.008776080243346262,0,0.5913321910192701
35215,0.27851464193644765,0.0009040628121623816,0.010600894703487029,0.011225245449744249,0.08397058454059514,0.036083121219502995,0.016934729473292595,0.02849728131349479,0.005897923026498425,0.006218405429243269,0.0137302636772491,0.0029306316326841186,0.006055503576790568,0.010348057956596294,0.0019146542549952357,0.0021418997621500185,0.09266788229683211,0.012565923900314628,0.011369736120436518,1,0.6325714430825171
35271,0.27083342187930254,0.008561100471549966,0.00994615103729382,0.020883620866284817,0.08777213043452511,0.02448161412660608,0.014641713923453488,0.029087339368348373,0.013739797438291226,0.001115034180269384,0.010121175593519155,0.006170460592226782,0.008648148890708954,0.0018228095340506846,0.012185704571602625,0.00030243320517891483,0.08091517268233521,0.0037928111395146634,0.0052002837047103265,1,0.6102209236397721
35294,0.28702444060377774,0.014540204536543982,0.006223053528695515,0.009830854954658763,0.07917755581739702,0.011198101799388877,0.0038677790907683256,0.016451871353321147,0.007769074701528254,0.015136822343529808,0.012180372546556052,0.00019967617867821044,0.004682019228642662,0.0022154875775233763,0.0015600288520085603,0.0021451028949097343,0.08152732852114092,0.012098235639386093,0.004839513744672359,0,0.5726675239131274
35455,0.27364927362953445,0.007279365695219394,0.010243943930920766,0.00993361447165296,0.09170307965295495,0.01511921747416928,0.008648315207250424,0.008656139701750162,0.008596932767685014,0.0006030153883226399,0.0009045872547156442,0.0023608321580520547,0.006547492109126188,0.00328393238641763,0.015732802760191213,0.010692867792243948,0.05791904187461313,0.005210945645168553,0.0015715090555451965,0,0.5386569089555336
35548,0.2504411337221214,0.014381382845330649,0.0074245832867274675,0.01123335684974136,0.08635484569378851,0.01966489975589476,0.004236519354805881,0.026273541124213477,0.012179284579182307,0.009701186746541484,0.00852416234701272,0.01161262338888396,0.010145787465575188,0.011614755853364842,0.021525526397157668,0.010912525259764752,0.08861073722302812,0.010112248042638364,0.00580764719731493,0,0.6207567471330878
35616,0.26504323653107265,0.007240671624531446,0.007385269421293573,0.019254331291942768,0.08008591693791756,0.0037938206959202674,0.0070673373017984846,0.028671335574273673,0.001328339036458916,0.004984235284638785,0.018532737758231905,0.0072234603692120074,0.011738739092092998,0.016012756002327034,0.026728807590486816,0.01375779366085008,0.08103687344402222,0.010854188922075533,0.0011081814561760936,0,0.6118480319953228
35835,0.28164002497810614,0.018066278387560437,0.004939652149515358,0.014039508841192153,0.0701192350808499,0.00872686672841556,0.010394054107481116,0.03711295376626267,0.0019303649873960017,0.0022843994473707037,0.00021098107045263852,0.004936873149553361,0.009874243462628059,0.003908929324068343,0.0009006876151774256,0.0020379716944290247,0.0669851845846523,0.005056001297680533,0.006203862032197184,0,0.5493680727049889
35876,0.2698124369637422,0.006711492694835267,0.007045432005266872,0.010632510457119456,0.07545401107163378,0.025669411222293836,0.013624737187328114,0.029310213310770782,0.02633829207342147,0.009859473199575794,0.0004523998602224088,0.0006683801435024405,0.014534912301044072,0.0025151031934646994,0.017227317264100154,0.005531781739741516,0.07621422992386988,0.0036612565614999645,0.0009595187677325672,1,0.5962229099411652
35887,0.29014342758756495,0.010140015967717502,0.005532473298139442,0.003844017754338754,0.09837916055470869,0.022899233296231593,0.013655509828422561,0.03884638104162323,0.00327753195417374,0.0014303962639200798,0.018354426282434718,0.006518577818225159,0.014460733771665377,0.0005825313562557382,0.012622363291045614,0.004489618867508947,0.08503747647761241,0.007479777378307963,0.01840894936355893,0,0.6561026021534554
35929,0.2560886972077245,0.008511651978807093,0.007394347286740237,0.013507479805566826,0.0679125788554651,0.023893152685304446,0.0004628144368804201,0.02559293186522107,0.009356984777162026,0.015695054068602367,0.0008360313207774981,0.0007901856173914572,0.00011135705319225808,0.013971205696173135,0.020026319877089277,0.006391288274695803,0.07356984477387671,0.006923677144862893,0.004492567093539431,0,0.5555281698190725
35966,0.2740147673028261,0.005050990201745817,0.022837497460931527,0.030411842049111924,0.08832800864160129,0.027706880938818203,0.005580232890864647,0.011757581525329724,0.012655711154367257,0.000611483329785641,0.00020017941187952,0.008648457987609631,0.004283136456154463,0.003547447900222637,0.0233945031794127,0.002617208646279073,0.07617160812666854,0.008515653249163807,0.0035133624963519425,0,0.6098465529491244
35976,0.2887156511682808,0.003178006529155971,0.015417767381554188,0.022111525451390664,0.0768143696910493,0.0028416689114541933,0.0012414026003242352,0.020051249057403714,0.01580405089543998,0.004822269629240501,0.009497431054689441,0.011088262993993453,0.010566497383240682,0.0047861579455477305,0.02112458676889938,0.007593587896767095,0.07643788964629336,0.008357698838673482,0.007017645827856073,1,0.6074677196712542
36044,0.2651232877739579,0.004304340850763599,0.011873739294903823,0.009817402330692261,0.09665533353634569,0.010274630389443758,0.0017641483679884972,0.017576752523105303,0.009024239287778589,0.006306058388926221,0.008013851564448098,0.000819574078811843,0.005272007511113616,0.007604078769570589,0.00698992472915272,0.002962478542644512,0.05688676301795283,0.0034074870345275434,0.010399572596148895,0,0.5350756705882762
36096,0.2694424504310541,0.0009015292747602661,0.006989913100680111,0.013550401793943527,0.08549391703859842,0.01892863913370916,0.01692561703927336,0.03348432886631542,0.012567219563860277,0.01375553519043226,0.004312022381445511,0.00217659873470537,0.008637150509870144,0.017646392759242714,0.023995029580092322,0.0061183583234256655,0.07572015089695634,0.01248051383519699,0.006859424883353272,0,0.6299851933369152
36124,0.29515961740450075,0.01245686921753745,0.006218075618690247,0.017517400757751378,0.08140896515086128,0.02428404719579337,0.005938770837641216,0.022649307942180036,0.003779888481115136,0.004746411459433339,0.003223207268347919,0.00915601263200301,0.007139144079731948,0.003574483780593927,0.030365985727873444,0.017630674109420662,0.08284093891914049,0.0027675824509055392,0.006947799208257136,1,0.6378051822417783
36191,0.264008583936429,0.004978746250769794,0.0007851798833706027,0.012564559548221844,0.07941679966550529,0.009257454828265477,0.001913762185878825,0.032574377585259155,0.0169118129663394,0.005132814029516993,0.01650584926938455,0.007042128296117934,0.006996838428661833,0.0008379442488653402,0.003937326505995071,0.011220409974442867,0.08214655288286479,0.008963887885931384,0.000715668022603791,0,0.5659106963944239
36317,0.2612964811304334,0.010422886556737745,0.008893567068280596,0.02072670265260517,0.07824277574621236,0.029482484242295284,0.004270893684972141,0.02054996952971523,0.025415933085414687,0.00474606426817157,0.013141525119458902,0.02147662146967847,0.00204376289339635,0.010354410598319817,0.012509591433208773,0.006010682146563517,0.08692271860380676,0.002571467237648584,0.0013652054566399797,0,0.6204437429235593
36344,0.2849128685367911,0.0006456439411591867,0.0011184846269342093,0.015948023104653635,0.08673457780963997,0.02250002891485788,0.00712994380269413,0.027729748792395842,0.008999408362501756,0.011190429555001814,0.004388038525763541,0.0018794141383424437,0.011597923933397846,0.001279079699688789,0.008277297064181578,0.0008016889144881605,0.08070646064423294,0.0031348073770241726,0.004960532835368893,0,0.5839344005791178
36356,0.2888797961653768,0.00035101538046592915,0.008791000776734332,0.013811992834634735,0.10143683900947215,0.020948147763664642,0.01909882788032495,0.012459528982197128,0.01700251860206308,0.011851289791720282,0.009739363536334282,0.004110142958952769,0.008030036275307663,0.004108876619143627,0.009579252558811193,0.01688319010332499,0.07539210657845752,0.007728234426707041,0.0006669516085726872,1,0.6308691118522658
36447,0.2435363894001826,0.0047331832362164355,0.02126125162941606,0.016880364426113514,0.10161531390640881,0.011555397275750664,0.008410108276268476,0.026534788041152755,0.01410914317710142,0.0029475970011083033,0.01241161854736433,0.014714975197196032,0.00048292985008208393,0.012161651164238726,0.028692934735305705,0.003747059210650921,0.0698273534623466,0.006043675258771892,0.01159979317272941,0,0.6112655269684047
36463,0.271172296077488,0.0002885824465515158,0.00717724807801018,0.019839140036071363,0.06891258277475637,0.018702126884102353,0.008317535986440958,0.025552810462922605,0.0028508143472884117,0.014473715539533688,0.017168963316226218,0.010545619283400042,0.014634982037982166,0.006522257759763055,0.02565139106261955,0.002808064864466858,0.08065324518288329,0.004701064304631041,0.005888824146865418,1,0.6058612645920031
36491,0.28499562794703465,0.0013048485447053548,0.018494288818265932,0.008915993220699603,0.10170627739195892,0.011057629293647314,0.008646155422507256,0.020787086078433513,0.008630030120981501,0.006519052632523455,0.006580660138578361,0.011852228853972472,0.0023904714518606244,0.0017734553016742415,0.010855855607454354,0.0011941114351643864,0.08606747938578405,0.009422632275215349,0.0010877882202908347,1,0.6022816721407521
36535,0.2726247903388785,0.000616556557482493,0.015334389894280114,0.012303280027415818,0.0840766864750727,0.012033763526304768,4.6321332406871735e-05,0.025261052193160546,0.02273733937230744,0.008491177226716811,0.006909691017120685,0.002623397523783509,0.006325010167162761,0.0052102131931441595,0.021531510354818442,0.005050716457218053,0.06855764723835907,0.006036755349393109,7.871753770875679e-05,0,0.5758490157827346
36564,0.28397118611567834,0.01727188187118464,0.007550932705606766,0.021966227400398424,0.08228483447469834,0.013807767032435928,0.007736500861257723,0.03519290771535418,0.022998598641242457,0.008942393388976982,0.014166773805127424,0.008866479250599895,0.0029344943772009256,3.530902451410896e-05,0.01515973985116262,0.010618959568671928,0.06289535417050202,0.027465439908606552,0.02051241144291855,0,0.6643781916061378
36588,0.2538657597465055,0.010652071885000473,0.005457860845046706,0.02477329219844993,0.07826166927863687,0.025010676164888217,0.0024194578424264162,0.024814409376927637,0.0023785865663423175,0.002853229804328605,0.004934388472420651,0.010920729886634516,0.012067991767317786,0.005848748724969002,0.009604778325760982,0.0013233698592303794,0.07684748800894682,0.011803140754198537,0.007904387060413312,0,0.5717420365684447
36625,0.2984876384104554,0.001595192404926416,0.0033407453471107082,0.0025189396178682613,0.08477063694972911,0.009552200781883659,0.02328591373216674,0.0280718763002224,0.023388939398650794,0.00672405161943002,0.014603600593750987,0.008068261107509408,0.009958568564894224,0.007717900580970625,0.02577116908756369,0.016285606692800277,0.07345954588657523,0.0034994956034718103,0.016018995826933977,1,0.6571192785069138
36635,0.23821662018722456,0.002491640809443378,0.002713849058921713,0.006580756630142411,0.09179483663938792,0.02757586796357805,0.008863029194204492,0.030329486829757307,0.006432509980094031,0.009953266667635637,9.960997426200957e-05,0.000986229026446989,0.0038864549939070475,0.007453209638112161,0.010076047885794059,0.0039746196644442336,0.06596503062668321,0.006812259484490493,0.008722495336069547,0,0.5329278205905993
36673,0.27257919640453876,0.0037082340747351646,0.011352580549885962,0.027283636052176756,0.08076181830901522,0.02180298404335078,0.0008412053003416425,0.02329744581781771,0.017517331949953512,0.014693062031159757,0.0043495498838175516,0.006362350542871545,0.009666116865971876,0.00694198959345653,0.021829331107239468,0.001981802070662456,0.08344172379900083,0.008012598868693228,0.00598438052319527,1,0.622407337787884
36788,0.2500292258504309,0.002249529991911942,0.009504616524195852,0.011053019359805107,0.08500043120334497,0.0211991384626178,0.007143964551928904,0.012189459456365124,0.005187311082059368,0.004452657336460005,0.019223187006320402,0.011189718264760314,0.004400860055926193,0.0031651322902317637,0.014419539598563121,0.002935862112634788,0.0643010403609016,0.014929261972318326,0.0056851563982431765,0,0.5482591118790197
36790,0.2540434530320844,0.002709357667353712,0.003529230980950028,0.0117238384231074,0.08050187158488317,0.011454967338510218,0.007248067928849426,0.024128638156626855,0.01347599641655896,0.0002076121575988598,0.01663065116864696,0.011062811909905702,0.005749248058735301,0.005065715735074229,0.01992939356882304,0.009298356969034171,0.07372946246284778,0.0033725028980757274,0.006671169624050711,0,0.5605323460817166
36857,0.24626210882168392,0.0109562801542829,0.01077138499749477,0.018584991827982712,0.09331003716963897,0.03087843649632838,0.000994667451101833,0.03922109882600263,0.017539471523142884,0.002593651930222492,0.00843848137396305,0.013812674565451996,0.0015852535152834617,0.013742336871107312,0.025428687065350633,0.015126609981024067,0.07883446519541525,0.008845795432336618,0.0072810868359006594,0,0.6442075200337145
36962,0.2837697783000853,0.0041971907966152425,0.017262960802214407,0.013209448367980589,0.0831676463434474,0.004795130764809099,0.0012707697357161674,0.02670703255996567,0.012411558704565789,0.003257587352058325,0.012992488265772924,0.003421565504699534,0.010024251834054044,0.004738264232960152,0.0038488497734790474,0.007627660141431203,0.08096863949346643,0.003951865395876114,0.004692180673278321,0,0.5823148690424758
36968,0.2883977340753858,0.010740343694681617,0.018375752586043282,0.017160193912071797,0.07951031027441563,0.018839430777530225,0.008825666900846676,0.029943422042479503,0.023805996445882657,0.006423548972125187,0.011691974846320329,0.008313378087995408,0.003921006201087835,0.00993720946508087,0.03560633511297019,0.009876488366764276,0.08407050010932449,0.006735909250246103,0.018889808171953223,0,0.6910650092932051
36987,0.26643654469666805,0.006734189578765807,0.0004918625870983916,0.01604217663479887,0.0894336622650751,0.03325794966242046,0.0005811889445724111,0.016571375589805048,0.0025447194485166197,0.0064165438874479504,0.005966289574752616,0.014102699154270608,0.008595856615607175,0.002241909481344141,0.01556445477050284,0.002144740857589395,0.07142463183071819,0.008809275357736106,0.0026407509457982894,0,0.5700008218834881
37153,0.27751700743978697,0.009300544319483088,0.004728133990515799,0.015264815393404877,0.0879784718053235,0.024012163785446565,0.0020630317333792552,0.02866180374739819,0.019055847014501796,0.012231067289407411,0.011673704440636036,0.017585751728856635,0.0012528801550233618,0.010041620430308575,0.029717381914803304,0.011854538710112068,0.07943600922467899,0.005879400720814188,0.001908780300278532,0,0.6501629541441591
37231,0.26614868993271956,0.000681359904777606,0.0224445547389302,0.01881203738727565,0.09016316589543127,0.01471796431063757,0.003896190372917663,0.008701825619575738,0.014046103771173366,0.012441249240251464,0.006352191687291678,0.009203309107407635,0.007265148781802262,0.015847136861702738,0.022293670730187648,0.010265085982238055,0.07684423827441396,0.007778422462495444,0.004553482256715832,1,0.6124558273179453
37446,0.2628053451331883,0.010598683782502944,0.0005725363109283565,0.00011846604868317479,0.08197091877793018,0.02169372505908115,0.005692580200833515,0.027271409448009397,0.017752589622564315,0.01813227179852608,0.003664300652301838,0.0038053215776258052,0.005010234972606155,0.0037736141373488044,0.03015255343100766,0.0025576833343156167,0.08652369246415588,0.011903150277280101,0.0021570629854751047,0,0.5961561400143643
37538,0.28628359311833873,0.0020450317039673763,0.007961075188919125,0.02120206347854816,0.08604957515105521,0.039043881429210586,0.00046083583580866223,0.02651754066749105,0.011281171445293454,0.031778821472027964,0.006518459666507944,0.013342004594928252,0.0004749955563349229,0.0066416836730958835,0.01373175046695639,0.008270745649861643,0.07180294756550618,0.014461681400293936,0.007896759797746757,0,0.6557646178618922
37570,0.2989319881345096,0.0017100112121433753,0.012649454425752953,0.010162523668618247,0.08927793849276276,0.03841109559026704,0.010664822359951562,0.03064439880549955,0.022789322029036913,0.009331011283818875,0.009954690075315633,0.00859978264887191,0.003465871131554351,0.01726925727412751,0.014412128234692354,0.014782282699128079,0.06543461235596726,0.0010945626873980852,0.007233750354797137,0,0.6668195034642131
37815,0.2760564618502291,0.010671275679016734,0.008135788862434918,0.020874655425879875,0.09009511944910836,0.03943715143983679,0.020417129223727924,0.0353814112128455,0.005888283687386064,0.002970929086315668,0.005553995900925088,0.012347710563864713,0.0011887843343297644,0.004093810447217881,0.025801408951651825,0.007952906310358695,0.06389059049697637,0.015513944097992305,0.013912013869765386,0,0.6601833708898629
37846,0.27425749750205924,0.004190210388695593,0.00955189573074479,0.025128768930321108,0.08287228494057228,0.022320936523303105,0.006389021955667061,0.028086477957115115,0.007892670633722072,0.005619805687851298,0.0005459177821008422,0.01038449268254688,0.0002610366162260818,0.00484538720680372,0.024311678864015338,0.01131497754959112,0.06855808593469538,0.0213076399858197,0.014826799044149627,0,0.6226655859160004
37878,0.2919843941082101,0.008338074789445569,0.01015099821852888,0.0012176354119330312,0.08692162923206946,0.007641533494140383,0.0008046752013991589,0.03485891733930617,0.028780447706577183,0.00954326816661448,0.0038669436897790076,0.0009853957147763865,0.011153115009172205,0.002270358093114007,0.028951853586759134,0.002354363524090116,0.06068964130036021,0.0018788481031183691,0.011043773217755912,1,0.6034358659071497
37911,0.30415324221997153,0.0028757901488108526,0.006997168342394999,0.02422000795253054,0.09667576799622478,0.029457872736276328,0.00913082840989776,0.009148625060397953,0.004143502679935845,0.01166771201930676,0.000576585393004115,0.007725293367925496,0.016609492282710834,0.007024441710397584,0.009400912818224758,0.014071342353552643,0.08145303284794031,0.007102202828258098,0.007167028755498352,1,0.6496008499232595
37982,0.29860935081097895,0.014386584482424466,0.0017840881848932293,0.0194010324916343,0.10341830283535136,0.03247702487772882,0.008867460609814368,0.02712066502623597,0.02335668202798005,0.003728466620600922,0.007993483937822654,0.012663299482273698,0.005064815502365054,0.01773723931491329,0.0030889635432843703,0.001732459412630614,0.07591965696419473,0.010597603950575485,0.00533823547997379,1,0.6732854155556761
37995,0.2921541377065901,0.00358423726619188,0.0014659351041255444,0.017912722833859127,0.09619032950521236,0.0331623601110259,0.007305944749873997,0.023583010681753076,0.01753054722095787,0.0015304245700969975,0.01647525629059206,0.00162688885586234,0.0027867751568720588,0.011461780345881212,0.008422698124366688,0.0044119720912886,0.08911680981967708,0.006807899491637882,0.004021915170337866,0,0.6395516450962027
38375,0.261795922505127,0.014593539854854393,0.0085009312285148,0.017012842845326868,0.08288885886301733,0.03636920721174499,0.008308390704640511,0.02729236849795946,0.003961040349746283,0.006095954532647823,0.010070293790781478,0.0004870266643751222,0.013665958973646435,0.004106667472381874,0.023740236214593348,0.00514175519216092,0.07464377696298136,0.0008711841804822368,0.002843265956734852,0,0.6023892220017171
38506,0.2880587989557005,0.009303076587229188,0.013219283218397935,0.013515962153058487,0.10323989578523071,0.020416816500682528,0.015992470033882066,0.024355792456571042,0.0008705336285429939,0.00719271917888263,0.01361195791670267,0.004993152332632587,0.010620750667079501,0.014381534504805834,0.03075623966577291,0.013324292940884608,0.08650105611142059,0.004417133589022449,0.008268572496812007,0,0.6830400387233112
38559,0.2596169557439037,0.0021738576866970347,0.006070161991599257,0.012497907993514142,0.08040605573238242,0.02083513145858952,0.00232436255397223,0.022162417145976148,0.0062266746060351055,0.002167936114039762,0.014112287857020985,0.007147294673876469,0.012601667014018983,0.004984612079927446,0.02269414449313711,0.005997467279330698,0.07618321688967226,0.0010975174822896133,0.013645803231108939,1,0.5729454720270918
38563,0.30419902987388503,0.0032506660361027143,0.007292488692978103,0.009770333933243381,0.10063023590041237,0.018734288784924894,0.011561385530947793,0.02607669281635737,0.01737626675220508,0.010777977678926172,0.00947037077162793,0.01158353376538793,0.011799381770008126,0.0022104541307379514,0.020880544583659563,0.001301735305919291,0.056159044414411045,0.0011428447894670562,0.011614191387644017,1,0.6358314669188458
38639,0.2774141655359793,0.006560932015595532,0.017828714066783997,0.02319333783332087,0.08046095936594158,0.0011355159707311555,0.025316394569100013,0.029138262446830186,0.024003040912404384,0.017148109319972106,0.013243283115355876,0.003727846695414431,0.012900762178333533,0.01868935531557119,0.011829326952096816,0.006517747214948902,0.0816537609918558,0.009357709173945045,0.001224468541523075,1,0.6613436922157038
38752,0.2661211854978756,0.0005444636974734051,0.014196634764267106,0.011860558055565157,0.07972857577464446,0.019560696337884678,0.004067198859975498,0.030202938741799364,0.00972174133030183,0.0017918283702317483,0.003128231128520663,0.002328598422702463,0.002412052269319312,0.0070634790979578746,0.02377146281229946,0.006744206739483572,0.08481916831932351,0.013053838269854748,0.0041839925784109624,0,0.5853008510678914
38771,0.29864673077383647,0.004080926864294712,0.005344265278472682,0.012168776547800481,0.10917046067563467,0.013207839262940823,0.011831603486473061,0.019894136747358123,0.005373461083491745,0.0036497374088958956,0.005201663440718412,0.0056934395747619375,0.0019224273471134977,0.0009511802564086924,0.009861317805029945,0.014801256773217955,0.09005976048407761,0.0018103875793829796,0.0030755903085021284,1,0.6167449616984119
38922,0.29691600443565663,0.0034773709529384153,0.0025772200684658314,0.01461265812666822,0.09690287183901632,0.02782966062111378,0.015423795486387296,0.019540700299071456,0.015693109741545985,0.0040265174266304405,0.0037183437880383605,0.002968804552153612,0.001386708593996823,0.005708790591656201,0.002175399196300599,0.0030810500957134715,0.07257154835787012,0.005850288682433738,0.0006517861475849211,1,0.5951126290032422
39033,0.29946779922721317,0.004866931100825205,0.012881729600412534,0.01669385006525674,0.07736707790751556,0.0030261113674809165,0.004560505486302828,0.035597519628114895,0.020745389095093818,0.006287667299511906,0.007972963495367366,0.007780774392886766,0.015509271758025358,0.0035592265717432968,0.002132439600732819,0.00012153922666331701,0.07101068875865793,0.012423379503293532,0.004174391771299888,0,0.6061792558563979
39063,0.2771041137974955,0.011611165604045813,0.003923768239090661,0.02240957768882818,0.08285406380118772,0.0025599058452891745,0.018893031500848336,0.029978046508280298,0.012766701733681187,0.0031310775955272646,0.003020901116124187,0.0026166442049011447,9.459408462737757e-05,0.010475114435897196,0.004094588476313944,0.005012209296889607,0.07792581249618098,0.0059353722486929356,0.008769318866773537,0,0.583176007540675
39110,0.2780343524499278,0.007869267574224386,0.006611628439576079,0.013317506371094391,0.08974483660170945,0.028271977878876423,0.00848509135533002,0.028998670343286088,0.03287744048496432,0.010606622751684823,0.0015988341308557342,0.015704224707194844,0.00011952748429311976,0.006739042063582785,0.020441874136148022,0.003195490067732899,0.08150088946148233,0.00422322843841615,0.01827657901254391,1,0.6566170837529236
39257,0.2905452016956475,0.02493365175429001,0.013845212897894303,0.0027717810926991913,0.06875475266065179,0.0010949909028389973,0.00041255860728438943,0.028486351313556254,0.02015938082430185,0.007005551519261482,0.003805423321948826,0.0009769663576365717,0.004702213752697791,0.001982408742615171,0.01518836692605381,0.0049639954158428945,0.06509054330943811,0.002873265521997962,0.009401707213602836,0,0.5669943238302597
39271,0.2989492381319893,0.0035005925834475054,0.005421477557258882,0.007901924836814086,0.05113885134337793,0.02025567227730073,0.0020920500338773625,0.022247808959311933,0.03694704518930931,0.01567305006509974,0.015599191834707595,0.000626955600048052,0.0010565838354027314,0.0008067389373725231,0.02181329001869593,0.018280357775944344,0.07842363723234994,0.018321563789317128,0.001348345555068765,0,0.6204043755566938
39318,0.2688162747237518,0.009467542658711388,0.001235070424627842,0.0009419843482047737,0.09220657970349017,0.021284766989968108,0.002992421524825556,0.03895748026365495,0.015407417125162907,0.0054029388483018475,0.01465827970505038,0.014092665063338792,0.011540994024666303,0.002422927712700974,0.0035633055527469417,0.00929082545563884,0.06426083286010502,0.008102041117508606,0.003926601953384679,0,0.5885709500558399
39439,0.2695079312050949,0.009659630829590144,0.00023994947335520376,0.008151096296733414,0.10630084368584078,0.011818987134379084,0.0030526907496855253,0.020389062979274425,0.01764597737631315,0.009047761764718727,0.006959392010187157,0.004535540835313656,0.0070733454516089716,0.005133079697732204,0.028761098287053092,0.00012225192658434666,0.07505411291999252,0.001620331215753059,0.006040581526546929,1,0.5911136653657573
39545,0.29007431510884407,0.0037790370729010488,0.0072061280874535,0.003290310580919339,0.0947281208762946,0.012100950014437105,0.015790100881492387,0.029302548640944465,0.020022613938070342,0.008191320273336354,0.012693075279692835,0.005732417607639335,0.010439474845128704,0.005444866793038802,0.023457564009586873,0.00820509136041387,0.0672588457319665,0.011567424594483145,0.0032935950831455216,0,0.6325778007797888
39615,0.30393870380130805,0.005202121373481414,0.011229307760729439,0.013965931756188365,0.1016776432581735,0.00517775770181065,0.0042428364862703944,0.030345331241658207,0.015603406604178855,0.01333019191290502,0.004669797864893939,0.002613175578577626,0.0039480251831201345,0.01691707016041621,0.013732445919587926,0.009164554266664793,0.06752168907178231,0.009732057605494691,0.006497331998909617,0,0.6395093795461512
39664,0.27414448668647934,0.010711742193265305,0.0011826432623105022,0.018536244543986065,0.0894358497807062,0.022575436329366403,0.00716559368668857,0.03228181039839868,0.022134471184141934,0.003159383068701236,0.010232028516988553,0.0026349310354846067,0.0009549860028446111,0.013224660673259732,0.004582180693811942,0.0030742062065269404,0.07245176591377185,0.007810792250794998,0.0070338470291314665,0,0.603327059456659
39714,0.2885766806995834,0.018151622402713067,0.005086827152583052,0.01771944947734734,0.08795555701453403,0.008265199029265053,0.0075913548426017816,0.02584715231125739,0.0038921091647577317,0.009692247849256192,0.01187433371710451,0.003040318189043912,0.006186484538371664,0.015267679219581732,0.0092073111233906,0.0019676629811978793,0.08389519436137313,0.0024243981017620696,0.0008632986600772944,0,0.6075048808358019
39723,0.3081827937755534,0.004762969866928638,0.0246067934911765,0.02371974414209497,0.08950536444851638,0.011756222389357439,0.004253417321909515,0.039856787990462855,0.0033160666465110724,0.006789861189286783,0.009352739417859062,0.010383642429231182,0.004515938732893038,0.005021424266769731,0.011179191930572284,0.006536408370515308,0.06974211499559399,0.011660379829563448,0.005590830527539752,1,0.6507326917623354
39729,0.2771446768091854,0.008901276986639353,0.003757546046020496,0.01965532367412363,0.09539709449102182,0.018447566440751326,0.006445363430029743,0.01667956612280481,0.0035754065703872584,0.009794180819706177,0.008104883110822672,0.008774219266489433,0.004553341888923504,0.01551693420814342,0.016126768723214214,0.007263861717510811,0.07033966577342161,0.00037177221766641785,0.008110324089552175,0,0.5989597723864143
39764,0.28617050950171713,0.003291196263595948,0.000552639555399009,0.008153936900847088,0.0841772345720765,0.015918225075770804,0.0015903377553072643,0.011271254661061183,0.007645941213607926,0.03045378321738689,0.008724375356651895,0.0034645543409157482,0.0006510112511044953,0.016136399555642257,0.031100226454226214,0.00578874680621003,0.07024696149105705,0.0022536209887451058,0.005625363631119756,0,0.5932163185924423
39845,0.2620747715423776,0.0002710485585459861,0.006068365028475722,0.003353179720683189,0.09556140588587064,0.019932715075810747,0.017490968726014,0.02809378675507277,0.02520118469425329,0.0009440441025041122,0.010970191947715155,0.02317113027364207,0.0006481254318724249,0.0028005990912025507,0.014182306178955627,0.0012395248771545893,0.06777023120700054,0.013384769487326715,0.01571360777751618,0,0.608871956361994
39886,0.30490484522424155,0.004571794341293236,0.0006309671676346537,0.01272467296147592,0.08461602903802073,0.016742323068981903,0.014116874727204385,0.03137661963849067,0.005796356462867155,0.012680083122502244,0.0057419372427911855,0.006726438430314359,0.014923076017928834,0.01063503136246658,0.019119853914105155,0.0024218538098809803,0.07099169368954804,0.005979387696800593,0.009507397020845944,1,0.6342072349373942
39915,0.3002777709829348,0.009126898470796957,0.0025553367223815258,0.022869951860437637,0.08498413701973062,0.012838097303115756,0.00675092542394224,0.02435865384963491,0.0015513744999367742,0.007846340238741858,0.002643898794565617,0.011427309445515023,0.010028321909783462,0.004126369895874081,0.018804604143180782,0.0022094990471987082,0.09058958034406082,0.010919932002004506,0.004854003978800686,0,0.6287630059326368
39916,0.28786677054726434,0.005717198453462742,0.0033884000519653038,0.002253472572795774,0.09353373520779684,0.022591807662996077,0.016463808296278398,0.013738575457968152,0.02279476013867988,0.00885471794001989,0.019874647174937903,0.005361321204127245,0.0013708231105443538,0.003861928849330274,0.021209287589646148,0.011361176829713748,0.07748257735010658,0.007916575922084538,0.0016459773601638671,1,0.6272875617198821
40056,0.2607991420467183,0.003566677387975004,0.0015908492535254514,0.027552582450566868,0.08518918103204404,0.02778640633112116,0.005041729779667446,0.04035279274913749,0.00954083219675708,0.0020592251607804554,0.020320382178902897,0.005844668920787299,0.000212945906946149,0.007827284250303535,0.017261579870016388,0.0062768412411729,0.07504668888068146,0.005709136617154022,0.0005720416951842789,0,0.6025509879494422
40137,0.30109483969098744,0.005289806092613904,0.0019971173530417647,0.02331861109179348,0.07570730821693752,0.010995034252654348,0.0024554413862630997,0.029203567221525555,0.020097009523522443,0.00882598097462283,0.0035563637540564266,0.0026801642118683424,0.004128318115249452,0.008023333283639562,0.027251024487267416,0.00894788943507541,0.08122007244426566,0.0030638926387138946,7.63323447704105e-05,0,0.617932106518869
40461,0.26028543236058227,0.0055999082321300355,0.010934744092702798,0.014843422760415137,0.08193713503124896,0.027155196808500714,0.0032749037197965635,0.039498564308427346,0.0197882917468524,0.00018869600460180662,0.013128466658191323,0.012119439337992243,0.004007656107326224,0.00040206830033101505,0.01439028756857542,0.010311036754854772,0.06704817282062271,0.005318154274771618,0.003133147525367435,0,0.5933647244132908
40557,0.27733474312252565,0.007989192659513221,0.01432306810776998,0.023937858760124043,0.08903507600424442,0.03163968408935508,0.000898127172515149,0.032777092751238156,0.016403560216777004,0.013925469597346857,0.007798278151465981,0.009441720212525836,0.003772262010333388,0.0029606362209386697,0.008832170138099869,8.416217159980043e-05,0.09108446332362419,0.012486013465450991,0.004518737798694885,0,0.6492423159741432
40572,0.29502302069941067,0.008782779190690487,0.007292987142153589,0.020765981645981306,0.09657438996405779,0.02282921333853642,0.0129234662473186,0.01890673035054549,0.007514633554195152,0.0007885690145915657,0.012454360690144162,0.015476959383144237,0.006805299254543077,0.017681005033215458,0.01895517798072548,0.0086855424565629,0.08416256761569757,0.0025498869880884083,0.013542977405939972,1,0.6717155479555423
40595,0.2931889398696778,0.005236690139629282,0.004969039559406504,0.03877066594936857,0.07356491942246246,0.019495314368461473,0.0030765272199119722,0.026389773306857475,0.009728312420669242,0.008923810503202245,0.005416577863876371,0.003564333243609525,0.000553017539069113,0.006281050638483211,0.01949940060326702,0.0064993310771616465,0.06553163204201394,0.021334625425417246,6.357054446472544e-05,1,0.6120875317370098
40647,0.2667765625615701,0.00630060244887031,0.009925265344592349,0.008691589315355316,0.09431421608370819,0.014681838295950262,0.0021220612578265966,0.021798695525040174,0.017110117667530393,0.007840783728098901,0.0012036618982613915,0.00529909937000482,0.007513990219569474,0.0038106862114669496,0.031548751131661605,0.015266496519302791,0.10052984122662255,0.018257615039113537,0.004538030483840564,1,0.6375299043283863
40709,0.2988402227001426,0.0027673942696044705,0.007881901493980863,0.006114396639035386,0.09396730259847776,0.014013944934572002,0.018505342418591704,0.01336242524358555,0.01211604315509081,0.006523159549125388,0.002663808662735773,0.0009104643964856365,0.006586455519116998,0.01021008286566754,0.011462077583677642,0.010856383166251793,0.08067628373293982,0.01000269549715997,0.009249288910592955,0,0.6167096733368347
40741,0.28681687516275656,0.0014587315113871666,0.001574459279232404,0.017447081571643194,0.09470205739703508,0.015572942371621303,0.003265741046756855,0.023838001116319955,0.005233526160871547,0.008519622285404408,0.024027994776757874,0.010450984583378495,0.010073561236022953,0.006184371357770717,0.03858324718522136,0.007918382336768072,0.0897720686717237,0.015469077790450784,0.004133684230442599,0,0.6650424100715651
40953,0.2921523412281503,0.005670902461860802,0.006759490852728747,0.00882844958014529,0.10308767957306181,0.02223940900866591,0.004394984250911057,0.027260566407695704,0.008077304400539928,0.006057146980135049,0.011993065096559011,0.009711596169241603,0.009944805162272191,0.007624020218947673,0.02136157883926384,0.008501725071835912,0.07294697630818588,0.011379474188885023,0.002390048676730421,0,0.6403815644758162
41030,0.29626289357956576,0.005712529801798088,0.005530513092209007,0.005237348279079333,0.08145471037343467,0.0071576980539309314,0.005055545577088129,0.012757814111629897,0.021161944879545754,0.005514324886074757,0.0017122589789397972,0.014372451110902084,0.000444936109223248,0.0021848273824770894,0.015072371475688372,0.011444918143501688,0.07932107892743127,0.0023042821919059694,0.020778812648272825,0,0.5934812596026987
41171,0.25585978645736673,0.006253668823979554,0.005574932874916529,0.012641618183915095,0.08455987336926869,0.01895839434855783,0.007566917705432008,0.006242892615220409,0.007341102159700458,0.00024138523795494635,0.004640494148780329,0.011393391483070075,0.010809881038768633,0.007600176526012713,0.017423825532436474,0.004282162451076035,0.09230839393905212,0.004197594889008439,0.004911970730544788,0,0.5628084625150619
41206,0.2642592719282759,0.006666564848338873,0.0019891438491667418,0.025961150313108045,0.09069136693569073,0.01694033161104363,0.012330048296112514,0.03018862546132344,0.01672283985187872,0.0025391048985964936,0.014018497615178156,0.01437244100909663,0.0003941525760900681,0.0012540865105109494,0.014666836986341001,0.0021777590994633378,0.06679697183133139,0.004719626651869572,0.01005163026289347,0,0.5967404505363096
41283,0.2539081313983904,0.010807740376774101,0.01062631126462393,0.015974300418846524,0.09376777501634219,0.028683009710694818,0.0006581153112595736,0.018758340218285915,0.004175132175534283,0.0025768008795260294,0.0010377659454853686,0.012041356438631128,0.009812053851146954,0.013716203960931907,0.017373824093540918,0.005473274597523201,0.07650342892479586,0.006401529582278706,3.4070340724058076e-05,0,0.5823291645053359
41313,0.2762832646413883,0.010521159458095708,0.004034060532750908,0.02148436054948677,0.0795578569222465,0.010859042667839174,5.017499467809962e-05,0.013479690813078486,0.0015255637405350696,0.0008072239070848705,0.007632619287436741,0.0014466891507680904,0.0018430094788385767,0.006977371275121931,0.017904699383604113,0.007171378959722594,0.08412599118538726,0.006892597375888743,0.0005465817225685411,0,0.5531433360465204
41383,0.26248112183004524,0.013873846648392703,0.005706153807856806,0.010209746365940247,0.08847152215937115,0.025368158955107672,0.0028713364845706422,0.01587934746448397,0.013120175499535348,0.009710589393351706,0.0023372568360514297,0.014799193358869263,0.0025333818485087233,0.00523447338952243,0.01062477704110562,0.003411639199560129,0.09253784207184075,0.010000152310655064,0.017557878544972604,0,0.6067285932097415
41415,0.2799844974052477,0.009060260566884972,0.007368548344060321,0.017727642384068466,0.07339091250014959,0.0050500620633521925,0.007515737526851493,0.02718721530779156,0.02151092383352854,0.006549812579060425,0.0020675108795227656,0.004122395882099103,0.004954367941182734,0.006256509653756218,0.023882735250503453,0.006088330338549158,0.08107954859865943,0.0008474286249558269,0.005114753134453226,1,0.5897591928146771
41459,0.28573191556718647,0.007158383833191619,0.0006520675183620994,0.010039929082603913,0.09285121035239753,0.008342719178881252,0.010617573018276146,0.028248381240347994,0.014776437461439704,0.009409160824918644,0.010749007423380058,0.0037961729587750875,0.020033071671152133,0.003325706710801385,0.015098435202335317,0.007688735573539545,0.07823409313479816,0.007398706052494661,0.017032039918607054,0,0.6311837467234888
41468,0.2876014118618283,0.011879889470142563,0.002144818142246334,0.010041185296597605,0.07357473474032099,0.023182802522659935,0.010433907338798854,0.013853652863476049,0.012709671478074246,0.015296660190942174,0.0014984413975687838,0.0019712338988998822,0.0073417478965748535,0.004291491328512469,0.008726346046641575,0.0006018383667718501,0.08618345334062125,0.01247552786715283,0.0034970834914132332,1,0.5873058975392438
41478,0.30767077734604803,0.002862406050530238,0.0076543715625568935,0.014355704525997808,0.07490461490002033,0.03369255631762294,0.00984336441573362,0.033011807024932886,0.0030987958908957557,0.0006605891274906493,0.007745453347618921,0.004391708889447208,0.016643001844729277,0.005549571630863246,0.015752598845331242,0.0009660768660564089,0.07382783244392786,0.0012574925500244136,0.0037086696269741436,0,0.6175973932068018
41584,0.2445971846962028,0.0017397923680435364,0.002285297393301874,0.02416298654659263,0.08432113163899632,0.018270581331831296,0.012375394756618054,0.01966921243125087,0.0013705549996607534,0.007260211259014698,0.004358354639127809,0.004345133465800735,0.0004660122641365706,0.00043790413342463823,0.0010226975174790261,0.019492981466688753,0.08275163319065808,0.004579737247645394,0.003941815400461192,1,0.537448616746935
41618,0.2762569796891321,0.017784094967234616,0.0036132008270255743,0.010477165943427968,0.10420398763081057,0.02436011318378167,0.011688118535624124,0.02106753534075166,0.03313715637717666,0.0033715719875890915,0.0009374952058965487,0.003634996888454785,0.00957798542317193,0.004560002870856414,0.01973109423193984,0.007635608552184444,0.0705070618283807,0.0007338322841120941,0.006510145678436537,0,0.6297881474459873
41646,0.2816569478286521,0.009545377743961555,0.006719297237319477,0.015092244345485058,0.09783446088919091,0.031675700007156284,0.005226560366154168,0.01699064312624001,0.013371281346654966,0.0015048270775104534,0.01124905509467512,0.007749320873644223,0.007939468879748748,0.004971001271281726,0.017706434511046903,0.0051949851032952596,0.07096927556820175,0.004254360592125769,0.01224385198418689,0,0.6218950938465313
41658,0.25303399058543513,0.006364923432493156,0.003208605703950044,0.004680737441528301,0.0875415253112015,0.02354034350089833,0.007728519218642406,0.032304707692159686,0.03483863721315588,0.0068086143100444555,0.011442970935216268,0.006815004277499283,0.01102635192790352,0.007889074463285213,0.017579401598314986,0.0026252184804210687,0.07177152097491617,0.00346084974546097,0.00897640320710804,0,0.6016374000196344
41763,0.2930554336594272,0.008369982637762202,0.0060112521701942935,0.013935305510368768,0.07627822277130904,0.01607871976944082,0.01193489654923532,0.022819083884242104,0.0052350835459112725,0.0007423767542514787,0.0041094569267946315,0.0014907044980391284,0.0006629106881367052,0.000682794287187339,0.011121354115150143,0.008221694570050262,0.08165106521913039,0.0038504055005568285,0.010297976631491648,0,0.5765487196886796
41784,0.2866173951574422,0.011104887248819742,0.003111723505273996,0.00818356245914213,0.09083483625849684,0.02789773696338236,0.00415839043719853,0.014406120847297222,0.018490551199263117,0.009818333900098652,0.0033365491055583883,0.0018792950318906843,0.003750480037020095,0.002295644581891118,0.01976697982175617,0.009641272566907869,0.0767180702599748,0.007802983346839567,0.0056669263767424385,1,0.6054817391049959
41794,0.27531681794637386,0.009633696668704747,0.008447898517860384,0.008099137130498514,0.09058608379284709,0.017788725419860082,0.009646330872301817,0.031506317205829554,0.025207848724601755,0.015899297974382862,0.0016197794428328108,0.001764556693973614,0.0015211031986797085,0.013355044680696138,0.03387417013617118,0.01112494189919662,0.07156189659527279,0.009227251579151849,0.0023888007517760086,1,0.6385696992310114
41985,0.26736893680046053,0.014469157491436062,0.00708020073721037,0.023992037017690142,0.08496301564628053,0.013605797878683152,0.00109616737589844,0.034499618004169244,0.003562003079012765,0.007148936847598291,0.01470276745824365,0.004613173429707718,0.007124054384092291,1.6466285306417553e-06,0.014651916886062981,0.011752675525417871,0.0772710252551757,0.002984585342064013,0.0048216171934375015,0,0.5957093329811719
42028,0.28108213447448827,0.0102672023387018,0.014341403248415745,0.011836796100046506,0.08716181418241953,0.03330785813507498,0.0035310947398875807,0.02560425054084001,0.01820761953085323,0.0022394990901401586,0.00827221084753109,0.011589141842670804,0.011464230302319118,0.00253162871500102,0.012368231491459589,0.026117105263581693,0.08506652602843855,0.015627751913337345,0.0020488218366795184,0,0.6626653206218865
42045,0.27799893959608807,0.0022098549176783142,0.019021749065107656,0.0016191561000211136,0.10714045430652697,0.012160458602890958,0.011346498749685085,0.0348606723853978,0.01852587724745247,0.0026276965738350373,0.00864160093874843,0.012064463583948271,0.02375725977783943,0.002716437116400337,0.012718302623566278,0.006800554683561946,0.05807046154388815,0.001284320068616687,0.01768140920112607,0,0.631246167082379
42062,0.26801675320629753,0.00854626630075731,0.0007940272001633673,0.0195271859657265,0.09494593419204919,0.01405522357427409,0.0045924655323727566,0.030343090636112804,0.014271696306083393,0.004875952150522328,0.004721031902599541,0.005841155624437279,0.0026053097491527434,0.008558021646119058,0.003026060389208514,0.014421033712280491,0.07019694282107454,0.005820877684921323,0.00183531502138695,0,0.5769943436155397
42201,0.2612205912755947,0.0051215457947345775,0.012845571280136362,0.022154344506694762,0.0915088607026809,0.025607554801560843,0.000986536741231293,0.0323518647726808,0.00908805677985858,0.008218243767193283,0.019227226966548078,0.0018710044257017494,0.005348819081108121,0.010169416758022822,0.014213989778044946,0.0038991527801160563,0.07493962193168087,0.008516016770829426,0.004557293781825127,0,0.6118457126962433
42209,0.2786961855443442,0.0020358867726720143,0.0011153982817153959,0.017577426971546167,0.0937990573065988,0.01758169324833903,0.010674871711962478,0.016026849860146027,0.01210146599601025,0.010275282941773626,0.001240201529775016,0.0021478101956257743,0.004556181272652724,0.015231854941313195,0.010086925962112778,0.004495925231392964,0.08488510237161459,0.0007399693534732967,0.005166704418248323,1,0.5884347939113167
42225,0.2824164140138688,0.006182169943397106,0.019845496337866038,0.01699660385150631,0.07806679837085777,0.018008359747316734,0.00903525829909574,0.02501211560531704,0.01507093337216379,0.022816275969368565,0.0073779210039174046,0.00876737080116048,0.005162588320818644,0.006550993246657058,0.016965214494892203,0.010761649096530214,0.0830025289368755,0.0012311319725139607,0.019369379991946302,0,0.6526392033760696
42276,0.2837012800761183,0.004592456412997631,0.008284105487517644,0.004598726755372711,0.08050408043121765,0.031238747863738137,0.0005652044176603659,0.02942026119160914,0.01612682241419502,0.011611543968740574,0.007504258166075193,0.00533914870056098,0.006423130147423924,0.003376881331709483,0.018795663241156533,0.016289256509775127,0.0755966134997291,0.00042362523006969475,0.00974250140251432,0,0.6141343072481815
42318,0.2667519635461244,0.0011579666182345626,0.007426245538170474,0.019112832142551075,0.08344146666228142,0.005476365033643446,0.009195705831427535,0.025484671485231692,0.021110734202243634,0.003163243074411763,0.009475238432350376,0.002299414441770385,0.006538225294529891,4.8508289041015444e-05,0.010751656311822873,0.008113268368787178,0.07071752824300556,0.009182990267317595,0.0057821029638113535,0,0.5652301267467562
42338,0.29158148428379094,0.0016243848410563686,0.00517246217407545,0.006505734720107697,0.09000746489355614,0.0024788630759851405,0.004901901883283545,0.01668417436732695,0.012014537515126177,0.00977568593838153,0.0017633937899859846,0.006869816158444257,0.0027259594436128682,0.00010824349751901902,0.0027646829765346406,0.007722148763357696,0.0786580991216449,0.012051696348103585,0.013823406607462679,0,0.5672341403993556
42430,0.2893266760755156,0.015421302615654562,0.006058738535164039,0.012185622753141072,0.10373719022868354,0.034256053558044085,0.008145337666944977,0.018673878795885075,0.02047901065733843,0.002104111130249479,0.0029657931038678553,0.0081836654231325,0.0076258643397797915,0.0035337424190428892,0.020647332460718055,0.007808822663764453,0.07855053064709899,0.006166938984909683,0.013754768421465209,1,0.6596253804804003
42444,0.2756858164154754,0.005397369816754043,0.004780980008629987,0.014382888658440007,0.07383254649707338,0.020887320449610287,0.013262199598420388,0.02064611564904551,0.011366356904049323,0.004690588977706843,0.0044326516857619985,0.007280454298445281,0.003920918638135415,0.0060266635636689134,0.015203837656761001,0.005453717759359838,0.07268278163953742,0.0005737923908678091,0.003248921418881057,0,0.563755922026624
42478,0.2782640772599411,0.007026626557219425,0.00495478655575482,0.02924291793725419,0.09577808626811334,0.01185355557744838,0.004391225712217818,0.03198787278839662,0.012586400961470151,0.0019097192020545177,0.003455858736849427,0.003441988436599031,0.009877294509761315,0.007745249261101241,0.008170970733936377,0.011567272398026143,0.07155492672063206,0.008588802860927178,0.018803731224500065,0,0.6212013637022032
42480,0.2843004798021212,0.001298858324941727,0.01090707577978285,0.022096184069763315,0.10271341775267118,0.01996014790952749,0.008119508491962284,0.014713741935407672,0.0037577552008561076,0.006541839594082532,0.0013872022813424258,0.0025639653299802875,0.010249879987566981,0.014469253242913363,0.00412711112835567,0.00527055232799337,0.08009716152722365,0.008466872263541314,0.009642929180911305,1,0.6106839361309447
42481,0.2897977783284901,0.0021389671423957227,0.006476651811396393,0.0015912716871401347,0.09512552895229247,0.030063191466149393,0.009538047420661269,0.031166922973556065,0.019773291077628923,0.007385650687197628,0.002414928564913379,0.0033908764566939987,0.00355278922192531,0.009266173070962532,0.017305664220463274,0.007482830569935044,0.06471930420761977,0.000476795095339051,0.009463801421052923,0,0.6111304643758133
42618,0.29276263596136703,0.001704576025196784,0.005644475117259502,0.0037092509444377926,0.09754224102991296,0.016717882790573582,0.014026107535369266,0.008124211855488882,0.013239414382379968,0.008008138639344022,0.007016521708189185,0.004096152594829577,0.011932812458801375,0.0013393539971774985,0.01271687840393853,0.001056074655530369,0.07016509178646249,0.01711314690506772,0.007200904236020337,0,0.5941158710273469
42683,0.27209023960614453,0.02292875367664841,0.014869217361321341,0.006697923036902975,0.10046981011151375,0.026228591121104046,0.006626882939932107,0.014108683567785583,0.015742544323449126,0.003771038545811314,0.014334584546783602,0.005545110758549253,0.0031154820568864263,0.004608685083813061,0.01472945695137156,0.003721888888608846,0.07225483700664036,0.0053790597068515186,0.004285492337540508,0,0.6115082816276584
42686,0.26993656468577304,0.0011964542348474644,0.006037481507721697,0.019752738966172457,0.08922153841813756,0.03929088678059563,0.014156005510195404,0.027857106638022624,0.008547529439405838,0.0016706959485691835,0.0011036919072175877,0.006023044256288864,0.012417366010131593,0.018903128693934658,0.008525979404530386,0.0050517207462935755,0.07854442976272491,0.010397420556186681,0.020240978972762023,0,0.6388747624395111
42774,0.2726434948852116,0.0009028346139845122,0.00611298890326797,0.021228453305043447,0.09573010645419495,0.017427537751680575,0.002594174951431211,0.024943134612339466,0.009022027728053095,0.007625759389076557,0.008971184483678639,0.008738867511565598,0.0076870507793246525,0.011348255362518586,0.01964597390884514,0.01638384750192479,0.06291784589014952,0.012355943752116348,0.008897266636817357,0,0.615176748421224
42887,0.2705260977384498,0.005830289127698171,0.006283977438353761,0.027120080090132438,0.08134172534311815,0.01067260935794649,0.0060461180664006485,0.020689198038830858,0.009251282427067145,0.008778494712700277,0.007912162884707424,0.0018545691505641305,0.005394729779224689,0.008269278692337335,0.01285185860561243,0.0064718150192883996,0.0622957155132788,0.0022599618607574362,0.003923450967531764,0,0.5577734148140002
42957,0.2724972632357126,0.0018236544092908235,0.004088728088480554,0.019662630809183734,0.08417161236394016,0.009964028216770641,0.008386526447778504,0.006642497673031819,0.010189173835636927,0.0038395652858793676,0.011294329609231359,0.00824698999619432,0.009266556250092772,0.007947333885269536,0.015531300250727752,0.009387611616859705,0.06792756408398745,0.0051502179658833355,0.0035899072343446186,0,0.559607491258296
42960,0.27711104934363945,0.005912177185202594,0.0008651219409649226,0.00448592588828166,0.08953188422721547,0.01415175839277394,0.0029972214607671345,0.023312244056870723,0.003816122191349497,0.0009499306199739301,0.007292517971421353,0.006924865956704652,0.016614324667280425,0.011903316534643951,0.010112955875941248,0.009899537861945975,0.07561203501002017,0.006536667606905474,0.009049134214166399,0,0.577078791006069
43097,0.2624036326273486,0.002575920990749941,0.011173141069565764,0.008882409224733642,0.09645576861693474,0.02009854281009246,0.002086109196524124,0.027113602114368696,0.022329367550521177,0.005704432662276375,0.00428842585048619,0.02404111390034965,0.01630936266462527,0.005994980419440173,0.016931400304323222,0.007466530938898405,0.08006921735399469,0.009938836558184614,0.0027842836509390893,0,0.6266470785043569
43178,0.25978455047671917,6.292545349427887e-05,0.013155410458079636,0.010074645226565317,0.08396331121033089,0.003276359193420008,0.0017397054537760842,0.031037824368663453,0.017546671157143513,0.0015280505764948618,0.011038875178419108,0.014714779196561518,0.0008424282832415092,0.004391383112577214,0.019342606028392807,0.0035534257563850096,0.07533849415436146,0.013312744184188985,0.018653750319084155,0,0.583357939787899
43243,0.2997575437824276,0.003528379828116789,0.008030990322390566,0.012322660405578265,0.07845606545385012,0.020894028397608393,6.021586788071151e-06,0.016739344750978317,0.014492040003707013,0.004057655420701319,0.0039202490288962385,0.007222898294850743,0.017171992679829783,0.0021553253647619702,0.014492766632193645,0.006546751366230224,0.07639490269664287,0.007446931761326337,0.004154184051523083,0,0.5977907318284014
43287,0.28388291259676196,0.012474952576330063,0.004833364903453191,0.021167414130485597,0.09683037465694067,0.033848438100634225,0.00043361861741465833,0.02073346782591243,0.014929809216785814,0.0023419485637357095,0.006655681094059898,0.008407736599075398,0.014521478695977579,0.01987237210313196,0.018773313288775864,0.0050595877228345534,0.0725000960842739,0.021894720762996096,0.004202881927492242,0,0.6633641694670718
43296,0.2824314408417468,0.02319672370290979,0.004233653779053423,0.010295313061011009,0.082078166488972,0.026830772271120403,0.0015547516692409147,0.016519880016358433,0.01794325971354666,0.010293334916242144,0.0003485800063761509,0.0010770793732812652,0.010036072805814875,0.004687317795605647,0.009622211293506957,0.009144945015381895,0.061040595125589535,0.0077892698016227314,0.00017876252490874143,1,0.5793021302022894
43442,0.2664888984698381,0.0065099652800926075,0.008396664727734973,0.01113820173654052,0.09771398722636734,0.018750925563440952,0.008661114752304015,0.022116549642265785,0.005164225130471116,0.00889212454534152,0.007852927763609869,0.004520995428157961,0.009504952189011664,0.00909013785800523,0.01877305667580074,0.015072909336846494,0.08733359927534809,0.005257827697235067,0.012651477333533842,1,0.6238905406319458
43506,0.2676804322100476,0.004858471565432996,0.004177390958120652,0.021686857518067894,0.08256944086800898,0.024737515994838342,0.01903097447925459,0.006516326544611953,4.4942908674067845e-05,0.006034512300103455,0.0037981664244570545,0.00014874896364376768,0.00556440593938477,0.00948462904990434,0.024677359019486263,0.002389782161890129,0.07448423569106256,0.003423329884996069,0.003035360073867822,0,0.5643428825558533
43741,0.2954203953515696,0.000899870376129369,0.0006327490916068932,0.008546504346642518,0.08334771899319791,0.019576412949103037,0.010562246995809722,0.02754804615071303,0.01431670036358265,0.012532605337495355,0.007432589952934362,0.001249670452294235,0.0009186567896925465,0.003778034140105755,0.011801443344106415,0.008938344895429263,0.0837527988553308,0.008962532393692149,0.013867976283393826,0,0.6140852970628294
43757,0.29474563176153273,0.005229989853322243,0.008691355384870704,0.014737303349689732,0.10074498045221646,0.027556870679649435,0.01162856071609287,0.03450838048325653,0.015302527061414493,0.0037344911160307843,0.0017760386037388887,0.004167477324317119,0.009937704828717054,0.0014353674904595448,0.008743856972188522,0.010428627458059543,0.06991650022828234,0.0042869127226421765,0.005256431185986622,0,0.6328290076724677
43767,0.267810431000114,0.015003295659966772,0.017272109644274895,0.021301313438083305,0.08349123312963332,0.017920409990134663,0.0010576970791378332,0.02553759288940511,0.011585583185754292,0.00590209903458042,0.0017706621629835918,0.005309424459197644,0.0024401741758686857,0.006003353601819541,0.02254012868204078,0.01459382205061295,0.06878003108612665,2.1028454274631088e-05,0.016249802641945872,0,0.6045901923659549
43877,0.26086073761834677,0.0025567916934799463,6.814945222835322e-05,0.024764356280169948,0.08740311179116567,0.028473240742836945,0.005801126312433138,0.026878075981839476,0.027421683376352424,0.0076905098383815125,0.0021494704497311426,0.0009543624153681284,0.002962399438044817,0.009789571453280823,0.007140256927180032,0.007835748689083986,0.08897501714973631,0.00808251721482182,0.004569129156546855,0,0.6043762559810281
43912,0.26593861523223034,0.010619398189797182,0.012819195935993996,0.010903524127764649,0.09911551361933917,0.025422790314432613,0.002973875909440401,0.014502396684043854,0.015714747360866352,0.012549546824113737,0.016360857658273987,0.010351156460725224,0.00422839090426402,0.003224750609249647,0.02632722889988755,0.002754148106333044,0.0793421581712981,1.831566867149064e-05,0.009378755631548358,1,0.6225453663082737
43971,0.3047481938039175,0.00471964770812829,0.0054693737339807195,0.026661115537021052,0.09636513722891542,0.034611964893090055,0.008190857433451652,0.02928857734443582,0.007116172010012355,0.005879645891238057,0.006931979650080291,0.00807248888284651,0.008565237131103062,0.014305181326045425,0.013290243095902278,0.008739985783823165,0.08383784689414298,0.008613363510305496,0.0022427736579404807,1,0.6776497855163806
44120,0.28626673980772355,2.625321781696295e-05,0.008967547315791491,0.010534731127410471,0.09812801568780316,0.026832534159047117,0.0050747666664888854,0.015107282629663803,0.014412001302222277,0.011820418357692396,0.004020548634936309,0.004810023307923261,0.013251999303135337,0.0047147270129849,0.016621817056981333,0.007918125279382113,0.07878071876242287,0.0016135657215354156,0.011747589138386317,1,0.620649404489348
44160,0.2722198535025461,0.005304020773405191,0.005670126661379008,0.009905172953418142,0.09585144460185714,0.029018205525306442,0.005512997230345401,0.029611378577340006,0.0032047276884961326,0.0066950557647782434,0.0019137004970767716,0.003267168324899776,0.005118422622937525,0.0023686100674891715,0.004446988192223306,0.012413262343959551,0.07594543567133256,0.008319864337237677,0.00020076566434430962,0,0.5769872010003725
44161,0.2635447954974949,0.0034604630138545486,0.0033041484196861875,0.011616939896941838,0.0973326231872017,0.024998210350371072,0.014666601672114804,0.01437442857403708,0.013533268847249171,0.015401983251381807,0.005782309148571259,0.0046183499143448185,0.0036702563026275374,0.0022191686552676926,0.016575236440041566,0.0006656863352627407,0.08962348645980578,0.003941828482423345,0.0025619305607105895,0,0.5918917150093884
44195,0.2715364983865078,0.0020681448713157306,0.003297321709825721,0.013445859207829728,0.08645166396972087,0.022942552027657374,0.010419466571065952,0.03348516815464321,0.016846512502274154,0.009970964947212193,0.01384987736181471,0.004781211670356557,0.011029866431933894,0.0028812947411133954,0.02583610639044226,0.0008411613733683586,0.07666968510146313,0.01117627521001278,0.0010001247531504773,1,0.6185297553817083
44294,0.26663620049774295,0.0030315972560691785,0.003449097829778184,0.023133183120265355,0.0916205727576828,0.027500549905320436,0.009001654475695968,0.03384766248001829,0.02189716791036936,0.006632854215747825,0.006502360459698353,0.008298756390109126,0.01433508207332276,0.001495115437869453,0.022113864173195042,0.008076665189476655,0.06627731368010861,0.0034175503576752784,0.00699577730734242,0,0.624263025517488
44304,0.2784698017009106,0.003344052920111743,0.0006204977891816322,0.02334565558556319,0.0873948805461092,0.015606795553247111,0.01003359348761626,0.017029100748501752,0.011304439211821423,0.007405109908334334,0.003709303400257715,0.0067914464328005944,4.3795809141526605e-05,0.0028281941204247292,0.008859713179220357,0.006316665531580807,0.07524219936377373,0.009861825764358892,0.012466885149911237,0,0.5806739562028669
44442,0.2914365452884004,0.009960779363285583,0.008004106824045294,0.011794925404496285,0.09003546569779546,0.0339049659717147,0.007119570187712899,0.033221409386357786,0.015222524393509233,0.0013436718601524122,0.010022433539499246,0.0032496152754545762,0.006864374052091455,0.002599424824784279,0.020888147115961535,0.010957607316359677,0.07658615564928704,0.0012285994202417615,0.00015160682490469917,0,0.6345919283960543
44524,0.2949038708709187,0.010319107737266912,0.0003483890030989535,0.014998158749633131,0.08358841486656361,0.008208266558361316,0.005052109058756172,0.017841793711072924,0.019849171040522993,0.0015691313241836594,0.0020485398791335236,0.0005860841592159028,0.008591321738287376,0.0018424403923392155,0.024635260751462155,0.0035339984050776303,0.0713241851272386,0.010143719837050558,0.0007745202527869099,0,0.5801584834629703
44546,0.2815861619918707,0.009346688771345774,0.005016856240588029,0.013436404540369755,0.07407977229976237,0.026934271495761948,0.011418731639941762,0.024582385337901413,0.013187875999865652,0.009112380178574983,0.006151187633678624,0.005378952706675827,0.012007772576615401,0.008955939271655474,0.030727476430708493,0.003120495879210896,0.06819246579379429,0.02084226373395887,0.012230131748370055,0,0.6363082142706503
44648,0.2898003300443519,0.005200805986165502,0.005305409413870111,0.021366109666887803,0.0832721827835848,0.030595807495464897,0.008068347268583612,0.020456087267528174,0.013082492867739071,0.0015280025170957914,0.004359090389478515,0.004872973749227187,0.0029351702644429597,0.00951751115284722,0.016097640643381372,0.0036676301456028404,0.06020182858773399,0.009512790711453513,0.007680047758458187,1,0.5975202587138975
44677,0.28994931182957223,0.005850318151540168,0.008789445854118783,0.018370696220144266,0.08480569699885386,0.029643196789136832,0.004322310916937659,0.013136949393698487,0.0016971526928949968,0.009533029331366587,0.007969337543299789,0.0043431482575649345,0.015268984304123413,0.003637868497417362,0.01046586646612056,0.003979589721032316,0.08154420170058374,0.00015783220019675571,0.005081734209804661,0,0.5985466710784074
44927,0.2926781040546137,0.0014877563356916418,0.011574279151981736,0.007016674296143323,0.09568231556186553,0.012305156725578307,0.009165343309206318,0.027677915081947963,0.02332740842997796,0.006124280745802352,0.022450091016462125,0.00162064118622641,0.0045576869477777435,0.00980653837691111,0.01641999157401529,0.015529172609909579,0.09153704458755701,0.004531068012208175,0.0034897221398963937,1,0.6569811901437727
44946,0.27172290975227525,0.014532339505477417,0.0029745004799347063,0.03219940330689145,0.09481262471005421,0.012049107760989271,0.010894798558832906,0.026511393899064536,0.009080103894525545,0.011645285940947927,0.005998514702587001,0.0015354464049643808,0.00190247751651597,0.0042015257569227235,0.02171628260957995,0.0033889102183115856,0.07808173813549835,0.0019203566548793456,0.004564456020903434,0,0.609732175829156
45022,0.2938896603656047,0.0012655816682048534,0.008966781739396317,0.006750452544532735,0.08271435464617673,0.01862883995351228,0.005959021182959183,0.02960581847080122,0.01491787314521983,0.002499584627201316,0.005219037841695444,0.01232389316424801,0.0021131741015879605,0.0029538390944868586,0.01023086661253028,0.019110726386550553,0.08459506594240684,0.023043119906678663,0.0076663357989598885,0,0.6324540271927537
45062,0.27540982961907645,0.008898279906738265,0.006675435305851818,0.012658090858180062,0.08904159553207334,0.02071514722314437,0.0016268040982664348,0.03493425262227634,0.01501855823261914,0.002264869026355175,0.005835304662572108,0.010199945745941737,0.0012837764626124717,0.003382111270847924,0.022672890268954096,0.0031162584396484993,0.07964185839427868,0.0014391688760774092,0.005961993281129394,0,0.6007761698266437
45128,0.2612446903791781,0.004672589782598667,0.0007973176520814381,0.013399609266226123,0.08446126669927591,0.042744411531444634,0.017766754805473864,0.02834723657835968,0.011161595144930621,0.0033113434874656993,0.004087490196017692,0.0009286818930802064,0.008640072775410186,0.008331480976640084,0.022285215180349763,0.0015270390869133624,0.05113054332311214,0.015975527202967375,1.3023393786631672e-05,0,0.5808258893553122
45187,0.27330510815178405,0.011868049028854681,0.002475839570824088,0.009059804530930804,0.0919720309896886,0.01705468872428637,0.001751669937009391,0.0317086238702168,0.0112842360311492,0.002677760451011579,0.000524285336453337,0.009410237113739442,0.008286802083624058,0.004392484034755714,0.012898384737496535,0.026538621664120413,0.06929873256766096,0.0015087728900170319,0.002898016257647003,0,0.5889141479712701
45260,0.2596163720320729,0.007452001156085089,0.004797506290322186,0.025535915272143613,0.0778557463261677,0.028331430542337745,0.006945773722532342,0.022957122112212458,0.0071648780921639245,0.0029883926576200377,0.00371673500521856,0.003311538866259306,0.010428422857400008,0.008406169280257482,0.015226481749069168,0.010770751107770234,0.07701250445852761,0.005557012899973162,0.0005013509711725416,0,0.578576105399306
45296,0.28917638729105105,0.0023063198499472717,0.003682265739300932,0.023281700061844005,0.09318070807776165,0.02187899856125251,8.800508586666927e-05,0.007415465506516971,0.008544118832532322,0.008519506725460112,0.005017434905432977,0.0010996090819404536,0.0068510561226489694,0.008939485573399384,0.018990278353540516,0.00593603242230575,0.08273982532425979,0.011020558219824951,0.00029798756096690064,0,0.5989657432958532
45419,0.3190403605972694,0.0038764596013857056,0.006041541030829456,0.026661083028233314,0.0995780417756222,0.02457702287585343,0.0019445624868725442,0.025417882833125672,0.016384507976632125,0.005919554595050315,0.011106743750934971,0.0037782130368260833,0.0032039893598694393,0.007387851898780339,0.020317674423446726,0.001287826887236458,0.07700666074185009,0.009688396087001151,0.010616965680063949,0,0.6738353386668834
45438,0.30371880414197133,0.0026848481707403226,0.005414151910569925,0.006803082007379497,0.06565286502723307,0.014499417206942759,0.006067914469368689,0.02616229330632845,0.001547350266334862,0.010450306676687168,0.0008183062966231697,0.012013595044924661,0.011909789325713597,0.004073901355527424,0.01101136853372968,0.013136006450684991,0.05403060428246783,0.008773942275148505,0.0048439630094308395,1,0.5636125097578067
45455,0.26544033270891987,0.013846928245489104,0.010802559811833267,0.018776871506177746,0.09262779570689587,0.024717943085119223,0.005390129792616421,0.0218409259005358,0.002982314167654804,0.011425591155622276,0.004742203285453921,0.002192439436592534,0.01304158941197941,0.0008618572682546593,0.016245526232111476,0.0076625654193240396,0.06654805616789503,0.008099626941506075,0.021382425441171523,0,0.608627681685153
45489,0.26849561339471517,0.0005227755813154285,0.006567985173458034,0.006546054049048141,0.0950842717465644,0.01707816674750037,0.011218076537842783,0.024171636613737366,0.009096306584580424,0.011011577831813606,0.008223473168171147,0.0011706533671443334,0.0036803250222694566,0.009398106033858305,0.015021589607503983,0.001551639542221361,0.08124054934690758,0.001774822793258476,0.001781480878617129,0,0.5736351040205275
45513,0.2687151292380008,0.011567308897720488,0.008379096130099194,0.024968489511423206,0.10106613766274182,0.040047751480833504,0.010312919192039758,0.01801503049550447,0.011873302072504567,0.009124186796186639,0.0016328451731498941,0.000625974461473819,0.004958083375786937,0.007850606778542258,0.030397177707590713,0.004276666137771503,0.07152063883409338,0.022533971729299437,0.0013004118043962027,1,0.6491657274791586
45527,0.2577320805940821,0.004940406289712633,0.008106383359866071,0.01140434986716041,0.08799328704876898,0.020842842868030655,0.014141904379134191,0.026042698069806285,0.013099504509810631,0.004743683879085246,0.007567148016196271,0.010633456058445484,0.0015698363941525355,0.019424547225258118,0.014341685433801463,0.004085980058318929,0.10153250058607537,0.0029832968118777936,0.006267789009352134,1,0.6174533804589353
45560,0.2788894830476122,0.017935043377744757,0.012483588476069478,0.024872331549487835,0.08567132116333238,0.00848544127589399,0.010192951906512454,0.026628631521280387,0.013253888407840149,0.0006161145747451559,0.004192628769121117,0.002643199237017173,0.004587703976624352,0.003311879003115442,0.012878148811556437,0.0015842403546064427,0.06397880420609933,0.0013966154309802993,0.0014586125655534855,1,0.5750606276551928
45577,0.2910109672818701,0.004060042624738624,0.013311233370791051,0.028614806578032552,0.0883846011001754,0.026836538139111486,0.0068124358207137005,0.017297295923916805,0.027876005481232504,0.022764083300471603,0.015657722329008836,0.0073192467257479936,0.003538137244236716,0.006128562966028796,0.007541579512099766,0.011061888020239701,0.08704257288022181,0.0016872991463593406,0.0007770764344035754,0,0.6677220948794004
45683,0.2983782443380776,0.013034316485256759,0.0026340028451811055,0.015288901671184425,0.09271540415924491,0.021308692537738285,0.007996379050849527,0.02370515593680099,0.022388441939413868,0.0009708371984632687,0.0015515302713901427,0.007458469452467899,0.00489536084979916,0.01023126583364425,0.025003814586342814,0.0027284741669663555,0.07049075721335739,0.004700813409211039,0.003467222131593615,0,0.6289480840769834
45704,0.27138582030905006,0.005995452180034001,0.00782489952524894,0.007374933312253753,0.07780211819522513,0.024915572747692634,0.003747450297387003,0.009569955926241687,0.010907519891326984,0.0022227647943690795,0.008712391958813421,0.00630692763479608,0.009744919732619017,0.007977343689114671,0.010105191560504517,0.00022364339851411376,0.06175403976397052,0.01195987851484602,0.008233969088712111,1,0.5467647925207197
45706,0.28840224139283077,0.009487397194273654,0.0028258090134497564,0.01790479072480764,0.08908917282299583,0.007495130579618641,0.0013606284323080511,0.03327447117038151,0.019881626405117817,0.006079840866151073,0.009607942316379781,0.015746337720970026,0.00035878052541803683,0.005417746025877697,0.01350865928445471,0.00367892271514593,0.07208850488442023,0.0009523442089476394,0.005834953651766564,1,0.6029952999353153
45940,0.2940629500191929,0.004510491625235402,0.003955772271367304,0.009208799881585366,0.09958865934830861,0.026094310530928578,0.004108309172797722,0.018984736358738423,0.00029559120728890034,0.008998940310057926,0.0011243189194918134,0.00378042977880056,0.00949597414827548,0.010555223774813285,0.0063982418667859475,0.005622087060363633,0.08129641771069035,0.013460019575007847,0.011649002354112748,0,0.6131902759138428
45971,0.27692638560616856,0.003377376460306586,0.004978281822811424,0.013391897432964442,0.09405832333362836,0.010683285301580532,0.001413610144033954,0.0229996698553771,0.027481589624436108,0.0012884797630648155,0.011766900754248496,0.004792473819266983,0.018007073910887114,0.006729888317843454,0.010093570723662666,0.005709109261740765,0.07517619940349161,0.008299020617284467,0.011852656627587284,0,0.6090257927803847
45998,0.30037247096588554,0.002381435104380306,0.003509596419665209,0.029359763907243038,0.08999303337203159,0.016838941513842014,0.00013416050919197654,0.01330976303152043,0.015669028278972204,0.010787481615851014,0.0013962722581446654,0.009270941602963973,0.006908039027758948,0.0006094718908446317,0.0035827628600390974,0.003916665554511768,0.07564918134237568,0.0012692974264877776,0.006495770843162972,1,0.5914540775248728
46122,0.2875470995323091,0.010775025500066555,0.008051861248265017,0.027208505965073744,0.07396503236309684,0.02836896148489605,0.0018597810046439122,0.019629087390867335,0.016723226384463354,0.004485155759846374,0.0016769831335461667,0.004444269557138621,0.002749597008184298,0.007627662660792555,0.004289828357885076,0.00022293400091621428,0.06673319408352298,0.002903370670401149,0.001342672112656001,0,0.5706042482185714
46127,0.27875861167678606,0.00267438738031738,0.004758755411616122,0.02272028016121272,0.08363625627110388,0.0415373875966814,0.0009836756652605104,0.024228153260639703,0.005700926195817822,0.010924511124777336,0.004844602074206235,0.0065008471320960465,0.00610892077516445,0.01624244322689972,0.02172356536673393,0.00810523870103566,0.0860588367817939,0.002714084492534742,0.011966348736335926,0,0.6401878320310136
46130,0.2778802278733625,0.011943502366309073,0.0018520300875701544,0.0024174653446095242,0.08099140953321227,0.014251732179738328,0.021600734012706242,0.023670692751401254,0.0071656618737295725,0.015532872359758547,0.00191857491773771,0.013692394244299686,0.008059687762511526,0.00041076885620462,0.0009599838806841093,0.002180067942270987,0.060131788159685895,0.000788606810754523,0.002763311678208807,0,0.5482115126347553
46237,0.2707541547849135,0.0022433435657142975,0.001973944935225418,0.024390867578645222,0.09407702321849673,0.01740778876338447,7.209134280054126e-05,0.031266452158851155,0.011521642348755336,0.012264976154451249,0.001798843717818735,0.006360349490406854,0.006000003739119032,0.0060140400234878376,0.018003759461241955,0.001172870532907821,0.07526011486244152,0.019182625227622485,0.014915148541521246,0,0.6146800404478054
46368,0.27012774437396525,0.0003784498156425441,0.012954896327764507,0.021800471894165223,0.09035971218094026,0.01844430883672877,0.010205561841023133,0.03273206952210398,0.019970671929491597,0.00715050223678812,0.0015714545409378257,0.0030168767111887255,0.0019582289977625018,0.0021174877622307676,0.010427445716201501,0.005462868798696965,0.07507946397339013,0.005346213719242904,0.0008131577437024925,0,0.5899175869219672
46682,0.274551464010128,0.010023417158564625,0.0052819613710754125,0.015225664047778984,0.08877458246593113,0.00949827958405343,0.005619452780106407,0.02529625993196329,0.011291094600312168,0.00809337153414674,0.01751062480911684,0.011979072984107234,0.0037115079444838797,0.004846538974825726,0.02082525932331143,0.015155437402095814,0.0732389885918242,0.005264880652609029,0.012310787611572966,0,0.6184986457780073
46697,0.2835897028649862,0.0041636773960300215,0.016853756433127743,0.011792194711480438,0.0977480025075524,0.02853422768889787,0.014353924443642281,0.028947177887783327,0.012502893203395387,0.005922140773885028,0.009830033821612754,0.005224955179077961,0.01355287978071205,0.004925424831726668,0.025758160751204635,0.0046907724954484715,0.06511298129712789,0.007800211459275308,0.005729173435417695,0,0.6470322909623841
46712,0.2728382680610708,0.007756649741325975,0.006004515799060326,0.0051505271190443475,0.08108365898570292,0.017118948456243566,0.009247433424169418,0.028671154545775478,0.002595127923671469,0.012276276221631494,0.001995418355804835,0.020333251342011277,0.0037924293896030646,0.0051851311960290115,0.008302546352015938,0.00752469814189106,0.05946769422850183,0.0002126725309372065,0.000982031657546583,0,0.5505384334720366
46740,0.2632770635133799,0.0031152433934336417,0.009202329448526069,0.015190113994313937,0.08536134518929138,0.022674681544939016,0.0008676135003849227,0.03466510308274743,0.009580522126341485,0.0004592244623936335,0.00908560531058069,0.0005579583988077141,0.007864077830857496,0.0033941442365335492,0.019795617090204946,0.006860985235798218,0.07961733003353819,0.014912550801422432,0.018427452521193006,0,0.6049089617146877
46813,0.25751734881678523,0.01092857407143227,0.015377587069024035,0.01750944373360475,0.09080750849504236,0.020893967676228347,0.0031263951291533375,0.015182175867153638,0.002646621218262394,0.008092374667896038,0.006326894608981625,0.0009651556506770754,0.007018982329090604,0.006288518356624709,0.014425479703677517,0.011488468070601566,0.0846387757491561,0.010678210419764151,0.0014224273565674982,0,0.5853349089897233
46828,0.28586273991023364,0.008623896979639094,0.003500449949469148,0.016421623812375812,0.08667536850261554,0.015656134519207714,0.011409104221369476,0.034175614033440736,0.014571890395206687,0.0023875870562882783,0.006929830221403811,0.0005640223327093702,0.004357499417548431,0.002583616490490622,0.014861023818656382,0.017402525801749252,0.09291927266192364,0.0045174827127705,0.005252817968743486,0,0.6286725008058416
46863,0.2893370928292835,0.001965634280083418,9.562921568181693e-05,0.0004912270865052681,0.07243111583797847,0.008034577850945804,0.0030008251010982838,0.021087270514914325,0.0072753867691011985,0.0023651063682752563,0.0030005736417302946,0.0079242677597338,0.012172044207990092,0.006516192787051729,0.0236895114421747,0.0043863047744482865,0.07945222664260099,0.00397289995079906,0.0016771359401035525,0,0.5488750230004998
46879,0.2610058664680992,0.0016902940058154895,0.003920042091352201,0.0066004858867021905,0.09895525561938535,0.020865675310291935,0.003528233921593935,0.03012703876027025,0.027840431011695803,0.007328612528975888,0.002826033935445015,0.002694446936655648,0.009156172829179703,0.004320331304610736,0.027876483576816245,0.0013431120843027651,0.08927622052396066,0.00392350419470313,0.0007122071093066065,1,0.6039904480991628
47052,0.2558905216117245,0.0038266005758068283,0.006276674429845249,0.02646604713911791,0.07920059044539021,0.007892762573424882,0.0071016750713562395,0.020462071157324006,0.021056079359563655,0.006701467156480545,0.005717048272825962,0.02060734545407033,0.005438357638782929,0.0005303706217638678,0.006969078219627694,0.0029532755326964148,0.08365585174401945,0.010932553726899018,0.002392993688651499,0,0.5740713644193711
47066,0.26424033681807835,0.018373509476089477,0.013973135791537505,0.014823235620516946,0.08589090180212211,0.005161172972016886,0.019600219485104303,0.025441379690612508,0.0004127002034557296,0.013927576423641945,0.00516263710140344,0.01662399098812493,0.007792478714127742,0.010662420452003777,0.02737757479131858,0.0009914916478785645,0.07614739392416317,0.0066824329645639585,0.006769890915695485,0,0.6200544797824554
47100,0.2716979207792709,0.0040192511032377835,0.006363156547607615,0.013136883736462305,0.06883749576566621,0.018852449023893946,0.0030322963300340455,0.03029610347722957,0.022157456748420724,0.004484023544302154,0.015658114538594763,0.006861986466110997,0.012553777186486344,0.010480540770603225,0.01332273542213774,0.0045781060637293145,0.07336848945073317,0.006158475403913748,0.010994117576744154,0,0.5968533799351787
47145,0.27414073220427665,0.003341171119838131,0.0051317816212677865,0.021075711985712613,0.0859986093433404,0.022795998673431437,0.0037325326254791682,0.02049385648277061,0.023921944062206157,0.015156708075263795,0.000418151214916508,0.019878512910395916,0.015108900377370279,0.009083166588688265,0.023218552061701016,0.007548974548923858,0.06863839054489633,0.0026098000782413385,0.015548810664119667,0,0.6378423051828399
47166,0.25199347690313245,0.009024025908556062,0.017427476951270122,0.007691810771450153,0.09330152211620635,0.010193260877062937,0.0059971777170969905,0.01690349170951717,0.010829504980486807,0.006767838320393217,0.006345148036463234,0.0021730745276942187,0.018134519538951024,0.00961175525951691,0.011540402814819337,0.0013439978851813902,0.07655315702912598,0.0028421479372330227,0.005934331979455021,0,0.5646081212636124
47186,0.27886402154526746,0.009782525819767941,0.01875553957158495,0.026332565791734444,0.08642909640760794,0.04202771818900751,0.019239199961655705,0.02237801897175487,0.010442722347851869,0.007325104127488345,0.013552242339920417,0.009854228624839432,0.009517850188841246,0.0032084097858530456,0.02475319700247423,0.0029052555333426663,0.08502436320457776,0.005496375390500949,0.0014184226179683526,0,0.6773068574220391
47227,0.28803648403835413,0.00045178274692338487,0.0009397432101885056,0.018049461225114048,0.08956247712054942,0.02339961784496055,0.006552578079293734,0.013535669465528833,0.021105423803523433,0.015734155941209284,0.003927431965325877,0.00018413034289687936,0.009972617206222936,0.006834339286699001,0.009897299741044701,0.006509247518606706,0.07980735743505732,0.022374602271860472,0.002688169183502623,1,0.6195625884268618
47254,0.2959635409778216,0.0005905751917713783,0.0009561418788563276,0.012941512668849587,0.07673115801012462,0.012144609030392377,0.01712085141303925,0.023817965627751663,0.020585852606293423,0.012585437156082804,0.008468989698245442,0.002723791208853868,0.0004863151172087497,0.0027033834981521863,0.02142563928786069,0.006582244589367031,0.047882337758123006,0.009153308971665537,0.02070883444102082,0,0.5935724891314804
47416,0.25472722177644297,0.013578941820492877,0.0061027589053944155,0.009149756533372619,0.09481372313092563,0.009850367912918273,0.00029621022662605525,0.031084739480172336,0.012836434051723248,0.00696131807107797,0.0005570248435950498,0.015026697848003536,0.007642596617955444,0.008953596805428544,0.02117137218623827,0.00588184053721002,0.08010694593687381,0.0032051642426891296,0.002220656686191168,0,0.5841673676133313
47542,0.2865461617324841,0.0011880493994630775,0.01876216595677801,0.002828800956771813,0.06019216354679042,0.012245571727279178,0.0023802183571109787,0.023994134831295543,0.010867879040641501,0.010743728920600075,0.002172533556308282,0.002141609756175743,0.012659840183228644,0.011515441527028311,0.0051050423836846446,0.0072214410970693615,0.09076380435246545,0.004701837727867261,0.010133662603555265,1,0.5761640876565977
47559,0.28880179829216496,0.006273982932816298,0.0014322381431266034,0.007143145013501913,0.07558582680027069,0.016341656590521027,0.01220830573119942,0.021763521909148785,0.003551648733157106,0.0007778314460116834,0.0031139192125968318,0.0068928543227383555,0.009310185762949522,0.0016892653870315612,0.007016794087173268,0.0056064638540080465,0.07877653620606505,0.013296258864704005,0.009929172152596838,0,0.5695114054417819
47661,0.26493774007384757,0.006888526877798451,0.009136288288796745,0.007092803782525956,0.077605789166995,0.030974635419669407,0.0019217616789122096,0.019209672449279673,0.018540922373198505,0.0044828972244204505,0.012354155565493529,0.0019683541716089344,0.006411791374089113,0.00596297577156066,0.021365026888010293,0.0031370564842102436,0.06995055589216902,0.010426691860331096,0.022540616102537565,0,0.5949082614454544
47685,0.2565378256884521,0.006895129436794198,0.0008511287902671525,0.02167165966016329,0.07848985005414455,0.021283040351336532,0.010094962246432523,0.01762080985181004,0.019386229743700252,7.506686417494686e-05,0.0025664585345477812,0.002129077737692753,0.011022959262897737,0.012893589790994621,0.020435526789499104,0.0006005342636999001,0.08693494525086311,0.017688038186247305,0.006950114880973613,0,0.5941269473846915
47703,0.28321591556906517,0.0006746182115426151,0.009058565941124481,0.03216226081033249,0.11126320549597228,0.024344088947169162,0.0019366994376663425,0.040892462575001384,0.0060645724715244565,0.0024561910984344177,0.0013342433708399114,0.004288296948617485,0.0010541941262203463,0.017658493214848695,0.035171553049423085,0.0027939683404953662,0.0801488564489637,0.005503548344855504,0.0016454030142286954,0,0.6616671374163255
47751,0.2767472624779473,0.005133001223627833,0.004880472241660536,0.02954245318923435,0.09689553581248676,0.007497977255617154,0.008438805329838416,0.02815307938417158,0.030381435275662075,0.009250629578702079,0.02113903079240372,0.017953768742057872,0.009401166248390266,0.0034637075779646405,0.009988728080536802,0.011059461169743892,0.0783910821150218,0.002961500790032446,0.0028968088826855504,1,0.6541759061677851
47936,0.2841288609448129,0.0024495286518289687,0.007234398925491704,0.0050439214641874106,0.08346018149708695,0.00018250086766408914,0.005430926832984722,0.03445674751832255,0.016597303369692937,0.0017980532032170976,0.003296432322738354,0.00640565038194965,0.004660210340741832,0.002002491235646976,0.01608961435965568,0.00405627895261932,0.09126276462469511,0.007513445987541437,0.007237986348623624,1,0.5833072978295013
47951,0.2697870057734038,0.003978964361150183,0.000913835728038198,0.024007216577375177,0.08591689382795986,0.012597238054195908,0.005523123642651503,0.039191587142930355,0.009189578103005906,0.001458128820175981,0.005455763030881577,0.007402214563903914,0.0035145513184254634,0.005137638432669883,0.013782607076401972,0.0009046332276344616,0.07372589242963179,0.0011593555037185165,0.008383065465614849,0,0.5720292930797694
48006,0.287334794108764,0.008720743991560094,0.012582129374893504,0.01893217764989272,0.07781195812703773,0.0023060201748084964,0.002577207146341047,0.01721049752652657,0.0004161287524685237,0.001849148035531337,0.008830667746211149,0.0009156495468135579,0.002061693941191335,0.000647953483240615,0.014038116925393258,0.005506019560477623,0.06041874705961352,0.004669673869963399,0.000716634560646446,0,0.5275459615813749
48080,0.27032758847590865,0.005264966816821613,0.007541430445763463,0.016864368578822845,0.07675969232974596,0.030589624955448216,0.0017221213846109922,0.01686604941626566,0.014962281179271262,0.0014562989339088886,0.005076063441536987,0.005128190308668153,0.0037641950020392005,0.004761609998923488,0.0036958310637087346,0.0012695899886592343,0.08943548917687186,0.004737749052470428,0.008532974558017149,0,0.5687561151074628
48131,0.2857137221990856,0.00617756116266611,0.005117342082911796,0.023918784231259146,0.08617268408514384,0.035759654732948,0.004841144799877404,0.02468695304749957,0.015772917302978556,0.004563151247919383,0.002988616186606456,0.00017858103400172226,0.0011931682652684805,0.00682017945010259,0.016222836312697723,0.004153787925484172,0.07545957629090295,0.0011189522737269542,0.008950690025078981,0,0.6098103026561594
48146,0.27891112605127394,0.006326811436410379,0.011457121719965229,0.015201825729174959,0.07865856891417693,0.02712089500695073,0.020998583243690656,0.023823285767119146,0.015207828319476549,0.0006131701656111944,0.007942898175240121,0.0011938640164811593,0.0008329444740433776,0.019560384940811523,0.020466247471552505,0.0042650555314010935,0.07272055832811346,0.00022506771447490404,0.013921719594942783,0,0.6194479566009107
48283,0.2685683605603001,0.005692245082473888,0.003933253478520669,0.010003430567996833,0.08941493186469857,0.019533815204018725,0.0017354543688596219,0.023782976063618153,0.01820201073147009,0.0031196140338643173,0.004981898946013979,0.015431195609843478,0.001890886220548777,0.016119734115688386,0.02664516653352726,0.017292270184982656,0.06894215170459267,0.007404631963898591,0.006514757017980726,0,0.6092087842528975
48360,0.2603642564642592,0.0005043070891178322,0.00980113380544778,0.010040153718531133,0.09651646042299483,0.009803451451860921,0.005722786031924286,0.024081804635152592,0.025496652530091098,0.0017090214396413385,0.011905820098854176,0.006368715410863459,0.0014767760027552652,0.0034007448541784773,0.008179892642125602,0.005353156936491142,0.07254789448351771,0.0089171741217694,0.004342406162298406,0,0.5665326083018747
48405,0.26760871555243404,0.010936509823006866,0.005915810908228565,0.03348902924919233,0.07702126584186983,0.02345990249440818,0.0053930409523504814,0.011220054385031045,0.015447820956068592,0.0016698105722777674,0.00047759340626293443,0.004266887220154035,0.0038679798012873933,0.0076535250482774285,0.021486040571568513,0.002624563029674096,0.07059357139982485,0.0071158647029615305,0.005901495051844037,0,0.5761494809667225
48523,0.2896630416013483,0.003824141031750932,0.008719735708476086,0.03260615190144179,0.08422356581020488,0.027937655975882485,0.00865300433248188,0.04383636588314749,0.0005201294069958732,0.002783600427843912,0.0018774321935208916,0.008621621707467966,0.010612205980445547,0.012478443806597713,0.0028569183941167284,0.0016915523004999138,0.06954008652288238,0.012820166431244825,0.005401149830371508,0,0.628666969246721
48527,0.2775070317745577,0.011064600212506754,0.005936972826752937,0.00879341330186826,0.08873599859665442,0.03544835928493814,4.4371565943056336e-06,0.024986500346391632,0.014390096070108547,0.01323929969668176,0.0036088454307248246,0.009668181787986216,0.004572894400916132,0.006034147281179664,0.018132350030939326,0.004584348708047499,0.09124612068852425,0.00707041314943772,0.0076739406031622265,0,0.6326979513479724
48626,0.27103085373266106,0.00887885433791261,0.006352601131942016,0.00023827910991245483,0.08678014393832366,0.030084190281597777,0.009275909431671392,0.01915144272596807,0.03869731079160768,0.005500938997663476,0.011979836750513916,0.01091119707514781,0.0003799602313068016,0.021120448596157394,0.034083011106069074,0.00849734080200153,0.08877105506059539,0.0119601449046323,0.01196155416716724,1,0.6756550731728517
48637,0.28233797707467834,0.006101577993828787,0.0021866616884490364,0.01329683482846118,0.08368072460695976,0.009963044285599505,0.003062176298597774,0.025221875615792134,0.022494368267300575,0.012757138400665904,0.013607201110387185,0.0030186218713180732,0.008628506723094714,0.009930871350453506,0.012867899026743455,0.0003451301575958106,0.0822186663171603,0.008451630335494124,0.0017474953944357527,0,0.6019184013470159
48879,0.3069299496553632,0.005992033710451058,0.0041994027025812905,0.02353677633686581,0.06830695878852565,0.023560307251771016,0.0062275654236133475,0.03244932738032173,0.013600609227579273,0.012449119873446421,0.006926280096840857,0.01616803020787856,0.002358012382826204,0.00361819705898401,0.009335395260558302,0.006228819380901389,0.06955719555413117,0.009164523183635144,0.0026384994830363773,0,0.6232470029593108
48900,0.26820282338759516,0.01667360988076565,0.0093108577921459,0.016983196156277653,0.08021497107089107,0.023540844931860004,0.005553731240142192,0.027745061932455857,0.018836380169643414,0.016416858403871137,0.0008473953048026927,0.017141952935849653,0.010759510830586438,0.009611457112782164,0.022249384646453797,0.005235087882569122,0.09126822112624505,0.011627862097364074,0.0019045129312830768,0,0.6541237198335841
48901,0.27334509556501224,0.004076338328043313,0.0038342173368876506,0.017072815469211182,0.08396571854691813,0.02291401125801675,0.0005178790507962087,0.046201141398898124,0.001505981135100697,0.010637176155310735,0.009817238489445107,0.006853200444920113,0.005983272689308015,0.008089453393134587,0.016894930374179752,0.004246568138418118,0.08414128123391842,0.005582847891118312,0.012837856681590184,1,0.6185170235802276
48984,0.27458398958625146,0.0035760193216757253,0.01751127056109428,0.020000777569324436,0.09978304929128873,0.01495924919408847,0.0031308451008304154,0.02121731150527891,0.000375164594359066,0.00012232866664673925,0.00732679747510061,0.002686764185008384,0.00875059688943848,0.005514588153504897,0.013813274284848902,0.013002591272172547,0.0735268534896693,0.010217021490011831,0.007362508859473718,0,0.5974610014900669
48996,0.2965853553583294,0.0075063989600293295,0.004629346528719058,0.008444192003434228,0.0674459069606501,0.013366948367289272,0.013347991176786915,0.023394326879395834,0.008374741829866642,0.009425696045823372,0.0016400719195758784,0.011941935161024812,0.002085768892760195,0.012089307062167308,0.025817075246023398,0.004228914121685471,0.07402175114674063,0.003165787136712426,0.007983869808420897,0,0.5954953846054352
49082,0.28969753357866224,0.0020303486019697487,0.016426299576765842,0.026578711760213612,0.0847659039301405,0.0076319157105865145,0.00388243068611377,0.026672239384898055,0.010699929055761219,0.006065574409653365,0.009036721257959679,0.004871634281907999,0.008442845992117622,0.004530247249792965,0.021402481348279295,0.004888908834349033,0.06381941116084552,0.008728771288255137,0.005022663486463113,0,0.6051945715947352
49128,0.2744592493044666,0.0025525787043017834,0.0031731509121765322,0.010899898339778747,0.07953639460299577,0.016378501162217486,0.010953265674218685,0.038537237745562454,0.002212842174520671,0.015149114118338473,0.00037819916489715985,0.008673593809148656,0.016639243727585466,0.00022997704857047647,0.0065448997326838995,0.020781752738285614,0.06486888335060083,0.005829904208953352,0.005630679968790461,0,0.5834293664880931
49156,0.2694243545387028,0.010980715316450968,0.013539601127806652,0.004310163379330807,0.10069022424525703,0.022345108596984607,0.009162712772882931,0.029226180209913043,0.0282964681635582,0.001782630980490162,0.005724047697079509,0.011161024029676067,0.0039902774227339325,0.0017558446849365382,0.010942441911377629,0.006182615666711238,0.08261453559454178,0.01843073077016692,0.005449210783068865,0,0.6360088878916696
49319,0.2813882708953738,0.0071100798232417465,0.008030659100358379,0.030917108524341985,0.09360388367661883,0.011840819600172574,0.002957560822539731,0.027887869595552364,0.014955381675961704,0.01008216935323218,0.0007333904946642496,0.006025618480769986,0.0057065317604133225,0.00408817247472786,0.028931911519185397,0.009653150806586533,0.07125677123850559,0.008311210950547397,0.009909469365613065,0,0.6333900301584067
49361,0.2803726206687933,0.00059408695678355,0.0029022535959497883,0.015200898325642321,0.09018340286440224,0.024733226308788367,0.004825371653220772,0.01382388168506745,0.013578041982219593,0.0022203350442299083,0.0015210711431565206,0.007766107028580962,0.0074199668719712635,0.003239527335828223,0.01832605425291071,0.009562703449159979,0.06216408284030471,0.00017085850776410737,0.004373491534763269,0,0.5629779820495371
49432,0.2961006419707813,0.007052691296348668,0.010396592749343308,0.003323894096757996,0.09574938337920617,0.01995345214360699,0.001821753493309362,0.022354615638732353,0.022778733202107243,0.005531766239512671,0.0026962624647821143,0.004331634435372303,0.005079586805863306,0.002636368381740935,0.009577356478955237,0.0008344054833715511,0.05965371780708964,0.003386511260387535,0.0009654274170391011,0,0.5742247947443078
49481,0.2614188241407886,0.022607157757040027,0.00974074127588533,0.013115383998948623,0.08914700487678112,0.015923325591754158,0.01654921282696259,0.014335166756849076,0.01923945941114638,0.003690460670275343,0.006922354099725169,0.006599274793323108,0.0024139218183326628,0.0002989164645593486,0.03213901706521487,0.012330196997815415,0.08378107923386875,0.01438509206945497,0.009254812537255647,0,0.6338914023859812
49621,0.29254975345987894,0.0056844360382965736,0.01802081626896931,0.015291096821566633,0.08575540023206991,0.008045711629683693,0.013182868993516632,0.035727452682733536,0.0032445469609826525,0.00441042279184499,0.01272960042437584,0.009071277756868506,0.008927779998115806,0.009638635712517147,0.030713031098772305,0.004971113182448247,0.06187356294363861,0.009566666658919025,0.010944694972588319,0,0.6403488686277867
49680,0.2602982221248939,0.0004097427853305125,0.011610181409386728,0.017316527967397886,0.10068007454338725,0.005311273747210383,0.0011504278729598633,0.021769407266581685,0.01469767439979251,0.001862257874228155,0.012137708286049832,0.0009368326630741674,0.0025521477091229594,0.002333315355604191,0.0279001535223879,0.012876348321979625,0.08784744544198975,0.01030589852660261,0.008502896129794333,1,0.6004985359477742
49693,0.27339327132840047,0.0007927537141605062,0.009896555040173895,0.0122083690918298,0.07473079161262255,0.02190514370335786,0.003414964891869066,0.02794897562217465,0.021974587247665104,0.0020571692190160225,0.011193802286595979,1.4695448211125997e-05,0.0011088972085477329,0.005532616070301552,0.022113591867197347,0.005188686941613684,0.07715185338541435,0.010339122796700989,0.008313169495175472,0,0.5892790169710281
49749,0.27701009854517356,0.02084818714663968,0.01017947308633809,0.01637941796276317,0.0770140637931847,0.011415465305919461,0.0016374692046675747,0.03684178087114846,0.014888730774581038,0.0019136278997509309,0.0008739195835765304,0.012030301122622374,0.003426877323490074,0.0004877486527942046,0.009592303595793225,0.002348277033850585,0.06787529947765258,0.008357560990810482,0.004460681961139874,0,0.5775812843318966
49779,0.28166176909722096,0.009337881316377942,0.003625408175352674,0.01782812844732678,0.09694155189412053,0.02370225599568437,0.0034736174139353335,0.015788742052103684,0.015938459381176884,0.0158281318646475,0.001691584515507124,0.0026651877389815702,0.010366888223773107,0.020181855343076305,0.021628351801958583,0.0003938481152218026,0.07921499560301538,0.00473282444646189,0.006885916881553325,0,0.6318873983074957
49806,0.2816283940755231,0.019374784243777473,0.00400170195048224,0.014817949273657385,0.07946165280414513,0.03610487155161945,0.0011365577453369214,0.026954122642353907,0.024558154028617767,0.0066643342030421725,0.00843202134900773,0.005544937025015822,0.0028473099124647428,0.010369546153620623,0.0090098706443057,0.002613362148161696,0.0809684043252897,0.0021447698490153454,0.007145890081472282,0,0.6237786340069091
49877,0.29089473448496933,0.00020904143143813284,0.00029044662806955446,0.013855249856687898,0.08979624686658641,0.032979453038770264,0.011249682160229396,0.03354085938363695,0.01711730595075158,0.014227272681699734,0.009605998200697182,0.004740575821777736,0.01560510016156293,0.0022362309898316187,0.004896005465118642,0.008849977236179979,0.08293013091155853,0.0044694858760274524,0.013214587667138377,0,0.6507083848127317
49907,0.2758204768758139,0.008699694988435152,0.010847545496538907,0.011906210352590433,0.0793110042706905,0.021952722454523035,0.0064593085686711574,0.031404222556077076,0.02752008220633404,0.013694518995210722,0.005134458547981279,0.00733631983041584,0.006538513297456506,0.002637447468858477,0.01894588871955266,0.013822504270805122,0.07060540449163524,0.00018311261939877622,0.00484507720254681,0,0.6176645132135357
49937,0.2797571374392402,0.0008859633845048091,0.01620452608095222,0.008616037393621311,0.08968048747705756,0.023330230312330315,0.008331180683997642,0.018245145686463467,0.006209059817424826,0.008555099333698498,0.009700425723048802,0.0003906936394378026,0.013100615199856844,0.010468457762074454,0.028375144298607973,0.0030697718246173833,0.07914277998026796,0.0007799266009155094,0.012357977976696622,0,0.6172006606148142
49964,0.2659947718951932,0.0028376708088744614,0.0032081585937103,0.029676096617853167,0.09298641837284775,0.020956651126800622,0.005330222267180462,0.019339848712126607,0.008932822252628252,0.017360855057335808,0.0013111652796508077,0.002862586140879985,0.0037376172348895674,0.0012983629321405665,0.008602355634139948,0.004594139397410818,0.07073301380374057,0.015367918511186178,0.004271642133166013,0,0.5794023167717551
50008,0.3002761541114566,0.01083572201148699,0.010335481632509672,0.015349847614891263,0.08664283159764193,0.022235852202224522,0.005749171848850114,0.032610004965352477,0.011631900820136898,0.0003763488618424672,0.004541034194890348,0.014505356938621558,0.008571315604282802,0.007589987937584273,0.007904424078764972,0.008013979131040473,0.07581256718375935,0.0030315291560786325,0.0067269313033989486,1,0.6327404411948143
50021,0.2985571983663003,0.010565204547292852,0.0022586068526714016,0.015080524387317554,0.0900427831009531,0.012210964066134655,0.00881023861694436,0.024122465550281868,0.015689148325134454,0.0032534406822764287,0.013273608703285806,0.013461627035229516,0.006343535122546073,0.008660666871082032,0.000915112635651771,0.005070875222152686,0.07252421907771069,0.002558434122174211,0.0011988451110670059,0,0.6045974983962067
50054,0.2663589509235525,0.007434603625993528,0.0036415857312785704,0.011540658548560085,0.10387258581131814,0.01631302485544039,0.00364705441109046,0.0212344799220119,0.011641798116401323,0.007802347444143936,0.003428819268360322,0.0004499836676732548,0.005250916774177126,0.006136093433670581,0.01979944856624915,0.008811064929462271,0.08272489652322562,0.005526096629045837,2.6173304238629198e-05,0,0.5856405824858936
50096,0.28557013297856454,0.00921277714789784,0.0038282243331170156,0.02343136343447353,0.09541995273317815,0.0027789974484652034,0.008115834899654537,0.019798499247508865,0.021528781130637324,0.005013975265959101,0.0016462271878481397,0.009034353655987103,0.008229008813860524,0.006843612485340648,0.02342893403974785,0.00842838259482584,0.07740231086042731,0.0194949613158443,0.0053296510425237635,1,0.6345359806158616
50203,0.25479816890024143,0.011390486937281662,0.0018877755804145465,0.01997114861317576,0.08570095295310957,0.00416508139014294,0.014431785177805877,0.021810075880375146,0.018208277006788644,0.010273038505313518,0.0050566527101538515,0.009794337421398727,0.008086431574068667,0.009981075702649857,0.016551932217696935,0.0008072959738629114,0.06887511030239722,0.013333250490476862,0.0026191072059499683,0,0.577741984543304
50228,0.24869247075940093,0.007407978150014616,0.007968647896118577,0.03348735600760754,0.0834005881115353,0.022006959049174483,0.002669648684586367,0.025703603825457715,0.020206440768445973,0.017214701865888707,0.017825078791922352,0.009180394823814017,0.00598487484311062,0.0015766779194225375,0.02950994508014464,0.003703381704121938,0.06757010733931798,0.0177613042396498,0.010108545081551507,0,0.6319787049412856
50234,0.27142350198868614,0.009851105234213653,0.003449427675619991,0.010542661706338764,0.11318752305565251,0.023359443941337883,0.001848055688208596,0.017517750416728126,0.004322022066926346,0.00349502563503569,0.019066299415745263,0.0011978036620205322,0.0033334213487605908,0.003628938233732312,0.013592435670448301,0.0038307521370221,0.0873018544263232,0.0031664367106270957,0.0048975070190017626,0,0.5990119660324289
50301,0.26791938045188474,0.002645692351635631,0.0017738264270824962,0.013644049367572601,0.08871724946742977,0.0318467119748848,0.0007230421760283967,0.0035659901522291566,0.01494983308339879,0.00587515517884297,0.017296738704914584,0.003297669676875998,0.005044099991647185,0.0014831365811320098,0.01608456303395779,0.00568609722087028,0.08681669601214215,0.00455667611895019,0.002983126283026821,0,0.5749097342545063
50308,0.26226381980588426,0.0013993242024598889,0.0013875487643998602,0.017932358700072936,0.09160417746318632,0.015607544555543473,0.002957200170701703,0.01835543167661146,0.01223650784847185,0.0025662921004974007,0.014297683358191203,0.008789647476638034,0.0018327321786984407,0.0034163053981932537,0.016306626500984064,0.000866069300963877,0.06584008691114644,0.002507376502840838,0.0026820007152161085,0,0.5428487336307014
50438,0.2847620492683521,0.009344594358428424,0.01590708412931444,0.0021557087076963665,0.09410735440279676,0.025251509963220033,0.0034124160643612387,0.03759741331787528,0.02087723582630327,0.01018495035048377,0.019019254230749273,0.007190797970588552,0.01843948971306886,0.003669799320720844,0.012161036912327452,0.00533760441495876,0.07701650978412458,0.003105520356352429,0.0022207906986940803,0,0.6517611197904165
50558,0.2763337003448831,0.01076968487782207,0.006624597650321185,0.01446430307719696,0.070687976132101,0.0063446543127288505,0.008988477616564584,0.029980246858983994,0.008076381904256252,0.001343499104488511,0.007297466582578962,0.008047560364932751,0.001523453326402993,0.020723563883984806,0.013301646603597615,0.01115497347965837,0.08036836739742338,0.008062200812314556,0.00606000242021969,0,0.5901527567504596
50755,0.2646661638586546,0.0006807980507536554,0.0032751916403176663,0.017265128436810964,0.08288108179382488,0.0065001207814071186,0.0007428271049250274,0.0242667238273933,0.007781830237743787,0.01183153130361399,0.006015144353755196,0.01621279781266001,0.019651133983487282,0.0027983590855917124,0.03855732237942147,0.0062853282278749305,0.08080343533559275,0.01785181038875678,0.011025510596929362,1,0.6190922391995145
50823,0.2774416826473992,0.0025835711793558793,0.004735175409049857,0.0006455846393675379,0.08792141332336352,0.01796590464935374,0.0007269109438017586,0.02272431956411337,0.0075223958545813634,0.0053813743017633005,0.001464457728471622,0.002126734850377859,0.0027159191215493997,0.003189441725493459,0.027748509368289074,0.0052192063339305305,0.06353261520455572,0.0022021740755618444,0.003020082727056031,0,0.538867473647435
50848,0.2804410565520223,0.0017228824588571702,0.009334514523765259,0.027104576362815706,0.09961472968803124,0.010855320259387423,0.00829841331404731,0.026056994382716286,0.010029611227250872,0.004012923036228216,0.00560047479499891,0.004509700430208361,0.007105681136554925,0.009235999346394139,0.0052075708173782926,0.0032558563838833493,0.09045659246170974,0.002770972899762677,0.010874204999763463,0,0.6164880750757756
50866,0.25881671279234775,0.005198862395224799,0.01188138701599338,0.02900841780627866,0.07864359715765379,0.03371413495197136,0.0028390132201217846,0.01566011184858878,0.019071613954593565,0.011357169414610204,0.01418073066437399,0.0019015969076134347,0.010371705952873062,0.005041439042354314,0.002436613747031347,0.008728814119471129,0.07175264732916803,0.013114410830307337,0.004258121964783434,0,0.5979771011153602
50881,0.27553590850228027,0.004071272173225153,0.002423259013701932,0.025469141112100423,0.08991919804250531,0.027502201970278913,0.0041508371065719606,0.022974228746256695,0.02252216506823354,0.0031852396304240366,0.0007736412883486098,0.00938554552164526,0.0010833735289813152,0.0004881676138321601,0.02060868000636415,0.0042311954842611885,0.07646072383016046,0.004099805985982511,0.0006628282393027979,1,0.5955474128644567
50911,0.2961741786998414,0.0008976132570216373,0.002897838261514577,0.01367257417286457,0.07724361248216709,0.007364264596964796,0.004658540521717317,0.03261659384537662,0.024333453922760827,0.00039188255576660323,0.014955140611552441,0.017792224662276312,0.00983481202298716,0.004834760926450909,0.007746657214786438,0.0050195952111226055,0.0684158464821848,0.010603060041920267,0.00453575539663094,0,0.6039884048859073
50944,0.26185151877216367,0.009946095249778275,0.0028891319079620706,0.01842277905104079,0.08556035281430574,0.018846896690480272,0.0009216545311813288,0.023599418596573923,0.0037525841949853926,0.0007514917623642667,0.005784993779237774,0.0032560539684606295,0.0015108427621971033,0.004978756289138742,0.024719038092275065,0.010442899621532303,0.07590226079337462,0.01645963351389836,0.0007330266246479412,0,0.5703294290155982
51014,0.27520838232411104,0.008785747633985297,0.012575859065681795,0.02486251951889532,0.08416635255498088,0.018175708214748357,0.014849816297553683,0.023078983430829918,0.014674153077205262,0.006200876454020837,0.01042527765708549,0.017665695088523184,0.004505019445096998,0.0001547183793556511,0.014217885868770831,0.008169497331203066,0.068717684931518,0.012805160747580467,0.007833362982382385,0,0.6270727010035285
51096,0.2852914400188224,0.0008760423058281451,0.007859328722242449,0.007017646045635651,0.08137589289224073,0.02749358693397527,0.0013575276405571126,0.026389253828088075,0.01178274911822436,0.005464449646620031,0.012538299110268327,0.005049485380276672,0.00898894725589345,0.0182190177361255,0.00563986198284917,0.011168128273503324,0.08375457726449426,0.005564402482167251,0.002597645144049325,0,0.6084282817818615
51206,0.2780469815961303,0.006913511704076565,0.014576829222423149,0.015132487207014364,0.08425788263630765,0.004836191346269119,0.00893269561019075,0.025530807624783186,0.02019107420420952,0.007642896169156162,0.007603433267850111,0.0010781963312667077,0.01273729337476382,0.0039889328974377445,0.029107101594483015,0.006920307543558036,0.08681133461727669,0.005765646982075259,0.0015278825731354468,0,0.6216014865024075
51209,0.26672158672638513,0.010980082617703321,0.0020843678322222414,0.023013990077905125,0.09866282669417485,0.020384801192111543,0.0030960559328138734,0.027209978232909535,0.019471264227980553,0.0006045699433932103,0.007556780840211187,0.005171288090415801,0.01058876367405131,0.0054667440164584925,0.011568821377636505,0.003821526561387987,0.0807662099852463,0.00800603747111458,0.0007502961692204043,0,0.6059259916633419
51256,0.2912926186542241,0.003555953249507833,0.0025228511197136656,0.02826186177120169,0.08117472542079544,0.01965561461991622,0.004866032773552867,0.02586675731267338,0.004350291136064564,0.02613803472252494,0.0010224885187839355,0.01304591527858934,0.010489360702750375,0.004339278835818381,0.019383413461973788,0.004266949078264353,0.07958982361487939,0.01816503288490007,0.005468942242644728,0,0.643455945398779
51308,0.2585686703291405,0.01819300136166304,0.010621284108238831,0.011933948814278478,0.07622786415027519,0.023082136021925413,0.007474883014687893,0.012671884077443804,0.018912166472686606,0.004551352058883556,0.009820620244649303,0.0005454732992280617,0.004981157436107355,0.009647033105346077,0.01979975692976274,0.001512191906773538,0.08308399691869922,0.004548723119779471,0.000761956163966532,0,0.5769380995335356
51318,0.30942546825500683,0.0015768076458881502,0.0005891069595664917,0.012905099849791796,0.099905964744325,0.033059760156700056,0.0007916776429880713,0.03429901067631683,0.017067633993244995,0.012886712778822345,0.007977947853218903,0.002308226479870186,0.002777709938380061,0.021555616299172076,0.029955290653808177,0.0030869586465459174,0.0838225832884413,0.011248594944568252,0.007001964625743726,0,0.6922421354323992
51347,0.28191682414020186,0.0012536714968205132,0.0038771572973088433,0.022238817859308847,0.08950939686111153,0.010074777066654848,0.0074944667415425235,0.02200394268032852,0.03035149714758099,0.001653471610953488,0.011201454094377153,0.0021275462965781463,0.014233444271014854,0.0019068000019567676,0.017613426756488134,0.00983344478594973,0.08735008275213042,0.0013914741227371995,0.005938433073569282,0,0.6219701290566136
51361,0.3025882451549574,0.00831022576640592,0.00417704136461725,0.014470844841663267,0.08516098594521998,0.023240591589597064,0.003678428355789801,0.04315757137240635,0.024364951822375025,0.006350331775114325,0.0040703765151280345,0.018858789505668515,0.0015035726568742923,7.941079000999223e-05,0.028388597290688194,0.009520285548975202,0.07281039036428051,0.01137842454049953,0.011373909182014348,0,0.673482974382285
51385,0.27286816248281925,0.002760768034238702,0.0014873178312037167,0.007722150258345431,0.06410395461334244,0.011395880540750036,0.00010279640419472998,0.036358690152984555,0.011920718948126187,0.00013535969707913204,0.008993444256391916,0.018285131269845385,0.01107796414577846,0.011202521639241141,0.008805970518107815,0.002302954302844,0.0856943090477258,0.006891970218129614,0.0017218211009358603,0,0.5638318854620842
51394,0.267425295492651,0.003590606345975536,0.0016344628481655859,0.007129265341934841,0.085681500136618,0.013784123322109359,0.00776440024107192,0.03317768707812255,0.020845503978341617,0.002346670609002121,0.00778270376282723,0.00682391038621211,0.011419421834973019,0.00018958484430396628,0.017205391843828174,0.01105345546929494,0.07017550059350822,0.011373925824167129,0.0061778199263166425,0,0.585581229879424
51418,0.2812800125193806,0.015304072473997734,0.00030899345286366516,0.014240061095699679,0.1081911746905662,0.016369966572673682,0.017730801340666125,0.012700809322726334,0.011112607015862632,0.007347268755269196,0.013666130944033598,0.003507831958749956,0.00457223178901363,0.0008689371108778714,0.005315368660816055,0.011926493300425152,0.084206723807365,0.01368621912115591,0.00713199486039281,1,0.6294676987925358
51538,0.28420691348995286,0.0097462404686655,0.00858119043662256,0.025044057738986814,0.09313814813952442,0.01210059211244767,0.0029481915664272733,0.018966489309481575,0.0057455790387495025,0.00515212349708213,0.0056421880237446315,0.012575282694348874,0.012219971614419416,0.008850499250389112,0.00472337255685558,0.012301792510232641,0.06296007009978945,0.007727105877565008,0.009180411817330597,0,0.6018102202426157
51584,0.28051593899131355,0.004242192317698448,0.014061430846324892,0.010641905249636601,0.08993964145751654,0.019016499540676912,0.015103821365918963,0.016025332870215084,0.031025692167686657,0.007666098394849884,0.00048339395086092877,0.004628339298195755,0.012475794270728091,0.007467703177329431,0.028527047651995163,0.006202141331279975,0.07101483560272785,0.0033918725618425796,0.0002798823009032786,1,0.6227095633477006
51650,0.2713768140263326,0.0019195574911809268,0.0035077695510407777,0.018591628982196157,0.08779507224024842,0.017372536702346446,0.013155117128885748,0.009451383215506443,0.004668845343358065,0.005752318876304633,0.0042075653218928725,0.0009701995004612476,0.001704156926019768,0.0004955774988641147,0.024942581874789385,0.010733044578308603,0.07710463490109215,0.020916251862442944,0.013435572933590044,1,0.5881006289548614
51744,0.2705917604925189,0.004834739406334329,0.004370001462949297,2.4440472804384626e-05,0.08623685339090509,0.029506463837373022,0.009081195240139697,0.01789410927826318,0.010392314400486548,0.01659354358127329,0.007586540929880837,0.0013188915914471068,0.009890477269624689,0.006763980058010899,0.0273025305192551,0.0012357524484675464,0.06914236692155856,0.004098957894810209,0.017079177635170757,0,0.5939440968312734
51837,0.257823108969565,0.009173130910376477,0.0024743535121952314,0.027609718664440723,0.09618127899708442,0.020477530882995917,0.008947619268683697,0.03167594546969223,0.009178052728584952,0.007402570575532238,0.005136726372886249,0.009769100927045565,0.001103584067953845,0.009763233041029279,0.009775987641831718,0.0014626287613640244,0.07257931302432735,0.004923371024273236,0.003966258917458832,0,0.5894235137573209
51898,0.2516719692323949,0.009204170031208318,0.006070069686162661,0.012470742492690473,0.09196320746529388,0.023560182333850002,0.008403828363527658,0.020262118568614377,0.011880314638442722,0.0069413281748339824,0.020745380526354534,0.008400784489490313,0.007866060694879424,0.017103870380352132,0.026121153355929867,0.00500231838106546,0.07102039425673798,2.592187551321268e-05,0.010787577638558766,0,0.6095013925859006
51905,0.24898385832949493,7.265640392617282e-07,0.0020980124723385574,0.024212442262193705,0.07868105894084225,0.032133763711279295,3.937787790312604e-05,0.03138622897000689,0.012487964427701812,0.0021057503046285455,0.014317454505517567,0.005966165496448108,0.001010432692651803,0.009749441300476957,0.029678944035035282,0.0010423215414387598,0.06835628208427835,0.006690019309019349,0.011755348197059938,0,0.5806955930223545
51956,0.26775522001743274,0.011299655380365647,0.019423158491418766,0.014687324878425145,0.08743290005607515,0.021729315520537328,0.00023244051977302325,0.03199718852426434,0.010037264409022714,0.01445474759602195,0.00019051837222945297,0.00214072749304371,0.006826710493562445,0.0005510973789918847,0.017648092647235963,0.014754877000167728,0.07542776829175835,0.001375777660143639,0.0017457300082600556,0,0.59971051473873
51968,0.2789288866925105,0.0008420068252078111,0.008852571389849124,0.007253445630097326,0.09139830033518329,0.025293505350385867,0.005422941612301405,0.014768933881747411,0.029420324341379495,0.011698213739397232,0.0027540380331573275,0.005397727967596171,0.008465508300660026,0.00027151088447430655,0.018680499816296714,0.008858512646211271,0.07258497301084307,0.002793114899159426,0.0032141736612587286,0,0.5968991890177164
52110,0.2742253574953742,0.004975985418366081,0.01013485440139938,0.030203062861305495,0.08963526919033937,0.026504619553460833,0.007630877347392359,0.02190426434836508,0.02041271280495593,0.0008625393165998873,0.008484322889795748,0.007133910968310432,0.002951947222135724,0.014249075358076487,0.018181549460715988,0.005132501445117903,0.08056275919614067,0.007220756001537125,0.009431698710703887,0,0.6398380639900926
52159,0.26263291316961274,0.004500512555200929,0.007060863393384845,0.005330877179118305,0.11352595984785185,0.0234867128361181,0.009139462966601824,0.03478172484867438,0.009938386116862043,0.001589952029557373,0.014104214188915068,0.014199746190217667,0.00553516151706356,0.003745143873331174,0.027764402651849075,0.016309016899020673,0.07023613189811942,0.008757410960862437,0.007591770086580884,0,0.6402303632089423
52327,0.25011138853613246,0.0005341795755212078,0.024264577935419352,0.02679637668058406,0.08111586889022161,0.021462109626840743,0.008197314214254176,0.023540096646664427,0.012138433756652113,0.0021913381410288797,0.002941658288444068,0.008154934367104539,0.001961556667209665,0.012419358434669058,0.015051395793490574,0.0021766774699952087,0.06859734022768355,0.006449038581523208,0.007962406171644225,0,0.5760660500050832
52343,0.2845227039598956,0.014691429561793486,0.009870804311686875,0.023599493158113466,0.10179552530079364,0.022883839013243503,0.0009627444122628188,0.013290795664076715,0.025071571678165067,0.014466814482196205,0.0009544509841090425,0.005549013665491343,0.008652400258177154,0.0055743248831523155,0.013439311374488875,0.00925061847969319,0.09019363801110494,0.0034095121441041942,0.010004185345823242,1,0.6581831766883717
52354,0.26830977693524916,0.0030196471685955267,0.0064093186509065056,0.019431535258609453,0.09136107655382003,0.014835397137150876,0.010144102080124756,0.018460942857167307,0.010995155567892758,0.002566759346285883,0.014590663998852692,0.00682082258983003,0.0336516547953749,0.0009176877740048192,0.014146909134712131,0.023107917581731363,0.07745419716419097,0.009363314234303829,0.009925032375716524,0,0.6355119112045196
52371,0.2545021994751731,0.001314102788605636,0.014440029328600236,0.03059227440566351,0.08427284095027689,0.0014302164138987436,0.004073306549790773,0.03022392240968826,0.0010401798288474028,0.004432271820975544,0.0009714458576828963,0.007162106333481045,0.01222689057730807,0.005558528469635381,0.016175564558631245,0.005435665652620154,0.08143687795034098,0.0007216731827108415,0.005364828726106206,0,0.561374925280037
52408,0.2637061202056511,0.0023983310451078997,0.0009423306352589971,0.0207795648218008,0.08967287733331833,0.017666485193137006,0.009356661191835354,0.008800374275826044,0.01680223483541904,0.00141758931196954,0.003937051975769154,0.002809899519996036,0.0041301541682511895,0.00338675105100237,0.015705045314138286,0.004607451810560177,0.07471058680398043,0.009559818262485312,0.004347895607265906,0,0.554737223362773
52411,0.26073169805388596,0.004556926855223852,0.0011751200298046316,0.02154558380813461,0.09384356636732465,0.023892862314512892,0.0019511699422853756,0.020618871637552386,0.02758225866745065,0.006148983112895022,0.008668320779433051,0.002011726004189638,0.002903326962007956,0.0029785382657080235,0.03261990862115046,0.010090798497770767,0.08184222432900454,0.002232522134434689,0.01349023434807922,0,0.6188846407308484
52415,0.2736537898239209,0.006134483046700998,0.0031901786642547026,0.01603029543538757,0.10568011960216459,0.02529667141730716,0.007207005444741068,0.022855538634246046,0.01611156830952164,0.002119045742317265,0.0077329150040680306,0.009353125093530557,0.00041286747830792975,0.0023804376642818648,0.017205246460181303,0.007679014522261975,0.08323271943610396,0.0012947533423130803,0.00241197712319413,1,0.6099817522448048
52436,0.2826091444655882,0.006808214496989766,0.004614004557134972,0.015807929022390328,0.0795277634509201,0.024704274346372828,0.005246105407644761,0.022114407379918884,0.01150621851438865,0.0035587147284015,0.0035555066952265486,0.0005840114141933811,0.002049312665112253,0.003749414031246743,0.01537677642044365,0.005367855755184086,0.07970056851823165,0.009609312610866906,0.005190671551372532,0,0.5816802060316277
52445,0.2796894377770997,0.0005271570849054761,0.005353732289098418,0.01271369581909898,0.07270792146304245,0.019086738666038106,0.0021287206966525483,0.014907331700988102,0.0063440552152943825,0.002359265152701638,0.014317282573270383,0.015751238781080767,0.018122000203682945,0.007093316109928739,0.013269774704807518,0.004804323412580857,0.0701162233031413,0.002905490174168569,0.009324443281843706,0,0.5715221484094246
52471,0.30366799299635633,0.001700591052826487,0.00227465866436891,0.011801070490419046,0.09383256808221141,0.02331959765303016,0.009238897176727193,0.039709720148308626,0.016931145259562477,0.006820104910720836,0.002531793795667318,0.012391913999858513,0.0063592319113716465,0.005400862603425663,0.010851117685752153,0.010684635489944973,0.07910302840354018,0.003780706214717843,0.008843529358719592,1,0.6492431658975294
52713,0.28106565586928905,0.0011535365508288239,0.0069986454117593345,0.019956398135260397,0.08569316136303773,0.026410043297723493,4.59541342750069e-05,0.02195086796134065,0.02124775382605787,0.0032535038514446874,0.011046202535253895,0.0017269952303459954,0.0012493396314593962,0.004013113357549276,0.02796612464769821,0.009152122552135737,0.07520228233790739,0.007407311824378168,0.01851657902595388,0,0.6240555915436989
52769,0.2604224433246989,0.002795367727522833,0.012034651251892872,0.015566128151714105,0.07865709777294252,0.01242342621664721,0.019940118122188034,0.029263775004170076,0.010080062356801402,0.003680570192759765,0.01462708249325392,2.4837894179608432e-05,0.0011596248118030182,0.008273142457499197,0.01887399301618344,0.008445703831321783,0.07534794696750031,0.0032192337246378586,0.0032303653184981448,0,0.578065570636215
52849,0.2574322716950726,0.013589119061418787,0.00028453924247477175,0.015429569395748086,0.07759259668120742,0.02426068450143054,0.0071260934049611506,0.022934995789124137,0.008502804289891768,0.008387658569335104,0.0006480354872664571,0.015379165615355059,0.009904087872770896,0.0008563159258857028,0.021185070004609147,0.014390220182992174,0.06432742971493305,0.017967917172500944,0.0075777455271327735,0,0.5877763201341105
52864,0.27275034383576063,0.0041796026194979045,0.001218743421630628,0.008090844870649854,0.09572035308218163,0.010473296423728061,0.002785974733721353,0.022476697289007235,0.011914987580119787,0.004981826423436727,0.013976611882377478,0.02363068384132672,0.00014784502306826352,0.00040207286763172234,0.005100248211865867,0.010599040694019572,0.08470282198799488,0.0024965365811478626,0.0033234881045283754,0,0.5789720194736946
52943,0.2356859550975652,0.009506011030631922,0.0021074968198413714,0.012188570098881593,0.08760214248069974,0.02266232994348239,0.021308379166928657,0.034856068175439875,0.012848204056483946,0.013811971791706758,0.0015687932364267859,0.01129408105046048,0.007101967430886913,0.013997896510788824,0.013327878387394932,0.0004986136396206122,0.0792135096727801,0.00856386937919684,0.01585810322198025,0,0.6040018411911972
52965,0.27295337567339784,0.0005243885015130941,0.006253941658351311,0.020583463071059738,0.08850882206698278,0.011047691277954075,0.009541584242994805,0.03664212086735559,0.01877787694281599,0.009192481533777904,0.0033695085367262964,0.004537788662927039,0.006006382174268302,0.014034571780897703,0.0073611993880343795,0.017873395476809825,0.07184402482692157,0.002100649653555133,0.017369631485295044,0,0.6185228978216384
52976,0.2858148609905201,0.006076238829127585,0.0015430589391482907,0.02179854416061817,0.08496906482260798,0.01887295152320909,0.00908207878021297,0.03282427090762722,0.015832074332975492,0.005232248009202146,0.0005438564085144985,0.011124626462719243,0.006631806397320809,0.0062591176665131535,0.00946154707273842,0.0015609575717465997,0.07703202208479044,0.004434527916831408,0.0015909300803170926,1,0.6006847829567408
52990,0.26604177429744147,0.011388924456923707,0.0002778450698607495,0.023180829903020426,0.08148190924195368,0.015647906181085646,0.0007461649098399923,0.024794299722338764,0.022674750998553206,0.010546523955125979,0.001405927837464507,0.004288517098916733,0.005734269035282324,0.004147207226579608,0.019754013550030154,0.0058322948403308995,0.06180426944827983,0.0020537419703653415,0.002682064499683638,0,0.5644832342430767
53005,0.2554734275879609,0.008787892233772597,0.008829854474426354,0.0238081129397198,0.09283429332853536,0.012928101254597974,0.012672791685581095,0.009128739734590186,0.019792046465775853,0.012980503678605808,0.0004536667029105744,0.0022765543495880595,0.0009778518540939102,0.0004974102362795791,0.013920614294914603,0.012658464023156362,0.08617043161105048,0.00794352098716176,0.013928633444831575,0,0.5960629108875528
53040,0.261074424275956,0.011005416840303288,0.012307479317023282,0.023945726988446107,0.09052041877727464,0.03361826507470304,0.007238807047667024,0.029152210790148615,0.013776778003437204,0.030216733181124875,0.0005854826894739451,0.0008205935670080747,0.0031653830673107146,0.003995395279891207,0.004440695757024061,0.0012748413003797598,0.07284575439358215,0.008471958872796247,8.492986081235964e-05,0,0.6085412950843626
53184,0.24362732680472404,0.0060132840754605985,0.006159602249864008,0.009042872993921423,0.07702766504193648,0.005274157669282184,0.011423216550765787,0.017100575890143473,0.014550506226585592,0.014740272255587588,0.004778076514933823,0.0027744001875399634,0.01624687952995294,0.0052541062166853066,0.019989102938318723,0.007397918300007676,0.08171306372285397,0.0009304517762067629,0.004740258867454873,0,0.5487837378122252
53239,0.2558259887849616,0.0018671052080644047,0.004871664370348688,0.03602468129242727,0.07669673870429364,0.01146011095268388,0.0029417545853031085,0.02075590693418122,0.008843020175346798,0.008881161275507317,0.010423459774608526,0.01660765451965358,0.0056713446107820985,0.02930212422814683,0.018153387586428465,0.00839729388962702,0.06816581585293978,0.005678684918664504,0.004859135409177215,0,0.5954270330731459
53263,0.24576423391238195,0.0032402522927732834,0.003299944774060397,0.016036952018885737,0.09779460400088019,0.009351764339470235,0.00982663244149796,0.023171948899996665,0.014917516519924911,0.014885027910215575,0.0015283498969700224,0.002432565568037351,0.006468342073663901,0.0012766506363638302,0.015495511907420389,0.01920391253618789,0.08452704766721363,0.012404477328645313,0.013604961093857228,0,0.5952306958184465
53281,0.2566173543683212,0.005840275132159357,0.005397171866110307,0.012750355281413592,0.07256260314707803,0.022727511040388674,0.006528404469519431,0.03747123095482219,0.01067852802808895,0.010675404295153647,0.00023511219638490613,0.00026645716810467135,0.01984739271504824,0.003837112678236307,0.025807140435586025,0.011240051206393304,0.08170633765963724,0.014010733988021086,0.002303886635774988,0,0.6005030632662421
53352,0.2675874079552285,0.012824070414150271,0.003088301027274346,0.019698129360045034,0.09571639834780524,0.020276140164820454,0.0033867212476472518,0.04001047009984301,0.009522029301128512,0.000352075474752246,0.005654287156923276,0.006504488831285038,0.0015142174557109423,0.0023868989314718403,0.024866786290850658,0.009400317875929492,0.08142004132358259,0.0015487377689358194,0.0053385376458504295,1,0.611096056673235
53357,0.3006589769588491,0.009308302122392453,0.0067966122194397915,0.028393768774089993,0.06806911769003973,0.02466931031201664,0.0031083028873976036,0.04030783299486544,0.017322335308661695,0.015114984085820399,0.0013289617209717814,0.010451054285245584,0.0024967712648733503,0.008487369574157222,0.006694243543577491,0.006448750400428348,0.08003790916344644,0.007444784303321428,0.006022526416663935,0,0.6431619140262584
53590,0.2503473974029125,0.014210636537188015,0.00414104676951294,0.024048512201937586,0.07033211435761054,0.020857184079210955,0.015215749225612378,0.03186794855143168,0.009825565038146026,0.002135487372692405,0.0007553529603629043,0.0007219663900276622,0.02301898805462822,0.010925770210326627,0.029942973325976945,0.020159561345361735,0.07378158831185679,0.002475239992803585,0.003030642417304317,0,0.6077937245449038
53626,0.2417741068115443,0.004836309953508091,0.005309582494239663,0.01911016669123916,0.07693678484983735,0.02210846618603087,0.0026339268864182396,0.030301331329291366,0.00043148705198106706,0.0041067683341305325,0.0010095996797237815,0.003557892074649032,0.0001604835874887328,0.02027241815632177,0.023643576509781668,0.004553820884801727,0.07157183557941062,0.005498047855448152,0.017547226952214643,0,0.5553638318680607
53712,0.28768224227271505,0.014438542213463445,0.010297816498884121,0.014202131304574395,0.07920334099937551,0.01587211543418694,0.005635164823520336,0.009940909981850451,0.01740926358114667,0.007337572279132398,0.005235465307859015,0.0186987530935249,0.008925105837807163,0.0039515290233074485,0.01664929801407436,0.014868588130315413,0.07615340834797997,0.008851494009511688,0.01675344132636596,0,0.6321061824795953
53714,0.291572240196822,0.005492412777570305,0.009035968140739628,0.005925530716049064,0.07125336917919542,0.009447463696007831,0.014082258839024295,0.020567120875382747,0.015042996424780193,0.0045268557738881105,0.012322647752116863,0.006218658398262422,0.01823241419626501,0.0025885998168826163,0.03006201576787128,0.013974414417026333,0.0672690328873763,0.007287655142709841,0.017231180265717305,0,0.6221328352636876
53744,0.27164700276897485,0.0036885160019735318,0.010174181168294376,0.018846517339399245,0.09440726268703516,0.016728055857917357,0.0058832475963205046,0.03611469710917867,0.020810973762716296,0.009749049337403679,0.0033168245755285544,0.0017342285998290681,0.0054908178163190794,0.009856051351112784,0.010504210745429638,0.0037794218466287144,0.07082528148186376,0.010766473440191566,0.01886419940998252,0,0.6231870128960993
53762,0.2691205783444243,0.0028422274679592687,0.007629803160771232,0.002226458070236165,0.07829194813822736,0.0041835033369801555,0.018097423075473004,0.023570311950207323,0.010425790069817328,0.0017819967362730372,0.004522792526536994,0.008484433262923793,0.00864585423313812,0.012089187792239792,0.01908479561208914,0.005314335501579469,0.04369511371383663,0.007965252001335743,0.01809159751930425,0,0.5460634025133532
53769,0.2857484623628872,0.013307516632405739,0.004981521365073225,0.004727625908842429,0.08880967167529571,0.012281220617854452,0.002069809401779021,0.025977922427882726,0.006179397709870594,8.926844243562027e-05,0.00872044841588429,0.010734487873137572,0.004839044204984196,0.003993911039403494,0.019970279194534705,0.0026713492641582156,0.07763179910159784,0.0002155196799353525,0.010984230219738303,0,0.5839334855377007
53781,0.28582949463971136,0.013090730374413032,0.004175879165628086,0.01884293670930657,0.07922310448912513,0.012673223219235018,0.009111537696994873,0.0066158134467933566,0.0007625317470361662,0.005073821939565078,0.0033146708602205125,0.004803371709360522,0.02621478490505908,0.0022262188869615136,0.008640259327095175,0.006971818063678179,0.06831299800054522,0.018590051354314213,0.0007739732624429364,0,0.575247219797486
53782,0.26589207585160357,0.0025174857549498,0.007354761940491403,0.005376675979767167,0.054272133120752165,0.018036894443793302,0.002447697215534605,0.013860869184970646,0.013145434013742956,0.004562912509884282,0.014561268182355442,1.5099180026370714e-05,0.004779180405044358,0.00043498289708921535,0.009978345617501255,0.009109259599383707,0.053865100048512665,0.004290952570879917,0.011839867749409034,0,0.49634099626569184
53873,0.25626845058924047,0.0064190950600851735,0.0012796160912123783,0.03833132083857382,0.0981242286948843,0.02280445761565831,0.01307433461550935,0.028703849515701412,0.005910226925892798,0.0008844711574852715,0.009768094960907418,0.004933014564055917,0.0003444104304843062,0.0040074016175145055,0.024515287532896647,0.011125821636605663,0.0885404292615955,0.0072853625575412815,0.00013796517845034213,0,0.6224578388442948
53898,0.2609274187149519,0.0027066241575922994,0.0018658172985461044,0.01892073953201463,0.07705450377947745,0.03355026267587015,0.003294209924055306,0.007722619201359729,0.025572441453257207,0.01566842031660571,0.00135130690387007,0.005506141896513788,0.00048181590492018,0.008024409007881992,0.013205238853748157,0.002454391475287207,0.09122235928797366,0.002001709324682405,0.006586669225367395,0,0.5781170989339753
53906,0.2344889125157208,0.005769613554307906,0.007497489521654236,0.03635498465783455,0.07743741351779637,0.025917738047567564,0.010080797460397885,0.01962182114495913,0.03319547177748214,0.015743130036356183,0.0002558655360513091,0.01012042907969822,0.0029168601195718236,0.0016570511470428496,0.021919149311861452,0.0006795711976038507,0.08638878108094576,0.005512510938659339,0.0002226314235514074,0,0.5957802220690628
53947,0.2571633990223738,0.004963941648111668,0.008228000349629767,0.0027529303297996128,0.08012345616975189,0.01732004529610069,0.00446124524867743,0.02875851038113299,0.011234148088941149,0.010393012637797551,0.002491426673055454,0.00042752318925696575,0.0038243001065734502,0.0020224376266890797,0.01591244393186706,0.0004807631816454458,0.08607834907676644,0.0049317591375510495,0.010032988860248284,0,0.5516006809559698
54000,0.27789317420844517,0.005386026480219699,0.0004119040366889279,0.02212420557915079,0.07598646790819256,0.031142158192486256,0.004217436155743665,0.027203060122803397,0.016391133845129472,0.00220373703613433,0.010033863948597135,0.008505740478459457,0.0016275439922941312,0.01691784579041428,0.012110865623495297,0.006948558103222297,0.07828323777526697,0.0016353564113598979,0.00976969921887406,0,0.6087920149069778
54001,0.272387325669426,0.006784198742357416,0.002548916604171596,0.008939963086897575,0.0903170525973984,0.025361549080457943,0.0034557910125469853,0.014444950957410942,0.01905989362545547,0.011636289390022862,0.0005010396556136378,0.0014740675969963151,0.013062990203244966,0.008478475290148165,0.01275042475649507,0.00014473881717003254,0.06719707301419259,0.0002895553012913672,0.000523643932099637,0,0.559357939333397
54208,0.2729053499773051,0.0013681735318365519,0.0015151241900133571,0.03401848740795741,0.08228268328752791,0.029752596526407483,0.0036997746428960457,0.021269727798306305,0.010829888367707093,0.006181925441151796,0.00530912889436007,0.0012220101803393398,0.004622621474739718,0.003620334690122697,0.02231844128643606,0.02049610247651335,0.0721652132587294,0.0031558916300871765,0.001557673265487294,0,0.5982911483279242
54216,0.2783668017615465,0.010517896884458623,0.00035818988146208813,0.01622445231756665,0.08463270064160987,0.008734246872361889,0.0053537888822551265,0.004042480256594528,0.014136055069216162,0.003386630060448533,0.008564687603430782,0.015089801793785867,0.010658913647318613,0.005270016356234281,0.01535409262875699,0.019316255292804407,0.0884325731403516,0.01331835758446392,0.014242552718056065,0,0.6160004933927224
54241,0.24674413716855087,0.0019045917108801089,0.0005743354385692337,0.019371166242267406,0.08819799262553576,0.023240183587087418,0.00296016014706866,0.0295422145240796,0.017809269160185427,0.008609430446782754,0.00978326904701631,0.0034566412650410576,0.009680456631560273,0.007216995158062828,0.01148228578000088,0.0038912111472456153,0.09057044650709528,0.008722691761251207,0.007465923824196481,0,0.5912234021724772
54279,0.25823193567744834,0.007753162170491805,0.001700066014455467,0.005032893791664622,0.07156903412353995,0.010597874425869956,0.0038197060396112296,0.02704098094639488,0.010059204177494379,0.014177967829206795,0.001376614640519032,0.0006042994220342159,0.00045144724094270394,0.0063066195351078064,0.004948293239427366,0.008016764387613383,0.07764569189027815,0.009651414015476966,0.006284122004595518,0,0.5252680915721726
54305,0.26524998157395147,0.002773277362421403,0.011187084250386491,0.021018604438458953,0.07951411449137227,0.018166024554914367,0.002200456840125266,0.028172759162489798,0.015394510736583628,0.0013267711999194569,0.006767427696276896,0.003055532880869481,0.00426324105240587,0.015335243393834413,0.01874780063669711,0.0005966361948054941,0.07119658075746865,0.00859477711692022,0.011699902215065588,0,0.5852607265549669
54318,0.26185417740139716,0.0065440288276599826,0.0015705081846734627,0.022044165809343978,0.09223205180443061,0.013928322169126107,0.0011290319896360512,0.02265647797945853,0.015267280141802718,0.001279301038040518,0.008710161399739255,0.011808488032710184,0.00881607925304948,9.37384889978417e-05,0.02560834149297234,0.00681871743376513,0.08880658869696847,0.005924028463304345,0.009821791025275162,0,0.6049132796323513
54330,0.27132286559959146,0.010986021192694533,0.012237797690626408,0.011750048448934262,0.08243902991888313,0.019159110140604122,0.00417033192622483,0.015994656112618313,0.004891832165070235,0.013900759052245323,0.005495638090442088,0.00433586346240227,0.00501454393399872,0.0029727372809106103,0.013418243902878891,0.021855822202235507,0.06047898854377834,0.004944191986394871,0.003979371392729646,0,0.5693478530432635
54411,0.24772446396515785,0.0061618242613601165,0.001702701825982326,0.012356989371180118,0.08387673660786056,0.026610208705658885,0.01051150733231186,0.03457613996490659,0.0173393748313568,0.0004487489497040019,0.005722166637203297,0.00573316968642182,0.010560321719431052,0.000804027344765706,0.037846617939209896,0.0036778697023401017,0.08907364579352163,0.014517952714125029,0.010556150027438453,1,0.6198006173799361
54431,0.2776617211827149,0.000838536570717237,0.0019368132922041935,0.011019276157896047,0.08836841195462712,0.018162855283061278,0.009796887514717903,0.007863004187977257,0.007916450579360532,0.0047111802870241385,0.002084356705235006,0.01095015905525629,0.007956205224055213,0.006842134719288802,0.015810009130443187,0.017118987116225035,0.07881209129612853,0.00028295392349840054,0.01125839354582354,0,0.5793904277262546
54452,0.28205251069433895,0.0002831381049448092,0.003506836337029054,0.02052339626081192,0.08249736891771416,0.031291342412835044,0.00393834619270887,0.028571472587543802,0.019713456996689194,0.003913463912799152,0.012267710041366613,0.003329036387814146,0.0023180466840449308,0.00929115860121039,0.030429470902714886,0.00522739532065329,0.0747958536775034,0.012182063776354314,0.0047406818929384585,0,0.6308727497020153
54471,0.3032152999362855,0.0003033198735040426,0.005827136177960959,0.01382403291276108,0.10246847261451483,0.018568652295382616,0.005649829218010419,0.03575193728085984,0.005879062914226394,0.008479943778490186,0.009040299981524816,0.0032854374342292584,0.005183456333543128,0.0008987622947377396,0.011200708018292423,0.005738987181491883,0.08321952599926147,0.004570916108755313,0.0008948952479913618,1,0.6240006756018233
54525,0.2763279739288142,0.01629131999238131,0.007116193493904991,0.00506291306034893,0.08949842305535084,0.009201690417072408,0.0028661785679437147,0.02926053322976425,0.02773100849123644,0.022665140709883486,0.0021325602193327984,0.0013355294750089862,1.9594692368963905e-05,0.02420888964309919,0.02614954786233363,0.003510327641034808,0.07525730419781453,0.004311098954501093,0.0026895986449432677,0,0.6256358262771379
54541,0.2726694927066582,0.011935259989748958,0.010677484879457964,0.03168327311659944,0.10080453062893811,0.01514403329244342,0.006049461699589622,0.0334810749100273,0.0016754302424042864,0.012289443295163389,0.014902213049297197,0.005238871358616608,3.435525083323472e-05,0.009324160069683283,0.00560171586170627,0.007860190182742255,0.06581636424618412,0.005953693516855919,0.013038697816477785,0,0.6241797461134273
54550,0.2505973952721422,0.005727530318905461,0.007550266849818123,0.019952489483449583,0.07228451858008236,0.019361262183577817,0.0016244601995462269,0.015140836177294286,0.008797101959795574,0.004123591221769884,0.009664743180958906,0.013735376411047457,0.009714880365716171,0.011417676589172381,0.012426630773933306,0.0071423995832310535,0.06378589041384218,0.003314693224613873,0.019432992774530145,0,0.555794735563427
54577,0.2545738161495061,0.013574003344068261,0.0030578145109966142,0.017325705855496483,0.08408642631518233,0.021326624698898573,0.010943802489163544,0.02951866191679605,0.014834187235627922,0.012457907287763604,0.005914584750524833,0.006618088214913241,0.008160696308726966,0.0033970045901976433,0.019986493449636426,0.0009089560036969666,0.09194856520422164,0.008300142588487122,0.003659530645068649,0,0.6105930115589729
54610,0.31631677943378356,0.013573213686548652,0.003103847577434921,0.02600464710487871,0.07806713061736661,0.013334813891228743,0.006761573399329977,0.016682732249029903,0.017004040725286364,0.0011931330986348107,0.0027759860597547465,0.002183607371446899,0.004123842916328108,0.0010839292193321089,0.024268601318242246,0.0041841463993037495,0.0715322504149592,0.0041398128916095385,0.0016116199802375776,0,0.6079457083547364
54675,0.27294740993694605,0.0036481234326182044,0.01833622064867588,0.018001016339993237,0.09340314390792488,0.004313060852733415,0.0031045872141767378,0.022837415618923808,0.012566104967554384,0.01645582090125101,0.012492157163774668,0.003995467577541404,0.011582862995424192,0.004586625525410028,0.008361110164365854,0.007657740517581889,0.09468959346951906,0.00010321668260703793,0.0018552917429395207,0,0.6109369696599612
54683,0.27507614111663614,0.0064067466260551,0.0029259984859854567,0.020496119237838475,0.08422178328752047,0.010391647310949069,0.004136388898155725,0.04095505960081965,0.018173239606763814,0.0041807324511436116,0.0016658781113718388,0.00015119150001083334,0.008671366221039613,0.010861591049857747,0.010729055057083312,0.011625823750382966,0.08824986593158893,0.0029241664993818034,0.0025182306510316394,0,0.6043610253936162
54965,0.27080879585940915,0.01208277833384697,0.0059113473901977595,0.013122343669633057,0.09481250734215557,0.017998946593022657,0.008972632745984754,0.01723607552717846,0.011060926443649999,0.018592556861770183,0.009451347243189478,0.0057050664053711585,0.007815220128821706,0.0005681266271827807,0.019756657348602092,0.0040456752877759735,0.08546189310710671,0.0016638384379417447,0.003479183426692901,0,0.6085459187795331
54993,0.29231296923392514,0.0007397591566649387,0.006846952670434197,0.017010248758278997,0.0934307271501368,0.02966859361606638,0.009952069362495729,0.020923102029233143,0.009101445354962583,0.002644022669527473,0.006031782473941361,0.004407240751857065,0.013761851500920623,0.012510912448266069,0.032044629436821855,0.0013747920881236623,0.08661144879531343,0.00045567213137526593,0.018073706695303143,1,0.6579019263236479
55023,0.2825223134278928,0.005045220580776482,0.007940430622766155,0.023028585479148513,0.0809407674573704,0.02788716134410529,0.005768465239684383,0.02277591372889853,0.018408976936507972,0.011677575021588523,0.01136098061002623,0.0037844487816064824,0.004395985136753624,0.0037005873351454548,0.006738558425110072,0.007214158836393691,0.06882583185434203,0.004754156157703612,0.0022304703555943205,0,0.5990005873314146
55087,0.307390402261858,0.004978284825322822,0.012453047298529696,0.01693236006230053,0.09310574117478398,0.02658223461601973,0.0029657524439999144,0.02741738028268544,0.004983543227071829,0.0033543635691684476,0.0030246718675603214,0.006730647143283908,0.0023752161825475668,0.004013658076415335,0.005145669451140544,0.012383270205733484,0.07765696260057318,0.014236383208115598,0.000807103197317218,1,0.6265366916944275
55304,0.2737508751216487,0.013382801557857144,0.003533194570860288,0.022059087549738555,0.08258872034173606,0.016976426570752514,0.0004848697481079175,0.019570732249868276,0.021931097211471493,0.008098890947456666,0.0029665296805554083,0.006132730926427197,0.009262822400821774,0.018491308554917048,0.023427811286727673,0.001388026054040363,0.08369350497514287,0.008727012764265718,0.0008607868362740319,0,0.6173272293486697
55489,0.2704058861765292,0.009624171016323759,0.012282693687802968,0.0360270274672892,0.09766247638264633,0.013736379486686686,0.0040637971412339,0.02771806584503159,0.005753482826346567,0.004404542801993226,0.0009980353939535148,0.0015473471989985396,0.0038097692600992904,0.007874923573350122,0.01081776068829776,0.013268545739659122,0.08205401929622846,0.009961086961869158,0.006628139000010643,0,0.6186381499443501
55491,0.27368971392575103,0.009890283968479009,0.008650085025364717,0.021761004381450868,0.0817767650563683,0.017430662479680822,0.009099620564211581,0.03062561187066606,0.018253158284496144,0.007392583411833303,0.012204990901156046,0.0021826194342311187,0.014011437875179009,0.008023102020690185,0.013019271008596742,0.0040972053299369645,0.06987275366546879,0.007494491864296887,0.0035015899302854718,0,0.6129769509981431
55501,0.2637515052012934,0.00034792791958419356,0.014557732021829932,0.010238398496995309,0.09473908543550201,0.01097767418883504,0.004283206054249503,0.010133056665820822,0.018204795712704808,0.010465419784696726,0.005342374949691207,0.00010268914134598,0.003508156113229584,0.003913926489706878,0.018861195849950628,0.0016739652814409009,0.08177166162927256,0.00019591809666366384,0.004167652535592,0,0.5572363415684052
55549,0.2826609427767482,0.00131528559131644,0.002235536277356992,0.017771979179273173,0.09627286895167707,0.014214965336778965,0.00048401716634210247,0.02795491520033946,0.011481999673204762,0.005336915423073805,0.00011558017773793288,0.0058614622614454395,0.003842786025266068,0.0006925735097662585,0.02937730423113348,0.011506692654908324,0.08151752882275205,0.006674316658611405,0.011766916761617582,1,0.6110845866793495
55591,0.28595170435466244,0.0010112442184251238,0.0033557737679343444,0.02040428725431627,0.08146343690276804,0.00890477998984213,0.021933451438840238,0.0186330526960722,0.01697345308787884,0.007853563736356867,0.006701614698959456,0.005475929158500087,0.01710679937809793,0.003606835957916691,0.012709396078089491,0.0080084150863526,0.054793340317787154,0.010903673964540271,0.0036812651751490207,0,0.5894720172624892
55761,0.26562142909357706,0.006243455282571769,0.013086024827548013,0.02707221091626565,0.09226060999745864,0.01430899665754613,0.00886392706282334,0.03407753959636003,0.02255061006089621,0.0032042895501233513,0.008350405789602377,0.013519642652563137,0.00549332063055754,0.008363339823587456,0.0034661713304569653,0.003650040435901332,0.08385852057165889,0.007601897362481824,0.013593807541185051,0,0.6351862391831647
55790,0.251557501902676,0.005553945354071733,0.001151713099771789,0.018675993616239735,0.08416823348300047,0.011126478087158734,0.0016422168137551613,0.02199232654257329,0.027100652449887398,0.012824582046707222,0.012531072297560831,0.0033004801120962565,0.0007107944512928202,0.017635577809632992,0.0022864926429356667,6.0691716246876234e-05,0.058510610609230775,0.008382631843749775,0.004043901455045432,0,0.5432558963336329
55827,0.28730387295589704,0.008454119695308342,0.01085548853054685,0.018556178813119252,0.1014868189738417,0.034653612288821564,0.009250539888060925,0.035016376467275304,0.012594815051592078,0.0006413977712540508,0.005845563568696732,0.006074338829341439,0.011653991410657068,0.007107692307445742,0.029206574928957525,0.000992103985130064,0.08733067872005229,0.008024461281430344,0.012222713787413977,0,0.6872713392548423
55860,0.26292262421564927,0.008286409718797655,0.016542069743171954,0.017168771196244832,0.08555967824221984,0.016271961988462768,0.004068819907283481,0.03972203508626494,0.00894012633901538,0.0031717054010488243,0.004325623431925383,0.010793068593132924,0.007288472026131865,0.004262034344817806,0.024669319159613255,0.0033175477243316998,0.08569704886919666,0.004650947434158042,0.008723668621874398,0,0.616381932043341
56070,0.27655813974311744,0.012858643580453733,0.0039553610311178905,0.01616125984523683,0.09429735697938017,0.013033265442251633,0.0010733206614850393,0.03605206051733932,0.013802101355704486,0.006003218969158048,0.0029409056765845837,0.007082424885411035,0.008596536856565671,0.002648287881527477,0.021719827076467836,0.011297057545397723,0.08026294152162435,0.014409833843286863,0.001133636184352008,0,0.6238861795964621
56104,0.2504466060001777,0.007914160577481491,0.015807145967135172,0.024318953339035797,0.08993333014321102,0.009299405482394676,0.02365226239148493,0.027246768843190685,0.01983418989119101,0.0012886156583991563,0.0029947273785911784,0.00312729312104694,0.00396185010086728,0.004649455625772629,0.021748786394672988,0.015595538878399139,0.07397599024110196,0.007011112169771709,0.01165395786752328,0,0.6144601500714487
56125,0.27453881692881066,2.2823240128393195e-05,0.00291629399483468,0.01946287235634206,0.09073014390904183,0.028395081043505854,0.0011500897505494487,0.028163926856479615,0.01796475125181462,0.008722715439402864,0.0032687104578158874,0.0008186859455538313,0.0018706299211005463,0.003942424697532107,0.017503015342343362,0.005709163054576555,0.07875142545760673,0.00648197181665487,0.006673578366367801,1,0.5970871198304617
56180,0.26768575213986273,0.012665104464436689,0.011702267728452863,0.021919769150751774,0.08919364190208905,0.03049356150822127,0.01778182679745748,0.0072403309910437814,0.016073459194064398,0.004402097911420605,0.0005964904039412026,0.0004942652071900547,0.0038119188253177044,0.013427108656545332,0.008644683185355015,0.004900245586452181,0.08030589763819498,0.007635450130187569,0.0040582684784099396,0,0.6030321398993946
56215,0.27269939680746896,0.013535166454214665,0.002800195033811597,0.008989849893877445,0.09442292948995289,0.020214259414512964,0.0056740256459215975,0.027131916402416068,0.004265003791995026,0.005796882390721033,0.001312858268750222,0.015349420891064303,0.005970778700812439,0.0074197998378806845,0.013930568920686455,0.008683350542835113,0.06705117980168868,0.0096831087681368,0.009985752684968213,0,0.5949164437417152
56217,0.28371382453089855,2.1586677217905526e-05,0.0032629824074036657,0.019302020981900956,0.09676461546100228,0.038794771678589475,0.005648073727977813,0.038765644266380114,0.011269003937373985,0.011181976630990579,0.008313665588805889,0.007785514059604827,0.00961634061771448,0.013012195756548495,0.016388990162297952,0.002394885633338628,0.07830447518986113,0.011510056349444998,0.0066882479275656975,1,0.6627388715849174
56281,0.2801303343410424,0.004478740693791292,0.009960592923801201,0.011560744962504458,0.10743048925480245,0.020615054260376648,0.00901885314210559,0.026795359760486342,0.005620094473735301,0.0020703652417930285,0.005447769339657767,0.001206139135513757,0.0007427275445017962,0.0017806414482836029,0.018327656645010244,0.0009456307134165484,0.09186004734191501,0.0036958755018370337,0.005982088376153869,1,0.6076692051007283
56299,0.30646117251084765,0.009240809583518545,0.0012718223056149241,0.00036706338109251897,0.09622453742974123,0.02804948238093285,0.0016226527749512154,0.02127646191026471,0.0028267540081917055,0.013309394687728026,0.001995874479592338,0.00012824252923341174,0.002898755351286835,0.009655839334037736,0.02329888546985004,0.002599307150992098,0.07886099422499254,0.007035616567920732,0.0010501262322007915,0,0.6081737923129898
56366,0.3087846705007925,0.004543216187496465,0.0024639951148557942,0.018728630680039104,0.09234430977464676,0.03156350274246498,0.003710732936059391,0.028376113725399853,0.006764108463968201,0.0013281984364710573,0.011618830912586614,0.0032381118175279686,0.004599422737852919,0.0013275781327770143,0.014922560493569138,0.013960672553280939,0.0717058667907723,0.026448153529189118,0.007225860715958113,1,0.6536545362457082
56500,0.28219516565447994,0.004311427349576731,0.002920318117762159,0.014980625520300628,0.09127146034322711,0.03134566290165769,7.485356393730055e-05,0.028945222451003172,0.01253402606209569,0.007149531003316114,0.0035014880964170615,0.0013395018342923803,0.014279804829368928,0.004187958194252658,0.015203007514620656,0.010628527057234317,0.09888612791554743,0.006626485668399422,0.008198719294736794,1,0.6385799133722262
56568,0.2598834656530223,0.0002139302308462102,0.02006977440969118,0.032044285875236125,0.07229930604099967,0.030621191643238354,0.00960642804056996,0.03742116908962688,0.003459816713104436,0.006394329954042008,0.017883847825903885,0.005527959048643428,0.011553141077224676,0.004594375812995655,0.017346518374874102,0.005488723110490133,0.09336421290867242,0.0011555333053895516,0.005493205666524262,0,0.6344212147810953
56584,0.28019691377590367,0.012165665601912663,0.014522119624007351,0.01710799337528293,0.08577090745799669,0.016241493513833718,0.016046925979207732,0.007179331927036487,0.026594793822055648,0.015299351824757348,0.00043842854958116864,0.0011292231677409012,0.003001431132507999,0.0032005008542653926,0.018027453115804466,0.014577885186424121,0.06939883558235105,0.005122473788884083,0.009796913735432627,0,0.615818642014986
56714,0.28638255641212285,0.001666014079844839,0.0013904307807143634,0.020263279599007134,0.10255865699935733,0.005631773903881655,0.01116591653543727,0.011600150051990592,0.015086419938584592,0.015570917498580673,0.007162828867238217,0.017923363570348887,0.009630307001034918,0.010208683787937685,0.01447318443579066,0.004689875175455644,0.06671819298131959,0.003820515188202,0.00524081084404402,0,0.6111838776508929
56732,0.28439225193565665,0.00617349387298955,0.004837015924192115,0.025475344500841986,0.0839218637541731,0.031086043468832363,0.0030704409563034204,0.033576757536572306,0.017860924674214743,0.009992703244313863,0.008716019760767513,0.016045741852106107,0.010628783425290205,0.0003160517210873357,0.018832640384472955,0.006818291092216331,0.07273663213293166,0.007847945298265968,0.01395827602691827,0,0.6562872215621465
56770,0.2935234834158189,0.007772397479079611,0.003153926419963518,0.012040965733831547,0.08403410230822873,0.026451491571350943,0.007388853319892303,0.012321183434788848,0.021336234053965144,0.000798924877588135,0.012117286484405368,0.012905454405806292,0.009285786191543337,0.019362947266655505,0.005431604384231119,0.007857007719147656,0.06368991399461138,0.005381940344648085,0.0035310359655223523,1,0.6083845393710788
56871,0.2780985359184012,0.006958801275178643,0.003792534997191873,0.011020380287267867,0.09111132448915447,0.031140949052290565,0.014947037497790631,0.035034793926067856,0.0031637054052678993,2.5445870730242653e-05,0.018918852411669906,0.0039815407378550206,0.0076243866473057155,0.011961173627750095,0.001619627729430932,0.005579260296436001,0.07876720816717302,0.004294178267515797,0.011025134588069484,0,0.6190648711925473
56887,0.3261503856248752,0.004194800338251499,0.00041645300435043424,0.01986777160983428,0.08773539619500906,0.015165341117898573,0.0022160334379031136,0.03352633598500787,0.0010480133982289854,0.008325360111967692,0.00012108230723544554,0.013752208998934283,0.0026004391372799964,0.0010954042029803289,0.008862720229391153,0.0074963123508809725,0.07443408696825633,0.00842782843280511,0.010728902028050696,1,0.626164875479141
57010,0.27208757135036143,0.0008025198894563893,0.012968558924892255,0.012774177516633633,0.0738083015463169,0.017610964858758675,0.01256340170780818,0.03284880717001177,0.013746227220567267,0.02042804681673845,0.004779517163569035,0.007122357506339906,0.002938054265809015,0.005118300731123421,0.012824546315200575,0.0017801163340725559,0.07596659923329598,0.001867651561268733,0.0028280315517768048,0,0.584863751664001
57026,0.3010311001448388,0.004889604761656275,0.007247611521633025,0.021824464015431075,0.09264053747157432,0.018700303079173582,0.0050494993533362325,0.01979314854894921,0.012465078369726428,0.0029601512378175923,0.00463545752470611,0.00488958590893593,0.015011707149712818,0.0030404432553144335,0.01490317755648226,0.00336996322628793,0.07402377232585311,0.0015997818374089844,0.005110612135528524,1,0.6131859994243667
57120,0.28805267920260547,0.001990939809916131,0.005585536712175866,0.01906040404694435,0.09563358757585329,0.02020049771339907,0.008324451891917823,0.03382415482951758,0.015896484515862,0.020815106907054775,0.0007371248430110923,0.00046000971994179584,0.0008036623977696018,0.01147775575319202,0.013764157397613053,0.01230742893827766,0.050260272067928616,0.010036256710055836,0.0035610466825903913,0,0.6127915577156264
57173,0.2874193525738211,0.021348516937354733,0.0019216402517216495,0.029685084518955296,0.09993659406028696,0.029636248122649336,0.0005238156190257679,0.03596964344793434,0.014659739162530543,0.023061658825473244,0.015692970188641877,0.003969697456855044,8.09478112954443e-05,0.003551144914192605,0.021896803652254784,0.001520603068439903,0.07391106334685453,0.0015487522431441793,0.004011920955172534,1,0.6703461971566039
57297,0.2744389545892482,0.00981610103326208,0.0008433170890412735,0.011779206516980691,0.07709083788047626,0.01492262246794451,0.002889005406438189,0.027653524538395924,0.02260840800443193,0.00018729892255982567,0.01081917631037386,0.006590677126703318,0.013193613918491763,0.01426500110210024,0.03172096043487393,0.01532402885799322,0.08187022444748467,0.022480483335503124,0.013623790100995596,0,0.6521172320832986
57319,0.2678395986360522,0.007758200680660482,0.0012543745170251017,0.011527981421772488,0.08369018952818948,0.028343115371186438,0.0009213103094078963,0.02466077211706487,0.021604590763240932,0.011289718466197756,0.011042514850068462,0.002208924345787393,0.00040058929409943846,0.021979974354685915,0.0110537507469603,0.006346001365888417,0.08807796026970424,0.004965220182915227,0.01723438169067549,0,0.6221991689115826
57381,0.29307724245335876,0.004468376176194509,0.007020718587337863,0.024222552660950396,0.09165266863041963,0.02511372592478866,0.009896853859230994,0.01356400470217234,0.016603915340455883,0.0010728341719670046,0.0015077537487555514,0.0042808255004427006,0.011450628838581205,0.002299415313523328,0.012237697887249387,0.002028818941635571,0.0913685421563197,0.008335513034145425,0.0026462145061580964,1,0.622848302433687
57388,0.2667157427929776,0.005782527302803517,0.0045275439731463215,0.0031869991680287704,0.09258519002319048,0.025379236811332254,0.0026333401183865476,0.03252114131265267,0.020503372709431138,0.0044812107363215396,0.000443600308337346,0.0007583346646452021,0.006963949591143027,0.0066603452480481036,0.02622741877831913,0.005356760618918625,0.08295610416785672,0.0016343841140794622,0.003755499038156097,1,0.5930727014777746
57407,0.2875761221253466,0.002489378526333317,0.002898772705055835,0.030599806990418928,0.09072219045905773,0.006581892861897692,0.006377729412706934,0.026516725494248033,0.014492292805258636,0.008464551628967148,0.01090287800696822,0.00875023812023113,0.004320260317834658,0.0029566612099178385,0.012488105493464305,0.00792123327221529,0.08255607147865587,0.009373275367165259,0.00028028162236870937,1,0.6162684678981122
57567,0.30515780624887984,0.0012643414499368079,0.0031883973259243677,0.020559850634586967,0.10594499521187987,0.027823704127496865,0.003294353376519145,0.022796424740309653,0.017512511855101345,0.002672802617690771,0.003874937228475912,0.009795419641858363,0.01271555364308838,0.011142466294302227,0.016816108844309546,0.00024232115599941717,0.07481464788733637,0.007659076415178443,0.0005703329764084189,0,0.6478460516752828
57568,0.28664991129051043,0.007444640286773209,0.002099597502165893,0.014518760811755356,0.07752736269428354,0.02223824165233267,0.0005783437957980559,0.029214748718710503,0.021769755563588088,0.011766549029842975,0.005405837693976658,0.02307765347673468,0.005455705555936814,0.004576762402419768,0.0068821946521008676,0.0073211862040198005,0.06549195990905524,0.00010542192880899089,0.011462278149801568,0,0.6035869113186151
57573,0.2893864139806298,0.007654788390913501,0.002162010667274417,0.013067562402350656,0.08107791569685226,0.037778136757568595,0.00290267443091346,0.03168963296816377,0.012137351849274617,0.008535650349777237,0.004424315858490102,0.0008624836322165005,0.005671704424076615,0.015521798196773327,0.025357131926354744,0.00015379530766919768,0.08394310118710238,0.0008204384339396221,0.00039134314661124663,0,0.623538249606952
57644,0.26704098685375066,0.0030198665203388536,0.012150493832592266,0.0258692998330859,0.09000348059405917,0.02142194121973205,0.01654301169012186,0.03523890026610208,0.02126760537959045,0.010207321807872765,0.0025736322580318842,0.011539968123051076,0.008328769928041725,0.0020364207300988574,0.015041819477565917,0.0005952979720950493,0.07057069723158803,0.0029849454485367647,0.017776901746184116,0,0.6342113609124395
57670,0.2793993453154619,0.004593318397281745,0.005695219751555105,0.025942703490121923,0.09789915555891325,0.024279101929678065,0.004091780832692762,0.018110814612726497,0.021670451365085077,0.0016122131297775842,0.0034693182193768343,0.003064411015846412,0.008676387981576127,0.0007845417693298554,0.03122166512536458,0.0076341652237074216,0.08315905060268002,0.00024360002947682472,0.01362098488104022,0,0.6351682292316922
57693,0.3054631020379686,0.01099742242832271,0.005363446052709554,0.009329792453712822,0.0926273917537285,0.00812471909200184,0.005569092199991148,0.03317459889958206,0.009484677794586132,0.007944404170489156,0.0002541525512934862,0.012865926324032592,0.013766129292307508,0.006578569407469394,0.02256216838438347,0.0005883825517365422,0.06533175693988481,0.014948706427533508,0.009024428351015728,0,0.6339988671127496
57803,0.2832663351401626,0.001339521385339308,0.0010777469910695093,0.02617708340069389,0.10228135875267895,0.028932368104344845,0.0016975478552255765,0.029565496573732784,0.022560099219453948,0.013565801634503237,0.002294609609414132,0.010977707018869179,0.004769965680136507,0.0027906137569907036,0.02190096285233987,0.003010044549020596,0.08985578421275364,0.007408097864407522,0.0017775291785456782,1,0.6552486737796824
57828,0.2805862320193898,0.008204158802664114,0.008037078621843826,0.022690519785316696,0.09902336462324274,0.026486412823733863,0.002884571864500006,0.016049799991189027,0.005441604199638219,0.02015459327688775,0.0011749839145190595,0.008440593026969843,0.003673792143965467,0.009852936273637179,0.02213352372046464,0.0030635402010130205,0.0775414734005721,0.001299350611536238,0.0034436386493169216,1,0.6201821679504005
57870,0.29014177185599144,0.00012887188689142222,0.011200455446944122,0.02639486414253592,0.10699502107180045,0.013196930621013717,0.008359696188714821,0.013450324778502583,0.018546289487161752,0.00011140553551404066,0.004858306510355002,0.0058997155205627524,0.004620933531963547,0.0038044313763393326,0.010875720664352957,0.013117428157362943,0.08009410658919204,0.003588388852593994,0.0014969071437796412,1,0.6168815693615725
57962,0.2860321449430915,0.002352731308712459,0.006035501919620757,0.02584577266724389,0.07254781672272546,0.017186830922227583,0.0002862806320642342,0.016500035870464492,0.007838403523820531,0.0034807626462243085,0.022248117106840097,0.005134740552302217,0.015065791181655564,0.008971934558100829,0.003075924078445819,0.001692389776151743,0.088298639496519,0.0020815387331440333,0.013325860427563325,0,0.5980012170669178
57982,0.3140736161221418,0.005839312203612153,0.0019604395607018942,0.017747225719295413,0.08615226152734025,0.017640714449405116,0.005822293849323321,0.021766869257631632,0.010048536204401333,0.011230985568498187,0.0020609478233662294,0.005398211334303582,0.00883062631598637,0.014274838682817976,0.023765160213941462,0.0042521686448654915,0.08401946798082567,0.017738422890247133,0.002929566746535539,0,0.6555516650952405
58018,0.2676221942581128,0.000792668476447881,0.0066913387665432505,0.01980509994173223,0.08900691068112006,0.023817752249924603,0.001989338562513491,0.03058278186336905,0.026138854065030283,0.0005368887107993916,0.026051225714205428,0.006415676424915813,0.0020116184783659087,0.0006684236974497354,0.016354607949847985,0.00805857421057549,0.06741311492435201,0.003910383204344813,0.011790163823454467,1,0.6096576160031046
58041,0.2755523625289994,0.010681228319349296,0.0018552325667051065,0.01822202514281644,0.09809877055544015,0.024850536047388423,0.002278733436906564,0.02593751919911576,0.007507079166760035,0.017057571944584935,0.01087957888683499,0.008975183035797132,0.009429529634683301,0.005424235470797709,0.01601024838166499,0.010369554535252472,0.08365654338424387,0.004414873296512181,0.005663652971178791,1,0.6368644585050316
58073,0.2632948439018184,0.015964837548303554,0.006069880943619925,0.018535198298658958,0.07705931045517961,0.013992134269142658,0.0038933530441784647,0.014885078466112025,0.024005993520773414,0.010573906204358347,0.007736788308787775,0.014197527764619735,0.012961138009627626,0.0061981336342444866,0.03603001607223848,0.023000117696936696,0.06558870532563475,0.0225020004348596,0.011341841842526087,1,0.6478308057416206
58097,0.2901880314117864,0.01842400021751928,0.0027948094806482062,0.012747683109466824,0.09793876186575645,0.016486459447570087,0.00989544428614205,0.04450955251587287,0.019907724512054883,0.01016609324278608,0.00574096797678526,0.012023523449180278,0.0010223490885254837,0.005552718191710562,0.009756219533043746,0.008655102865245986,0.07745820805630708,0.0009445154918062531,0.002313737493207054,1,0.6465259022354148
58131,0.27025736556054086,0.0036320535751167495,0.004486205409044687,0.033297909187742274,0.09749672857253404,0.012931770678550022,0.001688458631281518,0.04262746361623316,0.010799770641909238,0.004380426428773178,0.0026288138891884098,0.009240422941399961,0.004091247737655548,0.004000751230568095,0.0003423956732679719,0.006121433877883981,0.08303159192492791,0.005913193255145177,0.00577454646567277,1,0.6027425492974355
58202,0.2605680185243468,0.003327035229967225,0.0009033987474178637,0.0073041371588367775,0.09327105586302877,0.028444691566125398,0.006729848630137824,0.019203239896472494,0.02323410022835914,0.01659181226095206,0.005412903244601093,0.0014966265850928442,0.007950948521311722,0.004826697996304419,0.0114439363821359,0.012764999466538269,0.06424948850609397,0.008354336078806186,0.003999484852930232,0,0.5800767597394589
58216,0.29300552513345596,0.006382397096935921,0.007318895489389356,0.011562873042650561,0.07874208406661919,0.029005039666460883,0.0034815323886934987,0.02058622375394974,0.0008347521346138085,0.0038361236599524246,0.002054248002918125,0.002340409089203364,0.0048853167855311,0.0019009490063427942,0.011755103101822957,0.011994556786055008,0.0796378780174272,0.0076234157375696865,0.0010094488406617117,0,0.5779567718002533
58272,0.2822438339451815,0.008599930168739734,0.001595601704861361,0.019269645664817935,0.09354266667764485,0.01603006266866952,0.005482848040779833,0.027551538844410327,0.036931906794585426,0.010151298419919519,0.006510517381504472,0.006870604679532197,0.0011467961205964782,0.006882751631923362,0.029288626738774748,0.004173270885933003,0.07841745450795826,0.006476251766067091,0.0007143257203497639,0,0.6418799323622494
58326,0.28500632147291394,0.0073841718084030564,0.00909278448384328,0.01783243458470722,0.09176966918265456,0.028395380024253784,0.01035413802643621,0.01655574184583382,0.01904603419258316,0.0005616041390031405,0.0032770431078599617,0.0013235271089933357,0.007515649021505985,0.003684104130404306,0.02100859889905962,0.0030015666610932,0.08793161377452377,0.01395512394501882,0.004025527819793383,1,0.6317210342288846
58522,0.27671648150816713,9.80564779741708e-05,0.025786690441354992,0.008481100968511231,0.07263633793472705,0.020051829465311678,0.007883394561372676,0.03129540225424858,0.0190607393475948,0.0002420763685950605,0.0021244805887984867,0.00024715640798701066,0.00645039244634302,0.0009291413708579395,0.024122570702797948,0.006341853111363767,0.07544034515451256,0.017950719517679077,0.005211890609115049,0,0.6010706592373123
58556,0.27648988274701886,0.003687523975351932,0.009551470353391742,0.01916595036658067,0.10328747905173773,0.02848311303640899,0.012818053849357023,0.01818464551540923,0.01591955886756402,0.0023519823124851665,0.005246901575755679,0.010168520768516043,0.011738331933502974,0.004182088531058427,0.01855693515967483,0.0028122929071383363,0.07649932228887435,0.005012236873100848,0.0014529187432059409,0,0.6256092088561328
58625,0.2708532298313118,0.0055973243189766896,0.004499501935400836,0.007010245138888103,0.09465337475843749,0.023481333812729058,0.010118250872110678,0.021130862836593288,0.0201279378048512,0.013845655299818353,0.0025689731966948267,0.006966497267162118,0.014168797085369972,0.008229398342290296,0.015210137923221768,0.01101948979285438,0.06786940741960533,0.01063077926974418,0.005272681779976732,1,0.6132538786860371
58738,0.2923803172182937,0.01020713573547914,0.0032026016109111054,0.017462319229738784,0.08257466926398926,0.020181212631234388,0.007936103688058652,0.029159726267252623,0.02131705531243478,0.02780177872995206,0.00940311499057767,0.00463823505381512,0.0020429916433278056,0.002603367650756216,0.017152851791528603,0.0016700563280354424,0.07583843140060793,0.01777175268648476,0.01683762439938799,0,0.660181345631866
58843,0.2936159733058766,0.011390720561422592,0.013273608141644216,0.0038633076145797446,0.09433803512584377,0.017906790389230067,0.011358059265424112,0.028411509293107207,0.013287659999964804,0.005933278538567751,0.005025614567710002,0.01430113399490278,0.006059282874632588,0.00290701703738461,0.012886107084971213,0.000922899431643311,0.08270949579293875,0.0073835118759842345,0.005813358458203104,0,0.6313873633540315
58931,0.272308757529264,0.002757863596589703,0.0023245500320262253,0.0206114725618718,0.08464260099251211,0.026611556026429846,0.018977229661286482,0.029545034881257284,0.018578498627674637,0.0020951104750453436,0.01591517454102684,0.012228320719415962,0.0021121721581791333,0.0037613638521350637,0.004750484117239443,0.0007966692045095873,0.08149369680398758,0.0003363044321806168,0.007442998451660118,0,0.6072898586642917
59031,0.2812311707186917,0.0005504812056281302,0.0005326275154195081,0.007894495126776676,0.0739991785609397,0.03076490691220231,0.0025972785042210297,0.01465600701055066,0.01703627306996041,0.002282114005728817,0.005254565652521053,0.0049351968764931795,0.0047720060171907415,0.015605036944112529,0.0015194066420220044,0.015088126724904777,0.06659948835326421,0.0010138561718693547,0.005481978295624471,0,0.5518141943081213
59057,0.27594230500537986,1.7014665998412107e-05,0.006244753530455742,0.011781064641677053,0.07191954780557794,0.028556527483515726,0.00015336433277849534,0.030457160351749515,0.002741657290961001,0.01049030928500737,0.0019291378436107622,0.017936723605157072,0.0039793817272927865,0.0051537036729677466,0.00994643141959805,0.0017545440270895262,0.07537848428779309,0.006453075292615119,0.011587229165908423,0,0.5724224154351337
59063,0.3006429026057543,0.0023811278175824772,0.006749216388842032,0.021791612782793676,0.09199649254283336,0.010798030302107355,0.01330234805005856,0.029761962030760408,0.00441808969127997,0.0014266534332119834,0.008782915984029367,0.00018717078411936995,0.004222615156317822,0.007849751234102921,0.005256911905936768,0.007773332041747054,0.066680193653249,0.0015598611954359028,0.0003510722736786933,1,0.585932259873841
59095,0.29006392001798814,0.009549713027629431,0.0013372043098513172,0.010006226437521894,0.10152910730283879,0.008770583063261568,0.010507166584783742,0.03976880051312755,0.005509958822775758,0.0005262956977462688,0.00283459209937935,0.016271473655686,0.002347131288152419,0.0006238913065791403,0.02543052175356137,0.0186357038656914,0.0836738562763033,0.014350228445215937,0.0002517017087337328,1,0.6419880761768271
59100,0.30270807037308956,0.018154674857891018,0.008931480702717935,0.02354727705741408,0.09638358552072833,0.01046026877744654,0.004736604720086213,0.028865395644296347,0.0219029780703961,0.012217374517612838,0.006380628456181366,0.014450930765983484,0.012688706307708486,0.009283179416460027,0.0024218678436822468,0.012730772868584395,0.08681630390129211,0.0032849695572205353,0.015579937354393659,1,0.6915450067131853
59169,0.281391652483487,0.01344838140078097,0.0006820757485521542,0.008230075068272764,0.09922329759100142,0.0008681003780687661,0.006578401210435013,0.03067498644097598,0.023318296311842908,0.004442881018681877,0.014137471107672047,0.0021349083205692253,0.010375208262207123,0.0071014106757028685,0.014923572862332313,0.009397334142709603,0.07412343834596596,0.0016902503564562694,0.004999933689263643,0,0.6077416754149779
59179,0.2859741729492232,0.009230095112889,0.00046134374895556935,0.02409404834319673,0.08372042263174331,0.015437182542599636,0.0014127414431907277,0.031662233861245344,0.023349537421665293,0.008102900770137391,0.0036557925316383767,0.007254603290770639,0.007692422610760537,0.0026104451653304636,0.02307876687767775,0.0050238007924867075,0.07390931407446646,0.002663164868977878,0.0021782159547519444,0,0.611511204991707
59283,0.2902151663447056,0.014632441539479766,0.003790381137767338,0.009653888885309315,0.09509386330524597,0.003779658218633847,0.015473126388595222,0.024081463994489283,0.014503523502301285,0.015171902627331266,0.006738310711675567,0.0026588021633743896,0.0040627227354077195,0.017191024800840803,0.024483405562305306,0.007679092718119189,0.07847861818580203,0.0010835038479314373,0.005912094078349298,0,0.6346829907476647
59356,0.28571490343827766,0.011647811912498592,0.011444648470749608,0.00950549217533598,0.09438120949565632,0.010484274364032856,0.0028045407251751373,0.020530902399699118,0.020809697887509897,0.013650817649415978,0.0007817777960169041,0.002022912550592256,0.008385140918161576,0.007341904531036023,0.008935188252960477,0.0040849747219180235,0.08605461749105835,0.003757140483667427,0.00044717581961232746,0,0.6027851310833745
59405,0.272098857770408,0.0027626467596388476,0.005630483403869778,0.018324648970201654,0.06298810170118437,0.024845585467051196,0.007185245779320456,0.01206662435188318,0.022149362959870154,0.005661368245414501,0.006751636075748624,0.00833431571670679,0.0005030343328237545,0.01029784322521477,0.019292552994425383,0.004755775738872866,0.05984137434304402,0.010498189498678053,0.004122270923000822,0,0.5581099182573572
59530,0.29043873963568545,0.005727353878356335,0.0011607270833632684,0.03058070159246563,0.09048974189572127,0.02353072631873059,0.009634754176215203,0.019717820293136776,0.013419313424617883,0.004395431818156893,0.002527265895460303,0.004231451693791625,0.0007973112329542659,0.016264042329900117,0.01617222689614922,0.0016279472729660014,0.08699896355196489,0.001047398505268968,0.0025885940009666773,1,0.6213505114958714
59543,0.28116309876217993,0.007898381727403552,0.007104783298513445,0.011039655883515425,0.08653905503598994,0.018871039602696885,0.000906455754838431,0.017127483456067825,0.00722458715901002,0.011090725667716414,0.0007542281248212964,0.013222611933351468,0.007271291611872281,0.0013149404215407143,0.019290313154613468,0.0008355537896845206,0.06577827527341354,0.01439829959137434,0.007060738505793326,0,0.5788915187543968
59614,0.2776664947019491,0.0014651357534050116,0.005846748367304099,0.012694685276056914,0.0838438429497784,0.030705966739178782,0.005801996246014552,0.009568621139303346,0.009005622146194311,0.00661869560921947,0.001759180284672444,0.0029780388697460817,0.015057823024088684,0.006631598982161393,0.013814445648563047,0.006489363277338572,0.05798138532235726,0.005058483369103062,0.002652511541576489,0,0.555640639248011
59701,0.30150589798388516,0.002324234371020904,0.0006211902091942502,0.013468120660085205,0.09286744064031321,0.022649701992631083,0.006529923420822897,0.034700879366212134,0.02559256606678084,0.005951259101790727,0.0011076313538980846,0.012038954412633383,0.004493060189634515,0.016585797576679037,0.01797243736971562,0.012145669502848615,0.07996403504444223,0.013754704369559173,0.004884276622636065,0,0.6691577802547831
59734,0.28298722644182484,0.002990527722537643,0.00611210953829996,0.02741499708869199,0.08640805272414981,0.010968863270995262,0.013644986411210265,0.014874083791431854,0.023871136913775768,0.019745793445867976,0.012698674307254725,0.016269887838494465,0.008340209996334447,0.0033651439679049286,0.017730158903904173,0.011824461061423508,0.08187423617944949,0.012979194512885763,0.010258422038930477,1,0.6643581661553674
59871,0.2717103646184831,0.018755587730184577,0.011582800066913184,0.007310144625652732,0.0883478662256044,0.026427621491779733,0.009781103293086575,0.007035898963541398,0.0143144844687668,0.003201798493036862,0.016767399125687244,0.004902824569228297,0.01371904704214362,0.019027940149752353,0.0021279724943125337,0.0019213793501461956,0.07842393430271291,0.0028703752985245125,0.009204328879506661,0,0.6074328711890636
59961,0.2718418465921601,0.0001559412813323793,0.004092056820199749,0.027198774491066023,0.0999790312992679,0.018462203274493535,0.013068603842605837,0.015855991053031978,0.01666153393647443,0.009625462167588932,0.002522492949437648,0.0006830913604137005,0.003967552250096968,0.009600889850739753,0.025349570643260284,0.00037289590040382874,0.07227989090474359,0.003402452762044429,0.004724275389075996,0,0.5998445567684371
60145,0.28041764042664447,0.0052080263913590495,0.01844872478319543,0.00987343221423131,0.07757408919172468,0.011028661133155766,0.002605668672163669,0.025712408889609788,0.00835570058679319,0.006831978720145175,0.005734531635493055,0.005640098912169404,0.01396697003315507,0.00033629009950633426,0.03598763967718341,0.014126972421531343,0.06820377654640078,0.006485034278861441,0.0002861174319772659,0,0.5968237620453006
60179,0.2823402118269301,0.011095485792587746,0.002685066987242836,0.012384805908792235,0.07898071956587038,0.02229603703274416,0.004975098047897527,0.03003227270796744,0.023224319055233533,0.0026883693616922832,0.0023157715866365808,0.0027249075162377842,0.006282250133096297,0.0152050073140404,0.02974046198239554,0.005814447389930495,0.07647750896164832,0.004251445116030776,0.012865246971396386,0,0.6263794332583708
60217,0.2966714653676191,2.6932404791023216e-05,0.007574238570886793,0.024106642437645417,0.1016645394806824,0.013281669675703649,0.012499723594398958,0.029674173644813662,0.019795993961304024,0.0016292007006790212,0.012647048410811509,0.003879325342029866,0.002919359874855293,0.00851300709524497,0.016432095760179042,0.0025799566854887153,0.08227571898745542,0.00986860990190802,0.0032582760795393023,1,0.6492979779760362
60233,0.26640396735128996,0.0005505758209688759,0.0035268015813385355,0.012271064857380616,0.07660434855171726,0.022969758325409016,0.011994255993699647,0.03262439613811375,0.017190265219956598,0.010278162171194184,0.010713290418977114,0.002914236057603014,0.01582214729060617,0.0032467160882409508,0.013282860406430123,0.01685242609153699,0.06920386199127401,0.010316929647194585,0.01302932999492578,0,0.6097953939978572
60306,0.2830431531844549,0.00557102030662698,0.0011520860287616628,0.023316962643225764,0.08182343878377103,0.023337484667708974,0.012927139566222202,0.02509754049656627,0.02630782588173004,0.00984375531799029,0.0023932514582826006,0.007086210362254847,0.0001532494766515238,0.007861189949808261,0.0038387225511833513,0.007306838294627854,0.081852279692099,0.0029488087077930844,0.01852013300442863,1,0.6243810903741872
60334,0.2885556537826915,2.481641420345366e-05,0.013004389546201957,0.02642612737409048,0.08969480851784724,0.02060498115660283,0.009611710023335667,0.015598860124660018,0.011051264466815598,0.00023397732138379668,0.008939330110590567,0.016597711799736112,0.008961877867675855,0.005078741770078697,0.005470117971135847,3.230292842030708e-05,0.06835618798923443,0.011035441687761435,0.0044396629013111425,0,0.603717963753777
60404,0.2949709881088538,0.015463190879553234,0.008180503073030983,0.023740924604625846,0.08195184705867009,0.025762007429918177,0.0026721124880702126,0.03516155062984414,0.012466473169633367,0.004016831300870728,0.013077792811226483,0.0004176296684443025,0.0067249312079385995,0.011220586872501364,0.00835766818996617,0.004377551042723989,0.06609026758163263,0.0012688720957447716,0.009995362419400886,1,0.6259170906326498
60567,0.28791693956319725,0.004611646943916832,0.006326438841295251,0.03419266923651168,0.06992326157688439,0.018821703663283104,0.007796138560713024,0.03496758828193448,0.0014828689261317592,0.004772264791675119,0.013919704044714817,0.007511116401643183,5.91223618491266e-05,0.0109038648264744,0.008381044175178395,0.009850851539227377,0.06423035448272767,0.006207757751808418,0.005567632098385255,0,0.5974429680675515
60640,0.28080015681770937,0.00480605059763608,0.013931833395947713,0.01258639931719457,0.08152718951551738,0.028407831818471816,0.014249003205610095,0.014540656293770998,0.022598856634183245,0.00015818841436068858,0.002914342928596289,0.015043817374698827,0.007142726530667607,0.00930650009551729,0.019389134953424075,0.008645197191352549,0.09358899023653154,0.005952217043336146,0.008234418338573895,0,0.6438235107031002
60648,0.2924862076211164,0.0005058332739943509,0.019259606909547717,0.023538498277389193,0.08167666644174632,0.012387563116271264,0.0013758409351828805,0.040223595767993774,0.01874809109740307,0.0005589895549682289,0.0147632361371606,0.01044617923991782,0.004490626864509645,0.01220195989261009,0.00732337621801205,0.004650599784246464,0.07465153526612213,0.0026479902177381554,0.006302609722564515,1,0.6282390063384946
60782,0.27370827086058824,0.010487559631386156,0.0003990745894805051,0.021860892958571673,0.09013505770126888,0.02262660640737989,0.008818982882989766,0.0337207658432611,0.018213321363285566,0.016612982517311258,0.009874806706603307,0.0029842913533108363,0.00836104096671481,0.002666245424419211,0.016274438268337774,0.0004203220145718926,0.08332466775113191,0.004674693052218435,0.011934615534398835,0,0.63709863582723
60993,0.258515147434827,0.020000760187563305,0.0063077324535475475,0.0210152483814949,0.08836418386176799,0.01728397086362011,0.00017613513866093186,0.011484200271354928,0.014140676211612652,0.006251479569781235,9.541304160327458e-05,0.010187498406284305,0.006634870054602765,0.018455199456667903,0.027476387760955238,0.019300015076447928,0.06861204212469801,0.009698054639262679,0.008338689781186806,0,0.6123377047159395
61042,0.2888193427028577,0.0020711733559855387,9.592233672770634e-06,0.02186381667084759,0.08007948841083293,0.021845736691312293,0.011869666865036627,0.043464144145466725,0.023139071208678558,0.017387421107714122,0.0028674010321693547,0.0018026541003932025,0.018224157646338637,0.005052404984757994,0.011675197191687869,0.002105657810952319,0.08087359537050758,0.00889312172332785,0.004498476194969435,0,0.6465421194475091
61155,0.2556814833363583,0.0065320615618561844,0.02332650025552295,0.02079386180602836,0.0843153768665051,0.0070295926824167155,0.013878971763995353,0.015778216992899413,0.017342473186247744,0.01483029693219334,0.0048115738993965975,0.022422084434227777,0.003681741211426003,0.006122920154359554,0.0205849223314641,0.008263297331904344,0.06452732281003164,0.007352772425043552,0.002719698327210657,0,0.5999951683090877
61178,0.2596475067906802,0.006604458909741284,0.018385819942312455,0.024310884440166807,0.09013095762434216,0.02231495091096363,0.011888745737328635,0.011362321422583747,0.00735051314576256,0.004641520452653114,0.008412367788262988,0.009797992505826848,5.477011910588461e-05,0.0035552989080981723,0.0012040780529341522,0.001995848132406555,0.08218108997535578,0.0035360148590429736,0.0019158693077390425,0,0.569291009025307
61238,0.28788858276310675,0.004267344478622986,0.006315396744259187,0.019362329859673174,0.07507056754708659,0.020882014373580667,0.0018299719932982725,0.02759107822900454,0.024582307842704654,0.016891236467243165,0.003890585754369886,0.004969209207042235,0.002042092428089827,0.011352875475602042,0.023308972296830623,0.009126719437230623,0.07451899656043272,0.0030151232300547923,0.015064584119820331,0,0.6319699888080531
61278,0.2751097327277761,0.008743940429599247,0.0035300846598448157,0.023169696917149887,0.10204596062315717,0.025474249510196056,0.008085965540626251,0.008625222664968573,0.02282202802692454,0.00947980046509159,0.005912348879068705,0.0033980251179505736,0.010365657317498264,0.008775779518989139,0.021527930931151757,0.0016379718919904012,0.081085214154153,0.018772280398352516,0.012206568398552019,0,0.6507684581730406
61283,0.27665582721851717,0.023568392499394703,0.0079034164505648,0.014048446877508641,0.08308883685523898,0.017001528810793427,0.0023092718223652743,0.02233700792188153,0.006292073946995822,0.0044611395307440765,0.010147936570239548,0.0012712561298041255,0.004785685509159877,0.0042407389479435335,0.01791824798162562,0.004468496076317306,0.06864982396712796,0.0031746671530328424,0.016130596413845143,0,0.5884533906831003
61295,0.283643887818565,0.01254010161720589,0.009437364369563881,0.008945335446452495,0.08690684869383049,0.00215694876803549,0.005883379111546231,0.01820572150169522,0.004388841986797633,0.01181121950840505,0.007580349756318595,0.01766870780507499,0.013272014351576765,0.001553227543217899,0.012326769523595352,0.0035997225685653563,0.07812018466542732,0.02007002535959019,0.005054494193472856,1,0.6031651445889367
61299,0.27023126975729805,0.005269731207948536,0.005899528239612334,0.02367694757677886,0.1003323631854541,0.025245053734621766,0.005145228561408399,0.03854249283577803,0.012396106475639216,0.010339305467835,0.016200038135016123,0.008502308710392504,0.009413559845350509,0.004541176593191241,0.014124036608856711,0.003715726970328145,0.0922237542854399,0.005096072908430718,0.0044038508485002344,0,0.6552985519478803
61361,0.26569638055388717,0.009543594183562463,0.00764407265834581,0.02097483528004183,0.09929691897341457,0.013339466054369581,0.017413992275375597,0.017989321869542666,0.008939730683175807,0.008929534100084598,0.0028420222488211816,0.003405010619784311,0.006871867235852707,0.007823488274274624,0.008020385578402137,0.0115713391004734,0.09300695400613494,0.003965509572997696,0.016274575919708142,0,0.6235489991882492
61381,0.2838770124644602,0.0071353609502064355,0.00891902316617173,0.017388106734298116,0.07886301801630193,0.026498267400082435,0.0010703926222100325,0.014250080530033534,0.013573476252107058,0.003147268873681561,0.015284108915020626,0.0003005572986359951,0.0024787274744136633,0.01925497844707977,0.012597935222764069,0.0006215147179529284,0.0823957830686244,0.006306428579929662,0.017729817878682837,0,0.611691858612657
61390,0.24065622004449144,0.014069984839382255,0.004942257646623337,0.016846879303496994,0.09937727545361971,0.02384311469243127,0.008965550686603478,0.025104464993630525,0.02774615622790811,0.005668623149683271,0.004147422733723552,0.006641687916842174,0.009013298836503078,0.008955672914418589,0.014672908652015142,0.0060231649792416965,0.07123827008409211,0.009880120682350887,0.0010716165972259272,0,0.5988646904342836
61492,0.2971868047512721,0.004692508953162901,0.004900438412227703,0.01206436071175241,0.08877108845026672,0.03236918474043563,0.00241563600629974,0.02104366284239346,0.014035411112855436,0.009914509412136724,0.0013817495069264668,0.001072427764245685,0.01300889225188747,0.0069136640578313984,0.014343011448864356,0.005033551931412265,0.0642092272748167,0.0051316887677712005,0.013878042555117794,0,0.6123658609516762
61566,0.29701632130416444,0.004768397425717035,0.009007184026334086,0.018755388260578328,0.09159388673789232,0.03070871042443523,0.0056748574233835515,0.021992125529951917,0.014488201540687914,0.008119583341713752,0.0020561398196725757,0.0016544066022452979,0.0036725410649917915,0.010265398297936722,0.005215297785584733,0.0030120222191773035,0.08053792325696577,0.00828385587504962,0.0075616761460713415,0,0.6243839170825537
61582,0.28956097125779573,0.004427274015657594,0.006567852886054361,0.012562184644568588,0.09361087581539852,0.024148270816084706,0.0023147404176100065,0.03106884345953133,0.025157924740089755,0.004147900991232346,0.005804024939167768,0.007171140422279798,0.013505898918532053,0.014508021686548103,0.01721832765418818,0.005605842658606085,0.08527211669904322,0.006174723561901646,0.014166246211233224,1,0.662993181795523
61589,0.3010989979957931,0.005584608559935126,0.018849279506422484,0.023153510470315143,0.09784572961267744,0.015525993943981579,0.013088014842865021,0.01636462453555547,0.01900466047949704,0.0075526799534123825,0.0014070857313626714,0.0007929533484293698,0.00858596661996464,0.005883970495296861,0.013017024582629103,0.0032211427666972866,0.08463041429399423,0.00016277030271609873,0.013123613615794321,0,0.6488930416573394
61635,0.3027386298632866,0.006946691266002037,0.0008093544385635161,0.03183466613589449,0.0961330989302274,0.032475375850742595,0.007727947505416385,0.02277763779689022,0.026645956349092725,0.0025352716893892327,0.0001583843844252952,0.00539553337403629,0.003612867066613987,0.0015078673052141825,0.008845161576002595,0.007036418021656875,0.08414911248362435,0.010817344807081903,0.014681054863129692,1,0.6668283737072903
61673,0.26359467232129685,0.008733714824427693,0.012470553917510969,0.034387436603507196,0.08847009644540493,0.02556788716936444,0.009722979229979481,0.012084794963500753,0.016952674646894678,0.0014049138025884148,0.0001580808262640854,0.007030586555741101,0.009444017453985667,0.011692491050155698,0.016961474804431657,0.005465534650330407,0.08025031480884172,0.009395487844734145,0.006507224456042808,0,0.6202949363750027
61686,0.2694941587290123,0.00425536321996535,0.01513886097624926,0.014309185275491897,0.09060603958612254,0.02355469775474872,0.008486838693405297,0.014604807621416608,0.0269711846092504,0.019348660474952473,0.008018064917660647,0.013198612727622454,0.012078616788091641,0.00871284749043196,0.011518211073906978,0.001436924001016697,0.07292149991215437,0.005774003338107634,0.02003903446733432,0,0.6404676116569415
61698,0.29244731901026383,0.009763794788517709,0.011255166565021695,0.0036765172658930795,0.10382227613747828,0.02809725407606894,0.002202870811181068,0.015487880310982374,0.01287146089365324,0.013293526650902368,0.008465520344705256,0.0044385158322873056,0.002601047060423015,0.00604570308173325,0.01879344020774496,0.0009732186808267849,0.06534867106446188,0.0054952814716557165,0.0160137239102653,0,0.621093188164066
61735,0.2775519494087491,0.003291778949088829,0.008768336684727944,0.015999877310798917,0.08688218178791923,0.014630922501742437,0.0006686346038171199,0.03189507890361231,0.007811921445186133,0.009185678084917945,0.005627709383395339,0.00599279265019253,0.016424861989219917,0.0073513943680305754,0.00727655249515698,0.0001503562912083521,0.08593143263767511,0.02183970424856782,0.02339439020545685,0,0.6306755539494634
61751,0.2662717622734407,0.004384264899312253,0.008742703239142745,0.0222031251426352,0.07866524294859417,0.011421872710601593,0.010867115585584754,0.025551451344932183,0.006500595011423912,0.002697038063231106,0.000155792968652822,0.008403283060757607,0.002161980912441642,0.011422174481871413,0.008312043492121262,0.01575466119005172,0.0734265774051742,0.007820443360439702,0.004790774176114021,0,0.569552902266523
61872,0.279581086265822,0.014295214254114652,0.0043621693036874,0.017544690372296477,0.08379204152217286,0.02780981629921773,0.002690763781517682,0.03117606653259481,0.004451591712849114,0.005738170982298901,0.0016076521722405057,0.0004851201756999918,0.0002280336034884203,0.021467080060239216,0.01313591652187883,0.0005429191133157007,0.07574669336293341,0.004731539500433064,0.0055023512614639945,0,0.5948889167982647
61994,0.28936146392158113,0.003853123395027759,0.015055361853810477,0.00950066198958564,0.08542655877286791,0.02226642095365201,0.005343280274483771,0.020590690326929267,0.01779111215411514,0.0009836799512223135,0.00094793899185068,0.013134285067910657,0.02154538102198683,0.006414242900070543,0.02481928536193585,0.006951403373808773,0.07665480536997776,0.00782059563629168,0.010564833935648417,1,0.6390251252527566
62279,0.28949857287421193,0.020170682762335742,0.01566396596266381,0.020560153078581035,0.08519072842048228,0.023593958993396766,0.004852538283400282,0.022115178202708828,0.015489629901778764,0.001066195713631863,0.002595341210122587,0.0034852748344815962,0.0044580161400676836,0.015377210798456772,0.0053540243215865115,0.010928403821460882,0.07877129218171319,0.0001536913813075917,0.01947876761324219,0,0.6388036264956303
62281,0.2790053060125863,0.0067420916568831785,0.0017165020761057436,0.018612508560540322,0.07138629233322617,0.015544622029503756,0.008711451512968352,0.03692086256465159,0.0038885520997495255,0.010327475365172352,0.002690791362329309,0.01439357538732106,0.0013827475069322648,0.008506574911748927,0.019822078426009835,0.0028369357756997415,0.07768390767557476,0.016304691636150732,0.007391651433413387,1,0.6038686183265672
62287,0.26787884043020577,0.025413759837650905,0.00016649276301241453,0.0342590031366506,0.09901602528735443,0.024357218456109667,0.0001866990976508825,0.018782112062880937,0.006768696150467563,0.03144323342286138,0.019957427722450228,0.0036221411334123516,0.0025498362156168605,0.0067768377415075255,0.019448902249146794,0.0064152283791914485,0.07565261122933756,0.011564131415631026,0.0015016534040142957,1,0.6557608501351526
62292,0.2828585253462295,0.01312027174099284,0.010386876527711674,0.019088177132883445,0.10133147137761045,0.022941198668362483,0.001589835729529256,0.02721218197030495,0.009387967308845687,0.007307664752581564,0.01502109413193169,0.003336967414617535,0.007173392288860802,0.0191649691225007,0.0063063838989663576,0.007252106366568886,0.0879706940250384,0.0008342188693397101,0.0020725927168186837,0,0.6443565893896946
62323,0.286682339542491,0.006438726660497286,0.009503589971338265,0.015779395498460854,0.08805857661473719,0.023345339577760922,0.005987725512929974,0.02149486738979715,0.01234004036268287,0.0075065033499860795,0.0022602085910235553,0.006599941713449442,0.013415602626311019,0.0021482412699499343,0.0010469215359477165,0.001650565746277555,0.07594272373621806,0.006349520766956933,0.013775868496720802,0,0.6003266989635366
62341,0.27903384968798395,0.004545756848491256,0.008708550892037802,0.018389872782368255,0.0741750633898133,0.02632214250737473,0.011080969239571302,0.02711253420254952,0.021648302652108212,0.008818411255078318,0.00039341961381466,0.0070564254778716735,0.0013127265943487084,0.002614710043700799,0.019306404928906444,0.011466632309957214,0.07696965656422373,0.00036606530229893117,0.013477432365833339,0,0.6127989266583321
62358,0.2992012645958185,0.011471080580972364,0.001745848072635575,0.026748983970437085,0.09134405529834633,0.03007711000604277,0.0010499626067004188,0.014397843587443395,0.022131919993537377,0.0005676946595654344,0.01343919481328056,0.005155974501223998,0.004641824855035043,0.003161585583080451,0.009893955702685477,0.007994626253573453,0.0757235047622563,0.00231164067337724,0.01549386372254781,1,0.6365519342385596
62407,0.26634242917108814,0.01458453660757547,0.006028566938388529,0.017030180756385682,0.08648171942741137,0.024284750590479357,0.025735867791532797,0.023959758754106802,0.005472318058362668,0.014455097072643835,0.003911328224784432,0.005689500231437808,0.007198217556736684,0.010141838160639623,0.011011259906134278,0.006794345325411352,0.0747648997915065,0.005531143164854584,0.0025670667284544294,0,0.6119848242579343
62410,0.29423711571600913,0.0048064337239795306,0.011027914607878242,0.0006443509085573845,0.08351914116286424,0.015388238001662,0.0014647032599539097,0.028479291299702583,0.005822165195641532,0.0020780268107400022,0.008493842328503705,0.011532658215972123,0.020343854163671436,0.00185327051046946,0.012986825957873666,0.006841015703220961,0.07563753504462051,0.01047361207745038,0.005259488986908543,0,0.6008894836756793
62413,0.29043091243097274,0.008196943701411163,0.0001266521545686594,0.016443408310008355,0.0826805935016249,0.006904197354622054,0.0017063453074235978,0.029124252896736473,0.015682060623613686,0.01101124815415484,0.005183661908760451,0.004201335928384717,0.014437149324427526,0.010960538062390406,0.026671258598974273,0.009638353051449954,0.07052464701120975,0.0017297859203133118,0.01057257657598243,1,0.6162259208170293
62452,0.27502267923774043,0.007319131385918488,0.002557078649081838,0.014314016072878806,0.07794315352135787,0.02011501331923502,0.014799715674472627,0.021101426367765866,0.009539606503389343,0.001171549426018498,0.006112303311022403,0.002676820421499193,0.002704735141528791,0.008000727407444997,0.01276897429365712,0.01576491538675921,0.08296840383475364,0.0025592359616101756,0.0031350631372780617,0,0.5805745490534123
62596,0.2845651006972583,0.0035971771013773215,0.002736147480527779,0.0013617742554115884,0.09388895175285449,0.024923628778899753,0.004513651971006445,0.02207404281921977,0.025886567647067812,0.0293098232001706,0.0054537885435709645,0.009772745252410814,0.01739496773271462,0.0007671956752958904,0.006240671543033241,0.006461388902774993,0.07660724001899057,0.016815486795545544,0.0028256056993465517,0,0.635195955867477
62655,0.30079770451356647,0.00841200035154391,0.006776633126310406,0.021061286467908974,0.09056271808616363,0.006724952888848018,0.019735879024190096,0.014623411350857611,0.008378548580673764,0.006287472424395647,0.001987980296563853,0.002120676915534124,0.011863100336530291,6.19598024398131e-05,0.020791856935571545,0.00253074202819845,0.07417025344140403,0.012448050090568688,0.013786434882371463,1,0.6231216615436408
62802,0.29199424808662866,0.004261278785628355,0.0014494323298450595,0.01935943632495946,0.09751650725233348,0.019591069350701307,0.006084312508433641,0.021079887994103323,0.016644158539129397,0.004736344502977466,0.003846355967351233,0.0010227368618972788,0.0004258853172856482,0.004284677551279357,0.03314294913686586,0.005155267703577319,0.06573362032446692,0.008802467932947804,0.013316244328461554,1,0.6184468807988731
62826,0.27769114887738594,0.017322430629518583,0.0007466376826984204,0.016810013675210816,0.08902052280345889,0.007636668353294479,0.0005339895756766982,0.02305589141689354,0.01824459583148161,0.008167081296007628,0.008903536958539545,0.001365221768612682,0.0024025937422671837,0.002795555658914007,0.018336763246563807,0.00958789042986328,0.07857536809160055,0.004851664456901825,0.011701312451579465,1,0.597748886946469
62927,0.261542558456214,0.007866449617863097,0.0005775444912745451,0.01817104414312249,0.0867431549679912,0.017281081279882312,0.012350296509877628,0.0009465047948644066,0.02089528523168311,0.01771587925750926,0.006988703077365871,0.005766967650045036,0.0033584616357027934,0.011017042508236622,0.019305363999839818,0.004398291840598272,0.08756645981443753,0.0053901850078760215,0.010965584363070284,0,0.5988468586474542
63062,0.26297975675481317,0.008957326629938625,0.0017706290981935001,0.020095647978119704,0.070586674639326,0.013271124422717707,0.004410335337990571,0.006060381006429536,0.00822580193774075,0.008470219964284284,0.007458838155180859,0.007577529206982234,0.019808737124418708,0.011484927093941099,0.007276174642994957,0.0100786305064772,0.061927313726038456,0.010984965748992472,0.0015944424357363176,0,0.5430194564103161
63063,0.3083199130926061,0.002087048603801978,0.0021453051246650753,0.015120545069125017,0.07623741615383091,0.021662878079625247,0.0058684314205768645,0.016648305454903752,0.005473366757327455,0.01857805501026799,0.011218480117745146,0.006373604094086108,0.016524092366776436,0.0008761165787279092,0.007601344376111841,0.00407337479291926,0.08201654419604867,0.010196193037465679,0.0018796192107149456,1,0.6129006335373264
63099,0.290356593403636,0.0073678469272509825,0.010842462656297685,0.010765346466326948,0.08276859899679333,0.020057298649180037,0.00973970481918411,0.029076932019273274,0.026635617451318348,0.0018003881171255879,0.026453211139499003,0.007955519525928066,0.01656162959947059,0.016664683903083847,0.030219425079481804,0.0015392907715649873,0.06480573883145165,0.001098702438329755,0.014039382801661032,1,0.668748373596857
63248,0.2928184667956649,0.008805726357430236,0.008599416375950828,0.025092149392199913,0.08031304836892147,0.018192529211816775,0.005670641323603276,0.02246073243556357,0.018623767244477958,0.007096203743388767,0.0005009668245412306,0.010053258694725542,0.007788386498191584,0.005292725228673295,0.018759807808600294,0.003328392103623497,0.08524450930639965,0.004066660081647332,0.00398406605497738,0,0.6266914538503975
63265,0.27687284651947,0.004634747162789707,0.004628335099905471,0.02553981910762524,0.09358790122303755,0.012572155844077488,0.00916454746089189,0.022151843708287624,0.017776039353351245,0.006787589311012542,0.0153047788441424,0.008086810327820305,0.012235855865013754,0.004165851183903357,0.0166672785094329,0.002449784038092731,0.08316084684931635,0.006665869733706998,0.00433837409732979,0,0.6267912742392073
63295,0.30603575911007364,0.00664379927759998,0.006778482101528621,0.01779491575738457,0.08897002704167518,0.001103378278063535,0.0038744412381507528,0.028197232420752057,0.009016805659739724,0.006305893348839469,0.007125861979307519,0.004786044943068244,4.595274437703464e-05,0.006442336535601648,0.031372190612298664,0.003877285727398833,0.08055157978264299,0.006134666532547767,0.005653415879339786,1,0.62071006897039
63312,0.2706336022586269,0.005445574239648783,0.00037026291178703693,0.02004070799765331,0.07969510394476781,0.02144540732917862,0.006469801276982636,0.028232750796737944,0.006903103732490308,0.006588366301769027,0.006101024365801464,0.005314605951986982,0.010956388887866845,0.0031840944467855467,0.016424715618928717,0.011473359463184004,0.0744154453248876,0.00594512900298454,6.257623532046921e-05,0,0.5797020200873886
63388,0.27499272088496857,0.0038052915181493057,0.002141825017563499,0.0221019291421041,0.07664392481674857,0.028867236355721526,0.017831855652011928,0.022822516261570346,0.02514169438681903,0.008755029000711644,0.005192661352671884,0.00336849375445551,0.012212943663089317,0.004366871080910876,0.0050601902144559365,0.0024702751131166155,0.06317384957572927,0.009666064830951258,0.013622717023292976,0,0.6022380896450422
63520,0.28115281812753434,0.005156887381497989,0.008048141197576719,0.020958724868471966,0.0771953517960188,0.017148267462220146,0.001906276353119834,0.025360789166751718,0.020633445673398268,0.003721035673513698,0.03352350292549353,0.008708992085705785,0.010357890306365958,0.0019570245654831463,0.011717405389288189,0.012121559894403946,0.0729990235426568,0.00775480784772705,0.0007073771853649787,0,0.6211293214425929
63578,0.28348185669058923,0.01860011363259872,0.005959479974212917,0.01867925455197062,0.07739572791658102,0.012834410296990173,0.014129378575911676,0.025838023377932697,0.00589036503110533,0.018182298795137802,0.011363711863894552,0.008363020478014196,0.008279258999182098,0.008807375272309381,0.0077310374695703475,0.004462838102005369,0.07642981519983177,0.00998006220087265,0.003816998380354492,0,0.620225026809065
63666,0.2691827250051665,0.00843053287366495,0.004352636803642732,0.016350249769330725,0.09127035860141555,0.010029831391443483,0.009921122896683014,0.027081068918741475,0.015337024842835922,0.002321945952841188,0.0036274167091839785,0.004258450866198188,0.010461869956684664,0.002342329831769381,0.0033214622633072417,0.0011947311701200074,0.08098401045867057,0.0017737736390492887,0.009787267593283907,0,0.5720288095440328
63680,0.2919701744360106,0.008252257249888314,0.01362173772013414,0.005539799574593644,0.0818334164628102,0.023175864005952142,0.006105062380627548,0.027385226587039874,0.0059173634684756,0.005254950119191683,0.0062317647280370324,0.012148430736453159,0.009289574643245606,0.01274792841948535,0.009680650131806969,0.009069485173783046,0.07373396838876756,0.012306727437160898,0.014860829791175183,0,0.6291252114546385
63721,0.28239944134956846,0.02152661133214243,0.012484520005897011,0.022641501647770734,0.0922828184888586,0.014884472594321145,0.016990401136379056,0.020912574518364833,0.0008578673363319634,0.01439837254495195,0.0005236633402754587,0.017289641123034286,0.002115528954198772,0.02105667129578745,0.01338546453415525,0.006653550396451927,0.07072561929139382,0.013086560158919607,0.007253566649688232,0,0.6514688466984909
63752,0.2749615353490434,0.0063733095027603635,0.0059294334909723665,0.022113826596538544,0.07599109852348125,0.015418911933353098,0.017233123839984425,0.023141961622553376,0.010731413541310828,0.006693930757537637,0.015771296972585946,0.007204101512366964,0.012261581221411426,0.005523148114517192,0.016253343115940233,0.001916019870936932,0.06734342009103657,0.004835671956174698,0.011149949482919998,0,0.6008470774954252
63796,0.2836330379158131,0.006377994558637083,0.012666116678452367,0.014593740816717913,0.08733678769749541,0.014413467753704941,0.004711172528936658,0.020635708548734293,0.013761051809022528,0.014968085741537306,0.0025090768742034126,0.0111752250063003,0.00015145054897543596,0.011763837702813905,0.01594143864172076,0.011761570641487374,0.07711258702549934,0.008906194448018023,0.004070209062127214,0,0.6164887540001974
63875,0.27296301728751643,0.0009554601077654965,0.014474084427126941,0.017052026879569148,0.0802386288776254,0.01649405276025556,0.012346413674168555,0.02120698129998553,0.014695787128588203,0.010922986643803307,0.008704584542293406,0.010232162689356835,0.01918018135518294,0.00020800917722749344,0.01242518970777021,0.0028183778205626998,0.08112848293956712,0.017874320836912334,0.008394334393123409,0,0.622315082548401
63902,0.30481517064916697,0.0027388941837897802,0.014963537773893667,0.007015359074721389,0.08807056498169881,0.013597747187743007,0.0035059674248899783,0.013139854500843963,0.019653240358507486,0.003670332493783371,0.003509461517419809,0.005295597025518911,0.0016028959509593744,0.006028084397613422,0.0078061529408074365,0.002632706735340094,0.07274930502444078,0.003750255488109743,0.012093017903623996,0,0.586638145612872
63923,0.29375132321455916,0.00837716484297608,0.0074776532429972785,0.025328689063608432,0.0898669693952928,0.022731987226042995,0.0006541258293863028,0.012958645661391743,0.017042461291181844,0.005057422676345654,0.0018308629721572273,0.0013804527963333921,0.012211112915242232,0.007652177963346304,0.019121385407575932,0.007285632842120226,0.07262159327028246,0.005313061334433481,0.00979900936436999,0,0.6204617313096435
63955,0.283281110581907,0.010148432580823754,0.004406531404492477,0.005004979218428092,0.09645656903810913,0.02347095997666778,0.004623927487098302,0.023237348613401834,0.017809274241408886,0.010522502207922087,0.0027196848060276244,0.0029571633363138484,0.000705462130547113,0.005405799985128636,0.029631454219565558,0.0006759508899996739,0.07257988858591029,0.006708367155501398,0.013468153838454837,0,0.6138135602977084
63973,0.27670033023273,0.009019624335363975,0.01043501266251461,0.0014251235224330902,0.07915882975781618,0.02815643051843739,0.0032580507338885504,0.01056222421063627,0.021696510351902277,0.020222127933050338,0.0032818129788850913,0.009616479088006606,0.0010439356180705552,0.006106130215676058,0.020518418186953078,0.013659064599708979,0.08938305290772462,0.007605463406231976,0.007321687104176417,0,0.6191703083642061
64000,0.2983836203145094,0.0041148543718192935,0.007929917644154492,0.007524383267428661,0.10834109143854348,0.027048082546759625,0.005639082531535907,0.03427883600770884,0.020068569321735244,0.004967983942909964,0.00016587493259873683,0.008896365470603422,0.0005819691059165894,0.0011780850602905206,0.017255206293836114,0.008308583430564329,0.07350822272041448,0.00952246939957762,0.014496138435229542,0,0.6522093362361362
64155,0.2801273755201881,0.0028581367874823543,0.02010810621293289,0.0048429546952611325,0.0944901055758968,0.031482769659127455,0.005597450167289229,0.02869139689994911,0.000385845884494603,0.020259819463509385,0.005899861135946854,0.00495328842445049,0.010264890468015446,0.002432907684165423,0.012932785215419348,0.0035219836256395074,0.07564626638614412,0.006540574803106269,0.010179685968581324,0,0.6212162045775999
64282,0.29281090604024096,0.008092403309772117,0.011472665178716552,0.018508664899955334,0.08933178363724105,0.019870095903353997,0.011059680670964845,0.02618732869124185,0.006168431924648213,0.002669107710387806,0.00033988734424145715,0.002316855259400839,0.005572635579202643,0.0019944492741344843,0.02500054711354681,0.016034325157941443,0.06469046021098615,0.021543471695248218,0.0023230124842588936,0,0.6259867120854836
64296,0.25956406047262026,0.009106187792758772,0.01341939635323878,0.03382718631888895,0.08149366581961581,0.009819211933108578,0.012549638946478908,0.01358396057962172,0.006560481512419228,0.004252053507312431,0.003971954506355936,0.0014511264050905842,0.014828352667217489,0.007964991651187551,0.013863796648565588,0.007100060412359154,0.0918952072746123,0.002374513689390461,0.011673670666754517,0,0.599299517157597
64471,0.15470541090023376,0.004007321649376122,0.0023214058136571303,0.0024427991222608332,0.055223725795769965,0.004767725251335048,0.00036837603161267034,0.023823474567142164,0.0013779381374889263,0.009614143990006818,0.0058662504376279425,7.312868277940998e-05,0.004008655805594362,0.00011742830524931488,0.001357316854871289,0.006240111115335671,0.04154610010873732,0.0020506479750236114,0.016542866842109878,1,0.33645482738621224
64496,0.2609948226749637,0.0009214195785920482,0.009545446615690534,0.014335363941933696,0.07121187386488353,0.01537098224372067,0.018375659784084494,0.022151066964089045,0.028722106564671238,0.0003570795776684202,0.009380068452798434,0.013199271856380894,0.0009683305490587578,0.0016258033841850302,0.004693501177180578,0.008527544375496377,0.07302295153068421,0.0044809874092861714,0.010288036798972323,0,0.5681723173443401
64528,0.2996716876829656,0.002032532063051266,0.002414600251502142,0.009178443077638258,0.08517151215744759,0.013757354377018359,0.005044973132858772,0.026816473831659807,0.020248052704452905,0.001387040639315535,0.010436860225914921,0.0061083757716090085,0.0017478081507877857,0.015274412505100877,0.017692127475466248,0.0021149864096560674,0.06786717190589796,0.0025177647567971545,0.007911481925709646,0,0.5973936590448499
64545,0.28264435921734665,0.004393915042753748,0.014827611830334096,0.01166068723970294,0.0775475935994526,0.01877323336369583,0.0023581084924270846,0.011504190921439013,0.010034628191013075,0.002950423077713464,0.012329090524789114,0.007699521004193867,0.0005639387919584418,0.018101270656368282,0.023654816150775734,0.0032929172165787842,0.06840713020637622,0.009199445663244135,0.012104291058911166,0,0.5920471722490742
64556,0.2617135408518227,0.0030658314750311375,0.0019487648294695566,0.011373562376753951,0.08523953005035845,0.01958115671689559,0.012711295541302466,0.031353129641085116,0.012057909248400289,0.010756971795961282,0.0008555245794534724,0.00860805079329923,0.00682762934316942,0.027525376475169734,0.011456093679669412,0.012183471240824058,0.0778019841658025,0.00494602600922967,0.0031472432592993924,0,0.6031530920729974
64644,0.2636924600638496,0.01609809702275364,0.00784695726806849,0.025711921937359047,0.09750433873859232,0.01897278014846133,0.012303766881256124,0.019069890425831702,0.02295794659350154,0.009330692941328341,0.002899052409786995,0.007970451060385108,0.008549224319942251,0.011228123766873602,0.021574470502392577,0.006412354717021463,0.060932502247279426,0.010375389181735573,0.004113212457208446,0,0.6275436326836276
64719,0.2892637989369083,0.002116603033116195,0.015922964774298394,0.027925376580523138,0.10046116898160343,0.02498226567898375,0.01202338094434167,0.027933153183222058,0.010376711741337443,0.002090381046242736,0.007957329562202825,0.0065279445259956445,0.008456516401933033,0.01847002169116355,0.003278109837816524,0.0030045993075302375,0.08025802426686686,0.018764100605783263,0.007382222400596184,1,0.6671946735004652
64724,0.26773716460584235,0.009466188552295711,0.004831441216388027,0.01908826375295305,0.08460541909455147,0.02103210211954572,0.0012515333755430886,0.02089909211842052,0.02139604059152074,0.0007869026855672518,0.0043095616342489216,0.008256379440268719,0.007307205869925559,0.001544879733236615,0.018283848961427863,0.006290740429949191,0.09147611224339494,0.005641722683982841,0.0026124224703627913,0,0.5968170215794254
64979,0.2988486360805221,0.0074731373002569395,8.556684720170542e-05,0.028507452822144647,0.0837769427116932,0.020658834452096562,0.002378120013869957,0.04117763919884373,0.01469891325728613,0.002605297109785206,0.018144972648915052,0.0022845218107657834,0.007426491504458383,0.009672756581732877,0.018269668248985887,0.010205821799197191,0.06516405622779811,0.0007299260046879122,2.9689965466877072e-05,1,0.6321384445857082
65014,0.28821539395357876,0.0071533529832298,0.0067145111362154845,0.009047738408677545,0.06762846471834599,0.0203534525274464,0.010751681023210325,0.034098230972904944,0.013056170359074134,0.0021080894841780063,0.01782029134647095,0.008649443950617402,0.0013055441707400825,0.008057502314353171,0.022733055123200507,0.0029292185239616453,0.08190426139139105,0.009408832708887933,0.014000482824330314,0,0.6259357179208145
65015,0.29707220164489345,0.005803997981057697,0.009126132306148638,0.017789554991037546,0.08276899516447032,0.011802485245962,0.0010508992969158382,0.030992085823866256,0.02033443263219062,0.008181157728027966,0.0010220622054438648,0.0060425218740096445,0.01029480317220788,0.004081369477617234,0.021027605074217304,0.003495055827759464,0.07293056052827232,0.0030152148045874357,0.007901835181592537,0,0.614732970960278
65048,0.27607535938571215,0.0006495372547779962,9.465037461326921e-05,0.027003140590606985,0.0939600399410943,0.008292459751822981,0.00017691715884832584,0.03291741397653087,0.021558685679681763,0.004955695289462949,0.003012752458362125,0.002448331097024409,0.00395655578791765,0.013185725636390387,0.025586448817397404,0.003959391097174635,0.07883933723750733,0.01881647130740411,0.004105583101713162,0,0.6195944959440428
65099,0.2907036693101773,0.0012174768571654685,0.008854895730945613,0.004643408318523108,0.07105466376869211,0.018826402166507654,0.0003052378209154108,0.024622171261604243,0.013442130909372785,0.011132053926418225,0.008058085492731142,0.003107181617555166,0.003270651403888658,0.012522513765221958,0.006744197742877742,0.010353944570325164,0.0841368397849731,0.00043227616837590924,0.003029332367054627,0,0.5764571329833255
65164,0.25661548921094895,0.005863107142374093,0.01833484751661725,0.01923035967571507,0.0869647950751251,0.035977800630843576,0.005394954997685451,0.033036318266085093,0.03511418663283368,0.02457354128684663,0.027444425033407816,7.96845806394067e-05,0.0014969065802174408,0.005563089938415688,0.018356835564996066,0.000867131077051309,0.0755619811855718,0.019526034687212087,0.02077089598997024,0,0.6907723850725568
65176,0.25726090317585765,0.018548729565211374,0.004233828157865028,0.03752954221342982,0.07546361218371661,0.024227377496058765,0.0058808214182782615,0.023569055051259207,0.01176398894054209,0.004908518726769064,0.007966716081959934,0.00772849080984381,0.0044501685541709825,0.010626098595957709,0.027120103308773458,0.003272348696577058,0.058975586842889755,0.01012937764546797,0.004105718132500161,0,0.5977609855971288
65216,0.2715527692354622,0.0062151658940300045,0.0024323387388338323,0.00336223960587237,0.07841128367256922,0.02003742907084931,0.016748410292393903,0.026950638160618972,0.013413979569050662,0.009298576795685229,0.0031213753367172734,0.016330498190359907,0.006487597179086043,0.008494932509507778,0.026609522465613402,3.432866736231279e-05,0.06963685936983183,0.007361563778669981,9.73220614352602e-05,0,0.5865968305939495
65263,0.2695360192375404,0.00648848279797466,0.008325248028143169,0.019811655848323825,0.09199988350190906,0.009960007197515382,0.012902842015193709,0.0374567918578262,0.012150769474916667,0.01389107631207087,0.005920861280544539,0.00025731348641277655,0.01139749008552327,0.006044565379859817,0.032603469264653163,0.0015184945790057069,0.08442068190257279,0.006745397123272202,0.0012762078559104336,0,0.6327072572291687
65269,0.2641004825167176,0.015271849389920962,0.004387043759053184,0.025146583783866035,0.08637782453423559,0.025570650310960553,0.003619992976227968,0.012936257206905116,0.024197688728948574,0.006867676058804131,0.003374932874677021,0.001469821842557409,0.010161894534796488,0.0049721826874614995,0.023879070805938197,0.0024269967868244197,0.0827212152748059,0.005642798308213441,0.006324302435978241,1,0.6094492648168923
65365,0.2838259051288428,0.007250220591759391,0.0015568510858944735,0.0024790199030955066,0.08872965043247294,0.012264673459270747,0.008012144168634227,0.03421929074528335,0.00019498320795402802,0.0009497168001467768,0.014428707737547392,0.003908573605139524,0.0029032151789388405,0.002566536822582328,0.03250903232025569,0.000442124040696731,0.09869711036387004,0.004353433031314585,0.002543084572082969,1,0.6018342731957823
65476,0.2871770338795197,0.00018397003658371424,0.004776941960077191,0.02737511243055305,0.08853616927125581,0.01515486701572699,0.00011769659252025845,0.026019526501237455,0.019553733683078302,0.008532732838352904,0.0022264161553674677,0.00468008719116164,0.009513706722035654,0.008824277836585043,0.006748943890179006,0.008141687815368894,0.06445686702448473,0.005244981829131754,0.0027923791453581437,0,0.5900571318185777
65520,0.3019461668209813,0.003135020477816685,0.012501820450585552,0.02528019099180761,0.09143395808544003,0.028232077846146196,0.012285505187063674,0.023674213984741194,0.01049656199698024,0.0007150178003876124,0.010756844626619407,0.0011044610386254689,0.0061102500148085956,0.002093648172341066,0.013811979992190686,0.01427364869110252,0.08075589215027756,0.0005338537559248185,0.0024009569072146464,0,0.6415420689910548
65571,0.279100622763317,0.003493086554688553,0.0062738047125488715,0.008457370399133902,0.08398060239818811,0.01301709221891946,0.007865265604993057,0.02581688689143319,0.005938503822903584,0.0012340069175189332,0.002602355439080518,0.002256213251115478,0.0050407308471624775,0.01002758751908454,0.016761314733767147,0.012740956067367627,0.06223595264057762,0.007873300974395975,0.0035080005424077835,0,0.5582236542986038
65606,0.29081462511099926,0.01408267129246133,0.0068105492316877375,0.006239271860525776,0.09062551128378053,0.01394667736275873,0.0037817844362577897,0.011105560313601487,0.020236920022436666,0.006064795797501767,0.01205089419946357,0.0051156327479344,0.012672176899635929,7.68916442225055e-05,0.016443157801400213,0.006101437934380643,0.07948202242857381,0.007880979066041934,0.004602498520218734,0,0.6081340579538829
65615,0.29165574607528144,0.012048503547470224,0.006656352077954138,0.001229011471078091,0.09409141409423082,0.02092825978522772,0.012071503716265482,0.026664681095183215,0.0268367272992906,0.007950227804131803,0.006453131044790564,0.02017526492062342,7.570524544269309e-05,0.004521820009943826,0.02344771245950447,0.013565465845946008,0.0863330678510682,0.005038187447320957,0.00022507564883010472,0,0.6599678574395837
65616,0.28633483085781103,0.0013405461429963283,0.013758007239760997,0.02813817292076863,0.08684799805561469,0.03338037427621877,0.006065847366888678,0.031045555445691493,0.029166140191425487,0.012546904222898454,0.007429607359215187,0.007196316083538431,0.0032107378663223966,0.0016824857875773636,0.01770387375846747,0.005592915855235821,0.08531843859164431,0.00979088350303194,0.007285906836190708,0,0.6738355423612982
65787,0.26535801892094985,0.00015330031436835542,0.0019261671187097524,0.01959625889407108,0.09551638999662988,0.00376560393792434,0.009813245306473699,0.020654773386829698,0.02635902861997501,0.006265478025333179,0.018262813350197936,0.010787685112888867,0.0072322700722419735,0.007359535250538177,0.036677973301084854,0.005009272416518149,0.07900923420169811,0.005173734059138129,0.005576210948270073,1,0.6244969932338411
65949,0.2786833824354891,0.0021979003991332378,0.002256518427361243,0.019395049104386743,0.09272160264888277,0.025524947389916043,0.0004325101141447412,0.022773550275646218,0.025361723704145373,0.010808563809226868,0.01763457913112864,0.002251562602021002,0.005090386094514703,0.008741584405940252,0.01661969699164052,0.001421641148854798,0.08865612911186851,0.00760472957831118,0.019402272786370765,1,0.6475783301589827
65958,0.2781169489561939,0.008285254200616328,0.010998230204648123,0.020989813821709422,0.09515237027239606,0.02837763928130413,0.0005569983979768427,0.03367687986373756,0.017956819030487303,0.01880564675852407,0.0032716474393022464,0.010860041488661066,0.004924868763830648,0.005546098985116903,0.0029125506660385055,0.0008461877122651374,0.07715976646171595,0.012783330454791034,0.008788433321469285,0,0.6400095260807845
65971,0.2907520160049231,0.0019546532181432376,0.015934699368017474,0.0009332226563967711,0.09388122603801559,0.02497265153326265,0.003135410584084767,0.02887681260545072,0.01446509813813022,0.0009183156093858137,0.012197530496254633,0.00176592544860967,0.005417157118032907,0.0019087616107813555,0.031204279560581968,0.006390137415075502,0.06432409480561412,0.00039984229248165063,0.01015365520150939,0,0.6095854897047516
66100,0.2839703883341856,0.001183275234687286,0.01190485150898383,0.017679109704514764,0.08599085304511532,0.005122271794993694,0.007613512861565766,0.01686763720778259,0.024232576056737728,0.007245827077197323,0.0013568958614165667,0.008860430834076036,0.004482124190238053,0.0022645606533005526,0.010506398527730528,0.012855731596279712,0.08959135690235231,0.001066576463719146,0.0033030459234439594,0,0.5960974237783208
66102,0.27950059851726106,0.0029086461999764533,0.0005498971740689161,0.020531912183818134,0.07498395316633402,0.012488454059279053,0.0014611924358084246,0.03235701676960199,0.004971391569519592,0.0062788137967428334,0.0006774685532977041,0.009964194976223455,0.0016167652528957291,0.004155488843808167,0.017748436532452207,0.0082857132334804,0.05781707512340292,0.0015868960936012404,0.005692314167330504,1,0.5435762286489028
66213,0.2648152052550081,0.004041296667715723,0.0011640395554844043,0.01887899815615195,0.08465666707834532,0.021355805695651233,0.008830811050371607,0.03087488134047564,0.00728180041154549,0.012022773120623902,0.0012296077385811571,0.003574446213134105,0.008370265941448815,0.009252775259529626,0.011366750472018454,0.0162859917660989,0.08984698716742245,0.004559835158285851,0.013051270712048915,0,0.6114602087599417
66222,0.28272859331631944,0.00017544651749070152,0.004619974939480354,0.01966599157410618,0.0835351285300529,0.02108624232219892,0.0076130403693935806,0.01751377432171146,0.012669308089353825,0.0012381436524118792,0.0020548923553829067,0.0011915748816646505,0.006800235873201055,0.011929048327551577,0.01172736339263052,0.005624918742082876,0.07637603089454297,0.003380402795126478,0.0031668366497612454,0,0.5730969475444635
66277,0.278357052338614,0.0024352655241968273,0.0026648022634095238,0.023436342749401727,0.09148630695668034,0.01889709752271841,0.009087473320452151,0.026285005411792402,0.0015606325201720807,0.004502073268879429,0.0034340333354288405,0.003368470844683648,0.004608236688756977,0.0088210882260374,0.007606227104183757,0.0038912173998349167,0.08444554759163266,0.01117277464441987,0.0004222717434727963,0,0.5864819194547678
66370,0.28971439957143935,0.009448238457245576,0.001395635742258666,0.011121238055705258,0.07924832701149194,0.01649504888938295,0.010281742231531268,0.03717241643125192,0.0025702090829639334,0.01243103754346471,0.013439924789195881,0.009607908986022595,0.00039666801294695024,0.005650554397301284,0.014041287733938541,0.0030836751491786596,0.06177808691219109,0.009826666608112761,0.010488553913890208,1,0.5981916195195135
66371,0.2874627844313485,0.014288486549647882,0.011492704498024791,0.01626501583654006,0.08126753607218949,0.029251293812438274,0.0014745034278037903,0.029287059760659595,0.019201468744671178,0.0025150096544389803,0.007396033423634928,0.00789699443113245,0.01761852308224552,0.0045678742135190215,0.014933135802717979,0.005313909781582299,0.08437495948502811,0.006935824153977853,0.0039140842373611385,0,0.6454572013989618
66591,0.2665509864083534,0.009368662820349585,0.01674573817342455,0.017639301246546273,0.08931304581821825,0.03535476376786477,0.0019437573130713967,0.0229268124817789,0.005609798385779088,0.004404053077574678,0.00615017579811503,0.004253829216994224,0.0001354056222888712,3.190441932545634e-05,0.007855155221258332,0.0022148823585483256,0.07380728129532935,0.01013343511297515,0.004713068916669491,0,0.5791520574544651
66633,0.2899836595815594,0.009994762501428918,0.006390739074213258,0.030161104889350178,0.1039036750919585,0.024637248975144653,0.010910310525150076,0.02820790160820936,0.007606569526511235,0.002921624778383813,0.0034642734914587994,0.000532348998451399,2.2867519675920636e-05,0.008089633652265968,0.012305700310686856,0.0023458345749223963,0.07321326272173544,0.0007178348919767152,0.0072202787910213995,0,0.6226296315041043
66758,0.2843567308653371,0.010909495546627743,0.001035293765769113,0.014295686377213216,0.07854462263545585,0.01622749135463217,0.0007859430027520275,0.02253282918749416,0.0193374957967892,0.005987876783236222,0.0015448395303253467,0.013558275077027945,0.016929134587212735,0.0035661912592600915,0.013905195752479596,0.004215416345697289,0.06856371227283253,0.00575463470990014,0.0014778483240141535,0,0.5835287131740566
66816,0.26801818267657457,0.019022810759675372,0.0017808009696283697,0.016086447338407257,0.09702868585683536,0.006013570249628993,0.003948441560685632,0.02208798770553639,0.0240264582643385,0.006524986346849723,0.01747404652382481,0.008905022928702646,0.00014073528146749716,0.011600030334291762,0.008692754501023194,0.01868642196757969,0.08947089107371524,0.0004315323468455968,0.0058368636801703795,0,0.625776670365781
66859,0.27564519536870496,0.003347182535005145,0.01997061536838252,0.018984547610553886,0.08284243490083833,0.02454122993408191,0.0003845521360038374,0.025716474497353342,0.02125537561499782,0.002865398976007993,0.001934713959989317,0.009928851190726989,0.01159757622527364,0.007858174268831604,0.018814885061923525,0.0038239932925857438,0.06425037837737961,0.01463362444585374,0.0005439669742496109,0,0.6089391707387435
66930,0.272376557706937,0.00621426918094435,0.00919469156377167,0.0038053851474895476,0.08195924746710542,0.04509961529545529,0.007891402109574938,0.01943141472648759,0.017775001237755623,0.0028178219940168895,0.0075007834938182584,0.006238808220587389,0.0033620416045844876,0.00292598889893988,0.007763475855828382,0.006443877250545082,0.07988036081959606,0.010810199914737759,0.006840530124981965,0,0.5983314726131576
67245,0.29066034832453064,0.008746202181533365,0.0017497642683597045,0.016437376294054732,0.09361627935466771,0.0308691106740565,0.007110474301296589,0.02270743652691205,0.010335805300687102,0.003862324591633324,0.007747659276260304,0.007530006502587501,0.00871850031678827,0.024482307726260148,0.0019759523909113987,0.0008268524564922514,0.07956327363667628,0.012582524862525646,0.011473568803663481,0,0.640995767789897
67295,0.27576714595894763,0.008765644108124455,0.0008276593638832668,0.025568796596632956,0.08587737770047517,0.015317634487510709,0.002970909234801332,0.027079836755998905,0.011066671397657296,0.007233504088249493,0.007434487434251551,0.005271889402720896,0.015606164205836251,0.005470449491703702,0.019260161108477846,0.011842370877349373,0.07889621620082421,0.00553442194131927,0.0017460871175269937,1,0.6115374274722913
67317,0.277964409150319,0.02787546623910303,0.007818582174343067,0.015910113454178955,0.08404549728589276,0.014500994540663373,0.005522079899440309,0.024767672921214835,0.0067311518267371,0.020255586406050057,0.006079519016778053,0.00311328916585569,0.0038854888819148015,0.01110872071710981,0.008103973189410502,0.009392932729635983,0.07076517090968665,0.015856394192845236,0.0021914244167672518,0,0.6158884671179464
67529,0.28950500813055,0.011495378279977247,0.004663159111787979,0.026265346587692775,0.08072642140916962,0.008242542062065025,0.0059941225104287905,0.016183603032358038,0.009350217046482976,0.002711363269361738,0.011786698465050115,0.005803943007606247,0.02511937766364054,0.0053481568076075734,0.021592881553526944,0.0042733214712432546,0.06871984469965817,0.00014430971056723788,0.0016461482169369704,0,0.5995718430357113
67595,0.27802852987661275,0.0005670795213613501,0.0014631911793650538,0.0018742558913163495,0.08433253976252834,0.031753990622574634,0.004170514973772606,0.026834588719038748,0.008236958087624494,0.009991874451194756,0.003663992087539712,0.0017231279162110997,0.006158053297971569,0.0031447108456207247,0.011485118505715996,0.0020161080848753944,0.07815674080581328,0.010961587083936495,0.0028622111472063486,0,0.5674251728602797
67756,0.28632300774977426,0.0013363841787657812,0.003591394138642092,0.013860924393429487,0.08904037212990064,0.0009042292950775178,0.009362968904306152,0.02785235001291939,0.012623256618086623,0.005303721860325134,0.00269553590258519,0.015085077562828338,0.002313905127137951,0.0017718884916026359,0.01615983600348904,0.0008141596551771542,0.0528543196596109,0.00032958492926395,0.0044705173718330524,0,0.5466934339847553
67788,0.2967293331250194,0.015756035873311935,0.009443734954751743,0.026114793096709395,0.09557310034256246,0.012323508047244676,0.0020111406980467222,0.019217634665744825,0.020477500259796118,0.0023392292679716743,0.007298513195230788,0.004846776146239141,0.0018121870671689805,0.0018893765878682488,0.023744839610959592,0.013301206389567877,0.07629922210956362,0.003046486779226249,0.011099267376710967,1,0.6433238855936945
67819,0.29554542224091584,0.0050419368851105486,0.0010057270375239346,0.024455388124272386,0.08264748243809536,0.028129664466052463,0.008284545259429142,0.02321388225191918,0.023207272720862506,0.002071971165682126,0.014407184676094533,0.0017761453154376055,0.003175754383164056,0.010021672253735327,0.006748328894639176,0.016520412792565376,0.07293383483569635,0.0032902825874175667,0.026437550140902603,0,0.6489144584695161
67854,0.2972065393375935,0.008692661208366604,0.012316375011837655,0.01864252304804566,0.09385640499972867,0.020464398010379574,0.017708267015516,0.036571320480854486,0.012351599974194289,0.018125206247699376,0.009029522415895776,0.005361412514787256,0.0008204417476256387,0.0056707813417541655,0.004830832518891152,0.00044413400733456357,0.07955922170690231,0.0007426587949278411,0.010784310112328332,1,0.6531786104946629
67911,0.2730522763761342,0.008525468998013663,0.0007131917386713404,0.03462175085582974,0.10068470611807874,0.011381369481834462,0.01952526067969901,0.010558502992020814,0.006187459151868534,0.0018828414591250402,0.0037427098796841297,0.008694453333440124,0.005450362167225689,2.918096009256027e-05,0.015679778747148744,0.023557934391495366,0.07054088703151946,0.012620463807451262,0.02041628026962044,1,0.6278648784389533
67954,0.2909659303283473,0.0019931019193765004,0.0014076076115484065,0.019104715406356026,0.09193455177903599,0.012053200017238018,0.006484314998395991,0.009665465321511645,0.011437346830209114,0.003385587110526775,0.0013308863257403792,0.010966031048470897,0.005208004718492229,0.0007158192264016338,0.024451385757893362,0.0037000463753602917,0.054390412748530036,0.0005563210196123486,0.0068164751536822134,0,0.5565672036967292
67991,0.2694824896545279,0.010175615137411031,0.011822534403289366,0.013431404759782604,0.07988607003633479,0.01805887573991161,0.023311808220373695,0.010589957742832045,0.01638286871110174,0.007925660411301685,0.0004970561812589503,0.010440179276238627,0.007854403030873475,0.015862104725274582,0.0247098092596382,0.0024569932150291817,0.07076813970359119,0.012569258224476198,0.013118499809747696,0,0.6193437282429946
68087,0.2656286699097625,0.006876927506647058,0.006528704658975887,0.02687859023562355,0.09331791092957158,0.026871851200385325,0.00513009516903079,0.03785773233819236,0.022584372572454492,0.010122678839355925,0.0018791979323680582,0.005840350413985102,0.003485781647321904,0.012932239073613823,0.0010612391876930762,0.0003038657512633244,0.0732885210510912,0.013873351091491699,0.009200416069885928,0,0.6236624955787136
68248,0.2906569566595235,0.008446321534779262,0.007237365232366533,0.02607046185162108,0.08486678341431607,0.0046015481338093234,0.000939498219475448,0.03213207678020695,0.01962251182145134,0.0022898527363445823,0.003016493966250416,0.0030275731222280315,0.0042045023562150155,0.0023362457165193116,0.013744064958879424,0.003104394289261072,0.0698269295591361,0.002109047232886154,0.0030368340532972993,0,0.581269461638567
68270,0.29123315631370356,0.010631896793802675,0.0062953944694216744,0.008044993029933717,0.07624932614068457,0.007501368887666219,0.013224114899424122,0.02836411268196894,0.015746720735661666,0.0024948247422214406,0.020403164937696203,0.010351044181166048,0.005368965452948241,0.009890456678596416,0.0014981898963200846,0.004084653215424465,0.07121160405767142,0.005274985530381465,0.00942748778905491,1,0.5972964604337478
68366,0.30178338284427253,0.004202838676157841,0.009761725722071912,0.018423022697110505,0.09144872300859047,0.01718339852443272,0.00046155233544828265,0.012934517343748233,0.026370269874605126,0.005779661266447481,0.009391840530785353,0.01671186767295111,0.0033650536730156903,0.010965714881331707,0.0026077054065460348,0.015109898913641739,0.07426531382632681,0.006186614962336973,0.004108407690140502,1,0.631061509849961
68414,0.29036630578652106,0.012879436145249811,0.0053322474099175635,0.029060279201920832,0.07500774331982486,0.0003805224445679941,0.009206528231972233,0.014563535584226591,0.016409979264143552,0.015031987793148667,0.019081565953534434,0.004888691891184853,0.003255577424306989,0.008267977179499885,0.004244533236024923,0.011449254249571486,0.08855346262907599,0.002524695720884241,0.003824628055579503,0,0.6143289515211555
68425,0.2828775445988179,0.010979213992721263,0.01119976034685471,0.010326471444287229,0.08206238658882713,0.016630259217693094,0.010156421892957006,0.012670155012948913,0.02134075844788497,0.00406235672235158,0.014875251329520103,0.005578771777322946,0.0007657332949519872,0.013210255500968318,0.017497882649452342,0.005411109467992811,0.08102803552396508,0.0036985026208648515,0.000865229372682253,0,0.6052360998030645
68561,0.29801090422722043,0.003641401533777287,0.018524715642305713,0.01345047424397499,0.07912874868779747,0.013406615416804225,0.006203606546914994,0.026300018998394695,0.016545498466866457,0.0035876100624956664,0.006872393870771772,0.0038593812644371946,0.005268861276580909,0.005095941198716597,0.03188363044281967,0.0025592573456142713,0.08486537741764594,0.005882596124390591,0.0009718028799143056,1,0.6260588356474431
68591,0.2771018909246474,0.001446454417709584,0.0002803669048965294,0.01660027092086994,0.0895909185895614,0.016960801167842113,0.0102740069467313,0.02474127423345215,0.014558382317242923,0.007010605937898324,0.005374122417820596,0.005366574538060333,0.008667322838574658,0.0038406166593638724,0.01401785832896764,0.003249761227611453,0.07768333095806794,0.013492218459153825,0.009426247190573953,0,0.5996830249790459
68593,0.29124934016155324,0.014676192244351103,0.005957251232439602,0.02138428497807117,0.0843636626275403,0.02578981655159349,0.006808309631140087,0.03751973210262602,0.022969328215950414,0.0003638373267967586,0.010134945621560365,0.00623718256155828,0.020429317034576507,0.003127963741606879,0.024646348089788876,0.002371342948517694,0.08413784083296802,2.1024443533146866e-05,0.008179161567560933,0,0.6703668819137328
68600,0.28989425669922825,0.0005213000227111798,0.006899895782669768,0.015579841240665382,0.10293395650545907,0.023700285732454158,0.0007960534224954217,0.035737151385942904,0.02372577795162376,0.003348322146924931,0.003289953680168177,0.009553859889223804,0.003183046432331013,0.014183057665413104,0.02163157564411204,0.017073264436790723,0.06946603722910763,0.00025488944374415026,0.015790839122980172,1,0.6575633644340456
68678,0.2839039718287001,0.0063821259064439735,0.005277204478646802,0.017121256553439584,0.09665425929454921,0.010380245168161058,0.002989467292191687,0.02472153887357776,0.0074234946607287565,0.006139429496750168,0.0010115451744490422,0.011410131147808165,0.019193914389178817,0.0006110694553708117,0.029795662079818014,0.0023815719838635816,0.06563884133083521,0.0018936184304284686,0.01273103562869967,1,0.6056603831736409
68742,0.2816698255994267,0.004269979946704064,0.001513236233164835,0.005764603088219352,0.08371340409860113,0.00949278668375748,0.013735864743802761,0.02523932490444027,0.015876871361916317,0.008118099311908301,0.001235741282760279,0.003849396588899744,0.0010952451807865551,0.0030589286932697266,0.01593102000915116,0.004444016367104665,0.0692634875376509,0.0031886056975113032,0.0012369436150977524,0,0.5526973809441733
68887,0.26841182512155876,0.004158145599514752,0.001982994586904701,0.02056004673874646,0.08867928154897813,0.010449991780295296,0.004649972340737741,0.013770173832853585,0.027059443540231362,0.0024528201242236514,0.0031946984026543766,0.0014488724906659874,0.0013246913822909903,0.003162451831510937,0.01257824377722104,0.0038316287648663475,0.0881918221149066,0.011156087768036945,0.015787265264537775,1,0.5828504570107355
68907,0.30007844477622087,0.006309968791646312,0.004450751336778533,0.007400794561574146,0.09882358271040875,0.006016887027755212,0.008873744246834715,0.03379525437696075,0.008357339578315599,0.008559868619719758,0.013300939548655114,0.004267273678488837,0.009252678506381881,0.0026377892779062195,0.027868924817935355,0.0008512476334737995,0.07721498022824205,0.014887338420036606,0.0029615376816595857,1,0.635909345818994
68996,1.9710615401643535e-06,2.1916573759350044e-07,8.967807829233336e-07,1.8482495400021687e-06,1.520636076126927e-06,1.6133808471348504e-06,1.7378523689745876e-06,1.8341564204596667e-05,7.733552506440741e-07,1.6051227444515594e-06,1.3091494053272949e-06,7.011127665032168e-08,8.93363687431988e-07,9.170120801707025e-07,1.0662341820438604e-06,1.0424216707985238e-06,1.0794971974416897e-06,1.0179948869368423e-06,8.156316112140902e-08,1,3.800451664053465e-05
69079,0.2844548838685441,0.013533557933709736,0.0031525468528287625,0.012837016826188354,0.09377381718204793,0.01539150459223308,0.0056011769470543545,0.01304636382474698,0.015966320411450397,0.00745022407842101,0.0011626754826180145,0.006771242001305116,0.006056210724391359,0.010677324947775523,0.0022408618259365715,0.0005746975537951579,0.07956883448876026,0.002261635385698032,0.0011262565609053289,0,0.5756471514884101
69240,0.2713237963380543,0.004019229543262495,0.0029765396497771456,0.014265156627611611,0.10304426265785863,0.018048045124483818,0.011281565423130333,0.01931774911201415,0.01196729084805403,0.0069619560327927495,0.0007824387780963241,0.0014191552031826266,0.006618939402531759,0.004293156491845563,0.013145705899852533,0.010197091300996164,0.08815139286519676,0.0002175656490711833,0.006718818440358413,0,0.5947498553881706
69319,0.30147548770096033,0.009621537652073048,0.008149382099023517,0.009936197814057355,0.09416656676791964,0.009706225814553219,0.00030489695615627436,0.020157273356844398,0.01703672062819913,0.0054592122646144456,0.004391785368659723,0.008624083373907215,0.0006681052585729668,0.004258798485800097,0.02120160821150826,0.016074486086040434,0.09083435578504831,0.01348005851620136,0.007531186656403653,0,0.6430779687965433
69348,0.30261954479795317,0.0013157348322319303,0.0023356790151183365,0.019355790531953566,0.09797080128901282,0.021614373246688544,0.006349233976085906,0.018062711791740325,0.00251149866426375,0.013890181985798687,0.00402803417915621,0.00021454905239007895,0.0028077025005147295,0.01058728295091775,0.009532781656438227,0.002684527809461089,0.07441147618578106,0.005227195511271046,0.0038701819287235107,0,0.5993892819055008
69356,0.31055684760296537,0.0058870937308585945,0.016124801087009775,0.02303338210567397,0.08972971068481785,0.01153239114661948,0.0037877433486908107,0.03810808405781636,0.025968542380515006,0.0034309627549554984,0.0027074999233163456,0.0006524319182604609,0.0043104462232026,0.006159411530539364,0.005792949259198312,0.005199392679485281,0.07519974077867993,0.0017955308085771452,0.003978922481263487,1,0.6339558845024457
69362,0.2753725390499419,0.00928908586350983,0.000531391330047151,0.013074189176480087,0.09026617829752692,0.019031518222906264,0.006716147877684782,0.012092404512338298,0.008477268849131747,0.003658977345462484,0.0006286058853394482,0.003951582618340996,0.011995540307431449,0.0019612303171966283,0.024499328872036156,0.012604942564300689,0.07751650520748243,0.0037640007974101947,0.004968829158890225,1,0.5804002662534576
69389,0.30355621719887604,0.0019011220868801716,0.009132353552647,0.01500368328382052,0.08973372073843083,0.030111343459476757,0.0031983815698807447,0.023897313992214238,0.010643583896915084,0.0012254941555942733,0.012040994062339957,0.0020308047817745424,0.012832922791805507,0.0036536218594048295,0.0033094423645372373,0.004508987105839524,0.08503815755604063,0.006145101003921589,0.0028843200273533385,0,0.6208475654877528
69475,0.29394572298081484,0.009796639105271765,0.013140936705042995,0.012683659663491624,0.10249872863288784,0.024707759670623594,0.00670971778614808,0.018984199572870435,0.014624268533889396,0.016281134666392756,0.00882875302859278,0.001441562138823925,0.0048822765428295795,0.0021826009010164817,0.013702289823520222,0.008431828318100729,0.08000684623111548,0.013698760320079443,0.013121509599513992,0,0.659669194221026
69541,0.272994333438901,0.0035748248826852035,0.0053586319514770855,0.01688485410141655,0.09521499322103681,0.021465525409921006,0.01189006521671131,0.019778715734198666,0.0037505097341269497,0.014239945353036602,0.006479350263637569,0.0005665562067726329,0.01019273143724978,0.0005258777976536079,0.024182446950215306,0.0038225321744778033,0.07854021767163943,0.010516869932947051,0.01686115285922826,0,0.6168401343373326
69751,0.2744561823765485,0.009877487832921134,0.004406115739306994,0.013672686555854787,0.0923729458527423,0.011497854805426581,0.011729134352490232,0.024875603432888155,0.024152076766696503,0.00290037940938966,0.007394212136779376,0.016241935564078575,0.0021976406911136145,0.0007494793806234328,0.018677484816727687,0.009988520255489203,0.07025221952714288,0.006073356219498366,0.008107292064686961,0,0.609622607780405
69764,0.3037281760497155,0.012174044252666596,0.001519818417354811,0.014080067067589496,0.0853920260192752,0.0034183590405912913,0.0019053026029701358,0.03164941473633691,0.004816362171868702,0.0018633192509462625,0.004438672791639853,0.005579049873154532,0.003148042518663138,0.005023793440988893,0.008251112701354953,0.0005104166738780347,0.07940705278323716,0.005418951246723208,0.0017289078755553034,1,0.5740528895145101
69842,0.3094957269610249,0.0023118500646823756,0.005304938810438075,0.013988804378447297,0.08183240866408328,0.010060532773387644,0.0015695381438700477,0.02281955172794347,0.006836976851055532,0.0075661838465927314,0.004902361148806914,0.006727077258521411,0.021535916873505933,0.010314129784149534,0.00919737539696061,0.00877275081711337,0.0707166669725882,0.010230044913253956,0.008044840989035918,1,0.6122276763754612
69866,0.2871476069106097,0.011190781931702925,0.011922739205292193,0.02478816446400861,0.09515826803228035,0.008931596143208197,0.014055294156940486,8.106574627835146e-05,0.0032272728496203396,0.0033252254825805808,0.0071356554713134426,0.0004647836889813662,0.012936686116641217,0.005235297998761609,0.01298293533264083,0.0017814008091204653,0.08252747410541583,0.004740432288610303,0.0059915583471524415,0,0.5936242390811592
69877,0.2916287381613367,0.016288091824454017,0.011287592614828677,0.02606246874514471,0.09093093099276538,0.00030926455343293404,0.0074666250502915445,0.025143391336159785,0.0184261379331496,0.002973131123941793,0.010978929690532078,0.002150755196699474,0.005776862417585913,0.006074666641152026,0.02463065417733205,0.01333566656559231,0.06982130823781549,0.00805276415090012,0.007714655719482922,0,0.6390526351325976
69989,0.2892811547051037,0.007184305418782344,0.004761602288013805,0.01563003838048891,0.08520846972435198,0.03255285385674978,0.0002786868540764361,0.03619235733709751,0.03096820720204123,0.007848847169593188,0.00960197576024882,0.010840187758023256,0.009759815262922479,0.013434659405310663,0.0057189013014915056,0.002592863911082347,0.066680214067695,0.008017680759630705,0.0017818561883374297,1,0.6383346773510411
70029,0.29978787618903396,0.007854829768031538,0.004379029074818121,0.029558722082065295,0.07971696936583716,0.022694282477024135,0.004519437201751701,0.02593516989885607,0.0064806763156457165,0.003417084970782004,0.0010498597173796969,0.010466815901578944,0.00581406736585074,0.011102923433103696,0.005052852755618904,0.0063312113829409045,0.07148581333095279,0.008114987777745181,0.010583284876248199,0,0.6143458938852647
70117,0.2892186760737507,0.0034711750075690885,0.0059408602344696755,0.027093314727910014,0.09077701842614647,0.011636969781953912,0.01234058959318348,0.014231653267752728,0.01940612575446821,0.008970655434967695,0.006953651727763307,0.007047186782120072,0.005499052324230985,0.013379427170787711,0.00683470872830342,0.00942882857951375,0.06817406081916338,0.009058017133533661,0.023098438486066616,0,0.6325604100536548
70134,0.2951786351000449,0.001953242087566095,0.0009656570442223446,0.03462560949551583,0.08711929918307873,0.034971488385307795,0.008862001943835353,0.03516442772186044,0.016522829744714345,0.0006682310512997674,0.0009320607452758696,0.009164870705845936,0.010949246102359714,0.0024459251409175912,0.024062716197533182,0.007725621096512075,0.08055067768761304,0.007102153844998466,0.0022214292479583527,0,0.6611861225264598
70251,0.293608872717755,0.01252030360470777,0.007971043244257955,0.013617252073648485,0.09538212975679694,0.010929053213515923,0.004878077358906826,0.01674728288256294,0.015954176798514887,0.014413865055977512,0.012377337763813832,0.015944829179232182,0.015470216749802606,0.017696506592061935,0.029723427060021863,0.0024888386850013184,0.08572595268612966,0.006929213202825699,0.007833673113307838,0,0.6802120517388411
70261,0.2880374133366077,0.006284642348793394,0.0020395847728943398,0.021913517325622255,0.0967209708694774,0.028414274064596193,0.0010789098961587285,0.03254486291587175,0.01131608244369359,0.0019212854491282363,0.006326450194975789,0.009860243257677336,0.004760732505821206,0.016341518755131876,0.010517542670596843,0.010531477410021953,0.06526688259243901,0.004889472730843949,0.006519027682089683,0,0.6252848912224412
70353,0.2939949601475336,0.004079488002411339,0.0037584890885569966,0.010430060630020423,0.10136528609472373,0.021355614742097753,0.006634414036675835,0.020750225501944764,0.011756091133983433,0.009637995574277162,0.00012447305499185598,0.002798453894121691,0.008981435488510181,0.0005961093698819691,0.0070370401246069355,0.0065526310553720895,0.08787706877643674,0.010522768865675453,0.0005307129578627905,1,0.6087833185396848
70379,0.2919201644545028,0.007502066539802839,0.0029777124444692053,0.02528160285571032,0.09233987711317222,0.022475671196101745,0.012594236509660045,0.025478976202922145,0.03428800533901536,0.004042972783134246,0.006763299211451751,0.011207963735266993,0.004801698663637366,0.017064175523767978,0.017296155942409644,0.006743961754148387,0.09187232059410799,0.00496732978503685,0.004569382945079835,0,0.6841875735933978
70390,0.2853022561042442,0.005938553142017008,0.00020431644380648222,0.0030918412862171187,0.10075649847744805,0.019840079715730003,0.0032435766848902363,0.025486621278643956,0.017760984825235956,0.006370549147966704,0.00173893085665806,0.00812244014179783,0.013891479142587121,0.018200482414147692,0.008365602983061804,0.008791205179223131,0.07866551113641092,0.006310827729263509,0.010042854050946882,1,0.6221246107402967
70409,0.30459974724189826,0.006967308939392402,0.00013310446312013558,0.013210625598396739,0.08552216293222614,0.0070738936222692825,0.006862178606281745,0.027183339124110414,0.006074200680469711,0.013663834218663013,0.0022265711617290153,0.0018374734940196891,0.004027991269141061,0.0159202502423076,0.02006953760537596,0.007353817027055627,0.07084373221941119,0.010953096039236984,0.0060225990707599,1,0.6105454635558649
70426,0.27487081334459273,0.00236534506111178,0.005036817627657575,0.02458759588236539,0.0792526293652115,0.028218664562556152,0.006288000802547508,0.02419476074144481,0.020047306324185846,0.009812890282027312,0.010962169622922537,0.003726029384157716,0.008685185788820516,0.01563520048441776,0.0159352951985206,0.0010008280351874591,0.07499053038866174,0.004763469575444692,0.008375001005613445,0,0.6187485334774471
70591,0.25725732659824113,0.004797771131300047,0.0090360286875703,0.00695474586831429,0.09931953602047465,0.005711248944767866,0.0029496930685562594,0.011670569099126598,0.020039123365758294,0.012338899923359872,0.0018060950508345286,0.004645013607032397,0.0009475435811396938,0.010826382570177599,0.02014332545846474,0.004506944795358793,0.06747184340008397,0.011393217934255063,0.0018177867557910544,0,0.5536330958606072
70614,0.30379493305820376,0.002512733748465673,0.007026312599410962,0.012373178398362987,0.0852950886020299,0.011650200077836684,0.008543211873173749,0.019094083248344735,0.018210078190768083,0.002356735845582103,0.0041386616825107,0.006258695508085137,0.001972864346137873,0.006719081461762867,0.013663256836052061,0.004780971214408359,0.08290691570070766,0.0007935038505829314,0.010020413282819017,0,0.6021109195252452
70682,0.2634592377486353,0.0074091692989815576,0.01042654923761953,0.00391140873179268,0.08149244774351047,0.011220554788038581,0.0093405407997206,0.022547867417566658,0.014866233166376122,0.002088164614834559,0.002320186189979324,0.011842908008210685,0.011971485947071491,0.00556986238907939,0.01493183464968596,0.0032174884085593926,0.09274959834659763,0.009076541773271388,0.001752415258561892,0,0.5801944945180932
70696,0.27231263389928506,0.0032279675123733113,0.005710259700840436,0.012549008131141117,0.08468891971333138,0.00457339078423039,0.0055062272575073425,0.029397368454777556,0.02852278786548435,0.0036467491222883885,0.004480330953746068,0.007575012629743158,0.008149059238708843,0.014846007413318471,0.01219358958576531,0.0026836255215563886,0.07692157384114508,0.012353827773941577,0.008473782273328272,0,0.5978121216725125
70715,0.28642927712424454,0.003279140929386784,0.004928053889911524,0.013327666102496664,0.09917825749340553,0.014064989884837488,0.00646218220646377,0.015649922483479118,0.015114119925453409,0.0017625292595304352,0.01326393429274648,0.013316821278449385,0.0041864727078996175,0.0021658991562448545,0.017353462497096964,0.015578707158281609,0.06479277441277681,0.0035824998100228,0.005375244662657757,0,0.5998119552753856
70801,0.3098984705239935,0.0009566533336098837,0.0005376595341648317,0.023126935881610713,0.08371465019245623,0.03718175007932614,0.0034809029368751136,0.025853372962720306,0.010336469442948096,0.0021249566258164628,0.000644953087113371,0.005061699940688899,0.003492270269903239,0.0012835776199636387,0.007893543417453096,0.014602462972474587,0.06424529105393031,0.012130405685526159,0.005446906037826619,0,0.6120129315984012
70896,0.28697551868369703,0.0032013457594145347,0.00505693654293671,0.013749803862765737,0.09283984724861498,0.01319805527465402,0.004092404159023017,0.027786641487287923,0.0109698574024553,0.00024090536483484316,0.012681954988563844,0.006431361260877694,0.0023572504150216754,0.010649433285334624,0.02805267401662559,0.01238191947504279,0.0843433361862133,0.006588044965137965,0.0008584039054502285,1,0.6224556942839518
70919,0.28276348320506245,0.010528308169382461,0.012236889529316645,0.013755873506464806,0.08951015429633095,0.014642600086627527,0.0020951489418238587,0.02816441717964415,0.012914447278720915,0.014871374002052205,0.003101063077790481,0.00034355560650979627,0.001032499010075359,0.0011860178805839464,0.010856890816099765,0.004989054504258183,0.08293515648978377,0.0019520520682271341,0.0032822926542042134,0,0.5911612783029586
70920,0.28588800844365236,0.0005758519388687021,0.000837890789306545,0.01687627849230782,0.09601546771641803,0.018117956165921465,0.0016777256460050556,0.03029947316945521,0.00856555738428346,0.0006983284819848162,0.005417413684217827,0.018296871176171445,0.0020727770053860606,0.003045747806844957,0.015404642934458725,0.0031780691837197694,0.07782785812382625,0.0008539045266830263,0.002671355668001726,0,0.5883211783375133
70938,0.26761982146974095,0.0035152229587458897,0.012539445704689433,0.010809840136198456,0.1011047315249158,0.028428380862102934,0.006071299118099303,0.029889241733584548,0.0022494546441863424,0.0055961313900786324,0.0030150070915053433,0.010759808931113852,0.0063117326914294445,0.016593464680821287,0.009879046152467258,0.007088337544620161,0.07871635020955003,0.003036755920644267,0.0012953862839262165,1,0.6045194590484202
70967,0.29091637653903407,0.003958294949636247,0.009622268482053708,0.017216963013941013,0.0850801896337007,0.014498363125026613,0.009518993164244122,0.023917107431068195,0.013307074800602899,0.00037483678600739326,0.005757888603711022,0.0003248909504088515,0.009170187957791242,0.0069875075681791925,0.029261146426213146,0.0033676473846582984,0.07979683956060867,0.00643589997646628,0.0018240085731701466,1,0.6113364849265218
70984,0.27616194275274975,0.010710084664117265,0.001979639283122299,0.0039589688600163795,0.08286112837517223,0.016644822938481112,0.009173367645249883,0.005723360799910662,0.014125790183494804,0.017074232450345284,0.0019732519434099626,0.006920234734930639,0.017902295794000832,0.008445835581137429,0.0047378876385542265,0.012244580997741911,0.08018794103090632,0.006042735901594817,0.008671639303353415,0,0.5855397408782892
70999,0.29687778460579817,0.0009366545640989925,0.0034322481191925137,0.014410507720486408,0.09342184504251336,0.017584225416948204,0.0023795980454204843,0.031019947588091908,0.018370702663157424,0.006571276300643351,0.016285750009569746,0.012170461401726056,0.008959811177589655,0.012718555365875952,0.01945572250550704,0.014169861450382041,0.07126903589867084,0.01708418542836108,0.009728015984707275,0,0.6668461892887405
71006,0.271380960742454,0.013509562919397427,0.010713209754124348,0.017331731470772844,0.09302507530704864,0.029955985414093927,0.010908532824706467,0.014209660105874992,0.031370352462729276,0.007294892336614345,0.0006097458141343305,0.020849818204965856,0.0010612257839869748,0.012008904868998365,0.018831166440757257,0.01646412524815399,0.07718147217305037,0.0025986385963376116,0.006707151680101596,0,0.6560122121483026
71041,0.2962913053606747,0.008164788023208904,0.0053248841488984806,0.016437728783419304,0.08305410691365694,0.05049222717544139,0.00872799860952855,0.017967850456943334,0.009004324882927779,0.007999196006570246,0.016260228737073255,0.0066643070965058775,0.013512299668293266,0.00043967181010562997,0.00804356821844329,0.006514814871357574,0.06710802479973896,0.007003432645934726,0.0006076882787808481,0,0.6296184464875031
71083,0.28289513139983546,0.00904128362319776,0.006784141016176541,0.03576121451897698,0.08478508572440133,0.021536130185643668,0.006878357677354836,0.0222149250663157,0.015546173671562366,0.00018498306773324528,0.007142258746646195,0.006078207324448546,0.01829281885549259,0.003505535753731066,0.025004074690832476,0.003074570453786127,0.08075250695606923,0.007387429713125308,0.003437564683216683,0,0.6403023931285461
71138,0.2837482189304213,0.006809191590204313,0.009853605011096351,0.026899945700371193,0.09884200086065756,0.015547491460083007,0.020343310657110536,0.006178219874795756,0.018797577419927856,0.0009803889535165138,0.003420779488881113,0.00242394961650153,0.00978370757365322,0.0019424700542884628,0.004843043365740357,0.012829568474740234,0.07434814913708702,0.0038377082988958412,0.009667006317195104,0,0.6110963327851673
71239,0.29371660858861504,0.0026330797407191934,0.008681185644263144,0.023271631212672176,0.08381465039226464,0.033870676504708035,0.00781766009317908,0.03511426189616848,0.008449109054991575,0.015883686555862257,0.0022202527401979488,0.006462117651295309,0.00551351480112675,0.0014459962408593277,0.003399000037815281,0.009251577904501287,0.06776388858727454,0.009498152570725662,0.009343055773222756,0,0.6281501059904625
71336,0.26554943906751055,0.014867012062014495,0.0014370145064327355,0.017939935116815447,0.08310216234018833,0.026374386285866237,0.008718958531262876,0.026048177110632002,0.017390792339000743,0.00993378297285486,0.00234360709764863,0.01621313738846528,0.005136729509792898,0.007334588549511779,0.02655062623246313,0.004440061199562127,0.07467079659620743,0.011728897935984856,0.006025793355874305,0,0.6258058981980887
71385,0.27019535515452014,0.008425991820000167,0.0019139043719379413,0.018103726293963597,0.07836193434785728,0.013046982262573168,0.006718782205110992,0.0230262142128649,0.01904212611193932,0.001689614925975227,0.007767023197816695,0.0017631937482869822,0.006062583944963372,0.008462359523884435,0.01982249349219683,0.0019808824738694717,0.07319969446698402,0.0005977265550769868,0.003689711763690653,0,0.5638703008735122
71846,0.26294565099987566,0.012547062582757377,0.01683113667078339,0.004031421661141265,0.09421902763084003,0.03243603685891212,0.007897278601558741,0.02944347239371322,0.027201293906125093,0.008596125696004969,0.0048703271488364135,0.00273688299187917,0.0008293245432580791,0.002439165428684532,0.017678706137157656,0.003420279791720587,0.06697762172097323,0.016316793708881155,0.0005310388518318536,0,0.6119486473249346
71869,0.28416487072817387,0.009209282076957991,0.012099934284756515,0.019669107899440222,0.08804693116595301,0.030512065452299095,0.00787375829271416,0.03594102202720158,0.02219881875561373,0.0018395153402326716,0.00807668255006923,0.0003463929843481764,0.008660417709878286,0.006653349780386317,0.025927697929820182,0.004763543017316107,0.06242390531474791,0.017820785679373872,0.022644061154180148,0,0.668872142143463
71902,0.3138558151195634,0.006668278023313218,5.698129671306705e-05,0.020649780301426,0.08104114139029114,0.033337540787804966,0.00569928198067684,0.025912017121158617,0.016937153811585247,0.0023011461424435014,0.01212054510881329,0.0004376754659065834,0.003741297832533654,0.015764163351749915,0.013182073724109393,0.01469692057978894,0.0882712026265457,0.0008774954447877349,1.3230806241174165e-05,0,0.6555637409154523
72039,0.2943582153386043,0.0050202787991613824,0.002332625077986797,0.006447657176828456,0.08286907860025632,0.02611574148086652,0.003744522073638436,0.01756371384284309,0.020571639059504092,0.008109397700764725,0.013677685283375315,0.018343766016530448,0.005890417186930814,0.006236870202693952,0.0134005345012542,0.0016527181889635049,0.07735447360735949,0.003769276768862344,0.008152370216282652,0,0.6156109811227068
72145,0.30183464472423227,0.008610187765874112,0.00435521428431041,0.024242452911516253,0.08521240838025163,0.007678277763476885,0.00010974396654565731,0.02276712856530121,0.020765696530533208,0.0028282026662201074,0.0050881855984775135,0.00026020863000547514,0.00039648936203770703,0.013291087105743643,0.01547529483892251,0.01684077548239939,0.06768501269840675,0.003961045514242974,0.002361192024584204,1,0.6037632488130819
72168,0.2893068442939824,0.005074962939674698,0.001985517773253026,0.03008696639195749,0.09144868187128705,0.014987115274387043,0.008649786342388653,0.03864175958085888,0.021775478576613907,0.006057925079726056,0.0001770593845832167,0.002172641992828949,0.021219848063187465,0.0015789553414796845,0.008505814174702067,0.009956514174793896,0.07389830161792965,0.002613392807235464,0.006203324920614248,1,0.6343408906014838
72320,0.2604451622971821,0.005707646476744414,0.00217035039993501,0.01574811999373724,0.08779086602517222,0.02982266302588463,0.007342160641312343,0.03514428822330808,0.00872478022305346,0.014627799243735409,0.00897076369072626,0.0012125663527859563,0.007140334605294478,0.0017138168592758126,0.017825571832828093,0.003188834633231083,0.08570056006106117,0.0031049235125159987,0.007498106374249591,1,0.6038793144720334
72414,0.2892270160796794,0.0008653281022528751,0.0071596124556376275,0.029013766934768887,0.09055213761196934,0.03778141225173723,0.003319267402159838,0.024013594822004825,0.010293927345567255,0.005239563339139665,0.00462328863051756,0.007169722970201479,0.008963111306740369,0.007443396752560459,0.0156980698939586,0.001859116889932788,0.07500379607906633,0.0032975651523738,0.010096365707359835,1,0.6316200597276281
72430,0.3039100361425081,0.0070363560690126494,0.005845515372966592,0.024581102257437572,0.11532751276588517,0.004536446870679176,0.0009264048424096453,0.01470047101623414,0.011034215243493689,0.0006231421228584685,0.017469272660577764,0.001403014856472463,0.00914304538956627,0.01787119829404839,0.019275892601551936,0.009613455085306335,0.08379108514954081,0.005170935484455418,0.015280977924545563,1,0.6675400801495501
72529,0.2749502952970156,0.0022058644518438814,0.0004986892822451069,0.021159541279994757,0.09372646287091685,0.013573266913278662,0.003760925441134782,0.021473393824272356,0.009344231793735884,0.005535924002599123,0.008833290746193847,0.0072969385168284604,0.015466243398005484,0.005597707505525829,0.021624725182906195,0.010284153986954021,0.07520756393377506,0.005935126665115952,0.0018504865831019412,0,0.5983248316754438
72561,0.2729310946504671,0.002323823595585583,0.007579102589946927,0.014862620199330349,0.08471732428407007,0.017751826060536657,0.0024467193548022184,0.014879936796448667,0.016117907554368278,0.01295071645341158,0.006314994662310015,0.006967347644424754,0.0004962348441359607,0.017118904770145563,0.026961366424087384,0.00634220243724581,0.0899493548037379,0.005186086572023794,0.014026649545739758,0,0.6199242132428184
72576,0.2763042028730503,0.006123295803013833,0.012861903720740916,0.01766381140241884,0.08840150571726185,0.021712092221260082,0.009470412796380747,0.021084734704314975,0.01926075156845969,0.0058832505208157825,0.0007139637064299437,0.005225236285157838,0.008107772979821846,0.010773161344845914,0.021164976830011974,0.014392550503913606,0.07627714780643137,0.0018453197142888026,0.007769025766897566,0,0.6250351162655159
72602,0.28138509670592227,0.013951921299388777,0.006200473903354886,0.00342217054066544,0.0838973937938043,0.023877755551523827,0.009140569182583363,0.022114405939869713,0.02121527266984415,0.0007729623768672709,0.0072637861689699035,0.006256293825732867,0.004676163821271805,0.0027218568624387683,0.01621029267231714,0.0043144621852313015,0.08428056024941236,0.017920997012861626,0.008366161947572842,0,0.6179885967096326
72721,0.2906010675432426,0.005899485783981802,0.0084128912253561,0.03194028918727036,0.08884926816973644,0.022280676523596273,0.012225756541001474,0.03194161597696339,0.0071481104425764105,0.005497240520123213,0.007540825963621294,0.01665356523033055,0.004988748838914391,0.0034213392277315305,0.01139425360236726,0.006846934584142564,0.07204615008481306,0.00366777011578934,0.000389263289099954,0,0.631745252850658
72774,0.2749005651709234,0.0007057962456878716,0.012732483082520542,0.014721486897956106,0.09123033438149165,0.01969752692984594,0.0012273999224020875,0.03505102955143949,0.0004915060409679486,4.2923348626547467e-05,0.010639193378171966,0.008820825317531993,0.0023420424224161996,0.0032553493834303463,0.014013660326463014,0.0014031407900829524,0.08164358885814692,0.0035107321760539587,0.00889642080718513,0,0.5853260050313441
72796,0.2829673441675431,0.0063746883832836165,0.0036200369204463347,0.010749315522833994,0.08962638763524361,0.018286066212480665,0.00806716503571073,0.01988599939342061,0.004023083860462619,0.0058081199252175185,0.00032255570743310426,0.00888990728480562,0.007891017261649747,0.0011827292648643665,0.019214304327883364,0.000534888369577137,0.0831342104558675,0.0036150530391542523,0.0005999488026709215,1,0.5747928215705488
72819,0.2910556336950264,0.011694331364081082,0.010466227290290706,0.017666361698139676,0.09272588810060706,0.01577151734716397,0.004449887356356062,0.03378508496221379,0.027309363980169848,0.019071405876812598,0.0037851049873320205,0.012058096976716117,0.015397448407315757,0.010607555834912685,0.019095363438944492,0.0011484437215171655,0.07659934542545511,0.007218803346301131,0.012337469347292327,0,0.682243333156648
72919,0.26300172663203053,0.005773864459978523,0.00421689138424658,0.019061514298275514,0.098218331885418,0.011893602453319309,0.007446072571970732,0.014471095742007339,0.004091889030748437,0.007999790257503412,0.005157302822554359,0.0051303698729640735,0.010324427627428565,0.005774231678797338,0.0050899807116853565,0.003947929829810954,0.07533327570836054,0.013920116763720247,0.009484935904027032,0,0.5703373496348468
72956,0.2746936955427468,0.003642505851564718,0.010154259020807853,0.007395770867950466,0.07171131286886152,0.006627085041008944,0.001895273683959263,0.012351781512596928,0.01743162616776745,0.006190146449355928,0.018991995894549606,0.0011352337834858632,0.009217742987798587,0.0007694556937786087,0.008704274850165894,0.0017489266564639538,0.07777923589787114,0.005881591976774097,0.024183625052969247,1,0.5605055398004769
73163,0.28586222387012206,0.003780962443075613,0.0017329033881182637,0.007959798130279309,0.09714451344187086,0.023104817975044184,0.006431602363709725,0.02606525941050841,0.019077685755013916,0.004344932234509034,0.004861449935577447,0.022636650463084586,0.0009407264855655021,0.0073433157536384325,0.03069340090653007,0.002532781384000955,0.07709624315444352,0.015583752926481292,0.009679080595069101,0,0.6468721006166422
73216,0.2847081827432467,4.109865241825929e-05,0.005136439577457356,0.009899870425495285,0.08143441683190894,0.019637986266257904,0.0019491452861041285,0.030464534895321683,0.010698406521186025,0.005727707540253749,0.007963526192583286,0.008513774696765413,0.008169692658546246,0.016504655543864658,0.031137783674816715,0.002652818762744965,0.07395010184773249,0.012205376286597843,0.00605994149194965,0,0.6168554598952513
73286,0.29165761735966284,0.015025631288295305,0.006917943111171771,0.022441010957019118,0.08963377186628659,0.0335180503295875,0.0013104685433220921,0.020914076486837428,0.01885353164705044,0.0071606012744023975,0.01155534409431314,0.005763632865656403,0.014200219841919697,0.011699677501202276,0.012547112911813853,0.0008370858670578325,0.07785438379894309,0.0009787795931039769,0.010794923427551704,1,0.6536638627651974
73358,0.3191643711702865,0.007197888016598192,0.013956860030752026,0.009127136534316389,0.08799443871550709,0.013634251597689447,0.004498729289250018,0.027364915985025044,0.024986425100271496,0.002130800686531557,0.010236900284448073,0.0059401029281873205,0.004924546120091773,0.009159334793003848,0.008492234689735671,0.00116044634846135,0.08598164621842135,0.005915299510979539,0.011896250067300688,0,0.6537625780868573
73392,0.2924720680851946,0.014344860440781914,0.01100327879714833,0.015259834874471905,0.10078693679505309,0.03954031501453558,0.007109949858114313,0.028349436649831913,0.02600419602052913,0.015280553628402247,0.007438917028297545,0.008175987910802289,0.006803120062217743,0.003941186537705406,0.012160200103350994,0.009077863809061755,0.07633148179214795,0.0007887096154575409,0.0066836954889982775,0,0.6815525925121025
73394,0.2878891051117248,0.01438663087332148,0.004905745929661947,0.03141863629345741,0.0962142281981482,0.020420549353602626,0.010365174866339665,0.030589827131408148,0.014054816072639845,0.008075470943246134,0.009052818068134167,0.010848625696096029,0.002403431638554783,0.013255227670892088,0.014397978469730816,0.017053550757958075,0.07474298427083113,0.002217546350413158,0.0039296767455440605,0,0.6662220244417045
73434,0.2928880210917073,0.012203868020832433,0.007088001991827812,0.022779607942385302,0.09827252454297078,0.021114252770164307,0.017229001107892553,0.04204512782637343,0.02373182332349182,0.022459323697139943,0.006210862791148162,0.0070373474346389275,0.005607218502581725,0.002990959731920139,0.004965071599143806,0.006860338974914939,0.08678432830846013,0.003806039350493973,0.011597308920611537,0,0.6956710279286991
73455,0.28967752192227536,0.0038354778818804228,0.010311581338322546,0.013479029244005047,0.09034860430013977,0.02428073889318705,0.010116319481518374,0.02497944551707532,0.01481521916744695,0.008880183280797838,0.011022845637998248,0.001507743137234935,0.007322152775527133,0.00638028067350129,0.0038799894946264543,0.00658844238427028,0.0654617558670411,0.00022666073816812594,0.0007120035742057103,0,0.593825995309222
73550,0.28968426697427624,0.014906012946781183,0.01929823189470556,0.012821732280404442,0.0791145609529055,0.025782950855018427,0.010724357425361307,0.0246461454125073,0.008385686247593647,0.0067822589192860225,0.003840192582910976,0.004052177057707804,0.004020834505098419,0.0027422481016324465,0.019207489188803408,0.016050014394033824,0.06360714511726055,0.007847544032663082,0.015076760425122918,0,0.6285906093140731
73608,0.28493812018344716,0.011316940525136803,0.006435165575346311,0.009120214791484985,0.09867479883385166,0.03508874207433331,0.012025652118247597,0.024601278962165227,0.005711494526138281,0.005830702753258298,0.004821721792931826,0.007557909417698718,0.0018220706011879161,0.0003056275828951341,0.02082250152755988,0.001310596191799448,0.07042504238553886,0.01055386036442022,0.004484153384931576,0,0.6158465935923733
73705,0.2898236763929418,0.016651611693290144,0.0015203224294321525,0.008620432446293522,0.09301471333355035,0.03822287467832127,0.004418055907620393,0.03316230666542715,0.0043997329846900265,0.008111970559455901,0.001758829690269507,0.000199237650852102,0.011519084342182738,0.008314988836449478,0.025592334708405284,0.0017410633893775378,0.07588283826429804,0.0005926898623667712,0.0030870466193391203,0,0.6266338104545633
73713,0.3028057682677989,8.168406903898265e-05,0.006012084883856208,0.02358231834448935,0.0960636799882643,0.016838766548562444,0.0035776058060061674,0.02450463668706861,0.019097887844863163,0.012515617564243495,0.0044198005751631105,0.006615653645674528,5.3310841630713984e-05,0.01036955827319127,0.02238788655816683,0.0006812188320532414,0.07529623286775576,0.00562487449493853,0.004196881503157073,0,0.6347254675959227
73716,0.2919659148817519,0.009332353764706765,0.0030728631767716033,0.015421438303148361,0.09085583098408336,0.024864492699708328,0.005061688776879748,0.022821763662745208,0.01722560594297987,0.00673673460411426,0.011577337680230762,0.00996999900039127,0.018338205992599135,0.004932378228658614,0.00825334028791226,0.00041091221482795397,0.06885170228915136,0.010051989343569923,0.0051394858309098505,0,0.6248840376651406
73781,0.26049064499191565,0.006007852558084295,0.01597046841671177,0.02225247006233871,0.07715977164266996,0.022859257352420077,0.001814034043168689,0.009740593328432136,0.02795602892226177,0.00533873257126172,0.01088914096600724,0.012805831579443224,0.00502328587054014,0.0003408274433289221,0.016691824979371023,0.0015667256033034798,0.07250377601273286,0.016515126818806732,0.013416192012251837,0,0.5993425851750502
73825,0.27049850387691476,0.006090158921292745,0.009804156768068959,0.014774283735119806,0.082526348681747,0.01689369481549356,0.006165100080479532,0.01839174322604789,0.006105063003215217,0.0019078278020162804,0.009120927483133937,0.006639164711082269,0.0025322654403676054,0.005074909709860959,0.01925854854206616,0.009310172574747495,0.08164543476509276,0.017735851046673017,0.003072441643216768,0,0.5875465968266367
73839,0.2825199341540777,0.0013004356242673867,0.01005610766692461,0.010926270390190902,0.08920046480351597,0.002466834364787823,6.574950012948367e-05,0.03286136359590337,0.00877615342681364,0.006191662448244644,0.007973270220307919,0.0016903227217963974,0.012935374775588778,0.014845216950604496,0.004315976049478254,0.0034661325992808166,0.07570810819650639,0.010229613181930473,0.0029397152843252594,0,0.5784687059546744
73863,0.2649128121656521,0.013019429460592495,0.001593337202922419,0.02061453365745966,0.08611717424667167,0.014113834006537556,0.0023655951356437257,0.015045471556284015,0.01737207875838134,0.020052643953942396,0.00509805025283737,0.017664453741421098,0.00895663016548335,0.0028709485781655674,0.01865339350039748,0.0009350285397358007,0.0825724251258681,0.0007864534954187345,0.001290532950662311,0,0.5940348264940772
73894,0.28076852698881327,0.00015903207961832593,5.0284561735773524e-06,0.01430899646544752,0.09144546444865977,0.00170282265951448,0.012404008016395839,0.01872373484515213,0.012963886464546551,0.0018450645129785288,0.008455032602157088,0.0011570412850914421,0.0008409518472742728,0.002297387865094925,0.03125623257538227,0.002767431178111877,0.06199088251238203,0.0034588207069589333,0.008118887622705722,0,0.5546692331324585
73904,0.29652447015619754,0.0012510026037403374,0.017450026735622223,0.008953241242679225,0.0985587618644231,0.007731337546128419,0.008339019802366919,0.03293408838004429,0.014723967958185471,0.0015325150779604158,0.003280179599387808,0.0008478189734220577,0.0003490241891684817,0.014183143912032035,0.022739367160647245,0.00042624024433879614,0.06590555938700207,0.001600769184733382,0.0047300901418140225,0,0.6020606241598938
74057,0.2864080141439373,0.0036403678875924564,0.019478274687017013,0.022891555709145552,0.0941679666068259,0.01895128629246176,0.010234542220248333,0.020807528378706683,0.04325643585536259,0.006350564489419127,0.0033662506961965135,0.0011786714766937277,0.011568678064842332,0.0025042306798145073,0.01602955620294546,0.000574690321031488,0.09670537005988414,0.002858641393191113,0.0026118242287540352,0,0.66358444939407
74256,0.25594431562492354,0.004851766517706944,0.01270302423446258,0.010202750352529993,0.09916921484573418,0.016939625075936868,0.004380064019527164,0.024370605786933695,0.01737573096313392,0.007508707546787811,0.007969218051207367,0.02437937954683104,0.014006998543247034,0.008861374008498986,0.015515504779053304,0.0003982538387492778,0.0774313614995017,0.011342869225640225,0.01303465156256009,0,0.6263854160229657
74279,0.29159388528313335,0.0002421637701388841,0.0011034777263412296,0.011198856707005276,0.0856348984613067,0.008815822550566786,0.0028851132439071275,0.01812154964459899,0.0190214184545204,0.011809884319202076,0.00033069685915297837,0.002203364012972877,0.01459274246125361,0.008599149271551323,0.026707202032088043,0.009096902159949436,0.07759984285296401,0.009452774944980006,0.012460695106686044,0,0.6114704398623192
74302,0.28404197425271716,0.012724380604304423,0.009026120921570761,0.005922832605214709,0.08668573285950626,0.02402303746264829,0.011954853620669495,0.031972243597311774,0.019705551127477045,0.000379417401561408,0.01806187871840153,0.00862885474757243,0.02744843553404073,0.0028255599331237476,0.022799518640442704,0.003701725598283267,0.07862781049126188,0.011449176138795755,0.012522736331997086,0,0.6725018405869004
74338,0.2703838401110231,0.00266472466223766,0.006179570998783888,0.015319102217538776,0.09185753490103171,0.016626634351945547,0.0007758347888136939,0.02167625139810128,0.004153348872826136,0.006347529831811964,0.006502171663405864,0.007233511819700518,0.0009900228072156534,0.018391960810059428,0.009058481927758207,0.007615065186678178,0.0761321374672793,0.008618767407786438,0.0012674899565351982,0,0.5717939811805326
74362,0.28911618004774886,0.005096961038216807,0.002380869739940719,0.009105537165102552,0.08726339259973305,0.01964828250911436,0.008822040318227687,0.027588564506047172,0.007887928618931618,0.0007839330040270289,0.0007662693395501192,0.013579508702703599,0.007934470867757708,0.0036299233959504826,0.010408548717349173,0.011174789507071655,0.07589847552602998,0.0038308358629638144,0.018613101627569333,1,0.6035296130940357
74426,0.28245957793163834,0.006028123048150778,0.005983687223835318,0.0027019298394475753,0.09074908880391461,0.03086903086748405,0.005169208701658263,0.02852719293292276,0.03648669391298254,0.00019346171741532647,0.0046482249562780084,0.009784004490182413,0.0031799099135998475,0.00456489095551552,0.010749739724615608,0.01690885236233924,0.07026495016298302,0.021296858294108666,0.019362530166376624,0,0.6499279560054485
74705,0.28104952797592553,0.010362240183255317,0.010332952347657881,0.009891737395061564,0.07998729218251825,0.008108250794279577,0.007347896091612942,0.03755406218202027,0.027030477914528755,0.00018380770711102476,0.0002527148493982557,0.007394446829849664,0.001093850480240075,0.007894139198925128,0.026075152874155526,0.011411704843302777,0.06386970015202359,0.011810912497114065,0.004833040993885248,0,0.6064839074928654
74714,0.28193080649263136,0.00675188208013524,0.00473585705356241,0.02458679480478379,0.09069460320666944,0.02159953992109741,0.009204010050370765,0.021014944269464216,0.01693009877580029,0.005999333823794002,0.011859436198841538,0.004342021297806757,0.009585065581821796,0.013041726877497922,0.03139624976928982,0.008331927001514574,0.08078526421102575,0.014957202243366207,0.003543691840065987,0,0.6612904554995392
74819,0.2908321853047534,0.014515719710318276,0.0033622094006036988,0.0220437523858241,0.08956688563742622,0.01850221536632623,0.008751006368090411,0.02212964402352242,0.013465732735425931,0.002813471551114523,0.0008079007355630287,0.003639237874576026,0.004692165652738848,0.0001945975069413279,0.021404292128341593,0.0046659177313360355,0.07887673304333866,0.002368688590309758,0.004193573263744804,0,0.6068259290102953
74939,0.2827383462986533,0.010234441386155578,0.0027845911825412724,0.02876235148263962,0.08258137863485303,0.017080183459057974,0.004370336900066909,0.018027121604999048,0.010317928468570069,0.0037609260930257893,0.008637530813496035,0.006038639677037043,0.003117110695411255,0.00037086896955511724,0.004504451837676083,0.00937385192173805,0.06620584622774602,0.0005279331325800172,0.016270892655922638,0,0.5757047314417248
74989,0.26926009647045474,0.013427546917920079,0.0073824301009190706,0.032596416284172626,0.0910209969235845,0.01649484652233141,0.013417432842065782,0.03595307214416137,0.016057042199964934,0.0040095130554451104,0.0016967669544307223,0.015453809647978638,0.013487345245069105,8.060571472249189e-05,0.014324046664987357,0.011822000293382212,0.07680920092862681,0.009790263224218597,0.002310827561762387,0,0.6453942596961979
74993,0.30679426524554054,0.002577679417135957,0.016967437908061,0.011282770622389424,0.08663743933380129,0.013020786185602935,0.0032302626969146733,0.026310611681303612,0.042458158338369696,0.014000981130302511,0.010749710716039156,0.0034820129960486924,0.01268714625003871,0.016631671390496892,0.02642117732862914,0.010587596562018959,0.06854319809396564,0.008178482298532115,0.02027711362928821,0,0.7008385018244792
75003,0.27327025649678127,0.015313665581272989,0.014645052019529042,0.02045640714310988,0.07927985096947113,0.02231402174500157,0.006881074264740308,0.029990751706256927,0.01783764702243387,0.025324084891545372,0.008065530442166801,0.0024074268734261025,0.009910758139485677,0.0017939160602169681,0.0191813483674998,0.0014598264478841252,0.07406464265110001,0.006852874612366866,0.003924911177913506,0,0.6329740466122022
75029,0.28712641108224873,0.0004971877335712816,0.004120160257219372,0.015062500686661382,0.10144577809886222,0.0070498795697071,0.0015114400855993579,0.03484309842396827,0.014911980137343104,3.826942669250801e-05,0.004496237167327102,0.0032475437485908116,0.01634047307256256,0.010365521621987188,0.030825288568525757,0.003959579205266912,0.0685684115929164,0.006790898455916222,0.00024328418172160496,0,0.6114439431166879
75052,0.2760826256106371,0.006615425941901504,0.006057594134159083,0.004777112164678294,0.08207268650978561,0.00942258069669651,0.0016696557970222556,0.018889316990067746,0.01875416112695698,0.0036534177929795587,0.0026928197826515433,0.006453045096107521,0.008958757255579734,0.020062367638073314,0.013298317004024117,0.006789235445642622,0.07660184342633375,0.012449859285825551,0.0103200693388312,0,0.585620891037954
75277,0.29046988940829765,0.006019409394751974,7.182093144302404e-05,0.018927734250724616,0.08948534766490242,0.023106844960276814,0.0001189033090290838,0.028284022249318547,0.011599678641033673,0.009588824190430468,0.001836542190428992,0.002505153280538469,0.012436675924880954,0.00040567903382446774,0.017731135396776655,0.007137269029776264,0.08809697407625222,0.0007445035494629185,0.004837974410987339,0,0.6134043818931365
75336,0.2773122819884481,0.01110836927295187,0.0017008977675786162,0.019071173979839613,0.0961254761185697,0.0233750238073573,0.00593957113800595,0.023853212182887835,0.003506696095883441,0.0020383934499860978,0.003627939478754929,0.014686600421197113,0.007351899191818764,0.00732432901468655,0.03229589296670797,4.3816831982500934e-05,0.0868771292537752,0.003013354218830119,0.0006452433880813394,0,0.619897300567343
75360,0.28875103667442437,0.0065984746920422525,0.007760753318579856,0.005572774787248964,0.09256068396350738,0.025009866692087962,0.01040780227816309,0.03078573518370376,0.00016434228621716132,0.002424432672641158,0.0043268558094656275,0.007734031972557652,0.0094747492560567,0.005762506581156537,0.017601672814116773,0.007444052093186678,0.07093645748096325,0.0006836510881379522,0.01985777641208822,1,0.6138576560563453
75391,0.2680643988019785,0.0010143163059546647,0.004448596211994414,0.01486706653947326,0.07292873603964793,0.0064050768434956344,0.018280053438558718,0.02173556245768293,2.7648994302547595e-05,0.0009153422364826229,0.004140011591221668,0.0008462310013112391,0.0017812108221649033,0.00048678284022234244,0.02048199088588837,0.01362645449311091,0.07741718390228174,0.01098738758349328,0.007730493542332074,0,0.5461845445315978
75427,0.2883209014410225,0.01382483666372939,8.623012883851946e-05,0.020376292267572538,0.07882022053279082,0.023944712499844537,0.003349356293047509,0.019108464830764005,0.007947710467354546,0.005769467619274089,0.0022615882058233307,0.010770367721838918,0.021146402497572388,0.003662731685436717,0.0121415971425236,0.01505086386594641,0.06693471570500686,0.00555332659445884,0.008641525748884618,0,0.6077113119117301
75510,0.2547277802844918,0.005408250647563222,0.004593490333979411,0.025973555394309393,0.08078073296340688,0.028794269198658323,0.004464727229094148,0.022711279095021256,0.025325115559891778,0.016211075003067378,0.004821116220263372,0.01297128427269166,0.0025423880548997363,0.006112023863238054,0.005585820157178622,0.009365205935639286,0.08222714276311327,0.004347586254206452,0.008776685890467869,0,0.6057395291211819
75572,0.27513805095460014,0.00023145853166290996,0.012414399099212277,0.024706416298754613,0.09133264684590535,0.025793757962212654,0.017042466322457588,0.014367919040168235,0.018112298214720712,0.009712077202948385,0.0031991191500632737,0.0031624500306484653,0.0037242262085132156,0.002434381389847031,0.018490873865416743,0.013152500041168396,0.07879689587993227,0.017922105182408568,0.005070386946522842,0,0.6348044291671636
75734,0.28413451862341343,0.008876071754738481,0.0037147669344752715,0.020201022485805582,0.08364269314310423,0.014132598215786574,0.0037205978151390326,0.031038414523308824,0.008102098038197112,0.0014762259984019929,0.022332737423874517,0.0009451291661590117,0.010001074659603077,0.005714384952599696,0.0012623392828092182,4.784267443381406e-05,0.07559815329825448,0.01056056927697622,0.0032131753415958176,0,0.5887144136086764
75745,0.2698547632634105,0.011453349221631427,0.00830243214730157,0.02552397636942485,0.09109294665575421,0.030559454702032474,0.01500468141261991,0.01707203928727608,0.007955276103136504,0.008474879959989547,0.000525095043419198,0.007638415895777279,0.0064531598913301685,0.01767898381857415,0.013995424331858162,0.006790540682861909,0.06936811080535424,0.00020796112112411158,0.007208926441374061,0,0.6151604171542504
75885,0.2560319205895394,0.005289738491466069,0.0025168395750209188,0.01848207331646901,0.06277664693045594,0.019563521254908522,0.013336522395874562,0.02070164387621709,0.016793738972566565,0.007453922055342667,0.004798583248040127,0.004767105090583046,0.003908109020051428,0.00984466382190221,0.00351218434817618,0.017731003752300887,0.0588379248442912,0.010339629413371167,0.0011600760515696794,1,0.5378458470481466
76111,0.2782943117027794,0.02334118145063979,0.0053867018302512235,0.014200040406916057,0.07811350025187995,0.018980683912839087,0.0037922860317328314,0.03334286554209965,0.0094450737035052,0.01326051890618108,0.002594495610974253,0.0021605039640606163,0.020321671157662844,0.0049633229596993695,0.010472929910092788,0.015088348676631903,0.05675962496059714,0.00749701066985958,0.011998598877940485,1,0.6100136705263433
76170,0.2871058366499081,0.003991540515361043,0.012415828620592548,0.013140953475789746,0.09009029224592956,0.017927740862259497,0.005406785952775682,0.03319787609486663,0.007780919025579813,0.01034856237789672,0.010279374033080971,0.006163589090518661,0.0011500868877771912,0.006428920455576058,0.008323705431661613,0.006832349046236199,0.07169772315774979,0.012299296165710344,0.008391366086777312,0,0.6129727461760475
76180,0.28051650826047553,0.007413174224419365,0.005775767670400537,0.024959624964776585,0.08609188638657873,0.021681594693285813,0.005279811464572915,0.009041108703314796,0.03216772568107921,0.008667600703622488,0.0028551023081703967,0.002250496699712135,0.0015695982159762696,0.004762555563907912,0.009870522746784759,6.802493291646233e-05,0.08070358537560844,0.011622073932471572,0.005746347600607706,1,0.6010431101286816
76261,0.27026425840118123,0.012957606350217985,0.0045657016373939424,0.008504158254107518,0.08361079155354391,0.03088437844007982,0.001730874811893257,0.019343364577497444,0.009841097434389098,0.001803301268313378,0.016033605220067203,0.006741077960844675,0.012410163532534707,0.008317286845875573,0.02115521596135454,0.0017705048133069476,0.08259292157025228,0.008538354650930528,0.002111559047263684,0,0.6031762223310477
76385,0.2831834954750147,0.004395999959079662,0.0015000831558622742,0.014235262230988782,0.09915181697428464,0.022907632587795622,0.0016014920822439984,0.027259368018886444,0.010698722173426569,0.0037715905660957224,0.00859768483017114,0.003602228739452614,0.010640746293518783,0.0031333008722290315,0.02451896755587157,0.006280833836860905,0.05872166399270544,0.003685955746141662,0.00013906884982588594,1,0.5880259139404554
76407,0.27860020147300457,0.007324811162469163,0.008917000558200848,0.01855101580312142,0.09548728143381957,0.03225451280927611,0.0073168092950850255,0.022125531755930822,0.022225711970213002,0.010064364154482438,0.004556982696425183,0.01238136054489402,0.0020542776737941045,0.005271682243836752,0.016237683494417943,0.014142010471299064,0.07349324394629755,0.008705555878947974,0.00019944438936699525,0,0.6399094817548826
76423,0.2894750560924601,0.007799217631558364,0.000617814821574129,0.016506469538506884,0.08330894568743581,0.016588307964621633,0.013194073311136017,0.01818513545216332,0.013101244117952087,0.001869686459698718,0.0009996963319598249,0.019412884404760505,0.0036696208021999516,0.02405523059760172,0.012572874458436257,0.001666922326287336,0.07562359337947193,0.0008185466376292128,0.00521519554450685,0,0.6046805155599606
76447,0.27696801779234675,0.0020881926097733304,0.003107205283214834,0.01185454855779701,0.08620568561771706,0.03545734649922319,0.0026044175693517644,0.024684371081728843,0.018366332904413602,0.0006500509799553559,0.005811859760210085,0.002370233130980163,0.005003751970991478,0.0028935126240467943,0.011358119482502352,0.005156463305770918,0.084381159117759,0.005592542651493551,0.00794954450090135,1,0.5925033554401774
76558,0.2639142461302798,0.0037823166864286517,0.002453772539373371,0.02371594364755473,0.10094928199519447,0.008176196433903259,0.009613637695312678,0.03351141077499285,0.01154392879655777,0.001347236076300484,0.0007800171231714239,0.006196966649815092,0.011010303788768362,0.0008892381320209893,0.020991362827268267,0.013308837909818794,0.06955803188478472,0.0010702182697306312,0.004886263298671115,0,0.5876992106599475
76707,0.2580627386997137,0.0008047855003723626,0.0006593165403861904,0.020400006735322933,0.09029511621784322,0.029199765414516445,0.0036062888710576184,0.03178932474151659,0.010395667479419234,0.008164909166087718,0.011112667844525788,0.002981002805517181,0.008944436276691767,0.00026513326229516944,0.018673059027367357,0.005456238877495865,0.07550220936955451,0.013573503569898327,0.013746694009241339,0,0.6036328644088234
76776,0.2857604095142527,0.0006028757845883819,0.01545873922083457,0.022275591426035135,0.08372425214359482,0.01480321754599264,0.015393632893630176,0.012289073847250986,0.011418090710601988,0.003846182150239226,0.0025805189211382793,0.007963033234210331,0.012874602102073801,0.007639447609875949,0.004332111460823624,0.000982361896962499,0.07025832864553536,0.0121763447952554,0.009237288590650893,0,0.5936161024935468
76851,0.253532255092914,0.01061013554175479,0.00219154641160628,0.027163154441041393,0.08842313005637956,0.02318097450715386,0.012585715291462416,0.025766521294119066,0.018944274474804113,0.0024310880808751443,0.015682297955958085,0.0013597609189468774,0.006626839101990868,0.0003001380310599759,0.014141938416080585,0.0038277423336313386,0.08706012846290592,0.010375226236656097,0.013755742629129021,0,0.6179586092784694
76861,0.2445285988553721,0.007907743147217275,0.002456225695055917,0.020517904105786786,0.09437677199803013,0.017274833992480757,0.0025219284087950222,0.01905910279063102,0.021553909410874997,0.007123162724446376,0.018420708625332526,0.001986593037491959,0.007441010971690368,0.009207174966225733,0.029844397832806003,0.0049947980678533566,0.0810493439204697,0.0023407215480153337,0.005786414049955097,0,0.5983913441485305
76885,0.2699413484050533,0.004998789360329546,0.002471835128373412,0.02041456465606518,0.09575733796023073,0.013103335384807326,0.004807481472991946,0.022353894547221476,0.00463705008420386,0.010945488730931251,0.001305475211303934,0.0035239386478896823,0.008851449566848388,0.006643367007410664,0.008098781227382501,0.009030212953883402,0.07469002741850118,0.0034284963795073865,0.0037669353075144908,0,0.5687698094504496
76911,0.2700250211158512,0.007488556826080939,0.007412681274315493,0.005342321107794767,0.0929038892751412,0.015105507131583559,0.0008677208436620877,0.02093567257385207,0.02473467223571451,0.011202917298265853,0.009278830588164567,0.0005563906763317196,0.002127140651880679,0.006522198978759967,0.004914435423196944,0.0017932296582840275,0.07037448684414867,0.0031599545580257575,0.0002552489160825384,0,0.5550008759771365
77016,0.2770933143849252,0.006001913931442697,0.0021980047833061052,0.005666745082259219,0.09666442554164636,0.0268842253686784,0.0022135390299658974,0.020958326415705785,0.013356729102259367,0.0025927449320342776,0.002826722928136474,0.0018664422239036548,0.0030781826099262207,0.007732127842360147,0.024077055157168074,0.011166573786352026,0.08488469331483714,0.016506347237731502,0.005736710353203518,0,0.611504824025842
77049,0.2626584349003628,0.012380813862027535,0.014501742167679155,0.019426708650071848,0.0918129633492852,0.031320752807466136,0.004382238626485284,0.019124657755466887,0.00729317792597863,0.009931265489651668,0.00156551396709305,0.011340386196159983,0.009766736018820003,0.0023494966075458,0.007986549688713198,0.00831194894502406,0.08818897544069522,0.0025448411614787314,0.0164366632126369,0,0.6213238667726421
77051,0.27665461254817003,0.0032156745183337444,0.014132098142357618,0.01428783244594343,0.10465962476086724,0.018122422971359936,0.0034043318948413196,0.029869476618051845,0.01960610657818121,0.013484932325908245,0.0018523753461050997,0.013006910719859478,0.007447980701159392,0.004120239846416202,0.0014347052303265938,0.011722673051917291,0.07596493154915385,0.008516567615661722,0.008197251168336455,0,0.6297007480329507
77077,0.28986976448905927,0.0032579966776800206,0.01237684469013005,0.002038959910941582,0.08173456849333291,0.01370971916031501,0.0117232819018545,0.022367177432903826,0.004258197858701817,0.0034677603675730057,0.009096641776765588,0.0077188955481302685,0.006790919383984059,0.010379767248664728,0.013871465057500311,0.0016858715958794708,0.08117529701094234,0.002210815040476372,0.0003535592352685401,1,0.5780875028801037
77139,0.2630674704732065,0.003601076616705013,0.00757441618834038,0.025865478071637606,0.08904644639905612,0.025197759386307063,0.003007393413749961,0.022398503577048576,0.02062469520654209,7.240610782807318e-05,0.006439966000582293,0.0021665753003576975,0.015610737258975185,0.021882985536551724,0.014413450793499663,0.0003231272541984069,0.0698842096858621,0.011898716832424971,0.0020590938487437278,0,0.6051345079516172
77218,0.2476805216219201,0.01590351449152085,0.0022723977879063805,0.028322371676815443,0.07615310344471408,0.01636769447510394,0.002059491089605814,0.028500482988795525,0.019384526735305933,0.00855326875040413,0.01059048341322482,0.010313397946189948,0.0013219885475905914,0.015349164006415977,0.013027355711529014,0.01261051890156168,0.07504790541585801,0.00434761837507216,0.016920495793836997,0,0.6047263011733714
77235,0.24394148981756736,0.00725826579458664,0.019568723204896405,0.011501187173731388,0.07421010680473766,0.0167135036067003,0.0022796436151181097,0.012665940497823608,0.012858170167669415,0.0032772994421159996,0.009539588015468484,0.003228436926627168,0.009880527989905082,0.010662368161708848,0.015658482752847976,0.009579661691001148,0.07073230441538952,0.0020879939404955562,0.0025725929234865904,0,0.5382162869418773
77258,0.2805280222462916,0.013832676643941232,0.0008748270044188785,0.02619143566192751,0.09464618599448671,0.03126095896809354,0.0007052671456634642,0.014848313231663727,0.013766577018699584,0.008019860229090544,0.009191944960814524,0.004633375110171872,0.005559216094892199,0.004425037274002571,0.009993477559997223,0.004470335048868197,0.06621674061505414,0.004518196578502104,0.009374693500713564,1,0.6030571408872931
77279,0.2803597822250759,0.001709427475644573,0.0061071446511905166,0.018691850590710143,0.09697234889337455,0.014074689799199316,0.006094598106367144,0.016132605116502687,0.008745537950941273,0.01640960474486305,0.00666935675120494,0.018761725080078784,0.016458680541270233,0.004030977789631355,0.033069854116347566,0.0014511992784544854,0.07412591893498927,0.007808028258623311,0.002654353071055152,1,0.6303276833755243
77282,0.26768093267745197,0.009107913909180688,0.003979453705175248,0.016612200089801313,0.0926513487089613,0.023117853974318203,0.0037114369630745657,0.017164258787041885,0.019756478480129704,0.0018326716587029495,0.0029102578325838437,0.00247398164146227,0.006623928981624054,0.011354739982589247,0.012459302962066493,0.012600775661652542,0.07514875936967538,0.0018581429666419279,0.0018196341173513182,0,0.5828640724694849
77313,0.2971961826514317,0.00841807616739789,0.0059332811989423456,0.020637056343419235,0.07492968585249192,0.018299640673543865,0.008105616845843941,0.029175404563274134,0.03399804793279927,0.00917249562392746,0.0031491934553155012,0.011758020605429333,0.0005360594008537496,0.016323213067491602,0.01692074106459197,0.0032424841486353396,0.08902641096112988,0.0028437787309776724,0.009575711063437126,1,0.659241100350934
77329,0.29161038594440325,0.0006011559730877725,0.014560045363126741,0.007894141229269082,0.0817949666675901,0.006670624764402236,0.002365169804079789,0.030824108820958505,0.021771741627191143,0.017191049732511173,0.005901363113456189,0.008047111036765838,0.011184558488191314,0.009649551733371522,0.005620118130266989,0.008909653662393132,0.08988925566602071,0.002784897479875985,0.0024481184323588354,1,0.6197180176693203
77343,0.276655714502218,0.014079762444297395,0.006376233738721846,0.011567802298798792,0.09066182546238492,0.028399966538600503,0.0023265682087229675,0.0225259667447025,0.014095067194518857,0.0004914454493914638,0.01036520313506828,0.005582205318036845,0.011638620247509404,0.006910204233556133,0.03376443613026004,0.010642731434423874,0.09100388517183922,0.0015177411279200684,0.002814107239549407,1,0.6414194866205205
77366,0.26091020362312095,0.0017261630842214755,0.009385336187636855,0.02136936689306788,0.0866402589311094,0.010830621762835925,0.014226248520191997,0.03905230659177023,0.01852993090325518,0.0074339803620079685,0.008244624283473905,0.007007740106308073,0.0003412191589805958,0.014851024870071675,0.0021957259549741266,0.006755208449732036,0.07353835236100618,0.005806331055949814,0.0010317820572857308,0,0.589876425157
77369,0.27613154283943214,0.010249981189619537,0.0051310502736530445,0.020444204556968118,0.08891515968620792,0.029449893786726557,0.006673622205410122,0.03102330077002653,0.02219049556736402,0.01375780257732778,0.024471402076886917,0.0015122863975474184,0.005404307690080889,0.0046875385108047065,0.017722873019092283,0.009520109340083946,0.0760526066094762,0.011156583477999709,0.008369369082072923,0,0.6628641296567808
77419,0.24613489851956058,0.020364449775014757,0.016634065020229512,0.014940557481717704,0.08032721437189552,0.020592414420371193,0.00034367995579601406,0.0271167383010193,0.007203600350854499,0.014892863961460785,0.006144406691229484,0.02417848252662584,0.0043129863164598735,0.011939525290780321,0.0147785983021886,0.008152070171047309,0.07601631284643823,0.0005788098057061268,0.00746240838719464,0,0.6021140824955903
77608,0.26349482789683104,0.004334340659292748,0.000386040699377936,0.012340196801728728,0.07282692360173228,0.027814658098598934,0.015313312446885568,0.021095118062633013,0.008173021780236298,0.003918394266676826,0.00797885583383005,0.006257484673323902,0.003326520274870106,0.0012766483740846127,0.015325777732147513,0.017544539336024276,0.07337935567393393,0.025247840659845262,0.00014175402140634231,0,0.5801756108934594
77610,0.2765292113414859,0.004058325343210993,0.008528475299381492,0.01587543300780022,0.08061387777774967,0.009561425350956618,0.01126504764071606,0.01951627992337481,0.01045832214055831,0.008596915479297978,0.0030591903542423605,0.0016600246231853089,0.0014196880260322457,0.01663752269720895,0.017453547570568963,0.001087144692484468,0.07095503624260967,0.005844319067837594,0.008411572785564562,0,0.5715313593642661
77618,0.2828722554589191,0.008444106199702284,0.003769580266986649,0.01674776432751303,0.08549176011921625,0.034465552374925365,0.005067048425374069,0.02735721463689361,0.018168675002401186,0.009083322670403451,0.0031912632795464825,0.0013511361194003195,0.0037371373864025672,0.0061653478859674885,0.01122686645792169,0.02768875875334559,0.07531846700239163,0.0025256427636190706,0.0048839035396339,0,0.6275558026705638
77634,0.2674228731444277,0.010328860434073807,0.0030460296318026133,0.0144735232113421,0.09222535654096371,0.0348445780573229,0.007275032869471829,0.026333969782054885,0.015953975343486554,0.00045429109221134176,0.007521598413826888,0.003798929164169829,0.008473257276768734,0.0005227727445648799,0.026749640866873706,0.010494678801045959,0.07473265021018913,0.003287260449472128,0.0038520218790482016,1,0.6117912999131169
77832,0.28033084241670897,0.0033297911466401973,0.0027793914381348986,0.02743504911923685,0.06690942590822863,0.018214716240653777,0.01609710580967592,0.024050224882761376,0.00939938955650565,0.012165921020198072,0.014618846543978251,0.01122097179997302,0.0032519244619553787,0.00031148401111714367,0.011730519012560255,0.007949545479297144,0.07761028651882136,0.0005391190290389796,0.008398576527332098,0,0.596343130922818
77885,0.27091112487186514,0.00041456099186014774,0.0010730480013798067,0.017165344129079187,0.1020192871367677,0.005415508803432672,0.009299356838615234,0.027123649525364578,0.006795873707423531,0.00385627672620232,0.0030193112495139436,0.006126791285184685,0.006131087104218109,0.011780335463390754,0.011827541003712387,0.0038774846955724265,0.09408994105073858,0.0008431464008790265,0.015118808574410184,0,0.5968884775596104
78004,0.2788646891251696,0.003638063118036319,0.0011344526258857584,0.02071168813704016,0.09247340021175864,0.023298720046239823,0.00981482900085318,0.030051897864015294,0.0014703504310246097,0.009836461628919676,0.0007980515223663455,0.0038604375286313925,0.011181918622427341,0.007180164053110127,0.018635025513406837,0.011946527211136322,0.0628860710543994,0.0008722884166609467,0.003636278687004931,0,0.5922913147980867
78132,0.28214834172888914,0.01663840552473036,0.01845817535904755,0.024301045362012805,0.08242208949553856,0.020900439007769826,0.011434090026161484,0.03469267538194287,0.020675040694813036,0.006613351622010855,0.012748627283621358,0.012513637644052831,0.005458688690734375,0.0021065781435954506,0.008655523595739322,0.013120042516864177,0.07616166173071615,0.003167589991720612,0.009015085702146089,0,0.6612310895021069
78174,0.2628801959934262,0.008607488623505993,0.0021876300067887934,0.035682845832671437,0.07561120275464035,0.012547243032791923,0.01328095672311119,0.01660300466108723,0.023321965232475438,0.010442555922998345,0.0036584123953438243,0.016869514537799325,0.0031307127178329982,0.0069573335524884695,0.012828044729875055,0.00769701257294722,0.06983705745247258,0.02409053994559344,0.009726396912031986,0,0.6159601135998818
78213,0.291719438164656,0.0008371009409647754,0.006804849149734182,0.01713933086886977,0.06778518520529168,0.017754050500348863,0.004352556893192631,0.022471402175827285,0.021479014631629673,0.01655546542727277,0.0009986695274440812,0.0005006981498376578,0.011976196588165412,0.0015480145715183883,0.024887873811587434,0.010191068947496933,0.07153276255991783,0.003751851553142508,0.009007142080513248,0,0.6012926717474112
78230,0.29051252560698326,0.000575345018750223,0.003199056960216228,0.03022716738980605,0.10159787648449424,0.024108128484168323,0.006114931661301896,0.02500221418221978,0.0076905724789535345,0.013559378394188122,0.008999742981004416,0.007130998861497788,0.016193606335874983,0.005068406859089619,0.010992023407795913,0.0016507144194630253,0.07382510609275429,0.017625665279286624,0.011022057842394378,1,0.6550955187402427
78356,0.2815440743115721,0.004820045847819406,0.008196003516409202,0.01799624977373452,0.07712519385082295,0.02058672017151714,0.006412264897257433,0.025056492216616832,0.006443009714259056,0.006802368586860616,0.0062117884185622,0.008114686964281751,0.01708107511190001,0.008268289129015626,0.0161206046060294,0.0013963113458525397,0.06462283823011357,0.0011185623052419407,0.012238826082982683,0,0.590155405080849
78360,0.271419885853717,0.0002196687458911503,0.0244088556238264,0.008225778353759065,0.09399556242978221,0.017315026696588336,0.006758801714007757,0.031828735626107,0.016236275432074333,0.0021987398898447048,0.0035592099748566627,0.0030638520606333457,0.002669542148506945,0.0037577321296348083,0.023229244458848664,0.00045229239620783805,0.07277744671597389,0.004344767930786939,0.0075655115881007266,0,0.5940269297691478
78434,0.2638350533552448,0.00786067180864074,0.004845403353160644,0.021934160688899404,0.07562644006780386,0.019783717570862478,0.0019125709132369263,0.03693866731699991,0.016705280082613554,0.00620631113847726,0.0066481403373502106,0.0038363587041391712,0.0009401780844988045,0.011641556290463127,0.008372013443288785,0.001412488729828715,0.07006032552720344,0.012593782044876996,0.012021407640398921,0,0.5831745270979878
78477,0.26401985911542636,0.007310819983913635,0.010333486615392122,0.020201373620519426,0.09839519924374655,0.01557389466991677,0.0038279697764035687,0.014749499735868936,0.02271689309712356,0.016781362425310097,0.0023746352797021073,0.00479082859736046,0.011328828342090409,0.013053908523293488,0.01446473256000143,0.01037938463694399,0.07716867621556976,0.024887450733682145,0.005971379797097916,0,0.6383301829693627
78485,0.27704562039841524,0.005234764474129081,0.0019847930601458908,0.0014083468926903463,0.09465897010394081,0.021869046034774887,7.175296461281279e-05,0.024651888704981348,0.015402235436459053,0.02039352632125912,0.003794255399007842,0.019293369061268315,0.010591141315563697,0.004107006785023696,0.02317958829929967,0.0057839454501836885,0.08059692098824901,0.0053953294935945445,0.004626869219985465,0,0.6200893704035845
78579,0.25947324249069104,0.004629386681265627,0.006548475557829398,0.015252309543838993,0.0869847991306606,0.021685713539463754,0.004069229284442468,0.02316262077281502,0.018289780757374526,0.001782984069536943,0.0024127545284337937,0.016424386936311926,0.005693705357615616,0.0024113059929880497,0.028370061934058183,0.025500303092520733,0.0815818603094325,0.013618253752129633,0.01103817050312424,0,0.6289293442345331
78771,0.2848766437502064,0.006237006847793789,0.014147481360743322,0.023473862381637848,0.07833981783066876,0.022036436211193028,0.0056208498841563235,0.026915571332045557,0.015735265124780885,0.005720485855799135,0.0017266394289034734,0.005407256111882436,0.0010748354176684765,0.005374792707007242,0.017264111074952942,0.006377639979555912,0.09036246634932513,0.00019595909174554803,0.0009533422151532596,1,0.6118404629552194
78790,0.28194947295990463,0.016505980389969577,0.008534349102813279,0.02291937292070213,0.09258506006094525,0.014298465903973835,0.0064087609928287085,0.03359727777161087,0.006450176504059224,0.003130542862328157,0.0009539481606457307,0.005867668721511074,0.01572608673564804,0.007694875146682044,0.014705961936871974,0.01744062726836503,0.07017499650581574,0.003855270773637318,0.004535766962637656,0,0.6273346616809503
78795,0.2878014879387067,0.0009028435354798928,0.002721796230993089,0.013775729981189732,0.08847096635852444,0.020927370473820667,0.008996613183942136,0.024706897247221537,0.003840349081319093,0.016145733189058643,0.003142236699519804,0.0027117600713544784,0.004244224532035635,0.008665565724374515,0.014023443472331342,0.01766404484750642,0.086448596646978,0.013298039020160093,0.006356178498618507,0,0.6248438767331347
78813,0.27331552645671475,0.0011686970209120599,0.01110799500067411,0.02866397095840025,0.0929655968775661,0.03414460283624631,0.014576726678519124,0.027042231672755854,0.004482915874964262,0.008315762378549056,0.022929962275233185,0.002907028983960362,0.010813589267094248,0.00503116527523918,0.006168135806600701,0.004410771624061872,0.08584809189310875,0.004452850061836596,0.007354895050624207,0,0.645700515993061
78887,0.2732269825735285,0.0058423125645061585,0.01495967537604714,0.022015961218907105,0.09443156993856146,0.025987023382135398,0.00964281665944585,0.01669268678327526,0.0036148770463707604,0.0038748072732330886,0.002945598948857916,0.002158677482786416,0.011864744278125908,0.009504150937502738,0.007874262631724561,0.00433916635674853,0.08095537807650119,0.005393055487482278,0.008855161400253076,0,0.6041789084159933
78896,0.2657809546886619,0.01098756447362756,0.0015273025319727349,0.009012119441997181,0.08858954247343505,0.03980088980082641,0.0060918483333600075,0.00751538023451006,0.013760251473012384,0.0028234229270011767,0.00045932974719222657,0.021066449379668468,0.0063689214361254244,0.01754450723240782,0.031177002064727486,0.002761916343516569,0.07115812947269799,0.016024178909077005,0.0030601252837105233,0,0.615509836247528
78944,0.2546916823340877,0.0008484047614442281,0.01039798505507491,0.010871855314668595,0.09223177628621204,0.030337830517217466,0.009429003574321837,0.013721291501325629,0.008053348671678862,0.003451627272063048,0.019650543577528545,0.005552108668147187,0.01819287379869199,0.00642499292794072,0.004294986470831143,0.013587147744968124,0.08187546185878739,0.0072856058517628604,0.006324331567435877,0,0.5972228577541882
78984,0.2865784983208192,0.0006876983036257741,0.00669611165487321,0.003162821077914477,0.09382583795463877,0.025590487032951793,0.010080818286982231,0.01998182497571183,0.02125884648089198,0.002518394525657609,0.009604595259165878,0.0026424100897777763,0.014859817865000733,0.01527728401646997,0.011178453282274134,0.0016789998218589997,0.06215471208999221,0.008365869593033799,0.01831134818332544,0,0.6144548288149658
79008,0.27613022489866557,0.0007622261145810352,0.008300598623297769,0.025843128712779804,0.09031917951422794,0.027860224305335652,0.004927885402888695,0.03628609860041945,0.017483701099389036,0.005266233443728331,0.0017832089846637773,0.005071833916231257,0.003976512869252731,0.012943590997414453,0.021822333672111116,0.0021880834487524098,0.0846035564436242,0.009634990478865927,0.0054262222178697314,0,0.6406298337440989
79091,0.2968275394600444,0.009095839653197754,0.014886615843082276,0.00832013703345554,0.07978388268174018,0.024907640632223685,0.016621179841555946,0.016750541501790867,0.01995388067289301,0.0025604334381708707,0.0018462526695388823,0.002121636860755123,0.0058901866711600715,0.004775727620259695,0.021358915592981843,0.004477489404831776,0.07937627928097969,0.009373540645415564,0.0007501389308040933,0,0.6196778584348813
79196,0.28138291335591087,0.004508296454774916,0.0017930284330172626,0.013117754402673387,0.08397878255784857,0.013234109904904647,0.0022340367702236635,0.04250893468213181,0.017910731880989496,0.008760293774678223,0.006999741459033368,0.002004322362118617,0.004118526609687776,0.005508340161542377,0.01293775002204935,0.003827867636881303,0.07743445798113185,0.01661245572209161,0.004157292096815641,0,0.6030296362685047
79226,0.28424700558572297,0.001943166095774644,0.002833226192438576,0.012634366493170976,0.0847823245669972,0.014162889404191302,0.01589993742399547,0.021707999561735258,0.011590272611281958,0.005660099174509794,0.006361374881433024,0.002316100865541253,0.0004196873072684619,0.0037683779053564186,0.03315887419972043,0.0006082480685892607,0.08012102021692882,0.0016460030091051687,0.011033842706451812,0,0.5948948162702128
79266,0.2708819136927715,0.00770414262564253,0.021262233381372685,0.02132974887948385,0.08570998819719612,0.016448101003314734,0.003436471736581877,0.028761602034240503,0.025377531729401208,0.00023359725906327172,0.0005468457558905066,0.008425684436631118,0.0014966104907029945,0.0037474860197338265,0.011259180803385843,0.0063418415672755815,0.0808357181772162,0.005535350256400801,0.012158633735902714,0,0.6114926817822078
79278,0.27976399970224963,0.0004977222837028506,0.011784482331128025,0.024241624809382266,0.08336940991091776,0.027257707222857815,0.008697441866593946,0.03125942839565645,0.022618974967162708,0.011892268305756721,0.01282894215557331,0.004202824181964245,0.0012722260669809616,0.002810013505500066,0.016870508652242978,0.0007464488044444182,0.08019504663039206,0.017181363500972793,0.004155731551419297,0,0.6416461648448983
79299,0.2684653594863148,0.005316527347731167,0.006466431759132183,0.01501060556019773,0.08316576321652959,0.02667349609495503,0.01424472301329289,0.03949043019628018,0.008078629459977558,0.00039975728971046085,0.0055173787108306616,0.008627526892495492,0.005497394232841848,0.0065622648409221634,0.028259403642341027,0.006274390436949095,0.06815844987819408,0.006420763110940767,0.0002105653698212354,0,0.6028398605394579
79386,0.2824851604594775,0.0032740971263259967,0.010980657313042506,0.0071291926921133175,0.07418410659318725,0.01096867530319227,0.00022217826142382986,0.025457172618404703,0.021752928469864544,0.012627784822349242,0.00516084006776432,0.011828796470572504,0.00506947722056064,0.019959117168126574,0.01180081635940236,0.0024001073688134623,0.06229419942975241,0.013987455178108007,0.018270614615568656,0,0.5998533775380501
79398,0.2706660193883936,0.0060848556016303455,0.004515563272796304,0.011506875435264657,0.0879846493537351,0.0367016501536677,0.0006973122933243749,0.017677519312134432,0.011261880542805395,0.0006319651497893271,0.006020889594079575,0.007421171911270625,0.0013496796523766717,0.0033217340118505204,0.012939784773259565,0.008346382008941599,0.08404776223299197,0.00471695197163362,0.00408716855540682,0,0.5799798152153521
79459,0.2743396451635033,0.0007153733531663994,0.006965963188024882,0.013044020137100104,0.09000124217618846,0.03135544236492773,0.0025933704893406225,0.019399262269952554,0.004178213585169069,0.006123483414675236,0.011041409045703318,0.0026093937603493904,0.0036313674247599754,0.010776141419091384,0.0013078917939056982,0.012183029600217025,0.07445179452010436,0.020483136896012173,0.011204621619431848,1,0.5964048022216235
79480,0.27827080660177766,0.009465574054925922,0.006257579924312708,0.0073308282736096395,0.10028553202724448,0.030314214379529438,0.0043064055964980915,0.02907040722855075,0.01115600882333101,0.0015142558229683846,0.010412286203787141,0.004396262084372972,0.021588477891455488,0.009168288824669399,0.0035362376888506356,0.00014257727375665755,0.06837943997291922,0.004513848237421667,0.03332477574857662,0,0.6334338066585579
79502,0.3018132003736701,0.003072636697651903,0.004745105042123259,0.020813649755004892,0.07865444313505587,0.015149803620594291,0.007779036599414747,0.006282704183639389,0.01480598758477721,0.01096816101674936,0.0008794911498852366,0.007090011265142709,0.014210191375657539,0.003486320099484989,0.017070177029446812,0.0023487171946205035,0.091180728473738,0.019762280170784505,0.016009897399699685,0,0.636122542167141
79539,0.2798281144591009,0.007297999123408355,0.0009005118636894998,0.005896153188670642,0.08907057883940794,0.020696213029542887,0.014207006600129966,0.014476819496327021,0.016420069693555715,0.0017661534648222873,0.0025686874996673965,0.010896145839917416,0.0031156237398622714,0.003964082687601168,0.015302423849974055,0.0026973969323920853,0.0629785095707049,0.015151881289094124,0.006552450006866007,0,0.5737868211747347
79714,0.30175571309723775,0.0019604827533613004,0.0007674343264566065,0.007658206044944139,0.0726822112022092,0.016962588922306853,0.001967733308150512,0.03159000490390029,0.02205435742302337,0.004321676741938647,0.003682197251325786,0.00317636650424863,0.01043337806444726,0.009548028897899,0.02011829924269538,0.006409161330469581,0.07355073493793925,0.0011978235246883353,0.005029576574765928,1,0.5948659750520078
79717,0.29485225270212334,0.008572629317995755,0.006346534900950819,0.008054965585548749,0.08851752698617636,0.03442718007113864,0.005876005894026228,0.020597576703465043,0.01692476716114046,0.005118624026323214,0.00011169825662579437,0.004861456679201624,0.002715532910076768,0.00949926904635905,0.020661232964841743,0.000809317077425672,0.07080755337738423,0.003946653273317109,0.003267023245519109,0,0.6059678001796397
79757,0.28521677967864445,0.00561841453360541,0.008713452653011992,0.015503446891234429,0.08795553571199424,0.022116741818812787,0.005384328499870563,0.01975100590810081,0.022184215399088197,0.020734985902803125,0.0006645951995288884,0.0052379092095521775,0.0061085599572020055,0.012952049448099965,0.018041055554532056,0.004251828044718198,0.07133877090111305,0.0028200589489766627,0.004113200424674581,1,0.6187069346855636
79875,0.27151562638593096,0.003818030817828468,0.00449619997049812,0.014177596222984522,0.082837132720344,0.016346996158799344,0.0006063090885389026,0.011322388854975671,0.011215368507932174,0.0034349149085755315,0.009254449682628117,0.0027513986801140904,0.020925228776318857,0.0056013886053537945,0.014303470474727,0.010286080204658788,0.08007456689918245,0.01053022322981347,0.0033514100287558783,0,0.5768487802179602
79908,0.2690481257691359,0.0003611897240889015,0.01111489952480628,0.02235125075057461,0.09599289906898495,0.015886945355103106,0.0049496511306859215,0.018640174690308167,0.012839351528965719,0.003332511687996555,0.0015877426286946797,0.0056385391852879045,0.004288962492160655,0.0007980144713848309,0.025700211026638414,0.009351405108693681,0.09072145944704728,0.002663017015120887,0.007635510618046879,0,0.6029018612237254
79920,0.2780509531561199,0.003748578526600937,0.003365596449254976,0.008614908961286962,0.09311395683690399,0.027177596841199043,0.002149490308022309,0.019702143698026718,0.01214711965547765,0.00213762147850749,0.00966905527129791,0.009191475816737326,0.009185557944114863,0.0034837236545222686,0.007890532842515103,0.010775001096274934,0.08184571147507828,0.0014712382939530094,0.013095435090413688,0,0.5968156973963074
79947,0.2911410821626888,0.011669265461474508,0.0013162126166880257,0.021171648762886318,0.07971392081894696,0.024123965938715682,0.006790861461147915,0.021031877790743364,0.0019986264729204245,0.0095380799480131,0.008954282121475973,0.005178395327086832,0.0034859672195381277,0.0032208207897017984,0.01450728922812897,0.004370853320701584,0.08712098782993032,0.004503238671106919,0.0055312608296693225,0,0.6053686367715649
79958,0.2531565830182226,0.008057544119219951,0.006090985070989663,0.006827461221180311,0.08257366321003047,0.03319939359723666,0.012668894575152325,0.01541091100456355,0.009969243806066352,0.007562741041684917,0.006064973763762423,0.006274196839655648,0.002126203812238458,0.009968016581822371,0.008667793786413311,0.010557337215810968,0.0704346059349024,5.889794066284953e-05,0.003136565762759717,0,0.5528060123023749
79984,0.26953282298298165,0.009491794434257473,0.004055034512689351,0.014179551208448759,0.07693834756206772,0.01340496582866069,0.009667314823653168,0.004373352231232763,0.01649280049394336,0.003713265022756226,0.013564437930337271,0.003038647031334357,0.008646657469506863,0.012113116023759696,0.0007714203667550396,0.005911877844645553,0.053171298278933105,0.010489167397827763,0.007520627310224426,0,0.5370764987540152
80126,0.3053618124941515,0.01045427104329693,0.00045793480836462216,0.01776168317535839,0.09091290891612508,0.024703372345996483,0.010450902813480357,0.02593107693180578,0.011827667064240302,0.0032106961524229244,0.016379242960715575,0.005626718944874006,0.003669014638469944,0.00043699552224576673,0.0075978465948733885,0.009974822490080734,0.0728707174643174,0.007155373139289901,2.022851119191044e-05,1,0.624803286011301
80152,0.2828561444293507,0.00552813999650053,0.0016236875201468377,0.02653461730982432,0.07978957103208671,0.005096595909868053,0.005387417599988021,0.017801638886124113,0.022144051848646026,0.005796824277539512,0.006595820941146948,0.010478139950706306,0.0027951704085511387,0.007998654905513748,0.030002686615992296,0.01394593038093913,0.0680297728347507,0.019483643722966657,0.015081034317705423,1,0.6269695428883472
80227,0.2778678957014439,0.0031035483023522112,0.01033351911042961,0.020992044991627268,0.09135283028457024,0.016449159241058466,0.0018480329430313233,0.018690971611863536,0.007253399043746704,0.005070074688758932,9.343173856853435e-05,0.006363465709256166,0.013202155617446198,0.001338903279426224,0.003766586473867321,0.00126728096828932,0.07335413531836667,0.00896496476738712,0.002507675385405894,0,0.5638200751768956
80249,0.237756016789491,0.0014596258417601253,0.003100072417081976,0.008667855629141841,0.0813726365243453,0.0006762881604989891,0.0012866316110654215,0.019526788163485603,0.014303648112550391,0.003627848915046777,0.011337811936099559,0.0001817961884347186,0.0013887142338151275,0.010923426539684146,0.0070276520429424835,0.007145148982431038,0.09025492733917784,0.01884390340220677,0.008670662546505267,0,0.5275514553757643
80316,0.26160042484032764,0.009233516693702303,0.004949891846782705,0.02164341517269481,0.08828127489281047,0.012711524293071107,0.0003426030386354885,0.026929881809383327,0.023195487363006858,0.006137499699652073,0.0036102361663613147,0.017542048434100618,0.00468615642759799,0.00847239624902313,0.02271234883992212,0.00021287366955855566,0.08653764558293278,0.016343328222526276,0.005150810951004968,1,0.6202933641930946
80367,0.2869685210668034,0.015168918237366897,0.011264627769660512,0.005414766212851589,0.10649248779178312,0.019048595436559148,0.0033994062522765887,0.01238931170482571,0.023758796216307863,0.004137269425011499,0.00456591192896914,0.0028542159304258065,0.005631257531135396,0.014467854105343389,0.003871087451121576,0.003430969005067351,0.056148071504094114,0.0003199721801647441,0.007672627773536334,1,0.5870046675233042
80437,0.29380018396317814,0.0011696763079465516,0.001971974142867476,0.007995486067262279,0.058242227140391296,0.001958459041838865,0.009080124125668786,0.024878439247181125,0.03384425803667195,0.011394017667554924,0.00026166231959340167,0.018909305827657267,0.00407960318014237,0.0048428416419782055,0.00728023714410043,0.006982705919325718,0.06246950378100047,0.007685315234673842,0.0038012217196290413,0,0.5606472425086622
80502,0.28195474071765375,0.016647542204594707,0.016330965782313245,0.028535138370704184,0.0845259015516265,0.016819541341917345,0.01086506280978617,0.032905615376893016,0.012496885178009716,0.01598374996926699,0.0025034147279587846,0.012834647787897066,0.0012881486976637755,0.003335387387136275,0.010049031628992459,0.010245875740332215,0.06830154701379522,0.01691987068409253,0.006673866388739729,0,0.6492169333593737
80508,0.27935553430862764,0.019703256731038347,0.0004454447961086299,0.0191383540395719,0.08073624724054324,0.013906396889917306,0.0027790800031476386,0.018687908279939713,0.007536280295180106,0.009743482983102318,0.013223184205904298,0.019629146375733725,0.006969363968078006,0.0051236424414319755,0.008518249626345382,0.008514394098734373,0.07919541301142871,0.009775976218095015,0.026642572310280846,0,0.6296239278232092
80523,0.2696568982457484,0.0007527567749176484,0.010717625653340819,0.019847384237316794,0.09977453566205367,0.019853126718357924,0.010826403783796006,0.023148160828233375,0.022546209227395964,0.011538054398808163,0.0007012541187103275,0.010556113818377497,0.0027207803365426526,0.010124689785522117,0.013538984605257402,0.004831946380939156,0.08865551518476437,0.01234661400559588,0.014276829561652325,0,0.6464138833273305
80585,0.28180450864511775,0.0042355319755451185,0.018054868293913853,0.006686739111341406,0.08799442095353677,0.012636270630605982,0.01331812790698375,0.023511834498624696,0.020733470858182904,0.017102803893397366,0.01496085459114367,0.008722723338291037,0.002201632513344705,0.011998882181982628,0.008347040231800613,0.003616238911455432,0.08623962454920889,0.012834333064078367,0.015982561094570403,0,0.6509824672431254
80609,0.281660853698673,0.003548433960189626,0.018424524876520906,0.022882379156590936,0.08331572132576653,0.014916245076532778,0.005853180105267612,0.03061704283744615,0.030165856266600736,0.005383445075563374,0.011790088428034928,0.004197598769540171,0.003685252731050728,0.009426811892895084,0.020437314828325878,0.00660891045419452,0.08279592227243432,0.0005577003111129541,0.009722829463996637,0,0.6459901115307368
80669,0.2973805974780693,0.0068400799631585935,0.006508585684300893,0.025644240150904725,0.09714912397536458,0.027002808260893265,0.014571976277716808,0.0167848682661963,0.00882447218860001,0.0027547077049417355,0.0016246987920642132,0.009075402553850729,0.0006487542454314985,0.011944310066895038,0.010126882803790375,0.01252286717972166,0.0741561205675473,0.010081517526706382,0.008782884613240383,0,0.6424248982993938
80894,0.2762573242542335,0.004804930877041984,0.0021504672971324216,0.020158843229834474,0.09081629136713322,0.03079859565040215,0.010224319544698247,0.028749227831494546,0.002221088281075458,0.008737623791459266,0.0016935567871258518,0.0063837259337486164,0.00329422189282814,0.003251157552985921,0.021618511064456173,0.01172633477501657,0.07732233478608454,0.011300314325965755,0.012671770329490127,0,0.6241806395722069
80923,0.2614485994083472,0.0124854957596943,0.007047392187000462,0.00546949349492757,0.0856198787681749,0.020121778683949224,0.007472710354132438,0.025706250800414675,0.021422976237209287,0.01483649232536512,0.01735973136221624,0.02162059858385289,0.004870856462774759,0.0002720524493868523,0.024252146354614177,0.014357964472542405,0.08278129855152748,0.004569433818960305,0.000994666376256604,0,0.6327098164513468
80951,0.28027157789916435,0.01069650318661854,0.013946567164824682,0.024369193792756764,0.08493934020356356,0.009382088025407982,0.0011729823776487262,0.04121269410882707,0.01698166329002426,0.01677425299261102,0.01657117231515736,0.0075987230943981385,0.011174557477737585,0.004071144384745129,0.020283828826783708,0.0063359186961624145,0.0843072316692535,0.007606412412697338,0.0023200856349308626,0,0.660015937553313
81049,0.2555898963540702,0.011939034892450363,0.019823134287749587,0.025355961521213638,0.09162683655898139,0.02090079932378505,0.002134486859023091,0.023127904940630502,0.025036366554200103,0.011955646055259053,0.009412207378301434,0.01599728569208884,0.004895879687355648,0.0032700673638173215,0.012699601078300496,0.008573491368369494,0.08732238026740918,0.0017872995323777478,0.0147437500068069,0,0.64619202972219
81068,0.2936666059735277,0.00809147672637821,0.008872301189550747,0.008647285409311919,0.09319972995677148,0.006589762414295324,0.004666458809488266,0.034144832131226245,0.015052532611305585,0.0001439249498516227,0.00985690302096947,0.0013346860499131707,0.004396992806835865,0.007950694262849672,0.02331289775585007,0.0006555307788072107,0.08289603017102881,0.009630049831604929,0.0032111009092540437,1,0.6163197957588203
81158,0.2981942175541588,0.013193163021682193,0.003746948052708244,0.018494825289723467,0.08333284244451689,0.0290852967580266,0.000649892432799996,0.02042613788552996,0.02595606083114458,0.0021937589141343477,0.015644387044631957,0.003919667558142035,0.0013152853860364333,0.013282041929637417,0.008990412950443104,0.0013183449405239208,0.07538149911830426,0.009238489472089583,0.00020974281448812558,0,0.6245730143987219
81174,0.28345814461639735,0.0004973054781210207,0.017015155835909776,0.012951707487356355,0.08634944150594627,0.011835238262192224,0.008508022778889844,0.008350894972423903,0.020203303836956416,0.004085697353851065,0.003881108153869435,0.0019684329816732106,0.0015508629474214343,0.004545514763460825,0.02282511922942287,0.0024654205819069452,0.08099629879981528,0.006707224006168795,0.009526067578681654,1,0.5877209611704647
81233,0.25875473828052514,0.007874674536665795,0.00288051625381284,0.009403865836420597,0.08454347474315071,0.029180779556016098,0.0030938559578107512,0.024020121268433774,0.019254991862396032,0.00669439144644415,0.010180420046699827,0.0065658629688779835,0.018830368580847863,0.010201136262246972,0.021666771113715042,2.6653740838679527e-05,0.07146846467949698,0.0039504617404757195,4.9999271740181884e-05,0,0.5886415481466152
81351,0.31348565356575614,0.014439257964795376,0.01045374876016418,0.0012228985405797383,0.08734850950252401,0.024243354151941492,0.008017574861133313,0.02966843658891191,0.015409524453634704,0.005747048580081422,0.01060884898172417,0.007210280097148466,0.0075405938080724474,0.010652988955432676,0.010780332867235136,0.008674095831184673,0.07797879816007353,0.004115105175025726,0.0003121817114950929,1,0.6479092325569142
81390,0.29351772263158754,0.017068800073302418,0.0005828797485123511,0.017315043885497768,0.0898280515827691,0.003352574158910125,0.0021458881897595825,0.023030465970179288,0.013680919524760434,0.0010822268491069117,0.008809845464779672,0.0036441923742813625,0.0017238746596502624,0.0022714682433894653,0.0015708544988499537,0.0015055314702753318,0.056644077751790096,0.0002755802526436226,0.010956535979502455,0,0.5490065333095477
81405,0.2900710374256834,0.00295761526166575,0.007575672072969765,0.003214753195320206,0.07701166333581487,0.015004254234707588,0.00327480541185782,0.02866791403137806,0.012231873936634136,0.020176404099061847,0.009205474235742583,0.003813703055891637,0.002973292681735705,0.014423894974353932,0.018033672165322718,0.012866096533745413,0.07064508862116263,0.01087792087297986,0.0018931828451741921,1,0.6049183189912021
81412,0.2643595401908962,0.010337067655398048,0.0059109675801124455,0.02288652443977715,0.08476274466850378,0.006670732332941586,0.005906016378732026,0.019396441301602466,0.02314687218934845,0.002197810297667646,0.00274135047233214,0.012056916823683095,0.014169274481615172,0.007329708592304446,0.013567045630013635,0.006605223594585064,0.0969979810092681,0.0045416732934749834,0.0034615442141076236,0,0.607045435146364
81421,0.2618508546445724,0.0076492995997035716,0.0111189042797985,0.015584385232447467,0.08426856381407644,0.009082687594697738,0.008984671363723683,0.016686533747100395,0.01706333023888518,0.008049401279814069,0.011531537404310814,0.0012457065666020026,0.0014278810414935382,0.007807889421204749,0.01423274502187061,0.012225429171946906,0.0719896082405645,0.0016110144978274503,0.0057144669609778855,0,0.5681249101216179
81434,0.24147851278519003,0.0043075746838621845,0.013490001233672116,0.018663423976308414,0.07513298158653758,0.01745295368777866,0.0023656506938859747,0.028361907283601436,0.009179110105238102,0.004375500850098588,0.008679602685408627,0.0024378413905430203,0.009873294144961946,0.0046430449315367685,0.03149351822375379,0.007484298688779443,0.0771308645884745,0.00948258230147691,0.0009071537922627421,0,0.5669398176333709
81566,0.2720736468538601,0.00402819555438492,0.005527248516266408,0.0018558891370045972,0.07806234222817642,0.012063435820166626,0.012440700382305561,0.04628559697431555,0.012801002959651768,0.00625507167813975,0.003777768511554732,0.004155129865118714,0.000735776135468043,0.0045123434908084835,0.019197179181984846,0.01175807771315888,0.0852329242440275,0.009191065979764273,0.008115146075216155,0,0.5980685413013733
81636,0.2780218595688058,0.01156431192464434,0.010304372714219533,0.01421844329131734,0.08288869517049008,0.0197855822785514,0.005719781352396805,0.01879240243580917,0.00818251533889338,0.001056538206461872,0.00013880973748465816,0.020056570259652975,0.0020545308718696595,0.006200126095756689,0.01044826306342204,0.001605273477697711,0.06635785570877069,0.003927286307054517,0.010554045554247635,0,0.5718772633575463
81677,0.2637485904311758,0.0033266837282980833,0.002901807829401775,0.005727978430554244,0.0777874929143685,0.01725335297043734,0.0013209557680980207,0.024366247017288553,0.0003636039523907878,4.320641275439479e-05,0.02029502282842152,0.01113283492399193,0.0036728104417574773,0.019690320830586517,0.015557025981110088,0.0017210295216006468,0.07836253966881006,0.0007977838702145684,0.005463965067591629,0,0.553533252588852
81695,0.22998386886700492,0.009148602719966413,0.008394360838267776,0.013538790482508254,0.0855460783765189,0.004575984772342104,0.012242672219952828,0.014508518600142514,0.012714491290422045,0.019875945838364387,0.011662918281249726,0.008090335838167541,0.010384756444513825,0.008376718912431802,0.020221057894762008,0.002501367324664311,0.06601194846625798,0.001120999607510138,0.003030338459984851,0,0.5419297552350323
81739,0.2708472090990054,0.004576957936260067,0.0020457766066871524,0.025523997463767194,0.08842661994884193,0.014174066686810208,0.010019713799938372,0.01015977703063165,0.022924815528341035,0.004076142889520225,0.0023400376762655844,0.0010931649923630472,0.0011142927576243838,0.0071417765773671696,0.016214553306214113,0.007932807190375578,0.06071523216193044,6.833304748554367e-05,0.015789671106012662,0,0.5651849458054418
81744,0.26571244302183417,0.0073844415888576175,0.006000918335402035,0.03157212229475927,0.08604749739797421,0.020927513068690413,0.003209136566036167,0.03211050815447855,0.03341491332202313,0.0042057524103215164,0.005268010650657634,0.0048644141892018565,0.0006658833747670947,0.014853444988768179,0.017236895243690622,0.0047963956598847364,0.06763123346905824,0.0026887793493498915,0.00513360887904509,0,0.6137239119648004
81747,0.27117235260775724,0.0015926194083415162,0.007623610202225844,0.015141796221111494,0.0870566443547296,0.02882654882102649,0.002546763537166054,0.03786782243237937,0.026059413997668427,0.014643654467017568,0.004331039387085564,0.008143132551480642,0.005157366148288735,0.00967331722846279,0.006989381849206899,0.0003777784213239264,0.09583196395360859,0.012264398448665073,0.011012794509193485,0,0.6463123985467393
81748,0.29161293136504635,0.004285186151124357,0.00994986107313021,0.010810062955024551,0.08576894348438298,0.027632874043843576,0.0033423510615158635,0.016805843365911732,0.021832848410079722,0.008754720405968254,0.006391170822625,0.009209184020964892,0.019149408653661906,0.011783724719419972,0.013669296298549276,0.005491456861149711,0.09023552736884001,0.01586210016618751,0.01046880554300347,0,0.6630562967704293
81981,0.2583387254892486,0.014982493726570673,0.007083989408286079,0.024730313043829687,0.09449660449966442,0.012528780142435778,0.009296788867057693,0.020366172929483905,0.01987129732530491,0.0021944406010653375,0.002829875928674546,0.009437236766402379,0.0027121079970709424,0.010699370658213244,0.026106101922045596,0.0017473014390052223,0.08623077660191986,9.910960635002644e-05,0.015066117291865052,0,0.618817604244494
82041,0.29492834600270734,0.007775171480262176,0.00890681805479128,0.0077053605104693175,0.09898311670086887,0.019953911321010726,0.0045872793998219695,0.009594745556876205,0.014838477994170776,0.01575817533337571,0.011058989136368672,0.018470422866072873,0.01742501580008303,0.007472012962416622,0.0204820364701014,0.00525995320713695,0.09106666444291138,0.0012547657793841654,0.005720506674634251,1,0.6612417696934637
82067,0.26392201230385154,0.005790644261838042,0.012381866095517198,0.013401635159422831,0.09173335036973691,0.019713575588611254,0.0031451745898409813,0.016006136012489035,0.007557300701424864,0.011029456212431088,0.008317437009742948,0.004756905312406399,0.002694119769383555,0.009252383904054749,0.008982678750748143,0.00038280952942902423,0.07641130439843725,0.02006863200056737,0.0002571266455072682,0,0.5758045486154405
82293,0.2877830219712263,0.005628763599959504,0.007129975039983761,0.004378263449698665,0.08274851932637609,0.009656521495007082,0.005162292346052447,0.0262237735438438,0.014615165515211428,0.010471817397651814,0.003638843345701407,0.01379146731223692,0.00017286078001592253,0.0008213647896835853,0.01913143053273341,0.011040031404938751,0.07537622363789465,0.013062339882228824,0.01667923448007298,0,0.6075119098505173
82318,0.27271286377225534,0.008741449563307963,0.0013107748121205156,0.024110206574176278,0.07884246187696729,0.02193052915257802,0.011670151112964017,0.023184125828489294,0.013362499859798488,0.00688098587460123,0.0006725842210341984,0.0047348730555850085,0.011525347682623458,0.006035516861073438,0.014158388217426324,0.002332714319718231,0.07469813027391821,0.0015725218535044324,0.013090269698300232,0,0.591566394610442
82324,0.275113004826807,0.005253406178761048,0.0012707682840185355,0.02400492025303908,0.08294029085030409,0.019461716088036287,0.000669960142663568,0.04789033764957815,0.0074397012019973355,0.009351572564920528,0.003800809552715789,0.00498555778695707,0.004001182365674897,0.009575848125187785,0.018701090790933128,0.005220250706450911,0.08729375563968039,0.001230503161433896,0.009879520342970545,1,0.6180841965121301
82342,0.28244953536900863,0.009115210223792612,0.013695058148661135,0.01125964091247654,0.0800803030198533,0.017594377187886544,0.0029721061707976316,0.027459080126776312,0.01962913159154517,0.022787769868872966,0.007675880778041139,0.01230965782378422,0.01781962564444241,0.004207703204610422,0.02121184460179549,0.005527316295676181,0.06905953336287848,0.0023028703093284563,0.010452201731540147,0,0.6376088463717678
82366,0.27803424180480446,0.003848734360546663,0.007925894416240871,0.014878529338080718,0.08595274170626534,0.013865741719497305,0.0095286553669859,0.026544581496831463,0.026715223404351226,0.0025745422195020545,0.010100427130231578,0.002410181282135041,0.007270560930416384,0.013590000744064343,0.01910301227007455,0.019141697551214917,0.07843809205359914,0.004375959933506151,0.008174322642575112,0,0.6324731403709232
82463,0.2773801974092646,0.0006613508851574645,0.0009690269682370518,0.002964747624108177,0.0959239608376771,0.022356958202720465,0.0024915703582857017,0.024336625424404103,0.013508143968349543,0.0004682471227535658,0.009245649502990278,0.0008907222346856435,0.004406220125637742,0.00899640093224088,0.02618814308261174,0.004582733981217718,0.0736254632436474,0.004180033895299831,0.0024990565741945955,0,0.5756752523734836
82557,0.2975665174941701,0.004430293794208443,0.005030910454306127,0.029575302245162326,0.09475604530177671,0.018779574202865863,0.0037200140742786694,0.025898274514348965,0.0038227840519743043,0.0054235731639952515,0.013937034219898281,0.005784562859033237,0.007668646611785561,0.02318776712002294,0.008170478903974198,0.002509279469695197,0.07301662686116779,0.01149079937759752,0.0001351768623791461,1,0.6349036615826407
82656,0.25190635025395575,0.011760890711603135,0.0017201680133012778,0.011822217299534523,0.08287622927724768,0.008454587793253301,0.005838075022805936,0.015541563298000126,0.009195389610600842,0.006127262895257575,0.0029974793055308657,0.005848004091720177,0.0051612837878896155,0.025279708320517888,0.020148875571105725,0.006364638116818717,0.07589959845169535,0.005042302924388151,0.001826777691127963,0,0.5538114024363546
82679,0.2501599779916961,0.0013179012212626066,0.008439415833986086,0.009732804917907305,0.10264882829327751,0.013815786076907654,0.004151622585036249,0.027938458620767912,0.011432405023971273,0.0090752937377661,0.002438899881079263,0.016588755186380748,0.0014551036884314415,0.0029574023542182424,0.001658662012066405,0.002759042332026002,0.0890686329228877,0.0109774612208851,0.0015085845812207361,0,0.5681250384817744
82749,0.2751816239167773,0.0013272903396743172,0.002121307434093765,0.019727419845256004,0.08248347167830934,0.013924197774870459,0.013158882279997333,0.02246183430613704,0.021800489584490886,0.003515598608941895,0.0005480667677140917,0.0013103857761218925,0.0015606745753451794,0.0016702165723912132,0.021661323942531424,0.003072037292647813,0.06808804349895685,6.452539675417159e-06,0.0013058558228506883,0,0.5549251725567829
82752,0.28438200298126415,0.002933703679386079,0.009469596985836982,0.01949192326068778,0.0916738030529821,0.03265057067977261,0.0014344969937238221,0.029124359149308665,0.021961534337540636,0.004967700152531071,0.016240570057949787,0.005287948125566009,0.008143540569445924,0.007140581955387126,0.01229562286251573,0.006209250271644802,0.08048672366522189,0.0063351654518824995,0.013281695843202735,0,0.6535107900758504
82793,0.3002146845895917,0.004142594790075704,0.007574468666425022,0.021002693691827005,0.08807013840353851,0.025998307781243665,0.0030517624428422893,0.018286284361520955,0.0091651008977786,0.004046948886089791,0.027983040790988938,0.0023899817260241586,0.002500029905600182,0.016144212234530022,0.0024564280570269505,0.01583107181424924,0.08318293427758625,0.02029456419529114,0.022391952067371268,0,0.6747271995796014
82822,0.27654192216994544,0.01092488806685637,0.008086488854722228,0.007811024759520677,0.08933069556354638,0.0016032746388436197,0.0027070773443769974,0.013444258015680877,0.01089769138962307,0.0023345779684221303,0.009153688237496632,0.014234181602820287,0.009544548117187444,0.016269133072832124,0.011487863557790669,0.0018247355181512971,0.07528885271469993,0.004269062509908152,0.0061069070402308785,0,0.5718608711426552
82905,0.2710993656894172,0.008250376165542443,0.0034423891860211222,0.01638093770060338,0.09643717350619438,0.009609245640707266,0.014981419684654879,0.030683244595323435,0.019252775036165008,0.005567164379507729,0.006718582427377532,0.006600673836659767,0.005694123963704148,0.017792845623158894,0.01574695690269757,0.002413277088521932,0.09274070734683602,0.009547863529207636,6.777770680260551e-05,0,0.633026900009103
83376,0.26996937158187656,0.00801967270086686,0.0074575355064722335,0.0026563140955911065,0.08301613092612535,0.008634892397550309,0.0032419723403259632,0.025085569294891082,0.011151400718560071,0.0032605311268474554,0.0023924538362971007,0.000752561484867716,0.010571515834175788,0.0009084839127753036,0.0013948902629219015,0.003192397125413411,0.0804687012169798,0.013013287295361537,0.0013862033720511298,0,0.5365738850299506
83420,0.24403895722493038,0.006477935169552569,0.0003203740434015382,0.017085678992299905,0.0887474312875656,0.013236969433784862,0.005016507364010871,0.019958869720576956,0.004180406415586252,0.001686863418495699,0.003764955987758278,0.009609398627526819,0.0027386781706728045,0.007387095759108449,0.012671757331276217,0.010911724548958605,0.07530472087589757,0.004988365197722319,0.007249371233618304,0,0.535376060802744
83555,0.27749645283024155,0.009041149616480056,0.00794272536765114,0.0034765723323001755,0.09418730008965306,0.017442650640172853,0.02003426359521641,0.013634577385321178,0.024648234473813833,0.015734396929854375,0.0001853941040240529,0.011672154541971961,0.0017094158613118401,0.009677980250316352,0.023112634495367497,0.006352986080992485,0.07407778798200601,0.006332079747104449,0.018975636165626926,1,0.6357343924894262
83569,0.2985733712951281,0.005273354634880165,0.0018886578644299308,0.018104549184657582,0.08709232059650018,0.023526978166077024,0.005305252537939789,0.03538536375723061,0.013193197217333308,0.006259816140394508,0.019949057798394777,0.012413971902837342,0.015777184172595216,0.0038446510177872076,0.010787912501155076,0.012512189150204786,0.08388444932978452,0.006791509199189178,0.010818615848498376,0,0.6713824023150177
83619,0.2863942624582607,0.0006958326101457532,0.0027940515829672757,0.018092617044823737,0.10296819869931709,0.007313844531225743,0.0028387944038749703,0.012208401234539526,0.02226160481254504,0.0006603918758413241,0.0011941615825257104,0.004519701104712941,0.005599685871495782,0.0038570856217996076,0.015337530252439995,0.006591345320323438,0.07872997804491635,0.011119837117447202,0.005636190937413867,0,0.5888135151066161
83771,0.2731192482460757,0.015258404369219106,0.014075992770195209,0.016917573432539978,0.08090927835986184,0.028491594864321935,0.004390118600226259,0.016185762662876284,0.009000440189740945,0.012503048969543053,0.011671314872916545,0.012775494844121481,0.00896811460512664,0.03379636448571026,0.027731114613700463,0.006139311001879441,0.07198521456704575,0.004745244769591449,0.0005083558883111933,0,0.6491719921130035
83782,0.2832836883061029,0.00867017866623665,0.004314585593440634,0.009909625650220343,0.09485332800169069,0.025814878367674172,0.006065868304677914,0.021941790732208078,0.016790536041579342,0.007918747649045873,0.013187042077330824,0.013910200311353826,0.00480156433715591,0.008808671465192356,0.017359709478642606,0.006588877317138885,0.08475636495102354,0.005404907853733878,0.014930196820072376,0,0.6493107619245208
83879,0.2924734918230835,0.011163507828501108,0.007921072710161032,0.025551232823856133,0.11293982288936474,0.0200344461176741,0.003027762012341191,0.028380110863624564,0.013731523583097796,0.013409848361290179,0.0013812063820242164,0.007053802597710958,0.00551040457559753,0.006982628445741889,0.018910852753176447,0.010772164478190783,0.07664387398213462,0.012928379593704534,0.011675515503390512,1,0.6804916473246658
83916,0.2878453190647635,0.004635869281083762,0.01700462233892715,0.012126073957933595,0.08892314367181811,0.03381176805323453,0.001900991702927519,0.022271370534689677,0.026249190412658174,0.0014044337331880251,0.0013935975328323992,0.009109471192244254,0.0004395533318426445,0.0001417809464363373,0.006363099483175174,0.012280849823914074,0.06557814838397293,0.00396948148483365,0.008938890278572746,1,0.6043876552090482
83982,0.2822718343469326,0.006752998973009394,0.006555992960177633,0.019083246633279167,0.09436337643149989,0.01841384121888662,0.004835628320853833,0.016533826927699655,0.018611496549113277,0.003966144320292932,0.025266522853331863,0.0065719942365455725,0.0017478125156958175,0.01349227401823007,0.014044146746064641,0.016118524902146172,0.0781652430317755,0.004192811043771746,0.0024971575203855483,0,0.633484873549692
83987,0.2875323109307259,0.008943203536518781,0.012718700475119943,0.013097295894093884,0.08351025289302588,0.015386071119156632,0.0025120567781394703,0.02441585507407079,0.019019212997402755,0.005690566786920946,0.012552192387589577,0.007133953435942948,0.005618389970480719,0.002385670222011866,0.009850886585628,0.00532681204195084,0.06804108105338617,0.012927541309149729,0.007407457081095177,0,0.60406951057241
84019,0.2593052382278078,0.00755973904290657,0.012014710482951529,0.013655668278427196,0.0932979641588601,0.014215213535190325,0.00167512437510992,0.021122592057461056,0.0024450053725927003,0.006488747906988576,0.0009717734739817106,0.012885933526157503,0.00924423234315135,0.005438176610944977,0.018121947344642265,0.006175768784060768,0.07555625921426432,0.00950999239163257,0.0020975946184122736,0,0.5717816817455436
84094,0.2791095014374059,0.0012096907683647549,0.00928759585878611,0.016552404125994066,0.08990499194844824,0.03117010531628051,0.0031606584418548645,0.03183351129697963,0.005820255603625557,0.013936674748901163,0.004633481683783802,0.007644210429613178,0.0073146600775147045,0.003963887323627628,0.007066172101077468,0.00922350027490143,0.07699794164823276,0.013239811392112905,0.00743010793739344,0,0.6194991624148981
84103,0.27129154711290987,0.014837047776434693,0.014828616852392982,0.012748867409689151,0.08430185292171852,0.02364215208311306,0.005723394625272757,0.02213949510680739,0.02045402201425322,0.006355320994635538,0.010911407812433415,0.009030900266305531,0.003005542400544488,0.006256480762967583,0.015402186851019514,0.0017984218575969144,0.08124531567841493,0.00042250611496756987,0.004342546591096047,0,0.6087376252325731
84156,0.2637103192332162,0.015058173461449905,0.008072525720440158,0.016152744500318842,0.073291015099622,0.015422924578899063,0.0035056873295590666,0.029063539394103166,0.016298098417516407,0.01117126566173228,0.004233259584949628,0.0024934098649283254,0.0004316479431871896,0.01974324484268799,0.018969865879461784,0.005118384134336447,0.08711983158340127,0.01500673396682938,0.014844556551428826,0,0.619707227748068
84181,0.2594690755000061,0.007042710214380122,0.01237042209722289,0.011158744495943868,0.0804003408406393,0.008001257853393479,0.005770367851464417,0.010942345867864238,0.017708523557382713,0.008576642323107718,0.009367715269499245,0.0014795393845934237,0.010565804660748048,0.010524801727516993,0.028683190431463525,0.008615057810310914,0.04995082047896975,0.003771470700343243,0.012370028405367026,0,0.556768859470217
84194,0.25459600509968766,0.004443473665312973,0.0005452422888221524,0.02313890561812867,0.08080644417481736,0.015893447687272612,0.0038642422521788173,0.03618893153101701,0.02138503520555253,0.0014740311175785834,0.01243687416512495,0.008285347319487362,0.005736256469906737,0.0012456855683404858,0.02810405341058455,0.004513259494414355,0.06761875832781959,0.002322569408803882,0.004507172142353089,0,0.5771057349472034
84210,0.2647115784737475,0.024125304045384887,0.0013664879096726714,0.017837852078987113,0.08643244618997287,0.014444528995694718,0.014490262885916184,0.02666581125539831,0.013287930431383373,0.005808600104033633,0.0103727259089802,0.0027031652315820187,0.0014158896685789347,0.0038407360841006153,0.011143059317876264,0.009631550748163546,0.07870249263941739,0.00669274428582628,0.0012824238061679935,0,0.5949555900608845
84246,0.2690842170220065,0.0041942510534727796,0.004085047889199597,0.017050789063827097,0.11155141154757196,0.005730597452216039,0.0107075548330853,0.01924552386351443,0.025433898818686206,0.0012505713788133301,0.006440317799153739,0.0022618605497886973,0.0002653489925309751,0.02077982587499412,0.025523440330004147,0.004308395037467768,0.09312716019792006,0.005829029201982585,0.007585381809729564,0,0.6344546227159649
84249,0.24515552847950517,0.0022953664798073567,0.006794040841150125,0.039281626159377345,0.08267080959168899,0.031577295578403934,0.005792644990311585,0.027087522282847262,0.016157295476987986,0.0018202590813919538,0.002613476269486407,0.004244502496113172,0.0015089666268083485,0.0065655031903341056,0.0024392779319901713,0.004696265998842551,0.06833352570106062,0.018084375501868928,0.0052520362348182975,0,0.5723703189127943
84259,0.2722939050613038,0.01110852211809409,0.01030762209345615,0.005065845696458249,0.07969329111507285,0.016591467683766556,0.00545165952846216,0.02574763795224911,0.029257827672786882,0.0016494522000955693,0.004555978456361115,0.0078387537381922,0.0031881678365572983,5.702886427863102e-05,0.010803747105661817,0.005149136586726958,0.08302699927499116,0.008350707009850567,0.00012402643265721153,0,0.5802617764270224
84285,0.2555351803597134,0.003029336797740546,0.010794319347954991,0.010436013291416085,0.0931533216573961,0.01821457693063734,0.011304889023765167,0.020427975653999703,0.016517044046014315,0.0052080049287946155,0.003329481420629739,0.01313192835965178,0.019711378080640125,0.014548641657700397,0.02913281868454558,0.011734758607486458,0.0758860861224622,0.03135451960521951,0.01106041040258563,0,0.6545106849783536
84322,0.2714567672888256,0.003074691574216845,0.010967366759628571,0.021958146328131277,0.08436942285453453,0.014097884846837942,0.0060219887622186335,0.026487674190387646,0.0036579125188965253,0.0006957447341748686,0.0015197462987322436,0.005804917639293474,0.008215217775992191,0.0032565097892216306,0.005693591550801941,0.0009004800200227832,0.06971112561086283,0.0003875050690978562,0.017534506911108493,0,0.5558112005229859
84350,0.28798218580271295,0.004585424335659003,0.002020079426260688,0.015844474554313186,0.09566641695932225,0.018469812651502247,0.0066714593776357085,0.01760462896993347,0.016136715486496204,0.002527234785804538,0.0066371971254074345,0.01778026662330248,3.0919964861787527e-06,0.005038660324272911,0.018828633690768634,0.008346976342239883,0.07609696342514279,0.0037990340751612316,0.00018049080903409097,0,0.6042197467614558
84457,0.2726600351709821,0.016117608200048948,0.006478499036458517,0.02088178570948172,0.07896083979857907,0.004388496843736492,0.0009408932829062506,0.02836298173994583,0.007920297833483313,0.004929911615906095,0.005111043897401741,0.002437363019872507,0.0015658025716122174,0.0044590432309752435,0.01783137809002292,0.011104834819845496,0.05778649770400262,0.000509036853337782,0.01648257838459276,0,0.5589289278031916
84552,0.2645592048661128,0.0028605962609473843,0.006517911303273057,0.01673105137191867,0.08742592476697392,0.03586784955523825,0.023109419560460413,0.024516047873287615,0.01577358322769348,0.011476991208249744,0.009465352163413947,0.007795562738533886,0.0020824863437165966,0.013383480490567659,0.010265717502811134,0.0011277968779621948,0.08256433686072545,0.0033150424633212254,0.0016792941662995126,0,0.6205176496015069
84576,0.2588324573456612,0.00017949227490714849,0.005257162920719911,0.013784145138350409,0.08489592226703777,0.001713767816208859,0.0021026507531512546,0.018192577808285607,0.0027198634479532425,0.0017728197190674988,0.01302433691234326,0.00996080952306992,0.012529948451172454,0.012147683290370323,0.01615821438658949,0.006734291049837745,0.06497941237723133,0.00037464369511107425,0.017824272374511514,0,0.54318447155158
84680,0.24219326434079624,7.693785196416423e-05,0.0012008016310308942,0.0070731151690238804,0.10034898929403395,0.020093975744939277,0.010268823180059405,0.031170760775093908,0.00014354058571198783,0.005645325847419329,0.0013164531361495313,0.002394855428925349,0.018156156975052382,0.0015468268644121164,0.02610124167683088,0.0050835099657722095,0.07730499300179049,0.009539798340834498,0.005836165854360097,0,0.5654955356642006
84742,0.26993684793811956,0.0024927641855433413,0.012797577499422072,0.015796631373755286,0.10071910333796422,0.027288260357874752,0.009770922694423367,0.01950152617331248,0.023915334589204383,0.0017732956032324753,0.00211079620658877,0.0033704117729434655,0.004661156055240615,0.009262026469101793,0.006289344493423229,0.01806374510509016,0.07454075358715385,0.004073467880631413,0.008823274068234082,0,0.6151872393912593
84935,0.24948594560437173,0.001077019975473686,0.001348087001492097,0.01887925596279403,0.09032262746011488,0.01855856585270019,0.006003142415543633,0.023983931259148966,0.0061891963935206745,0.014982774875657766,0.0035947712159983417,0.003180872039662126,0.008159427650051364,0.00657840553414248,0.02811995772607269,0.0002858286558021632,0.08524158296115127,0.001310701043783278,0.009994689963821,0,0.5772967835913023
84969,0.2522289725923211,0.00469267446502166,0.00441828678663818,0.0189991416439266,0.08843063251392125,0.0150057836376628,0.003460033672211921,0.025669820842922676,0.005889502870830056,0.005916197315456343,0.0012733807872024135,0.012629815739092325,0.006597103429313739,0.00597439325653216,0.0060802518317938205,0.0006814975721957557,0.09123204324727723,0.021150611685851663,0.0008508008137937938,0,0.5711809447039654
85045,0.2839101328179386,0.0006365845538866256,0.0031241547891224367,0.012200501138723164,0.0810930376271661,0.017723480785735952,0.014232465292161609,0.0078126919190474,0.009364020387730357,0.004007735376554372,0.011573306169669305,0.013233338689719293,0.004720481228460646,0.012291990665008206,0.01069159061305656,0.007935503483053137,0.07457693214868572,0.004727978546683428,0.004776925305587737,0,0.5786328515379906
85073,0.2578302359877854,0.012442778038098366,0.005639096851201036,0.009285638198962685,0.08125392925475061,0.02231835289723548,0.001373840547902286,0.005561559252762719,0.016931857715921397,0.008961522917146556,0.009562443967331578,0.0026841724461939293,0.018773056789661957,0.0032550361103890215,0.0120016803944025,0.0008727297835705528,0.069044825309509,0.000926492114220034,0.011875199389802039,0,0.5505944479668472
85187,0.2557011194184443,0.006476816632764119,0.0075104330254976166,0.006591689403743003,0.08274938340538959,0.02500830500224629,0.008117808756042783,0.019982627705276958,0.018511163684343815,0.0024934824889874386,0.010834314879091853,0.01338100132113914,0.01635887661723874,0.00038731442772268056,0.03381598533375531,0.01307124279149751,0.08865266367820307,0.0023791677703189633,0.002090611548333199,0,0.6141140078900363
85212,0.2762170511083684,0.008240299623085888,0.0023042292226810868,0.014477509517426665,0.0914559680241517,0.026911231669978913,0.004515579865417193,0.012414010323670066,0.0008003902064415715,0.015897958539949984,0.011480661578235523,0.005632537639728665,0.0019521208665465434,0.00488774244820833,0.020605001101461986,0.002806709189757465,0.08382939308466295,0.010088473671829516,0.0016450633902040058,0,0.5961619310718065
85249,0.26492331548495196,0.011746388639821746,0.005664008996737064,0.01787388106215987,0.09445374908602919,0.021212165733087904,0.00032634900107428945,0.018245271706817435,0.023250186265717804,0.0041164929785030375,0.002539528833771204,0.009308056327965481,0.0021621277431412072,0.001159470901960843,0.01816361100215848,0.02129128374392926,0.09138526397011043,0.016012670333786328,0.012535045657606629,0,0.6363688674693302
85299,0.2700884115446929,0.0050615149277420494,0.007067195676368091,0.020678248990326418,0.0824425411201237,0.011496846868235372,0.00778202457033258,0.016529685571016604,0.013314808376401538,0.003911609822796844,0.0010020665032144434,0.012729325111713029,0.004085284331443026,0.011234521823882428,0.009378480483382752,0.009745308614063176,0.06704687012351336,0.016806983038185046,0.011157346268561701,0,0.581559073765995
85403,0.25641911260586436,0.007386835306466531,0.008931816597023237,0.010320232659292678,0.09528557932157027,0.022850687785587052,0.014284198555751623,0.025164643488386717,0.019784434910289115,0.003917565627333201,0.006947931925585491,0.004364560818044905,0.0071012496340925775,0.024756776663674568,0.023170343734609748,0.010351920189165333,0.07096456640111082,0.0023033722655833853,0.00046720707842099336,0,0.6147730355678526
85437,0.25445041045743994,0.01759595412990799,0.015421909270732222,0.019990085068383633,0.09355047841022004,0.012403222999352873,0.0002586204630245655,0.01718593613525227,0.013721683423401266,0.007671374002373842,0.011325541270197916,0.006860301820805973,0.015457323894720158,0.008236797971613603,0.003206135019117888,0.01691917853182234,0.07253548004360866,0.004657384529061969,0.003289195833417137,0,0.5947370132744543
85477,0.24193847349188824,0.0045290405702018205,0.006827571727923309,0.005117469765345979,0.09351026314294386,0.012030138600504071,0.0024417301686385277,0.01671071172382297,0.007032698575691668,0.005641338261819259,0.00868599436338426,0.0009335669104622561,0.0036454320522739795,0.010967376256842033,0.01587560891453253,0.00642877758564287,0.07301835403630699,0.002968821587217053,0.009412784009811201,0,0.5277161517452529
85615,0.2565734970507224,0.002302172308671846,0.01229271036999308,0.02946626006340759,0.08410337557186831,0.02608076507383726,0.0003251155722692116,0.0387359616268569,0.00813078810328833,0.00315494690312978,0.0009717106695216283,0.006384310593766371,0.002206095702662226,0.0066736392012207825,0.02069087443969818,0.005167302839897357,0.07512110278559708,0.014099975097959313,0.011690463274914919,0,0.6041710672492826
85721,0.2842158481372642,0.006630574481200503,0.002465610423349611,0.014961613880153992,0.09111397101339845,0.008073857446606266,0.009980603900195832,0.03271545121484639,0.01281966486650546,0.0009404012326902041,0.0016796523469725696,0.011423295054765626,0.015093161572409867,0.016474254978986753,0.0185663696828269,0.002039281515038403,0.06549091311995638,0.005042666070603862,0.009612621692360076,0,0.6093398126301314
85828,0.2616603114756533,0.0005188029505650009,0.008161813728557992,0.028127592617206244,0.08290780553068174,0.017013759574677892,0.01123233123442061,0.008842394562304888,0.016606513797861017,0.0034215303796649083,0.0029477873246876937,0.0010311718680945123,0.0032818771288323314,0.014100692924178157,0.026075788179369477,0.013807577246939807,0.07884408142904589,0.0065587284360507465,0.013952806141275111,0,0.5990933665300673
85833,0.24735869987084802,0.010114660083600813,0.0010809972989351318,0.03146089913501505,0.08439798791888058,0.01143303943103194,0.0037188890081553704,0.03668447726336146,0.005560322293538043,0.001757381565272095,0.004956256458585268,0.006023091161649801,0.013629634736021384,0.003857576900950354,0.015361704243005219,0.004432409535236392,0.08173878369738426,0.014257588744851231,0.0013215253041584257,0,0.5791459246504809
85857,0.2602013465302586,0.013206741470689424,0.001571775719003026,0.006953375213422037,0.07675438219611698,0.01978726418023761,0.006905724589149708,0.030394898669288566,0.025304399547217485,0.008995349018709079,0.0014511841342131507,0.0013233746611561754,0.0026217300497538196,0.0025309015710410663,0.026399983832773102,0.0075585977590059234,0.0823919670046776,0.017359891924009226,0.008855811197775064,0,0.6005686992684977
85861,0.2731273413024851,0.007562415391780571,0.01523252761200151,0.02195035922372996,0.0938763215070615,0.020977128531434224,0.006919893687805695,0.0192378025067505,0.031330479202333825,0.009884977673871814,0.007517466559813044,0.007167582534751046,0.005720341569586888,0.0190097171536182,0.013652645661623015,0.010692983402488336,0.083804952891942,0.004732953557845872,0.007657221680241211,0,0.6600551116511644
86004,0.2663654429894994,0.004818992203731572,0.0014341568955353427,0.010207804407394806,0.0904074136849344,0.03279749993205073,0.011521600149080142,0.02168562084846533,0.0021720931920080934,0.004294305593643864,0.01395666898155241,0.006878695489822035,0.005158701320219123,0.014302140851704944,0.010147024256336937,0.0031891293519939437,0.07934463569430932,0.0034595559829920133,0.000642124923116333,0,0.5827836067483907
86017,0.2740649113856795,0.004629427054165798,0.008550643693522167,0.015765661276498748,0.08080512268674027,0.021671429486853345,0.0015050470237640016,0.04203163169485209,0.014357412164260923,0.005421537737542209,0.00840419642943002,9.768222064358328e-05,0.013411632306156844,0.0025325545548788757,0.01815493294038768,0.004103173225532477,0.06224130467285191,0.010006197498075532,0.0019102446284904096,0,0.5896647426803264
86063,0.25040419734412916,0.004801980328932024,0.005236919614652679,0.011942387261213341,0.08207186591030809,0.013908610904874332,4.962889855598078e-05,0.02274599083830714,0.027002180478556553,0.008852288307655307,0.007865856179096792,0.0029332316720523067,0.004623244997357675,0.002014774937856992,0.017827855904613218,0.013700767075694236,0.08225224082759096,0.009487142552629715,0.002660542820587603,0,0.570381706854664
86115,0.2630256307577801,0.0003396131083731072,0.007057109866821662,0.010882104904916118,0.07852371406372004,0.024232210265727076,0.009931731913166658,0.01447363458615371,0.0059823235995263915,9.526742139034375e-06,0.005205127723354161,0.0014322874125224237,0.004676572901545703,0.001766094738202033,0.02578117761842017,0.022467095149866667,0.07345371258183162,7.444252565635093e-05,0.01210301321981078,0,0.5614171236795338
86138,0.2582958276005306,0.016595365216399368,0.007318672448226785,0.01496505731737645,0.07723801452471413,0.02292307413601076,0.010266592616490959,0.03332485924596549,0.011439191183068374,0.005512419191508349,0.001160683226866186,0.0029771654125571685,0.0025466400638243514,0.00010069185687904382,0.0015617513417194137,0.004816542933815749,0.08955521007149454,0.009575849574901861,0.006544489074821611,0,0.5767180970371711
86246,0.23912596161926128,0.001230090934460359,0.0003826586627036032,0.030843021746935012,0.0733335889094827,0.006724913640136667,0.008930709474274686,0.03396588475028747,0.012927461770285543,0.006226257305906027,0.016586409918364034,0.008727789258272356,0.009151232103915968,0.011184966204485508,0.01908482889908005,0.0006590249668553524,0.06670266320603908,0.016346071894973637,0.0007125066789392882,0,0.5628460419446586
86315,0.28564539789316207,0.014593020033093873,0.006358830596097215,0.012564287300490655,0.0858434032389812,0.0308721857349256,0.0020343817869925424,0.027389399792858326,0.012021273557682769,0.003253917861081922,0.0026123097650525996,0.01171432816846773,0.002960367945974216,0.0053188620075217425,0.015343440082832291,0.0036831554354813515,0.08291518201756132,0.017112330286736598,0.004923783518648505,0,0.6271598570236425
86360,0.2754918806593063,0.010814159589603994,0.008579191471145184,0.016340308339334687,0.0855360436405348,0.022659835663136032,0.004579375371432192,0.023668416055370286,0.03794291864252236,0.010934260289113954,0.008750189856944968,0.004211169583329799,0.0015105582945327918,0.000582526042395583,0.015327209232119781,0.0010223271408326036,0.07694420028745702,0.01106916029371743,0.021442407492888466,0,0.6374061379457182
86411,0.2361922003861936,0.003249324040959512,0.003848636774526056,0.020777917671182294,0.09104426380532281,0.023947142275411785,0.0022928766285744847,0.022695085430691438,0.023991556843127863,0.009540352120132784,0.0063446812683587,0.00889546803638635,0.004093829954705374,0.0026552528256840414,0.015302368774805512,0.000294706426163505,0.07640289405917952,0.011581818903993917,0.007965090602349813,0,0.5711154668277494
86419,0.24838814796593786,0.005126004238027361,0.011503961637691325,0.014920238571326887,0.09265466405185913,0.0368692621467873,0.010709365193692364,0.002693758576724231,0.0029289850717447836,0.009912471419668627,0.01026733852541521,0.006767031959127403,0.008230083888395523,0.0018306123580106623,0.018047650650976712,0.011591700247976856,0.09019018633677166,0.006872540058609461,0.013158859585091503,0,0.6026628624838348
86422,0.2698756403559513,0.00915962794151768,0.0011962675386440718,0.014819686036853314,0.07622908198345497,0.019073758193702692,0.013954326115270673,0.0307851951642889,0.022366746481186056,0.0027977085140517416,0.004779675880151956,0.0026114221447554277,0.005601017507261388,0.00550022638496472,0.00506621365449635,0.011195585234673212,0.07910855189215835,0.007382282592206998,0.009989529404542999,0,0.5914925430201328
86425,0.2671186847676172,0.00019967056797851374,0.013322933772917175,0.0008099233186928103,0.07112490075274167,0.026984747980862308,0.012932268056137277,0.018001190834119708,0.018808202620893118,0.005983139805235563,0.01136871921996854,0.000765319216185008,0.0034408110037767244,0.0069254081734863105,0.010422240031570846,0.013763625059087289,0.05926517760221272,0.0016237436573712202,0.0065365640245585305,0,0.5493972704654125
86466,0.24893581140045803,0.0029600264833496677,0.0046401003605028805,0.007774708486172095,0.08738660928675984,0.009434954686219795,0.0028304433136303445,0.03196065841764261,0.016193528109407353,0.021007792748946628,0.0027040137001714303,0.0015117025448875305,0.0021832878008664976,0.004260979301174289,0.0027052622178793417,0.007429547745789662,0.07849470738448232,0.007052689791514592,0.0035825319320397777,0,0.5430493557118947
86513,0.2699672113447266,0.0029809602848201886,0.0013670830750262958,0.013319028505187732,0.06739959829462593,0.027411599392245335,0.005931794968280106,0.008839899459257757,0.009894211459903662,0.008218100943372662,0.0028012870451281694,0.017261858262052326,0.011250380085664376,0.008257170914786135,0.012307723334739095,0.0028195028462495264,0.07133112312256824,0.015972711141743368,0.005785396420579429,0,0.5631166409009569
86667,0.26520051922596805,0.004985297932724634,0.0053750025306373884,0.026446051510142222,0.08585094393192338,0.026153586504641828,0.008434239515808906,0.02921968188484059,0.02289351864035223,0.008605443665886187,0.011308197651592444,0.002702817908593538,0.007446862208383483,0.0012035859695859446,0.005037721540855031,0.01982767206163428,0.07729064144516155,0.02286018269675893,0.01600946417207574,0,0.6468514309975664
86701,0.2659264422141158,0.001027201901315339,0.00043148200052710355,0.02030378988846388,0.09544035460645334,0.023788778449988387,0.004468838157466975,0.03234033677502036,0.009695030170300543,0.0062123241759678375,0.006638651345177354,0.007131413149186415,0.0030075606885243793,0.005043683304582155,0.029869381512385263,0.008500111159070095,0.07524593197730123,0.0077555774382711135,0.00390548423099449,0,0.6067323731451121
86769,0.27467787656540693,0.0036276067109198206,0.005469871308459328,0.011272793674386621,0.08360615221830983,0.02324423442366827,0.006464223378710167,0.03124020180598678,0.006925716436596379,0.0005804813387094124,0.004707025692986861,0.0058933558130322234,0.021845526651468626,0.00536349786937899,0.007980283844099021,0.014934611244053392,0.08069225236855043,0.011245270787068351,0.009481140657862834,1,0.6092521227896542
86789,0.26321485896420727,0.003702185092993471,0.0026356458717647804,0.008118324350427333,0.0740262455172676,0.014459168326279699,0.005357525281041127,0.02303224011396051,0.018929907247576448,0.00829851287693521,0.012990014531856893,0.0016845309335961635,0.003515950774296354,0.0163266202987868,0.025566927625424174,0.0014555725231578573,0.07697033955701224,0.0035983159934161323,0.0007629268458895609,0,0.5646458127258897
86796,0.2416757938569942,0.020929243852168,0.00022845071664339152,0.020961513642116417,0.08670482142057116,0.003117556170329724,0.00909794196162499,0.032512838059680374,0.015738256113512393,0.0005918536718283132,0.00871784700808742,0.0008148337257757159,0.0018596969499147032,0.004229790382959076,0.014695654125155767,0.002643498783956592,0.09656154845431042,0.011288864066597319,0.0016940468658771545,0,0.5740640498281031
86833,0.2714222162355572,0.0009232017284303969,0.0016013076160639836,0.013602660748481668,0.09343796693792414,0.017029401233200805,0.01312233282288993,0.01958625808873691,0.010535411153787085,0.0005898489107853923,0.004427202439770523,0.007115564850983817,0.001645567450477977,0.014339370892201457,0.023437735732741015,0.007553302641197388,0.08293954477427055,0.007700594063280622,0.001646639407210393,0,0.5926561277279913
86837,0.26429975873497713,0.006845522686754121,0.006075107148460857,0.01643911418582251,0.08998485590021374,0.01285060899332456,0.0015381640160113345,0.01830974523695111,0.010955607557191833,0.017047976719347335,0.006432690772295293,0.007858398372220162,0.004857744336288239,0.00014171144321683553,0.014706367812601378,0.015193943919420527,0.07363223999710074,0.001564948689731993,0.0024430985376775005,0,0.5711776050596072
87169,0.2937317935070537,0.0015710574025819977,0.0020602166836476915,0.018498144004290257,0.0935845485457304,0.01770863888387043,0.006500257135468821,0.02013291257129498,0.025169874741916773,0.012779530230007418,0.012106051649887631,0.0008619056218195747,0.010681939454307085,0.003250111273971626,0.0022463028930785863,0.001792035013251202,0.06367395167608327,0.009062906878759878,0.004038815656499801,0,0.5994509938235211
87226,0.30050522171933824,0.003629110401119449,0.010910093421712726,0.011985572619939008,0.09831657536467324,0.018902653243344576,0.0013179014465153473,0.03625564823561053,0.01254082741422959,0.007547405914013512,0.00681715419168056,0.0011239376723463505,0.015071561023123223,0.0038503472160671655,0.019104174625855796,0.0008026893695768627,0.07849830794216041,0.001346977047687584,0.003909798171762904,1,0.6324359570407571
87237,0.30254044122121476,0.004377399477815004,0.00554099423942487,0.009415345805140952,0.09241396495546585,0.010995767376947695,0.007365867074395243,0.015473047100757708,0.012017814611105744,0.004667742836062076,0.020695014917437873,0.0024481326394185207,0.014576833928586719,0.002981284707125646,0.019896105549636327,0.0006539537718012629,0.07633802548226892,0.003904528960712125,0.007383075047844592,1,0.6136853397031619
87299,0.29477341892314557,0.009247613372292423,0.0035340662724448833,0.020464761977029854,0.1032246319808577,0.024477370284716533,0.019219535317108908,0.03635902688423367,0.01759555066044959,0.0037332177619118566,0.008509341874704356,0.007361555500316846,0.0037433531757269205,0.007127859894529526,0.01745217976951046,0.0028452763254375882,0.07814246750285203,0.020084223456756086,0.03005411454956252,1,0.7079495654835873
87323,0.27037411040716125,0.004510497028410474,0.0010914348654267466,0.012304871044770075,0.09068242475756312,0.01882478348907418,0.0017469249487511503,0.04179605465076483,0.011173060097146156,0.0031109640682430773,0.0045675666230439935,0.0050846283061097884,0.0006781425909659088,0.0019320975322919688,0.03480681642307479,0.010193738785482442,0.08291030167593866,0.003758122449138509,0.006947914126616071,0,0.6064944538699731
87336,0.284861531894747,0.0015700488187787452,0.0004575642776585247,0.012553109115124602,0.09532680471575777,0.013756926463700088,0.0019503787761160339,0.0273530891848269,0.0041899279448415145,0.013981182108697787,0.0007276755035283562,0.005084247886954527,0.0013771903561005494,0.010221422096903776,0.021496388866099614,0.012216965951848856,0.08785439487797174,0.0005510960147485153,0.008827486603260862,0,0.6043574314576657
87345,0.2967101137556314,0.008171284458608138,0.006865194879698888,0.009503864291313226,0.10283258231496038,0.022601065584116523,0.002449784696641461,0.020448488343064463,0.014462525643632066,0.005251264744805896,0.0008997168153178366,0.004643887112964672,0.004930282146501065,0.001820081193739261,0.0018722273196482631,0.0017804287410633653,0.07039933799965678,0.005174147453588393,0.004722710849647523,0,0.5855389883445996
87372,0.2785902623979471,0.0028267182097051853,0.013498254361767582,0.026439218613198822,0.09190275716082277,0.014067686319694473,0.006721153986964453,0.02642733430099734,9.011164053729549e-05,0.005061050627884486,0.0011107805812743442,0.0026680725356734636,0.0021200055376650183,0.0018193186562283235,0.01586937399622193,0.0009460324504384465,0.06802771198287748,0.0016110538799385568,0.01312422095880531,0,0.5729211181986423
87506,0.299376961362061,0.0025636619794927908,0.005860560901518732,0.021789020146271886,0.08205262519561178,0.029191011508744622,0.009747282588971862,0.02464042736785966,0.0015767959474116606,0.004245347781048722,0.008772327647279771,0.011290760998883835,0.002223619893078127,0.0020192148643163343,0.02644156827627975,0.0037687505844369498,0.06554934904659158,0.021603927812895135,0.00039984745553725673,0,0.6231130613582915
87511,0.2678529469015906,0.0018600596095761533,0.002810193160149127,0.010987060713608622,0.07905220832617188,0.025267224801909426,0.0014004862705132204,0.0007827800928502095,0.011110794573983396,0.018861850647827697,0.017518355454195177,0.0028677403378911687,0.008239930480644107,0.016994162942194146,0.028684474504821422,0.011348446433849163,0.057782551818111746,0.0003158840108098046,0.010518924345475557,0,0.5742560754261726
87530,0.2795017315314391,0.00605272421779741,0.0005571876874615198,0.02559249133277645,0.07128285444465494,6.0659904516743863e-05,0.013144779504218938,0.02462535163993066,0.010706651339408646,0.010427316490848784,0.007147760633768445,0.0033781770921022442,0.0018715685844181865,0.001968884239689155,0.02339533897288135,0.0056135082296740624,0.09320024225512175,0.006181907528323247,0.011453951478441972,1,0.5961630871074736
87666,0.2749905351683906,0.010914596776908363,0.015086321874218933,0.011395690987934243,0.09292704301331448,0.025194868797262383,0.009987917581144647,0.016493128199966924,0.007089312751812277,0.001838985838960806,0.010640880459745998,0.006966905986948273,0.005252296683293364,0.005181252135003763,0.017156037602994414,0.0014890231050056575,0.08691856838584865,0.002526200729537002,0.000365724397571754,0,0.6024152904758625
87698,0.2862648564991607,0.002298302901363172,0.013669041219146175,0.019498697744717422,0.09994765843833361,0.03278363358576834,9.839703209494004e-05,0.015423248737925941,0.024458178765639726,0.002798906396012536,0.014421726554080977,0.009881862200664263,0.021385906558596377,0.00010449831240218062,0.03285357503525701,0.003318257842181985,0.07131422141617948,0.0010782107768106774,0.008702955514625056,0,0.6603021355309606
87729,0.26187013916951823,0.000959776883370822,0.001764689394873055,0.017800911773482437,0.07668188190375676,0.02931197105923253,0.0036937526331362984,0.0392771466286272,0.02340508400963661,0.00277838807765247,0.001755680005489375,0.006508586162758573,0.001534494939504365,0.007330922188012598,0.00519974044270259,0.0017015953528182893,0.07995605283637335,0.02912799805089426,0.0029305582409219822,0,0.5935893697527618
87744,0.2838050740505024,0.0057659829888186765,0.0021586664940295595,0.018649701341529223,0.09750752341965283,0.023893613549457977,0.0022758743726532327,0.01477263708467138,0.02694957458896374,0.002785494699581648,0.0031879626291839583,0.00776436104573881,0.00797941283894478,0.0038868055979068296,0.012250051371599204,0.004258020277446402,0.07510209613966043,0.003127643570129087,0.012539407304497902,1,0.6086599033649681
87835,0.2687517027502757,0.0024082801066676344,0.013793147833494059,0.012230740341396335,0.09472841847525017,0.015036145392063835,0.00918962458654495,0.023951411709404458,0.01470822789349663,0.009783762698246438,0.007605288172522321,0.0007504498145424029,0.004561443356588664,0.007930549082711432,0.01984788550600904,0.002244481175238261,0.07467511578759317,0.0007026786765667107,0.00957340875803856,0,0.5924727621166508
87902,0.2760492230002654,0.0029782262540336696,0.0017562230075948123,0.009276565783845569,0.08260847760134508,0.02021894955737122,0.007611527578436719,0.02949696328103056,0.0077289435407554815,0.017477694571235096,0.001417376479399428,0.0016034896859827626,0.012109239112630739,0.0047221531509973,0.01684645935477065,0.0002648167075834926,0.0774727893547927,0.007942436884301785,0.008469735626562608,0,0.586051290532935
87959,0.2945052213527075,0.00878116614676354,0.02211475815741663,0.014830374115533545,0.08826176564606004,0.030008055265705883,0.006499572273784974,0.01367850531732864,0.004937878399000009,0.003153502753823418,0.011381809391985784,0.013727891675971231,0.008585924602220267,0.011491841247812567,0.014308019307115219,0.013115932728022634,0.0777158711111088,0.008186631333094567,0.004770603303862324,1,0.6500553241293175
88096,0.2748736031004232,0.003271554626702668,0.00690189723011883,0.011642124063686128,0.0934019138109238,0.023610313303161594,0.00799477419000234,0.03270056206672037,0.022317344185333505,0.010244379413053104,0.011310605448651218,0.0004820075049517461,0.0011060509266204313,0.0010194973237721797,0.01581444838334029,0.0027360014692320174,0.08701224163753125,0.0021296068098909174,0.0006816235909489373,1,0.6092505490850645
88106,0.2957105108301374,0.004295700428763425,0.0122270238995088,0.01035864576054101,0.08097047558671928,0.0012443883983279881,0.004881439638056538,0.02689265804511447,0.021586428098617678,0.009636082559833063,0.005472616360307817,0.005747770174422761,0.003156596377895919,0.017660269206293985,0.008718163558408612,0.0022188809172102655,0.08056473259650399,0.01095107496393504,0.011559517660181762,1,0.6138529750607797
88176,0.2944308936136121,0.0024346680647133697,0.0013015569827115189,0.020162741912428415,0.09155316277724906,0.021791380252349394,0.002554848033724095,0.02565240534511639,0.025061945879737407,0.005086444342040839,0.004300377995722844,0.012064649652781544,0.004787639457944973,0.0012661595354377434,0.008574547151684684,0.00507167832466793,0.08674775376839722,0.003540703588582813,0.004789256133959347,1,0.6211728128128616
88254,0.2616415084491668,0.007514060371371486,0.00330943089182558,0.023700740745229886,0.08095397689918049,0.004264845146691396,0.00042482000350312137,0.031201306284435536,0.012498874458115374,0.010617482130261233,0.016496937261061887,0.003235823415099188,0.026362887891233016,0.015819732319299565,0.020424559980043593,0.016042514250158305,0.07832750693370123,0.0019788272718283834,0.008863851251326625,0,0.6236796859535326
88312,0.29029492208757046,0.000862933455420293,0.009589564437758708,0.02137769855285972,0.09623705362296245,0.008557537560640125,0.007443948477623967,0.022071699239614606,0.025629721078650643,0.010696771375430274,0.013818364815618012,0.008905098719236688,0.003195041122905331,0.0025138505922086556,0.019211716687811135,0.01256463800350929,0.09527290011419373,0.009331978030585001,0.018664676651695015,0,0.6762401146262941
88353,0.27052645809315096,0.007370445224860214,0.00035864988013649813,0.024422541892321844,0.09110689130956376,0.017624122563129598,0.012333685883901307,0.017460861550713504,0.002273705427002684,0.008533385047450204,0.01628239964468077,0.011661097700084702,0.016104141608418682,0.0038916687938526334,0.019348095594573907,0.0014934355451561724,0.0691928855383296,0.005982286062906805,0.008165326882193175,0,0.604132084242427
88395,0.287852046287868,0.005216172950305999,0.0028053459784618093,0.02950863057680872,0.08941575910413092,0.03523345379923117,0.0035753629367074997,0.031545751451326126,0.004151682697351723,0.003137268445873474,0.0016255676519322266,0.0025705336051084072,0.0015517381850901576,0.0012079416976072345,0.01516426548486035,0.01319005644770934,0.07430577220182735,0.006566929087112344,0.024591926105672356,0,0.6332162046949852
88508,0.28606133817254253,0.010603050677211541,0.005408984302029165,0.00920166983770436,0.08642603012359067,0.013969736859411217,0.0055838448328445695,0.016858983959311142,0.02198338559072255,0.011598524267151794,0.009478383009273537,0.001607734692681139,0.01415775269563021,0.016990399504362808,0.016580094214893745,0.0029614744249317365,0.07169689977208381,0.0013760464949885659,0.011504836120656253,0,0.6140491695520214
88596,0.2804119447669265,0.010555768434346635,0.01291944477955136,0.006614824619452825,0.09856697989990351,0.02448448366498229,0.014934485011895347,0.01619162268299704,0.014465860225492969,0.011232651929809528,0.008849945839254235,0.0007231584646440551,0.009603383738586841,0.007162281460370835,0.002523670212046483,0.004050508717294901,0.08495766345744275,0.00421986058132254,0.000979097713795681,0,0.6134476362001163
88707,0.29915409872125415,0.009114594350175293,0.017966050704796073,0.018204546980949702,0.09781294569944783,0.023499163144828163,0.009744810779457718,0.02327328472423239,0.02005227624816981,0.0047534801787802086,0.00665720672390667,0.004028000368141883,0.004684464920396527,0.0009103319138943015,0.011742247719228929,0.004947432570236258,0.08036699241482587,0.007423194981743111,0.004203320199806717,1,0.6485384433442716
88723,0.26598208115815297,0.006332592461406366,0.011761420124945425,0.026049582584245577,0.08087972161928873,0.02204126165653905,0.004666896055288305,0.02586599959669502,0.003034342858099059,0.014944853277885426,0.004473647823967628,0.009294932454232291,0.013579642481083343,0.010580701818152778,0.02277407164380811,0.0012218288743929798,0.07107522575376736,0.007395122343550192,0.00022781164065776175,0,0.6021817362261583
88781,0.29454768498298606,0.009932423693979734,0.005340015766374059,0.030822799374476347,0.07812289455005053,0.02250932504914366,0.01982833238062738,0.030582263184814842,0.021877120060357264,0.011097385887644931,0.002996092901934671,0.019235251836643517,0.007004002806271081,0.004935894002080377,0.020403430128559257,0.009050578199015977,0.07642668912387887,0.003809413408751832,0.001810242080303312,1,0.6703318394178938
88819,0.27960961069221324,0.01265772708002098,0.0063657131242608675,0.012831175768792178,0.09767315036642611,0.015386234337841746,0.0036466654909333646,0.03491697787964241,0.009193950510843388,0.00528684562906567,0.011114793888782786,0.0015923112873995342,0.010919349724467644,0.006653971428155738,0.0358564728037583,0.01811319909909432,0.0634915232944756,0.004907762799623545,0.009625861711942919,1,0.6398432969177403
88943,0.2651982159652085,0.0001994074562135399,0.015118113687049557,0.008412485549083986,0.08359071944358346,0.01770172737774784,0.0019069524388234493,0.03632519122914392,0.02080776305604287,4.602028455288475e-05,0.0009444279734405624,0.0037875736447473283,0.008377785877698706,0.0025709242785343037,0.01726120001287064,0.004616890918885812,0.06475168392538411,0.00788522205001126,0.009730018612623683,1,0.5692323237816463
88977,0.269582559040242,0.004576666886416388,0.007200364734576393,0.027188952271675206,0.07505971007835645,0.027077533600924696,0.0017583360411843117,0.006393597343264058,0.02476169095373863,0.012113031439687161,0.014560045067764996,0.017339921120974863,0.0005315931119872441,0.004853602209502193,0.02915134733950986,0.004851504959426009,0.07268237486048912,0.008457896325219781,0.005021341095995457,0,0.6131620684809348
89017,0.2735980308716045,0.010988636913687221,0.000529360114855683,0.019945924747813173,0.10460386333860029,0.026752534778045314,0.006158200544041087,0.02924193494966748,0.00940822070045142,0.007417254478312424,0.000186975979494724,0.003613235058534183,0.006971963881077149,0.0038525338768432642,0.0035945793903507405,0.008935302803517094,0.07478891143024939,0.010226364140206565,0.0025050715803508726,1,0.6033188995777026
89039,0.287092577701942,0.020673215827298887,0.00029123557257754146,0.0016716729777958173,0.08633720602306487,0.031124248821866336,0.011823766751195838,0.02433121930538621,0.018604041308613605,0.014550891280035682,0.007002232204812664,0.00912201469723312,0.006007999789715201,0.012449190012272694,0.016128287413698702,0.008025350488655407,0.0664211303455299,0.004757864656838849,0.00917586227610858,0,0.6355900074546419
89119,0.2807296304969542,0.0030693063316838895,0.004069306909168445,0.02342710694201125,0.09259158323065635,0.02659623794943933,0.0038404714568558793,0.01537112844917813,0.024796044075457057,0.0027804247038146924,0.00813709716882036,0.005886628367810378,0.0038111435722657286,0.007382424490283317,0.009934872510886393,0.001492085035624961,0.0837081891960308,1.7540067550847114e-06,0.014198106258360668,0,0.611823541152057
89149,0.28578866483845927,0.008962118998860902,0.010719808991387043,0.013968579034949998,0.07088457103745587,0.01730869568667589,0.010050804313513434,0.014689117651322687,0.0015355572482450533,0.01995233932466531,0.011635169668805869,0.005469974505562974,0.007149988814781477,0.0007269809396155815,0.016815671937341674,0.015378248377067007,0.08485974081463443,0.0011924398337579498,0.010335501897907043,1,0.6074239739150095
89244,0.30247839549000066,0.012062821100256235,0.00489900586823336,0.0235573959544413,0.08465568793481963,0.021592410282592987,0.005391449134898014,0.020573776541213198,0.02645111290473326,0.011939259719122063,0.0021901184058658123,0.006446758969730785,0.00839550891019313,0.0171311083271949,0.005793409179810953,0.0017932643168352977,0.06599406524478993,0.008895908666200634,0.009533789132177553,0,0.6397752460831096
89273,0.2724126274606987,0.009954373791343958,0.0015582043335521216,0.01691404067718258,0.09683955185064966,0.02450527741676086,0.005590669885067881,0.02573913720147069,0.011816582626652333,0.010584872765506936,0.0018535155517539121,0.004470033652938541,0.00303007734300787,0.007913397140038272,0.026374187027229812,0.006064680221935877,0.0921531175469982,0.008205746283163923,0.005792926418395889,0,0.631773019194348
89345,0.2827940964224454,0.014456025529349322,0.0027308077860427366,0.02192913540574347,0.09598107956051995,0.03697440037880384,0.0015402357486953347,0.023648146185826103,0.016105263475091627,0.01895310869916271,0.015229236417876227,0.011623644166356355,0.005062994145654369,0.01122352671114684,0.02044589650544052,0.002409034064466739,0.06884282869880021,0.012607506394410405,0.016661933440997655,0,0.6792188997368298
89373,0.3016255121126948,0.01677034390167005,0.0031192335502133227,0.015234839490732247,0.10081401056504562,0.028125345684691043,0.011569101212498666,0.02032346100012368,0.02680070822104264,8.102186721596588e-05,0.0048077568193701835,0.0015610520679724014,0.014446038851027923,0.0018233654011194829,0.028154567996098688,0.007585817147177959,0.08322204951694462,0.010739632624633894,0.004379833696257805,1,0.6811836917265309
89468,0.3050924970985363,0.007819348501953951,0.014227894751071717,0.007281440570370303,0.10139274289335685,0.0201429851033916,0.0015429517475415901,0.025687641776372977,0.024347428852555433,0.002240722934852989,0.001857521263524,0.01508068464746817,0.0021670965037197064,0.00082525829326656,0.03214887299355026,0.004788521797618054,0.08534927362041933,0.0005494372070513967,0.002289080191173756,0,0.654831400747795
89543,0.2744626548984429,0.006511518768453939,0.01782472643053455,0.025715205404584628,0.09812916259268464,0.03079220482470185,0.004840880804721725,0.017291291176917724,0.023052493896401016,0.008391867429354659,0.017768406609813315,0.005090958486704192,0.011656639050777993,0.007377610194177171,0.01124983091703986,0.006705724112675772,0.05596185876236223,0.0030976971309766422,0.004402481392105188,0,0.63032321288343
89630,0.26888736282295844,0.0058560417175541075,0.006228007610759026,0.021270717553635046,0.09637490459539062,0.008032287522442507,0.0011129229123968247,0.027838515711514883,0.016473889186563114,0.0001670324351121537,0.005368492754197159,0.0065173636408703325,0.009647142150889352,0.0026355731967986733,0.026356195768546142,0.0038607423838218874,0.07957903223984446,0.0009732767505260732,0.015571547890093395,0,0.6027510488439142
89693,0.2664420855984544,0.0108254426882769,0.012079809548418486,0.034964690539004514,0.0953385831875974,0.025281302870634008,0.004965544504606095,0.0285054003841913,0.004605742974078943,0.0027985355530800076,0.0013927257423635249,0.0014595504347396445,0.010375009620073308,0.01773020770123192,0.024727372341761585,0.0049050624817654235,0.08155784447463595,0.017186627419984436,0.005989961710892048,0,0.6511314997757899
89697,0.26913502833032565,0.00774515421771132,0.011540089251747819,0.021128433315138515,0.08982797430876667,0.010303308999002801,0.010136776192687812,0.02663347774829353,0.0017780013260699924,0.0006310117174180733,0.00548451683080236,0.005084614388254085,0.002002004589829987,0.000974002715525429,0.019682349463546925,0.008239769194461519,0.08464517481940813,0.005888647941958136,0.00021256641035228538,0,0.581072901761301
89706,0.2516293826509655,0.008360011433840036,0.01589398365064308,0.027219269901634743,0.09603376293562438,0.03299494467416655,0.0031983015544319537,0.021033529645867008,0.014487815157517585,0.00393842608354277,0.013568945289147778,0.009412083170544332,0.0008138396867984525,0.002449963044913247,0.004021431343195476,0.0036699869481416655,0.07100203485714547,0.002902288383366295,0.0013004438279342785,0,0.5839304442394206
90102,0.2768644917071909,0.0005178172659837451,0.0022752391589744474,0.025428188254151843,0.08443624791401866,0.016410563147553445,0.0004718092429372846,0.016186976033800846,0.023096131580029808,0.004622991003272558,0.002237817411232262,0.00031875736145186505,0.0011797677053146118,0.004175365611037991,0.02081503253042824,0.0016846194143341265,0.07151152777289388,0.005037927313219993,0.002149446640110315,1,0.5594207170679368
90153,0.2895003216877054,0.002819398941478539,0.005290358043406116,0.0177300809708111,0.09176813781137515,0.02473353644709127,0.0047548052221379426,0.02818996995285639,0.0027779516300276363,0.0011190544541864681,0.019532577417049418,0.005084550596625257,0.00243215989244045,0.002012662922191075,0.013253625464037876,0.0002596951477657466,0.07954020836455328,0.002784718101074204,0.01569365026721716,0,0.6092774633340304
90205,0.28179490641428884,4.438896517570789e-06,0.003701732773509483,0.0011686399338805323,0.09814167403273401,0.03380511802304922,0.003524887149658663,0.026542710534361975,0.03078009520037634,0.016470461700344424,0.0024357403228244304,0.0022651579473164296,0.004734578696137366,0.0037501759876127578,0.02676997437094405,0.00411928326830686,0.08217041682466154,0.002075200802018056,0.006125686692827061,0,0.6303808795713696
90225,0.26562594872672934,0.004065937495282304,0.0009860735849775927,0.008815738015030562,0.094369700856087,0.027051372763563692,0.0054509523382823425,0.015131710310507645,0.01815147050719618,0.012101674781264771,0.00428024847135647,0.011431929745175054,0.003122760198701162,0.0031466012667821725,0.021691408905521986,0.005622055642813659,0.07387520835856973,0.002710517393509435,0.02192735968811918,0,0.5995586690494703
90263,0.2704780826957388,0.007698506879130496,0.0076337745144644704,0.018317241370768605,0.09633679509382222,0.01571213177331058,0.006588459069642907,0.04784816498308139,0.022201931351625327,0.007070260437016186,0.012555518876834489,0.01688384766173414,0.011499893286806622,0.01322798958806121,0.01109958562374151,0.0012482858519003825,0.07852390176207596,0.000902969901994328,0.0037048557346208693,0,0.6495321964563705
90285,0.2679813311418664,0.002847180435523169,0.012398580613532917,0.007234914511059263,0.08285813019376373,0.01964480073284401,0.0007356826664283268,0.02430743967858381,0.005879478917658561,0.014729625717064555,0.003002150609314931,0.01357012106072326,0.014093737792817569,0.004850366014110788,0.013373982953783557,0.00464145945716025,0.07188406190119898,0.008846579793904377,0.011175921502549159,0,0.5840555456938876
90305,0.27217424445575483,0.006572245700364163,0.00177278906971532,0.015444591648938218,0.09159308959259248,0.021999368347085584,0.002689595614515676,0.023221434047417822,0.013092592768685785,0.008593448990476527,0.0024812188764503184,0.010461504467430091,0.0018744255611625672,0.001459241477145681,0.017217939183262226,0.006069359428240514,0.06694876782642104,0.004168758894902563,0.002279242549194588,0,0.570113858499756
90330,0.2713912025451107,0.0005950975623330648,0.01709711096717455,0.02615917402133437,0.07740822186071421,0.034014478593317396,0.01003054813918107,0.03570304759371874,0.021480209063151446,0.008653248276179146,0.002999253321560641,0.006603420051820422,0.01149329000105392,0.01753517871508167,0.017980352365817295,0.00322275609474712,0.061185121412144036,0.0052109487530140434,0.0006091856085173731,0,0.6293718449459712
90424,0.2590086413598696,0.004011332045683145,0.0034348479813195963,0.022369828587206902,0.08533482806751122,0.007283120324365532,0.0052135476280286445,0.024545638033192478,0.024238577709399113,0.006094952027341949,0.016203118598032553,0.00285919934417288,0.003406830073344034,0.01078704490083308,0.021281810372721262,0.0021990366028088494,0.07991012700500671,0.012154519517218684,0.017832934386955525,0,0.6081699345650118
90431,0.29177856838784244,0.010149830138099128,0.016759309136749157,0.017944970792694068,0.08817245748983438,0.012898034544165986,0.006976487979879322,0.02467222700499016,0.01705307503129537,0.005338852140611691,0.015533510813793162,0.008939501420601579,0.006527588778095627,0.003113404180786307,0.01939459595403579,0.0023968749762986606,0.08639370859202054,0.010694201420188723,0.000748347715121829,1,0.6454855464971039
90551,0.2827354088389818,0.004731589526123546,0.005425061660672456,0.004120865058809949,0.07839256977457493,0.018189710801640262,0.010621174151773794,0.03358255388849938,0.0124458429441683,0.011828193536936512,0.003943095844187141,0.0022080891049825776,0.008349545626236729,0.001842940828019647,0.01568445214144904,0.009355229369964727,0.07800836737397597,0.007212668629815175,0.0018359408779423216,0,0.5905132999787542
90625,0.2695453449594495,0.02138086802289866,0.005639837568511226,0.004376637505204974,0.07309628686219824,0.0057989116406697485,0.0023345747842286077,0.029418113825625848,0.010659872155268143,0.0022355270383363855,0.0036113516765119516,0.002161832415531301,0.006266931015154316,0.0060963295214738755,0.012128684389987411,0.0047959875070446,0.06200647038810314,0.004762312514178571,0.012918453491603987,0,0.5392343272819805
90715,0.2591351000352569,0.013374720784541527,0.0013964979110790956,0.014386526424354788,0.09043064846257051,0.008642102070800227,0.004027684159749622,0.014590137512021543,0.011341044840939027,0.0071908992271678095,0.00913613336452952,0.0004159992785490015,0.0033786175922650413,0.0033889529667828853,0.013151934698253192,0.010081792940461097,0.07072483148109124,0.009362215408153976,0.0027654886852653093,0,0.5469213278438323
90726,0.27617633484001325,0.007316472898748867,0.005813875817698802,0.03520402038513401,0.09800317649768008,0.024000604765512846,0.012349082656519347,0.02419999310751922,0.02840564187545921,0.00925046808552827,0.00011062578550884087,0.0015513810173521188,0.000544091523134792,0.009736519731433056,0.02815825837834556,0.004813969299388293,0.06925564120823428,0.012363589245122413,0.0012440114788807937,0,0.648497758597214
90871,0.27861207887711936,0.012692842754793108,0.0030446512810538983,0.013256714223730703,0.07939272747851932,0.02521882468527087,0.0022471345400976,0.02050889479872756,0.020000581613799157,0.009366977467584152,0.0037207888384914677,0.0007145197057489966,0.013641572111797251,0.000407260430869852,0.002648222166325238,0.009745827446395029,0.05612764576899912,0.012492701436994574,0.011207758614190539,0,0.5750477242405078
90876,0.2784304625669056,0.008597301739799055,0.005244296643235144,0.01780810502927927,0.08954569111298481,0.012283053577059517,0.005386760895645551,0.0207846258850697,0.004853745423322068,0.006841386919351068,0.0016910255487369357,0.00879769690403193,0.004678449791195524,0.0021174107808675647,0.0031235480057103006,0.0033661642171974836,0.07768119724833007,0.014869455923820976,0.005794290226690779,0,0.5718946684392334
90904,0.26257710008008645,0.002769646263091216,0.0021684391712204387,0.018533038384718474,0.08855914291530216,0.02088742311277422,0.018965051690487462,0.018306677833400745,0.016038723435510525,0.0019324581104312392,0.003385037410808003,0.009811897320214471,0.003793742112736453,0.009727379285427419,0.019916312928910735,0.0005831623967068028,0.0635802316388505,0.003951930670017425,0.008402016099825453,1,0.5738894108605201
90908,0.278729797957203,0.010626495273417899,0.0022373139263344864,0.006840611790902905,0.07344135930963609,0.019973634248667566,0.00013525392532879913,0.021602473666515576,0.015287618527936428,0.004310309237360962,0.003256530572407394,0.0058427220307933755,0.0033004203299615174,0.0009431338960534489,0.01854270045942714,0.0078024119704062506,0.0701673158914894,0.002540845184927064,0.009982227269697616,0,0.5555631754684669
90923,0.2741519503333382,0.004667503807310803,0.004019915938083081,0.00975511245738355,0.09057488803470944,0.03448669542774851,0.009223669201069075,0.021161117804313175,0.017532840222141324,0.005998431121435222,0.0012483407443938856,0.0014447268581471227,0.00838051995680201,0.00785083524914493,0.012258400182016894,0.00047392060019852935,0.07282293439209461,0.0014024941545783005,0.0032332186487568242,0,0.5806875151336655
90943,0.28552735869134394,0.00092845792217001,0.013327465792548867,0.006338626293190078,0.08981898094750264,0.01597462582059581,0.00032546584127060227,0.020466408587463524,0.015260877241169823,0.010501921553190737,0.0054626817590118565,0.0021011769314159038,0.0006917903626417521,0.01244439063553397,0.015020014445473278,0.005201253224048567,0.07656876401524532,0.0017557575010999705,0.007449945969245942,1,0.5851659635341626
91005,0.2627232508974194,0.003230925971528447,0.006969863789135806,0.02363619138054645,0.09062430812383016,0.00829336440331302,0.01263893930108958,0.02237485404630378,0.004907845842973582,0.00705859102187825,0.01366362921455524,0.003570125125969862,0.002474952264577854,0.009722703636600733,0.01186498739578891,0.0025164773092654037,0.08018333556947994,0.004125842471931811,0.016679633694573797,0,0.587259821460762
91061,0.2675288601369308,0.0031976043340251124,0.006527066159483505,0.020763099059946142,0.0886999795761493,0.014888281800595963,0.002506523680225486,0.026121934060467488,0.02780089997915207,0.001018630485695832,0.0013678078373981226,0.009438342675549698,0.009789671756277766,0.0007361945581413921,0.029799822646366696,0.005029502358253058,0.06552048231630651,0.00017130830357670878,0.005411264781430779,0,0.5863172765059724
91114,0.296789655378653,0.009659169071137187,0.005909883983339806,0.006863142307687496,0.09265785760213625,0.03305487125752132,0.005667859351288817,0.027255799970907418,0.016300486877576636,0.0010032235673180627,0.0020589500031722874,0.002482458219876716,0.0014593245300399758,0.014016888133843964,0.013582904825484604,0.0019235432370101238,0.08846046324236702,0.010645714812596133,0.001112343172916402,0,0.6309045395448732
91201,0.27867890841430737,0.0007033020853101893,0.0012827688582802248,0.018343257701420736,0.08937384697576632,0.035238225812123,0.004121776591810003,0.016910323233852415,0.014432573793135006,0.008636339591679339,0.0006757076760176787,0.002278579433957703,0.008303949012672692,0.004396151867617463,0.021290334804793833,0.00043098718645986526,0.08033971323468259,0.004000939249980835,0.004295223574378703,1,0.5937329090982459
91265,0.24785638038002006,0.008785102132443358,0.008935106901691558,0.0022613336673654315,0.08498847542695198,0.0025287631543755213,0.002133219670625279,0.025632819753491406,0.0016647445137674024,0.01691210630440723,0.006853019386437037,0.0042675761335518245,0.009039152460968468,0.001590974414524015,0.0002931283602614749,0.015281487038302208,0.07723497711572942,0.0029495898211750454,0.011087171262620975,0,0.5302951278987097
91338,0.26715401814206663,0.004949823143152512,0.002867499247197301,0.01775537611193994,0.08183141054673969,0.025204385604737863,0.01161702684239036,0.023342154894751197,0.01559719494544587,0.01847977639938624,0.008335068025482511,0.0006632863203989747,0.000534249702415259,0.005480681588029778,0.008950614780825013,0.004705576206391552,0.08295420292763603,0.008073329559504572,0.016735208954564228,0,0.6052308839430555
91388,0.2828448909928478,0.019751737006817927,0.016321514504870703,0.016471616307506414,0.07764114965664261,0.008920725706617021,0.002594029241243582,0.026310717474113322,0.003168837883510135,0.0026368792062908455,0.0003296166332548694,0.006824973135288042,0.009605385016645113,0.00785064822566325,0.01327173255834456,0.0060308648750453265,0.08093405833789331,0.013014196176991484,2.459625111070496e-05,0,0.5945481691906971
91507,0.2877914396701893,0.0011982122527930779,0.01608769975873458,0.00547782727308833,0.07764661124285473,0.013763049660804879,0.007503553433789327,0.014195632317440775,0.00026617154704673885,0.0021760270259725822,0.026119066521569624,0.001587097448182865,0.02085897167147521,0.004531567790970476,0.011431701307240198,0.009608913187389984,0.06785203477445317,0.006063933824004362,0.013400976622852626,0,0.5875604873308528
91524,0.2706508941396105,0.0019531283471907754,0.0021094463371009505,0.014851809989279976,0.07609535373810478,0.025185645454192485,0.0009626928951121533,0.040220137832327855,0.00564645679076206,0.001468004442888062,0.001171223226863595,0.008591511368097543,0.0010101592984948045,0.01801595231494994,0.00727220654558989,0.005467347788086003,0.0576672680301298,0.008529574642822993,0.013567787720904258,0,0.5604366009025085
91587,0.29406506946470795,0.006084951392308291,0.005166570463151895,0.011577216326047662,0.09881815888260805,0.0016268575004179937,0.00634452278409694,0.04292657974334585,0.007648914004343889,0.0018227758828018488,0.007436405312923196,0.0020981493906398045,0.0031237960933178073,0.005502689952124167,0.02915321529212718,0.0026110874948284376,0.08121418694671215,0.0098543604354908,0.006941784022917279,1,0.6240172913849111
91674,0.2599291232292054,0.001688694625347513,0.0034412899104763403,0.004344574584014231,0.07877521800702547,0.014656688745505811,0.004042295755667701,0.015279625922278205,0.01618310626060027,0.0034451774349769353,0.005890101225953992,0.002333243624296014,0.0032474134073321825,0.011962642820061329,0.022843358413997365,0.0005089660057045206,0.07304512245752917,0.001403659582485037,0.004108879761490423,0,0.527129181773948
91690,0.2610387177725806,0.009133457806516646,0.004807862950529317,0.009263225678189031,0.09247415868368386,0.023649535206678354,0.017911242804370484,0.027641263132293658,0.020755372634062623,0.019443689711689926,0.0006037049395100789,0.007122763018736882,0.007831646798827006,0.016597269294279144,0.02331702247776135,0.014245143202586978,0.07904305350212541,0.003012176471001243,0.0011446369284690435,0,0.6390359430138917
91719,0.23943648421795508,0.003086079420672316,0.00814257681397715,0.024920488411055125,0.07447727162694454,0.0064933736210796,0.004067575623540446,0.020989811738686075,0.0083814916568214,0.0008160790635563973,0.007916690786623461,0.005592410998978073,0.005534932198077159,0.011627044386971807,0.02787361752059452,0.0037961271608914536,0.06774177073674621,0.0026073046781621475,0.000576704193278243,0,0.5240778348546112
91738,0.2890841362631257,0.012479102984735606,0.004694243220916291,0.01048006460322807,0.07976967173713799,0.020927314979749055,0.0016209999678458353,0.03175727560473867,0.020064984918032908,0.0022337801365883065,0.005920637320029537,0.004992692936367234,0.0016695605777662726,0.005633143916826523,0.025480334440777824,0.01186642938103976,0.07774157860121494,0.013105128211963364,0.014132186777300146,0,0.633653266579384
91806,0.2578371112634102,0.011471295353298463,0.006999466779474045,0.030731508781679944,0.07558839462224781,0.025400446460775727,0.007106550580683932,0.025895095541764796,0.0249001190975657,0.010731483936467947,0.014660016741590762,0.0056271628061947895,0.013022626330989221,0.0025763819976332173,0.015663293060573766,0.010372972577593382,0.0696474064164209,0.013500808445807986,0.017991923891986818,0,0.6397240646861594
91912,0.2918498081060671,0.012768615222076316,0.0067999541035490985,0.014791112915150697,0.08750457567909971,0.028698537779946704,0.006457716296903912,0.018607222335696234,0.014215704554996397,0.012446633548361839,0.00799995055029891,0.010015634739124752,0.004772456978126934,0.013464359168429797,0.0018239839821012106,0.00503787285864458,0.07115932273334491,0.012049750383176055,0.0047994787715486585,1,0.6252626907066438
91971,0.26672210682950165,0.0004402214023426504,0.002259668570327317,0.007763594583872841,0.0853189409284979,0.012838570150050767,0.008292928917820156,0.02574679599251746,0.019919892603302684,0.0026427008796068175,0.008406512576133526,0.0030872741521101817,0.010203998194783561,0.000937371012088075,0.013365514297455623,0.007790125854918929,0.06974592521706882,0.00010338691299569195,0.010221174949072603,0,0.5558067040244673
92040,0.28411908299314376,0.009429669629089756,0.0004766120316290736,0.03071188461155788,0.10521200943819224,0.01757263316245663,0.0032259725532012536,0.015206220336412484,0.009384066013448211,0.0004205910754027066,0.008558702641772756,0.002432995559363877,0.004993140532714114,0.004042845865623161,0.011004018920083063,0.0038004325801803325,0.07569514521826824,0.01148392592475042,0.00797243399111468,0,0.6057423830784047
92126,0.2676578218840518,0.008384652057550051,0.012870747157122503,0.009331674733364237,0.08492763498191096,0.028893064954853942,0.0008799880078425553,0.01270705471142744,0.01650517763558459,0.015633465909862962,0.0029005808743684876,0.0027357549450834086,0.005413154267153929,0.0033666606646630356,0.024222573546834693,0.0038492685495030254,0.07822381315405542,0.003844952809614468,0.0003953097473012677,0,0.5827433505921488
92134,0.2686935230375862,0.010839461375292595,0.002748792937832592,0.027047194649677177,0.0761234781726436,0.016885853820308907,0.01615464681984649,0.017162710946529353,0.011845366314043548,0.0036678977253234864,0.002959700916529915,0.009640078353418036,0.004597993576104225,0.022031294000008902,0.013188445420920786,0.011108611371862961,0.06397764776388763,0.008374378575538138,0.0019089900737278278,0,0.5889560658510824
92231,0.25100241785898963,0.013132674186124923,0.0004584693051972959,0.02536206399470579,0.08939245244605348,0.038230200658811345,0.004092604774527187,0.011900191317073141,0.02153742305408293,0.0183213285702782,0.013576476183382287,0.002516177126843126,0.011058146005601094,0.003474941168060294,0.014433482637652229,0.01533199816234386,0.0782671934717105,0.005892725303551553,0.005396087193478788,0,0.6233770534184677
92311,0.2724916545808162,0.014807286964823984,0.0033468484598573305,0.01656648183069545,0.08234256758540626,0.021961935585235782,0.009270601633478431,0.048056251594716895,0.022556753771980107,0.010097810381821342,0.004845649961753882,0.009246258117453146,0.00919475754603369,0.0073615340841491255,0.022763533200844475,9.243986439438322e-05,0.07561936522790458,0.006681739322524735,0.0018044571826743014,0,0.6391079268965641
92350,0.3024670191071508,0.009358312669744611,0.0013180865967272937,0.0022370593142804662,0.0909772846311978,0.031460867330721363,0.00027351358064639964,0.03102905115002057,0.011804386695209964,0.0025384357227442285,0.00606327503749936,0.0033621632708841624,0.008743645440060904,0.0007003487398289311,0.019306842582638727,0.002555869490535363,0.08455825113318553,0.007388759786147536,0.010285761804117863,1,0.6264289340833419
92419,0.2595387921138995,0.009351112894796539,0.00251969475363508,0.011018484799161123,0.0913464720923541,0.036986952356690736,0.0042577369073662965,0.02336992820272608,0.016878535470735513,0.011662589956495264,0.011023176449605111,0.004896922096758478,0.001280563300015545,0.0016688361987162472,0.018921084491439515,0.0041796237563844485,0.08963242228034908,0.017058941599097644,0.004206984100706203,0,0.6197988538209325
92448,0.25673423420650576,0.004008743902488957,0.0012144406423495434,0.013431253290274454,0.08402198465229618,0.03816909250404803,0.0038709314082133535,0.028036335598134475,0.014953387630757936,0.015167141928828318,0.005927158348249191,0.011541249040026803,0.017337003731608253,0.007097252917701504,0.018092499525303275,0.00849987644197214,0.06950672093726318,0.004501492434799755,0.011192701852617738,0,0.6133035009934389
92486,0.26875141907178757,0.013172718497084906,0.006156097142880933,0.01180022024587135,0.07282432288658694,0.016149555650019333,0.0028235496420966825,0.005337713616610019,0.009793692790422985,0.006504744889271026,0.001950538088056933,0.014051576042654558,0.006480702324982471,0.00809398232867053,0.013170922241696153,0.00942055205420097,0.075288354237131,0.010188197143286287,0.0019323772894521403,0,0.5538912361827628
92661,0.2594054872710169,0.0012153822211064989,0.01297442506495728,0.02144293675295477,0.07466900244320793,0.010214226597838421,0.011063039801387332,0.013179831167166168,0.009968931628841481,0.025487395262433075,0.005928413527305317,0.012892774845438576,0.005417941633629793,0.007268197889983129,0.018820121685124976,0.00728497929366547,0.06517379946101333,0.01213888528813755,0.0006816475142661118,0,0.5752274193494741
92696,0.2697497486717075,0.010792871824587475,0.002326771838368974,0.022876739961856903,0.10002481663599198,0.019354378975499378,0.003264212841236109,0.024968024664320555,0.010539906048953654,0.0033778402718592617,0.002933731542765715,0.005602357528233505,0.009418518311133226,0.0038287124917080694,0.01566422674582518,0.0024222021100269732,0.08186470341472908,0.0026809671625566446,0.01222850896040907,1,0.6039192400017692
92721,0.3047603681171041,0.0036802776143252496,0.006939895660787392,0.01658761606714582,0.09210416908009436,0.01887721670704114,0.0029117477436409116,0.0206405303409504,0.015582667508094877,0.00974849795070172,0.007271569879740447,0.0005473840769012322,0.004226407204848292,0.005016003751596426,0.006884858567141612,0.010450198768925178,0.06485729294283055,0.004651833265079684,0.02303256629829307,1,0.6187711015452425
92777,0.2915333555322704,0.0015769390025355324,0.011671567224569862,0.019871557632271903,0.07853442735845985,0.012815767048032995,0.005479425052929874,0.018413989618760597,0.0212148242554205,0.005391283741308081,0.0010762119507130381,0.0044248455385760815,0.0011099544511935133,0.010893945238463154,0.023804086386647556,0.008867543706085647,0.08423021455161975,0.004296619800688961,0.012849772445322958,0,0.6180563305358703
92825,0.2828843811483754,0.008495099583610987,0.002238465258427822,0.0296538862286525,0.10408162590840526,0.021400175624820997,0.004534207833287811,0.021853186816350595,0.008736951528865486,0.001473988664783169,0.0038593129155645844,0.009017405945067244,0.003350553787561935,0.005522094536661325,0.03152130259427717,0.013051675437605114,0.08956021770942833,0.008501517627377131,0.00390438603399447,0,0.6536404351831173
92865,0.28035738472356286,0.0036284367495324934,0.000494780913641744,0.009126818843804988,0.07082465944382753,0.014234006476252063,0.013421155191622127,0.03510054469194356,0.009685655666551041,0.003931552201463387,0.0015691169950662835,0.00218229319050772,0.020012850014861677,0.006499201821548546,0.03847006044251371,0.014769168422154902,0.07862526971383528,0.0021870145259180076,0.014947007243150618,0,0.6200669772717585
92888,0.2729161545234635,0.001245850144945759,0.005674032211718594,0.010711371144887263,0.08847150745148609,0.0022393321542765973,0.00757669546128384,0.03437267991310242,0.020451205420024446,0.007354314715020995,0.010685703845216226,0.0050314043823843045,0.0013580614037537438,0.002057430862228239,0.028156415711431956,0.0039031813162657835,0.09931794276781071,0.01160592879611558,0.005088271407571433,0,0.6182174836329875
92955,0.28924051714581406,0.0024883669141645293,0.0005302972706866673,0.007127542976132966,0.0998877225556478,0.003955946948477894,0.008124427579609456,0.037026725680087295,0.020988663022331915,0.013300645758912844,0.0013353327271211526,0.000158244992662585,0.006468531673318502,0.008732384681736824,0.01237741560735469,0.019010511199607553,0.07952109432629051,8.444705116172671e-05,0.004481602528587494,0,0.6148404206397065
93124,0.3251474195724916,0.010242626825215586,0.005049917630536903,0.017249705124427125,0.09473980057779068,0.007866571103572964,0.007425692463005466,0.03022000708988316,0.008098329439916783,0.003991178409097427,0.007750763832997902,0.006549667502178352,0.00372343874857253,0.0011124967477239025,0.0161509909538967,0.003204562945636727,0.09794094898690685,0.0061678161752854125,0.012396731657373181,0,0.6650286657865092
93134,0.29255754242634435,0.007595031611773107,0.01667927994677216,0.011506611561905163,0.08248326663152322,0.015391699013881389,0.016184017667621075,0.02519979399741455,0.016902637884319418,0.004096918855106101,0.003802387668714557,0.010345703711503548,0.014769491860116717,0.0036666760258763273,0.014700736236591157,0.01441400386081301,0.06564713653968084,0.0007602599983309958,0.0034506424017593947,0,0.6201538379000471
93228,0.25929008336386916,0.0019008562908897349,0.0013199130061489434,0.010537494766249161,0.08643271502945332,0.038792201516852344,0.0013512622002872915,0.020135179149171747,0.01684601741846775,0.006619890976113941,0.00978703732121521,0.011398987856374183,0.010855073456754571,0.009971306482599246,0.0006989070088827113,0.009023313843138014,0.0821618122735083,0.0008980058245311071,0.00552779755148515,0,0.5835478553359918
93250,0.249576644659154,0.0008271126796284184,0.0024077841401998748,0.00700701929287678,0.09009385498096477,0.027650797888705263,0.006939783556775869,0.01971693085721355,0.01400786992060924,0.005562505901207442,0.013125402472048497,0.020108410938267363,0.004722635138584608,0.022615820165479802,0.0149169778278692,0.011708124691826853,0.07800947851150278,0.0040926071150894725,0.005592228428962647,0,0.5986819891669665
93292,0.27460409676757425,0.01257331850561901,0.005150184171756693,0.025264657327860703,0.0739839667139263,0.021806481445217418,0.009217740128516167,0.019713630871929667,0.001604791449403543,0.01600808285615966,0.0206456418369727,0.014934986977030823,0.019398783295048905,0.001164087900997868,0.01140448768503757,0.009241922033912513,0.06849238465546172,0.002845496287691383,0.0212881353342803,1,0.6293428762443972
93298,0.2617942076739607,0.011035916222168566,0.004655076508298958,0.012354515821760368,0.07721944062908062,0.025555551922731304,0.004973118254020527,0.012075708693986846,0.012971045823227976,0.002586388280306169,0.02950000070046658,0.0035004956771029893,0.0021580828693699913,0.0020291151872864387,0.01087984727173439,0.009156865048882211,0.08739195211116944,0.01343242714388746,0.016403575354593306,0,0.5996733311940349
93317,0.2686766241426656,0.0013717697542661301,0.002109060857379327,0.015793338218287743,0.08563453612505355,0.028678243530397607,0.003221432049975458,0.01405155918172416,0.013177533875052334,0.009574686490156607,0.0065136947436472805,0.006681207681058489,0.0019561763601220372,0.0084258898717662,0.02235293155667059,0.009263376584230905,0.07362593015576208,0.005276730592419185,0.006940230308917812,0,0.583324952079553
93412,0.2871396600686929,0.005593673846453181,0.009731155378566453,0.027326018795573545,0.08445645194816366,0.0216951809566451,0.00886609759925346,0.026117963145934682,0.0451946278131461,0.010552210715809928,0.0011238326225829435,0.007814743225238863,0.004840340902677244,0.01548406937840236,0.02501602894693853,0.011206294772390508,0.08338040292792374,0.011135444127324803,0.0051200786134213885,0,0.6917942757851394
93582,0.2601740786710945,0.004349134993799357,0.006519335168828713,0.028646826749796378,0.07725121607446632,0.02025015022860896,0.004523644419441683,0.020874959684827134,0.009167320315750701,0.01608513992888861,0.0017202375132350167,0.012956290721429115,0.004252136946020844,0.004384969622739018,0.01933365830054818,0.003956172146539713,0.08258698145068913,0.0040974580986779885,0.0003778289974162405,0,0.5815075400327976
93604,0.25783060781178024,0.011610783366305779,0.00950200445114841,0.01764555798883606,0.07524349686531334,0.028549422953156284,0.0025413871182449707,0.013587052970777195,0.00525133682447623,0.019386972696164576,0.003282647345163627,0.008699705353323943,0.006000157616965697,0.005224761731187749,0.01798407427275354,0.004459077748648989,0.06618567866939973,0.004128310886324891,0.004525984137319467,0,0.5616390208072908
93654,0.2712663857929479,0.01534036906753213,0.016758387973191596,0.01400281752639162,0.07782659743038535,0.025574311718884964,0.0007662302560359779,0.0297188465282023,0.013347615069614297,0.00649284097652739,0.0023656674417755785,0.0034002295810586906,0.00825026564990904,0.0027076827972047613,8.091900264295319e-05,0.0002788203448581117,0.06829159760066512,0.010186087714020848,0.0009981151777826718,0,0.5676537876496313
93660,0.2853938287405509,0.0007875590679913466,0.008472906747774558,0.020104856077627995,0.08324958896062451,0.027823874548786057,0.022215970987172592,0.021152152437007136,0.020304014230211234,0.007771003573973512,0.006880287510430189,0.005661904190153931,0.0030027619254227767,0.016343020932562964,0.007949986235865665,0.001203922932804695,0.08626933857828024,0.0008197196951414683,0.003912544749994246,1,0.629319242122376
93662,0.2863962113554414,0.010279571357220988,0.010121673407958385,0.007570921653210296,0.09162555974099873,0.013033390022367645,0.007527651775233257,0.011526407140094718,0.025336914675071574,0.007160971518326506,0.0020759169268514148,0.010413768155524469,0.0009948917495326537,0.008958649672807796,0.02775747305019961,0.0015860265553587923,0.07611151752396725,0.004515196154794514,0.015487660517594985,1,0.618480372952555
93669,0.2650999196904751,0.005223684555712389,0.016067739700484977,0.016995592735987053,0.07807291152796313,0.01781706335830891,0.007127999413754151,0.023074357013892693,0.019925537471847894,0.017883572539917757,0.0027065264273748776,0.004922672553403825,0.004511403808145207,0.0197908630824235,0.015090198472080738,0.0068209728157576244,0.06637432196817673,0.002943918324836957,0.0016532369164261478,0,0.5921024923769697
93752,0.2641381766018867,0.01443567682001613,0.013144234951754501,0.016030449591388565,0.0917225268010035,0.02236528876866067,0.009570931636061401,0.023442364887322212,0.007346762432512174,0.0027133310741831998,0.011433802192662615,0.017369541131863925,0.0028467039157769086,0.00875401528862387,0.012461003340778645,0.013433055210988042,0.07525974740496878,0.002901865138004665,0.010121919089983326,0,0.6194913962784399
93825,0.284752874733343,0.00042917225703827865,0.0020769470387252725,0.023500592860477097,0.08733105389062008,0.019030746638711446,0.0039562644704270004,0.018597586378743543,0.015185363800873168,0.004078349641099902,0.0032286356818569902,0.0051919261512501,0.002161092827468668,0.002828424839169574,0.012924631107417843,0.00938381897586827,0.08271917308462264,0.0006207569838344482,0.005044129222369544,0,0.5830415405839169
93826,0.2752882157720297,0.005521817877053079,0.006020654000135822,0.022828880913252955,0.08159759920959431,0.011742468404452023,0.0037699027699894644,0.022368330738646323,0.013800118937380468,0.012318773598205391,0.0035612985506790593,0.006959472091753079,0.010761433984277815,0.003118742849648898,0.01889120064188457,0.012196974628273908,0.06435186000609493,0.006745858311789957,0.008508931276509224,0,0.590352534561651
93849,0.2643304438466725,0.009891591698824366,0.0010423592727492543,0.017522476322547647,0.0737548756160065,0.016969089373111493,0.010957885732655931,0.01320725179330344,0.01947760413073378,0.010884320428424004,0.005314221327244039,0.006517390112209234,6.345171977530525e-05,0.0015357773651911916,0.014830599573059681,0.004748796670840116,0.07655847638375742,0.008496250041061018,0.013668757328512008,0,0.5697716187366789
93880,0.2856565748906911,0.006229535628398252,0.014853261018095105,0.01590754665436577,0.09264465314980466,0.023290962623168338,0.008722233268998833,0.023410744624706,0.020528942035039098,0.0032286324871388327,0.006153625331972199,0.007540978586205566,0.0033793480073539563,0.010214573721169249,0.026737606567105995,0.009940899534393912,0.08592182773218646,0.009390530370145572,0.014007860553257118,0,0.667760336784196
93953,0.2702266076946285,0.015899805092356212,0.00025161146655751213,0.025571485206493716,0.08799782947269949,0.0085269638104787,0.0066870821014517415,0.020968327778182777,0.021226324933712334,0.005447524827856499,0.0036484634991812365,5.3348001562652905e-05,0.010846213358357016,0.01297723010259164,0.024162832250881623,0.005008013615228635,0.07937275367435391,0.0009242023431019058,0.004550266320903988,0,0.60434688555058
94023,0.2747845642894932,0.011437416622860302,0.0009768321998081548,0.019600129047298184,0.09143918308150471,0.02367791844476643,0.009061598244066065,0.038566113259899316,0.004149332603672531,0.013274699462132068,0.010306142862388273,0.0004503540094082644,0.003737848690652195,0.00011725727016676681,0.010206691801186966,0.013065625607799723,0.07137636059366165,0.004678253320449502,0.0008368728967659601,0,0.6017431943079803
94051,0.25207443502907023,0.021043652961533484,0.005899202612941272,0.005766217152779878,0.07754281955272117,0.011513704315061721,0.015687714659381034,0.02527772841773432,0.02474912986471312,0.012204360232163128,0.0016929270834696805,0.002898906973704067,0.0011955548782295112,0.004133505907852888,0.0231527711839225,0.006755228865618788,0.07199801419101429,0.0075197003229829544,0.0031045366364689606,0,0.574210110841363
94156,0.27884255870748914,0.0014145349144011198,0.004310897775706162,0.012513919455457205,0.07853188230835019,0.015087255882167812,0.006162936842436961,0.009364756075936368,0.005191589544951238,0.011638351029188376,0.010245927329608596,0.0024176458774969986,0.0032279314689608552,0.0059383083222933905,0.026418149275021653,0.0011056269034236546,0.07137660609388348,0.013340840611489256,0.006025556769501461,0,0.5631552751877639
94277,0.24822975177505774,0.008918236822505522,0.006527602473937383,0.019176386827289178,0.09673757552756274,0.025980277696528848,0.01403097958004715,0.03423057907033225,0.019345439004223034,0.002335625090915553,0.01133282102988518,0.009493450736460867,0.003616179817149869,0.0038772543265216067,0.018754432523516915,0.0012016661067094836,0.07385803646794925,0.0030219381917054497,0.005132313969954707,0,0.6058005470382527
94300,0.27807628967187814,0.003911187408134652,0.005573719534497572,0.014344501657173391,0.09599592102731648,0.02453044274403635,0.011410695255388681,0.03257601158916669,0.01210585011705152,0.0026297865418713085,0.0094311708401952,0.004074011703877444,0.00615685760110865,0.01587333701708986,0.0004898732699849102,0.004317880539827297,0.07258112366150223,0.0038332910415750606,0.009784600116769461,0,0.6076965513384449
94344,0.2741047900156762,0.010336561950481203,0.006082814165989365,0.022253885355397945,0.07096365837799096,0.012806509649821229,0.013424311939999281,0.031550057436696866,0.0016636677770510996,0.010091205821096542,0.005193176209693939,0.0053763480223142516,0.005905017913316973,0.002273437813680768,0.02965789584912796,0.02195849787546913,0.07176655949213225,0.0003299545932510475,0.010591115615548886,0,0.6063294658747359
94373,0.3007026764191382,0.020158012374211855,0.01522254253555318,0.011423360161438134,0.07676468001508396,0.024418315594535542,0.011426006524555683,0.024628586917407512,0.024740747765607175,0.00034056691257826826,0.01316925873315819,0.00960542718058123,0.003428484524468414,0.013957512833171547,0.0018047623443229921,0.006897280793343924,0.0700090603589936,0.007248731428567295,0.009255705296550147,1,0.6452017187132669
94440,0.2701539705912798,0.00996992073839647,0.001374610935605749,0.021514901738464154,0.08628347102918003,0.0001515133598506165,0.007447207764001016,0.023959013611882827,0.014398139439255638,0.010315328735170552,0.012291406784086956,0.010188949118985373,0.0069703412626042115,0.004535621406466149,0.02281564834504133,0.0010878588509363734,0.07179022801818517,0.003147316544272672,0.004586317788578292,0,0.5829817660622434
94448,0.30768487916642645,0.0076393702777765166,0.006765085109269885,0.013453857689211526,0.09207862397314982,0.0005524448616083315,0.0029296783028098755,0.019747466634788963,0.013188702918766145,0.011039590422593061,0.0068551494607454865,0.0009074613629422877,0.012842306580659728,0.002117203873848857,0.03287532830528516,0.0031279902297158993,0.08825332411365859,0.010491752519369726,0.014495378477487483,0,0.6470455942801138
94467,0.27363726881665956,0.0017683725174170986,0.0014737639405007742,0.0012634941380928247,0.08711795238620142,0.0011421630063811142,0.005964152718195041,0.04184005016805129,0.022044069999469333,0.00028873266790442387,0.026922914348370252,0.009104239922756946,0.0023282647987095933,0.00803051830665328,0.01858899591545037,0.004128265119834848,0.08294260398398044,0.012631419631294029,0.008479110148258523,1,0.6096963525341812
94469,0.2748311184423862,0.009021622377465592,0.008132719705966943,0.02217014238251161,0.08669998537774237,0.01983019501621242,0.0065705139970807964,0.010530335350094774,0.010788309895236086,0.01053484755218841,0.016150288882069323,0.0019419786144147559,0.005340131685687605,0.009012536524214939,0.01414208909104553,0.0041971070737244695,0.06115775806859573,0.010007179642884365,0.008910658061694138,0,0.5899695177412161
94606,0.2867541393857449,0.0069233225491524735,0.002477504036775901,0.017310142352667975,0.10264810924630376,0.027799286168937763,0.009682770342165224,0.01385511416900872,0.01650245790527341,0.0045368796367500856,0.00586792746883477,0.003144596455980465,0.015919216026525636,0.0024861769221008706,0.0013427295317554675,0.009243371581566809,0.0650426436245564,0.02112018663230513,0.00657572580859912,0,0.6192322998450048
94731,0.2588823267909278,0.009000659218309046,0.004572470216422934,0.029509565816741364,0.07462041177492416,0.017390177984583824,0.01356926388731685,0.030072450924628236,0.0018077601308342265,0.0027046327362198926,0.01063608640175358,0.003615727103521279,0.007376071192550374,0.018018402001894668,0.017022362488616324,0.006260373164487431,0.08787381933454,0.016019061409422556,0.0011532806678248271,0,0.6101049032455194
94808,0.283497389578153,0.009111852490617096,0.009926730434950471,0.007884055183415435,0.0904465064192355,0.025791589577721603,0.0030169515344709826,0.025558708198541683,0.019106400779553463,0.0005312175230018951,0.0036660706493819323,0.011915115286439773,0.017114038100912297,0.0071961732504115875,0.007882293925510472,0.0003627438772211802,0.08368091828871155,0.0039974656280415705,0.020229585536353126,1,0.6309158062626447
94848,0.2701341527787995,0.00933862691254279,0.004213672329848153,0.010733602632578231,0.0948323861663381,0.008453055497161131,0.004768711463757692,0.014017019913416709,0.017694796548727815,0.008682492324018926,0.0018028330813609553,0.0018074945007422766,0.00463858889437227,0.011182365396712877,0.02959760534744867,0.01764941034319339,0.08179286285221588,0.003650961423304079,0.00684262259160125,1,0.6018332609981407
94874,0.2709455034403518,0.013657444322009108,0.007989906486222586,0.010210566877310229,0.09051388721912444,0.005018691824945322,0.007862697854133283,0.012965748092911143,0.006373117428840796,0.005442123836944596,0.002510973123998983,0.004981966902438214,0.0033402222282855457,0.005264612280640545,0.029033501305065573,0.0008892739267491954,0.08061719039625495,0.015299567699819435,0.014016305229638959,0,0.5869333004756847
94942,0.2732133800637179,0.006813324675194048,0.0060017338933056425,0.03262386841672872,0.08342225792213066,0.015183808410145086,0.013055000107144749,0.026278191688211897,0.011102922385323531,0.018443254125559427,0.0030621136569209417,0.007549786100147458,0.004532894677251558,0.012778581683900924,0.012978689470775243,0.000975245962153621,0.08208948852320265,0.020878819038313772,0.007869198014155485,0,0.6388525588142834
95007,0.2825737821251898,0.013704480213180919,1.1358720778157939e-05,0.01355990767788922,0.08830810781892003,0.026430214901584665,0.003819285950045405,0.011639978998564527,0.020386516610022307,0.009841505375598157,0.00880758649625494,0.004154027859097646,0.006054131758773193,0.0018292892699117852,0.009568342943785774,0.0003929210926528979,0.0841265070695757,0.0005431029929620477,0.0018171328126357477,0,0.5875681806874229
95043,0.24750731141360846,0.006525564542304839,0.00227196444230833,0.02111122825365665,0.08244100238294157,0.01583801786640882,0.0017029594094583093,0.01616405216060548,0.00756758653210038,0.007095473805997635,0.0004373319121695948,0.0064375980037402625,0.0135363320322617,0.004444821086491795,0.024324636040562776,0.004895062130826984,0.07679412910343171,0.009475804893223614,0.015811176109977065,0,0.5643820521220759
95196,0.2971967768738923,0.0016086760338413445,0.007324814737505446,0.01573532549801224,0.08079625927155373,0.009248481528588929,0.017262473848376068,0.021360094425555257,0.028644915575928832,0.017573247263565222,0.00428942103582122,0.009815294240812969,0.007088798815691245,0.007837126524730481,0.0026706962590298928,0.00026173024746894605,0.07462910828457985,0.007026568368345642,0.011527700852654718,1,0.6218975096859544
95235,0.2840373565598628,0.015306426762563522,0.009819026172634615,0.024370634835767506,0.10484117419352441,0.011752612122208256,0.0035918025890405644,0.03189891279253739,0.006184118617145545,0.017946255130665934,0.003617482185480184,0.005680955577756052,0.008680339815719997,0.009373005912666125,0.0162045136532265,0.006213002893058407,0.08445569996469753,0.009552052175278712,0.00647177075159098,0,0.659997142705425
95339,0.27965561344258294,0.0012638812923719013,0.0023235775045526907,0.011380422095605199,0.08560007405623081,0.01281687512997157,0.0017428057206188782,0.024118552944680214,0.017545382515243627,0.00130672745809836,0.010443946664662468,0.0135228829016749,8.895465316505384e-05,0.0007539511862997958,0.021017310567969835,0.005251995137426218,0.08351141942042291,0.012392734153272243,0.005530465757395298,0,0.5902675726022449
95406,0.26132031470979356,0.002977471492936028,0.00957230339050044,0.006389963637332257,0.088813480920788,0.016159906657178005,0.0011287848183519963,0.021790072701506652,0.004395724392940708,0.014005716937077877,0.005520958936378481,0.0005480454474113443,0.008037814993062296,0.0009325848638304194,0.020100791903128534,0.002030249683866727,0.07535319600390845,0.01383480976728793,0.017950061734571945,0,0.5708622529918517
95441,0.27539330962598535,0.0028400628535466235,0.012429592518932903,0.029502222241012618,0.08773367095673845,0.016977972686691347,0.011696209298162988,0.017749033568337586,0.0141606272224616,0.010963792058293568,0.008410264335269094,0.011114001143675552,0.0012481555900747466,0.01959937936233975,0.0030276185814642185,0.02213070477530724,0.08678286340847201,0.0014373161636770276,0.009066131373033161,0,0.6422629277634758
95481,0.28531275822166635,0.005699182049852791,0.005395492689308028,0.01771383780380033,0.10047696652258781,0.019949395357160376,0.015181413530045972,0.022070676949389977,0.01970810169663267,0.016921672345611514,0.0058129560272905485,0.009892973212836305,0.0015312269372349866,0.005594976027988775,0.01126919048057812,0.0016130423065916603,0.07487965046515481,0.006706961694159062,0.007940986296139256,1,0.6336714606140293
95618,0.28247034231811846,0.009251739473954997,0.0006397157071956423,0.023977933536777844,0.0791264034003808,0.01936475100817265,0.0006394178270824543,0.01689078625414247,0.0002172734266483823,0.008067789172042168,0.0010699851194098003,0.008505385139825749,0.007941648224765858,0.005595216673377663,0.012319148455431866,0.005480104501709535,0.048835269356834486,0.008605177922609076,0.0034759723457882135,0,0.5424740598642681
95778,0.2990865022826385,0.010885626120194057,0.013920917694023049,0.007582350371956611,0.08352485233335576,0.01709253533212262,0.004376281222287785,0.019094904248802096,0.019061393536059165,0.0072744274280340275,0.020640558590224862,0.0023512635251226547,0.0030993650819804487,0.00022405882702316012,0.02429385450142759,0.009735898016020693,0.08175685333366467,0.00428902931583491,0.0012431336053275485,0,0.6295338053661002
95790,0.2786681820250125,0.008480924837586216,0.009182729846831482,0.01217568889848404,0.11095887195755368,0.020919274097484668,0.00047368945973514135,0.014636579975407555,0.0033264382304277335,0.017640144994175426,0.011756173453106401,0.006048167629663634,0.008131864072549212,0.006013268093488408,0.0007188489413965734,0.0027587288783902124,0.08149299282694496,0.0018032107509486088,0.011041062884221835,0,0.6062268418534082
95840,0.2755403299295295,0.00961523596304,0.011278451205192472,0.010533852442045875,0.07915218734614671,0.014491701869466484,0.006025839432757688,0.03295632741793804,0.012861182494756896,0.014511948695090229,0.0019523297893623958,0.008272567426057292,0.0011061699355788416,0.01022033841087656,0.006277832679708644,0.011553830058020909,0.06400437367197312,0.00861981061102494,0.003832865958378593,0,0.5828071753369451
95855,0.2731127094004549,0.000863640876813139,0.0013351855357874314,0.02104838913919902,0.08131901653722014,0.028718704694671228,0.008151288027799136,0.013898484296385249,0.014642457852620324,0.02296007880458914,0.00897778486366216,0.0017025171024616687,0.00945364148423487,0.009310519902331888,0.010505549986593615,0.0016253894096972387,0.07994860506835431,0.0013097796054825125,0.01610653389855699,0,0.604990276486915
95896,0.2915524229738525,0.013457780993213122,0.004750461767109544,0.012793831702985854,0.09405569483257381,0.021285624682484575,0.0009510787552112059,0.026568756076672112,0.023927104993672423,0.0034782538168037515,0.015181704185866193,0.01192348085333275,0.005305765777275259,0.001278536659656665,0.017639212203453068,0.0041760218570476735,0.08128301694479845,0.0033268417779789322,0.013965689527118116,0,0.646901280381106
95926,0.28564734977096323,0.008009531604116483,0.002326742512819396,0.01985264850949025,0.08306689524761719,0.02713052365788854,0.009796710316682044,0.034534843945018115,0.017601793599966106,0.00043778541877002815,0.014699334052115952,0.000974669266777258,0.004298923058661983,0.007820863646425518,0.010611870339718128,0.0069142705612439065,0.07358630047541966,0.009899126230772416,0.004469828819580076,1,0.6216800110340462
96058,0.2675889862539134,0.008096633175707144,0.010162247732620679,0.013149909943448302,0.1092860551660623,0.021381288436800667,0.0033021279457280863,0.028014650498148552,0.012090649964984932,0.00532445886663462,0.009628438135817324,0.009866510766295678,0.005709595978670931,0.005279709658857937,0.024703661175537742,0.0009745312518240395,0.08728405065625096,0.004933610699336264,0.009219449584988748,0,0.6359965658916283
96194,0.2904643126656754,0.006539130111231028,0.005022316516376923,0.02389790604997228,0.09308524723581667,0.0304061064232222,0.0028671284143560118,0.023549312533188906,0.01709204105860823,0.0034144566318782044,0.0009856780600657684,0.0024570907810676735,0.013903450658771868,0.006390967599159383,0.01676864861199018,0.007847253746041134,0.0923078821372252,0.00014086865212912993,0.01113697831001042,0,0.6482767761967866
96199,0.29123891429684984,0.010919662193031157,0.010577026094610396,0.019494078361101647,0.08772633944490892,0.029674322235509167,0.009023390285254155,0.031245360661966728,0.012619546903412318,0.005248359060436132,0.00409656618760255,0.009456733024735292,0.002307649268699514,0.011259427711468966,0.002651016967076532,8.362879149417269e-05,0.0604178664793039,0.0029448522402024655,0.005176645202205304,0,0.6061613854098692
96223,0.2817022796521864,0.018347135198990547,0.006425377536937941,0.01811192834243788,0.08203144875636548,0.017999851713720854,0.00035405399657515254,0.020427150216524543,0.017938736691995517,0.0009353670420934689,0.010158449011607945,0.0005014033807742035,0.007526743255906198,0.011097427613707805,0.019677571508327506,0.005876314064885731,0.07852379837742243,0.003791726400392558,0.010472523036111197,0,0.6118992857969634
96245,0.2821646635654817,0.01876477459306234,0.012667658211365953,0.019178997396768604,0.06301501977857184,0.02454558482043653,0.0010179518508945937,0.023994701938223267,2.723237035166545e-05,0.005594096415581804,0.006888997947788274,0.0012376528185158821,0.0033743851188234144,0.006410468978906909,0.018425739551434863,0.01100822684640214,0.06915145052664674,0.0028326890512530216,0.01618344399408147,0,0.586483735774591
96282,0.27021064737887485,0.006476002906094126,0.02749433688122468,0.02126603145641829,0.09001470037937521,0.024787406469098414,0.007087383250195207,0.02808476672654549,0.01045692384850449,0.005974163751330776,0.011755343533425664,0.005603882884467514,0.007315761404409252,0.012303232838210653,0.019015497399262647,0.007800239568665579,0.07157837305431003,0.0005316302155893373,0.014260549725056032,0,0.6420168736710582
96350,0.2687417628611602,0.002092640960651643,0.001854854693863748,4.972356293918384e-05,0.0996934401064146,0.03169449351485067,0.0002600795092860264,0.026091565808279763,0.01290818307328757,0.0001668069060706267,0.01931743866725,0.003420267240680925,0.001789334380338812,0.006115381611503662,0.009053041770778992,0.0086436583021347,0.0738454008120006,0.0005041483932666147,0.005820564827266784,0,0.5720627870020251
96388,0.28291725444484755,0.0035537379973670587,0.0063125096119257046,0.006861266166525497,0.08479813629136854,0.030947038126996246,0.016744478867251823,0.03361328368431006,0.019075384743751974,0.008117900857306867,0.00046421638461446803,0.0005362562223061683,0.0038519251967013063,0.0013439135001597517,0.004203569616389785,0.008894125391945428,0.07541214724472155,0.002469890399979327,0.0050703114294606225,0,0.5951873461779297
96492,0.26737348769553954,0.007907824451087033,0.014431131299391295,0.01798471996770555,0.0996074884361563,0.020962703925408704,0.001405811685820325,0.026162379232889176,0.020061254384299294,0.004686747006451191,0.013014482942632966,0.0014649085209591404,0.00189168836584743,0.005809372556049736,0.02004825706536386,0.016281432484714333,0.06821565939737359,0.0159446873999507,0.006238265138396326,1,0.6294923019560364
96545,0.2777908938771412,0.001953274600176778,0.0022841540852680535,0.033373647140732085,0.09077455637444885,0.012593267278452972,0.00414509281748125,0.02273713991395979,0.01582498725806184,0.006439230359122634,0.007120124991253143,0.0034670131864465124,0.007715263342115093,0.011185206573545103,0.020241880674170418,0.008239532302623405,0.08204544263665407,0.004094090178696836,0.003959188895839239,0,0.6159839864861892
96607,0.2922688046580046,0.002884658556956371,0.00228753344858562,0.017143181082226434,0.07927910261814805,0.017149052605899936,0.007629310190960737,0.0200978028231421,0.017885601654592853,0.007151102569484081,0.006289605603083873,0.002860597948322085,0.003581941558081099,0.012542880586430726,0.007498608854864295,0.008344514281808879,0.0828026205844061,0.0011490857095950938,0.0015919955265231037,0,0.590438000861116
96663,0.25548348397567094,0.0006286221914108939,0.008025020657179208,0.02052722308816622,0.07977645790818645,0.03035675468540097,0.0026224997806491086,0.029404510638271996,0.009288190884823676,0.020325841807327896,0.0062216890774776145,0.009216349993338948,0.013221705632413478,0.0068348974219375885,0.021497391510004946,0.005152735911665239,0.08027261932597296,0.0033312094513851813,0.002258749538523894,0,0.6044459534798072
96711,0.29259735063309783,0.00260697834693017,0.005021334304151026,0.012531459780342319,0.06571348745400894,0.006832617879739832,0.006337345805610971,0.02409514509118665,0.017499365626344642,0.0006940484175655843,0.006551692039011534,0.015132202422771985,0.0031203254310636338,0.008531911692375998,0.00783302232148063,3.0037878965117467e-05,0.07252293378016882,0.004587922039672002,0.0010559107472667996,0,0.5532950916917545
96804,0.27222238785326763,0.007720940446772541,0.000466004521599987,0.005299589253372967,0.09054817753707133,0.013149026511248744,0.014786222328464502,0.025392413951185796,0.014742226576608413,0.005025411671799828,0.005770395103524979,0.01080884397808574,0.0034216149629398528,8.348903934181527e-05,0.0132605338088289,0.007731420154667024,0.07991550798556844,0.00748737761278156,0.0008526200466223495,0,0.5786842033437524
96817,0.26813535418664824,0.00111668981768601,0.0022753927806569902,0.0036280973651938676,0.07993694181348628,0.02672370564513989,0.0030708157286869356,0.02487001945480678,0.015940553137040965,0.007628434324380565,0.003805938222235934,0.019504771209501906,0.0029148491184953743,0.0001846789162096925,0.019405969450568928,0.005776053331811422,0.07782588264170799,0.011924712717128623,0.0009068791339280545,0,0.5755757389953144
96829,0.274927209086396,0.01011688110817523,0.0013666492759006098,0.008554436340917567,0.08856639157051767,0.02669642078109322,0.0019893084964783063,0.02529773488168439,0.023611119498277378,0.01798433718508423,0.004421954638498427,0.006357658399108976,0.01017843712549982,0.006319460490125473,0.016761892437310758,0.0021455550013911797,0.09417075877934543,0.008455072919615099,0.022074824454574846,1,0.6499961024699946
96832,0.27074929811542303,0.003522450442677346,0.002385130040203823,0.0008944120284561823,0.08711683205265514,0.011589760083300461,0.005719412432348004,0.02508621648049051,0.013285194198979867,0.006719132025482038,0.004058460234861792,0.00905466487395753,0.0076576534880574395,0.00883213341707438,0.03136244064260488,0.001642436932283463,0.08434444353983253,0.016075997965262896,0.005230833316140185,0,0.5953269023100914
96906,0.2691616282994269,0.010150665403910896,0.0034223468277421007,0.014330990242621185,0.0698887226170133,0.01671229793905427,0.010850818418284716,0.01889511810334002,0.022071895327475905,0.0029902263784529885,0.00664774092662294,0.017104253885066888,0.004295357962626248,0.005033027972075443,0.03163262158179709,0.007468175098778351,0.07305984744770047,0.014368487850284196,0.010445150765987794,0,0.6085293730482617
97069,0.25440718054441597,0.008728613945646115,0.008814666991960521,0.025910837331485453,0.09577652474078653,0.021368911088428394,0.002709175951052607,0.017507892517987237,0.013685315324607355,0.0014964885434418224,0.004247916355604989,0.010504697384400971,6.094668982165339e-05,0.0008677320312384752,0.018389260026758437,0.012211210579870041,0.07777570673956857,0.014241010236774855,0.0063444875715380315,0,0.5950485745953881
97082,0.2816228432630701,0.006851408402428351,0.0011983768108021397,0.019441118121106583,0.08234906515772739,0.019668101182165422,0.00511400296656377,0.02145686290293114,0.012221308893813966,0.01079307205082658,0.0033057107460574262,0.004694122707340745,0.002201018264987448,0.004429188101638474,0.019276721111782854,0.001444941778645495,0.07207367853036514,0.012498307679627953,0.0028074586028460405,0,0.583447307274727
97120,0.29007549484660156,0.00390714613463291,0.00495200742228312,0.0186449305887115,0.08765375809728657,0.030312892878920552,0.018939763593593197,0.020490979088955648,0.019434864759489134,0.009172012279884234,0.012836370209355479,0.009844185877132695,0.015904430104885136,0.0051852168091130755,0.02106095113304229,0.006252470859816001,0.05302412196361649,0.006088032509195958,0.005670278294774715,1,0.6394499074512903
97121,0.3034180999902778,0.009180621792986296,0.0005695800976162668,0.019650087971170144,0.09967921058739605,0.0347637461606763,0.013597920955890871,0.024625480123201312,0.017077506253028046,0.0032932669801827266,5.539100035397018e-05,0.001645101051592691,0.002256322109082994,0.0051222884694837,0.00914098915370316,0.0011578033876699229,0.07743395260379074,0.005697939610348561,0.0014712966900964335,1,0.629836604988548
97191,0.24946915787730956,0.002531154160958446,0.002348300357077349,0.017522037206399166,0.07111487877780251,0.01879428819190816,0.007122880283044697,0.023002480862923856,0.01464765299563237,0.011346785450266298,0.002618048816742388,0.013759118056885376,0.012594086064872799,0.007356905471642867,0.015531020624721987,1.266960411189597e-05,0.07696653690196084,0.00047119183269628913,0.012772898759793249,0,0.5599820922967501
97213,0.25717171761678775,0.0020444626242625435,0.0012086134721157038,0.002407505673656665,0.08091026080922468,0.019100272682602556,0.01543946588874195,0.0335196658313424,0.012318556302739921,0.00578358025134828,0.005742819970092126,0.014844853994765405,0.003058600547864197,0.00023644471317398727,0.018144395160997397,0.005749352360156134,0.08145731839615922,0.005336437303410741,0.00145679590167857,0,0.5659311195011202
97259,0.24674313248047208,0.0013984600948263217,0.006268538404231325,0.0072985060887771885,0.08857738686391271,0.022816879636731388,0.009446599990299315,0.01877176190015916,0.008624940998241765,0.006321421614140449,0.010899239738643905,0.016464225960076052,0.00176189465797616,0.012549795085165419,0.02686266601322552,0.012113806189560532,0.08402747758451919,0.0035660782083608254,0.024448070084961547,0,0.6089608815942809
97267,0.2805264364366233,0.003640789680939229,0.009622695862912851,0.021292471224499235,0.08723381688610489,0.017017355513921535,0.0027714894957123113,0.03204918763936391,0.02911528156408175,0.010396721811773592,0.0049853962349958435,0.004376848951649465,0.013049547775815698,0.006164002870483339,0.01594791929496507,0.017284768479889457,0.08405833190324737,0.00333673963301775,0.0030813811062959363,0,0.6459511823662926
97311,0.2502210464526792,0.003649312179903127,0.003904086739701926,0.010439796933919308,0.0762748549506091,0.0038357819376451255,0.01936913432622983,0.02677539936254053,0.0003125211988757032,0.002158399652857215,0.005314774274781103,0.005802767894066358,0.006517242298324033,0.005438795171153856,0.010528390791457733,0.006561176815077567,0.06672379759063851,0.007359499315374359,0.026713741888691783,0,0.5379005197745264
97391,0.28568919249860936,0.0018427612108977978,0.016697028304062934,0.022868337324900533,0.07720128314183096,0.015022998867466986,0.0037651971208036246,0.016274132307684253,0.025694038648039152,0.004937700317450069,0.01221859497111368,0.008513300485250676,0.0007912776313935321,0.0013863232403910053,0.01259136730439511,0.007070329465232463,0.0837953008927712,0.014305422070854043,0.0033503089329365307,0,0.614014894736084
97395,0.2744647084536608,0.007904825259333611,0.006349639080722293,0.014739395566204905,0.07546849134130744,0.02012731087371848,0.0008627227663070248,0.03016626647588502,0.012158091394697423,0.004740794703417072,0.02214136011806212,0.006522629078768583,0.004588423360542254,0.0016099472138784276,0.013191306353017582,0.0017948618150997499,0.08149592731397781,0.001992801561160724,0.018675267381429043,0,0.5989947701111903
97536,0.2949837248766413,0.0010513954945255688,0.0037902424414955516,0.026502814038997933,0.08962652827535542,0.016440180391994828,0.00018994731768293596,0.018801948817057674,0.01478447596046099,0.0013663688300393976,0.0021553551100437092,0.003989880286964928,0.012642848183578291,0.004298165141411789,0.007713909395451612,0.005447407362851771,0.08620609525976965,0.011870338384473987,0.008848057658454452,0,0.6107096832272518
97567,0.27342448467841257,0.006412502824455131,0.0078488808891699,0.002428456748028026,0.08722926742823942,0.026255594484216483,0.0066426507068906605,0.022547092025771626,0.02087621452429233,0.005832490408157015,0.003761136799402003,0.011725717825039908,0.007094348306930416,0.003959866574897791,0.018881331673773413,0.0018035911056194975,0.08692148723720639,0.004694757748827701,0.0054810371577962945,0,0.6038209091471266
97604,0.30001739950585604,0.015018337273891739,0.01348301281155549,0.013065031401000488,0.09264496353605313,0.016872126723679846,0.0069189398461783815,0.023805689042460908,0.014278548726585412,0.007602368419836545,0.0018465718922394772,0.015255103172023105,0.0037151217179782025,0.005267850082310348,0.02438897840979665,0.009205018017657357,0.07650187747525913,0.014801588296162712,0.019504050050378918,1,0.6741925764009039
97660,0.2850812994166229,0.007549039714280934,0.006583442750410615,0.006634696318952819,0.09172114157290348,0.015377296671316485,0.017050060881180464,0.02387472124132758,0.01873586964521423,0.0163390295778452,0.004732419575332448,0.007618020833192604,0.00357372768650021,0.003961569625301104,0.020086132376066098,0.003431593419414061,0.07565696283975205,0.004015216634341236,0.0071208137055755825,0,0.6191430544855301
97707,0.2888459748008351,0.009255397144668123,0.009618337750137929,0.03044114584862571,0.08400235936113816,0.013351314466752117,0.0027893973558353368,0.025692859643019487,0.011758506433671644,0.0014574739700933192,0.0002496256093411918,0.00717433615746902,0.011393962946838502,0.01199270547728325,0.006592502076589619,0.0005745520670218372,0.08456901020897675,0.009019262010508398,0.010730106501681349,0,0.6195088298304868
97973,0.30284525133069967,0.00478446574615092,0.009389325208041895,0.017877599791803936,0.11078895781840438,0.010060541582948297,0.0021167201243886546,0.016142364997467434,0.014219692504325311,0.007191348057884206,0.003299539413751277,0.003189965220151785,0.004144059313953793,0.00453324125313428,0.00809489221271151,0.002653532705853966,0.08113724433865246,0.006206045059189749,0.0032835936459631255,1,0.6119583803254767
97988,0.27919272574326415,9.573237128512451e-05,0.009818403420096917,0.02471330360160563,0.10648465986382467,0.014801019356043367,0.0024314717275801,0.021701273371515836,0.015154908325699325,0.0015106359700791413,0.005158410973178266,0.0028041254415172405,0.00473960008392515,0.0006251007705115865,0.012519554719434998,0.0006171351185736662,0.0720197459952044,0.0007508231802389774,0.007424755004596571,1,0.5825633850381751
97989,0.30789417103580596,0.0041045563919832875,0.001287870167324891,0.019483124245013594,0.09245596698597035,0.025134297180002825,0.007195677850049304,0.021978663061736892,0.01825576581999428,0.017039334501457944,0.013234260639329639,0.0018418742073030851,0.0009009866703041146,0.013507263824176339,0.010858653733658293,0.0047258436475466035,0.07362356857435927,0.0026742134932934204,0.002237188003624089,1,0.6384332800329342
98078,0.27978053604353553,0.005532139931045295,0.0010201656681990405,0.0024975548149293674,0.08914851766551313,0.018697936935288574,0.01364598281465215,0.0280592280601238,0.0026633863802769746,0.0022428344917036647,0.0007317667564148574,0.0011367986284087674,0.0029962662352360616,0.015455844771497498,0.02848733444986509,0.005803631970602007,0.08499271722492191,0.006580325757526926,0.0008124145947500511,1,0.5902853831944906
98116,0.2656561239275742,0.003038409001754631,0.009365397085988748,0.007034658735761952,0.08961025937186703,0.010104819216399327,0.0019788695161833216,0.015509722777079222,0.024670279964126386,0.007002468795119675,0.0023766564413883547,0.010309458989767198,0.01411140513505933,0.007518632370851366,0.023394160740087152,0.0039525430629325925,0.07336525283171919,0.003133486821610908,0.002215666579889082,0,0.5743482713651596
98132,0.2923116577201123,0.0010795886762293302,0.005502266965823836,0.017292068898355384,0.07942325059856521,0.016107481320455072,0.01421741955893466,0.01926387696190959,0.016523853184864466,0.005471135377111553,0.0061647799007242664,0.00020098060683399152,0.0030260862250297547,0.0010036144990034658,0.027425490878390833,0.005802601425349562,0.06598671603062613,0.016806037451366676,0.016018459268816197,0,0.6096273655485023
98235,0.2778039748411524,0.0034144816397929786,0.006990635876271869,0.0137936073472818,0.09786820668158108,0.03546551784881031,0.004268647129602504,0.01900008844953165,0.01876206736982161,0.0028311611293823846,0.002958010659692777,0.010361349372630509,0.010302938232694308,0.005634224384266603,0.011659601724894051,0.0010455607468231713,0.07517881049396255,0.009101791035032704,0.002796255394792175,0,0.6092369303580174
98392,0.29708469147245314,0.0060102819907642295,0.004312221815043098,0.013917607863649074,0.0708389812139135,0.025938985181290584,0.0002086510133502473,0.03089046444401769,0.011660280563090668,0.003997536989958036,0.022618143567547898,0.004600242405954873,0.0016925126645756993,0.012129367795409131,0.01614397742192339,0.00925767065237099,0.060919172888755035,0.012751590863585634,0.0023899199880706183,0,0.6073623007957235
98579,0.2906291321210234,0.007165496424181495,0.00874114584274457,0.012905155718830346,0.07236095024679412,0.02188445928036844,0.007173974240518549,0.023427907026147218,0.005696015623978561,0.0043158768269732665,0.005073687869978652,0.004807181071353005,0.007152256285291035,0.021837048959680305,0.005751652194473171,0.001314145682872414,0.0701013581211299,0.006646985037235133,0.012988729640511633,0,0.5899731582140852
98590,0.28537179724495,0.008765735760517014,0.003815005617366384,0.009972676366673806,0.07894752232799415,0.0003099171250257138,0.019197235442818927,0.03111131001701272,0.014576078570041945,0.010185659149410484,0.00673802604482172,0.0010193578624748572,0.003757484026743975,0.0005532234612394539,0.0047793087993764916,0.0024223938067096575,0.07924788177841274,0.006035646800117103,0.011419396638513905,1,0.5782256568402211
98639,0.31270471832907826,0.016417748076503372,0.008378945812571452,0.011712591793270225,0.09267110338176071,0.007176078751003077,0.00830251440668482,0.03714570098165272,0.009966809252230025,0.0025480879728494803,0.004018818743300751,0.003221299019612005,0.0059728836049225895,0.0018389213873046333,0.011842341945054112,0.005456686067359223,0.07722759522126695,0.0014459043636276606,0.018002325346753383,1,0.6360510744568054
98682,0.28483992231788835,0.010897128363216884,0.005085416905704379,0.020929115512387204,0.09943587215609279,0.00897861682075012,0.0051775234023691665,0.03400984693434601,0.03167127660853716,0.0003891878895311516,0.00283127707583459,0.005028352171827401,0.0008238208095639984,0.00013530678337010663,8.5268392555288e-05,0.0006855311949137537,0.0769734950125298,0.0016101095962848526,0.008097058701322928,0,0.5976841266490259
98708,0.2808726814993044,0.0018828514047990767,0.009788829806498868,0.013602525616451982,0.08871001228602327,0.019934802115587364,0.008867569887220945,0.03143790783220675,0.016169430295636868,0.004406377779454136,0.002932410771247412,0.009231679371919753,0.0010275229901114595,0.0038129082825254634,0.017053299611843206,0.0008607262679446934,0.0796227872907929,0.0013912495294112523,0.0050621436959072145,0,0.596667716334887
98736,0.2694113878177402,0.007972135759368636,0.0018240350738913589,0.01679473677436398,0.09846007359682273,0.01881212164382291,0.00928086353394359,0.0374242408549452,0.02100269138114772,0.011949243718544368,0.001524279414374777,0.008296411260410193,0.0034776600752523825,0.002874185048736919,0.01519177297897425,0.0027287603887189223,0.09653139042343975,0.0008631084066250517,0.012622439724971122,0,0.6370415378760941
98746,0.28928368154037026,0.009213090558818166,0.0016822964462356483,0.019109360609225468,0.07979585814194942,0.010426754282491284,0.001824914365320231,0.02007075716397361,0.01595618069404095,0.0227010212380665,0.010550424181190274,0.0072805320146840935,0.006389302848738111,0.01278060064873901,0.006765666974939499,0.022308035945767767,0.08131910550594557,0.0051809959625581355,0.010749181211912609,0,0.6333877603349666
98796,0.2818880622116646,0.00038410501339117135,0.001379215205487615,0.000992463341027649,0.08901869631501545,0.011841778721615534,0.002964114240101139,0.028207294446787455,0.026016283930749128,0.013285816325643676,0.003529070431047893,0.0022636977091036498,0.007179346903671289,0.0032179579253777406,0.01328504000798286,0.0076587504583338585,0.08852081529264166,0.002665522941962229,0.0021354260260508977,0,0.5864334574476555
98886,0.30626117610457143,0.0037214056463056706,0.013177412732222307,0.017596648660813275,0.07186135080452195,0.018728122196304826,0.00015650539184937636,0.0349131526412396,0.0011880721909875206,0.001572905197231667,0.0024042215556149354,0.0038450063934726696,0.007746624431640947,0.0004687132406469115,0.020250081475944898,0.007666523731826669,0.06980461568575193,0.002261079805287614,0.003862075402261544,0,0.5874856932884958
98896,0.2789246929105466,0.007692469436705794,0.0010448107708025442,0.020324236063478864,0.0835122374135246,0.02302105803223314,0.008047421997276349,0.0069651270797101705,0.026079554671104625,0.006076752879595601,0.00483201344516237,0.0024760788359370904,0.00878430081460213,0.004637744987157724,0.025405322910720275,0.007389352567567035,0.06010873107021183,0.0019108335567980589,0.010044061007737711,0,0.5872768004508725
99150,0.2719362078119679,0.005720093186131884,0.002578845176733594,0.001121017915085623,0.07962759138875587,0.01718794498888956,0.003055366758535384,0.027768283184883526,0.03315622775377463,0.007712574506144361,0.011875418942259948,0.0026955411328432105,0.0056347993587180095,0.00642028621305267,0.02150387795173904,0.005250890007340046,0.06990728567195968,0.0031936709558584623,0.011542195076394809,1,0.5878881179810682
99223,0.2876280962128354,0.004160844149643313,0.005993580895533482,0.03279136725258078,0.08988172000020281,0.025783126235026405,0.010606489606251499,0.02549132529266171,0.0075730412417927915,0.00039567129545482976,0.0019190310382276466,0.002125392833275538,0.0036165982392592074,0.005340204059085004,0.013300906513603765,0.0032504037929429823,0.06695789991889939,0.01272057259504064,0.010704988775071958,0,0.6102412599473892
99249,0.29325285340120655,0.005354138300645567,0.0002878784849547352,0.01577106841274368,0.08408629741385752,0.016219034891500665,0.0016326039398167004,0.026378662160455937,0.0065717553363923735,0.009856070650324183,0.024186520822505747,0.011941588832974257,0.0020800494173459747,0.0012967862773841105,0.02833357699960373,0.010937503266552864,0.07485523042091569,0.001505610287681612,0.01053823375504543,0,0.6250854630719073
99329,0.3042773292225804,0.002643956934913824,0.00907685278071124,0.016795022048600176,0.08943951803637377,0.006098042887467078,0.0067500368987226025,0.02009868427389071,0.011839120449084696,0.0076410825016642115,0.0035702768440901626,0.005806241957079392,0.006496142243392377,0.00557411403406945,0.021691522427743217,0.012035327529202704,0.07940956230879845,0.001985701768935555,0.0075929853595952555,0,0.6188215205069153
99438,0.28364688469334953,0.006936544985499598,0.0007509535726716088,0.02761079289228352,0.08085576751629475,0.020530506703733534,0.014094967725606774,0.02975982949328908,0.010221635876040858,0.007107511890996317,0.004691206536442193,0.0036845181299371087,0.009338036740434449,0.01566318759851081,0.01691630088382172,0.007581423688891976,0.08312560746963389,0.006686402800251468,0.0036005027032895765,0,0.6328025819009787
99458,0.2841258475366706,0.011801319818660939,0.0070219520539331216,0.03388859442283502,0.08833010849918503,0.0344456265872373,0.0018456963988515318,0.03270572753154886,0.018631815902027823,0.002673078015963975,0.00034159497972317837,0.004202843320841431,0.004299279079320456,0.005230529303216827,0.015182335421570749,0.008213218653635581,0.0747353566918885,0.006438223640893677,0.010034658168471327,1,0.6441478060264759
99657,0.2947884039793787,0.015513108756789615,0.01637360735352842,0.012938610272711872,0.0782491590119863,0.019346348531335548,0.00332858669071667,0.011827660205355826,0.026516056435395053,0.011955366245279417,0.0012459551436071262,0.013783897395895944,0.004860464284068222,0.008381092896772977,0.01778009880336834,0.006127295885025689,0.07317113639391058,0.006136812868654501,0.004682165400200997,0,0.6270058265539818
99672,0.29755258552073016,0.002836602964784582,0.0049603651685524355,0.010436201019952606,0.08996221113699822,0.017465451163599335,0.00891063363336909,0.04030629241385749,0.012223997418525371,0.0008654127766382361,0.00968951704580283,0.002120028767482756,0.009424765732446626,0.0025879932634195607,0.010109023756965511,0.004470645552133061,0.0789987982303431,0.004075077981410973,0.020599348313809954,1,0.6275949518608219
99713,0.2833194001281192,0.006550655059557569,0.012044479961192091,0.00960051654495139,0.08599996278670329,0.018028082528475636,0.0047071852944349036,0.0308981558526848,0.004117826991321132,0.006408390979949037,0.006094382088394601,0.011453865923014778,0.005550689330185108,0.0015363090993252184,0.010878342475503532,0.004206593204772234,0.05931330607380491,3.716118814604824e-07,0.0016259858372464613,0,0.5623345017715173
99721,0.29583427593042333,0.019750114522477234,0.0052795998633646075,0.02257141063204879,0.08578366403355978,0.01510597551211737,0.013677822678857372,0.013465621614786353,0.013973400310825338,0.0056199967289050036,0.003003642313852823,0.0037444929971858663,0.010355214842475242,0.0033236001033362023,0.016096253312119647,0.0004800567775698093,0.08624815407899096,0.005237225550109008,0.01074398199132394,1,0.6302945037943287
99769,0.2895450818381046,0.0008017598171002547,0.0029182156311955447,0.007887046745532247,0.09513424573285657,0.013138055422253759,0.006029996435122687,0.019500914862806282,0.025433302355355628,0.00020016378214310172,0.0003743403129062716,0.0015284999615424574,0.0018866175342737467,0.004907440571037724,0.017095783962504246,0.00015258384632144603,0.0773873742059843,0.009903687952871696,0.0009924935934756526,1,0.5748176045633883
99826,0.29194340660601187,0.0008194327494433107,0.0015642434293090448,0.0012381802084047188,0.08536291857562701,0.016846989560650234,0.0047133851209961684,0.019538531202373702,0.005597087243686698,0.0014633039272846668,0.00176762233365773,0.023725772422127756,0.0013930173769435158,0.009898509103687182,0.013037208997108819,0.006688523556758982,0.09220051914324501,0.008668853165293105,0.01654399866250763,0,0.6030115033851171
99877,0.28450598189533377,0.0020731090990149855,0.0061384283036590844,0.00927458947142498,0.09869213050178166,0.012932650640660218,0.009212285345916742,0.030631198868025494,0.001611035108105246,0.001166822021545545,0.001269230046302893,0.007347468095142402,0.014464983359946029,0.0040282240530356,0.015830061353056903,0.012464906577215544,0.07433782856282509,0.015064354089968954,0.0016059412496265723,0,0.6026512286425877
99880,0.2847467235323793,0.007683761450828954,0.0043307639576539835,0.018652232493778752,0.0999331109229357,0.016510170159915724,0.018126927125749624,0.03194474461796596,0.013502220314438028,0.0014742874377822771,0.0014751419432047213,0.0041003197774352644,0.001180403887395844,0.007032239472957585,0.010061127005632688,0.00363302653785555,0.06624989625915893,0.010153745827087217,0.009331792996990673,0,0.6101226357211468
99988,0.2874887050519434,0.010021038255772361,0.005515815126670618,0.009721575130792406,0.1034767386470097,0.019031709467794724,0.0062154702259377805,0.03488986432799083,0.019463096287431758,0.005726652558283079,0.013782998486793853,0.01368248901946297,0.01396333774857687,0.0012100670505730427,0.006189878878026859,0.011120816916546945,0.07971022096823663,0.003991943697065937,0.006634238573644054,0,0.6518366564185538
100001,0.31860585291368354,0.012419113758177808,0.006287245751642096,0.02310702613111973,0.08646425984035841,0.014631576194941806,0.024124939531364503,0.02895857267272097,0.02804537675558699,0.005714415162919375,0.0036278409575191115,0.0057982544540975435,0.0017757852394920841,0.004489381118181681,0.012456855941397154,0.008489478603794636,0.055901803476201835,0.0043244279182346815,0.013220106624211607,0,0.6584423130456456
100114,0.29154541219019986,0.003939755733478035,0.010738547777280078,0.01359844587341916,0.07452758184541439,0.01868602524871615,0.006118759693603023,0.029830603191454173,0.005369307349835964,0.01012568147296168,0.016866694984478802,0.0005565102036266003,0.00815315027843507,0.007333761261703602,0.021262787131846986,0.000482362888832579,0.07668044567887528,0.015514068221208465,0.006945723975287902,0,0.6182756250006578
100136,0.30567927041892845,0.004897781924789567,0.006929234892164355,0.018532259972437123,0.0961620382220416,0.02198031161189534,0.0058507024050555,0.03407498476913238,0.01248536130906791,0.0022588145527865627,0.005710336477559412,0.004253600980479317,0.005562579281051722,0.0004429645582387132,0.015006961070587334,0.005301153279787909,0.07401818743660889,0.009701577442177624,0.006224914561879958,0,0.6350730351666697
100176,0.2898348438279952,0.0028790565136256165,0.013181559585382011,0.014388039403329314,0.07332158036497903,0.017613192185999493,0.005556862321269101,0.01963796281200402,0.015493210512450275,0.00840027275089041,0.005806232874437656,0.00861016179304619,0.00015460210030970956,0.0025877011856292307,0.008571817654291512,0.0052076767957543076,0.08101200679631111,0.012964579208149186,0.000583058962393974,0,0.5858044176482473
100231,0.2955112158155383,0.00046291718993017253,0.005576610347673904,0.018274269398523387,0.09683678561215024,0.010333264366141527,0.006456207813357365,0.026900037728180528,0.006259351042813716,0.006550139144883759,0.0036606248086920074,0.002799926456386295,0.008710962733192716,0.0029264490164207816,0.02231071526472246,0.010110705393072534,0.09106056562413113,0.004015537328864295,0.006699055373108245,1,0.6254553404577834
100300,0.2878895124288072,0.01037097394686902,0.0022751535743133853,0.015194852620030097,0.08741265405467959,0.015172251153872133,0.006731177300951555,0.023132029224471006,0.009966249142340176,0.0040182319489151545,0.0036377372709872936,0.008177042176944744,0.002626387069456014,0.005062343106130309,0.01902172250922495,0.012831301441906867,0.06253411921698121,0.00619970172062708,0.004321638641644056,1,0.5865750785491519
100389,0.2795145552131959,0.003023017403131885,0.010852301052722712,0.027590963062714326,0.06954080834094348,0.02300397276113526,0.010404767392319488,0.0270863676922955,0.020233241096194225,0.00539630478825927,0.006426301024107209,0.0060503888249158234,0.003879207803956655,0.00016323561145892493,0.004423851999693748,0.002206727519521046,0.051329357668156356,0.0022810633447050903,0.0011044145842888163,0,0.5545108471837157
100464,0.2836546826668469,0.005377387508316529,0.0050458676025792425,0.024174502515335303,0.08974885849603463,0.00853925048032214,0.008868688822823758,0.02828916505256106,0.013805950585282509,0.005537584854637438,0.0016081477276312164,0.0026427275079950814,0.0021088075590442686,1.7620239089470584e-05,0.01470345615290651,0.0070176389682575545,0.08060601328170938,0.0038466270802278713,0.019846653885009554,0,0.6054396309866105
100546,0.2908349588719214,0.010616425409875386,0.002839680869869997,0.017074584825346226,0.08808690064094321,0.01729111611555318,0.0026941431019103985,0.020387216950108714,0.019988979065302583,6.18372936788915e-05,0.004231514353050968,0.007443455206707385,0.005966196439283693,0.00468884736288933,0.021130603548438296,0.003843675102672963,0.08480702421853811,0.003106183373707235,0.005234126218547369,1,0.6103274689683453
100622,0.29491362764325546,0.0035388451157928567,0.0015226145950328932,0.020239657479067287,0.09681475343035477,0.02087759926140927,0.01139517829328326,0.027504161080749722,0.013395327779553375,0.005281898816297494,0.00010641936468854755,0.005410377534626763,0.011767788119777354,0.0082738126532165,0.02845338065710989,0.004368275836479429,0.07076972616918728,0.006336830145912002,0.0016544152246769294,0,0.6326246892004711
100661,0.2809103071838356,0.0015820109835861602,0.0022095849268829715,0.02140640264490376,0.08930958491899413,0.01931835614799492,0.012384182971816145,0.02263677074919889,0.005663559242675769,0.004693274246807683,0.012342386023849837,0.006674494523113005,0.001277612755031404,0.0028379677681671894,0.00033082689341585144,0.005895259468927878,0.08996218334810424,0.02267959249751571,0.00046832195933892097,0,0.6025826792541601
100863,0.2845303485845456,0.009219671339903422,0.0060367010739720995,0.012655143664646587,0.0817661651601146,0.02557813824410103,0.004909259716642807,0.026791131065231292,0.028190922442349543,0.0026237101855523894,0.006357260062879449,0.02363070064442727,0.0005915329655406032,0.00888493619244125,0.0219395295295883,0.01438365374339408,0.07030873944670779,0.005837145310702695,0.004872357312866869,0,0.6391070466856077
101017,0.2793849419917192,0.013328764260705402,0.014198016381208245,0.010633828752642061,0.09522260968044749,0.02477171319537653,0.013680791842649058,0.04024828131882246,0.01255584205775384,0.01597248616976172,0.0048322600430193725,0.027896626831699158,0.01017724359637235,0.007547235955343037,0.02437481741926672,0.0028426790124051176,0.07923999777939791,0.0010183418035223002,0.01103765960960841,0,0.6889641377017204
101054,0.2792357492650126,0.011578646664237057,0.007083045099649799,0.008155408001336588,0.10107123263248297,0.026911012982583634,0.00026763447468696545,0.01753713243588329,0.011715274713268668,0.003439971125126508,0.006410647518067985,0.004222316288455819,0.005011239653893439,0.009701269500261464,0.010097091192322426,0.003748019196204994,0.07338358443725705,0.007844350639941945,0.00300025360709935,0,0.5904138794277726
101082,0.27200783317118044,0.004357467891222731,0.004373765486654594,0.014337982150051597,0.09334020158749297,0.016369568963176147,0.015156560963766094,0.027700119720344196,0.015006447484269306,0.005336152824956625,0.012299676367490773,0.001612443264271154,0.008872028941900598,0.007271719238482497,0.03092288344095993,0.01088507889951626,0.08863677239961909,0.020695371214144522,0.0018671698813261706,1,0.6510492438908256
101094,0.28986710065895516,0.021644537017514887,0.011693413007981936,0.008748165835836617,0.08342432830773512,0.020416612882917184,0.004559582302382369,0.024739829288133498,0.0067951717101824285,0.006304749099247802,0.0021251591685447074,0.004226785576778035,0.012027148444457625,0.0026112958186842025,0.013713640315085259,0.0012864964494641036,0.07992199838784352,0.009929951188914064,0.00411052452922861,0,0.6081464899898871
101110,0.2714422596075375,0.0020493316990359465,0.0024936064843096503,0.015520220563541616,0.09637071648195021,0.02402638897033746,0.024754426781848488,0.016415522186133655,0.00439612825712983,0.0005480908459557815,0.0004893509335425224,0.004735979809511932,0.006884278739740083,0.0013856296576623811,0.03137052575931252,0.0036918891519001156,0.08156879383829234,0.0017862150047717922,0.014819574524682785,0,0.6047489292971966
101121,0.29022479318300515,0.0037443041841720617,0.007708073249618633,0.02509069850132776,0.09179495567449472,0.0037017212963881244,0.006702773796051173,0.030820275468421983,0.015241257987082917,0.002324157533401721,0.001813343302203046,0.00238369393353685,0.001510806436493543,0.0032963956321165142,0.008606577963043182,0.0051231755219264905,0.0664890133792447,0.004795992407453788,0.017131064298859626,0,0.588503073748842
101229,0.2733229071242417,0.005278208500086435,0.006036574032243454,0.016377926088966665,0.10149789590859955,0.030298133559042546,0.007655499634491728,0.02451393241631062,0.016702883287066067,0.0003716432524382708,0.004016103260737916,0.015539519750438185,0.0037551384756577943,0.0006863434142090445,0.0231641543350236,0.009021832843798027,0.08459152338550464,0.002660367147856198,0.006068791855343337,0,0.6315593782720558
101237,0.2868767832235301,0.00012788919678823803,0.0020711299590291774,0.0029395226854576737,0.10180614926173057,0.0005553097110353671,0.007840668649831205,0.018766092017467564,0.010983386348541685,0.00821326933559424,0.015583574621938743,0.0043730368014584615,0.007389754581797311,0.0035214412739443287,0.019529522789125245,0.00272551817683649,0.07686171664997764,0.005876049277538128,0.006552244374799732,1,0.5825930589364219
101272,0.2817152556376548,0.0021115190752983236,0.006907939107409063,0.02784082991545728,0.08272141590530814,0.025684411224387537,1.9596236323155916e-05,0.02782550319560853,0.015242513404132359,0.0026822330633300474,0.01496862093457769,0.002720002944683129,0.009689642331271248,0.0049104554437264525,0.01790713987463718,0.00092339232687097,0.06658858083489709,0.009593217267124293,0.015336747971140876,0,0.6153890166938382
101349,0.26953980782547016,0.0008188190512928526,0.00013987282939289885,0.029770497638051122,0.0786344510570631,0.026465997646280874,0.007650296096023339,0.03644732717523251,0.029168041575013716,0.006063424638820268,0.004278198379300401,0.010786213587718155,0.006714737864946509,0.002776643485044457,0.017901108316186323,0.0015419740293981842,0.0759093633635732,0.0019214797123928576,0.0029328178568987996,0,0.6094610721280997
101452,0.2885284358801419,0.00863417962253154,0.0035979469106089236,0.021953109665820512,0.09006457413471877,0.01081700309415631,0.021960396691336332,0.012920018059384314,0.00767311783305856,0.01169556504201825,0.0007571121255822368,0.008089265361964776,0.009720237532798402,0.0004576420694243824,0.011668445969744583,0.016632833682733043,0.06956190781257465,0.00782379561700981,0.004116856163544899,0,0.6066724432691522
101474,0.2911983579431576,0.00313108239628387,0.010067946094711695,0.0174290530295465,0.09142316604324242,0.015438349389346857,0.006796665797715389,0.035143007662263824,0.0213925554647764,0.005460732835384529,0.005617074811677151,0.0015228909142939505,0.006616528175800781,0.0007545804754332859,0.025279528830615863,0.018358344107460057,0.08255576627678926,0.009903191182853568,0.0160804219550605,0,0.6641692433864135
101494,0.2748045335742821,0.0008456438722930375,0.0013351342936324645,0.009163691691599115,0.08601576891777657,0.01788079310823575,8.397835860369644e-05,0.011572521218635595,0.009858104713992892,0.014475393093928523,0.005097255374263863,0.01759910443704439,0.001431465324899167,0.010386495525600845,0.014929573855656915,0.004183527937640168,0.08024144036972009,0.00025291902764962147,0.009247586059696241,0,0.569404930755151
101526,0.2834591498169739,0.014964640272744068,0.0053260236246535295,0.012596738332215383,0.09740181360269845,0.019975232408559248,0.004722288519200971,0.020677498070869004,0.030030076650414902,0.0009905897453125285,0.012828980617523536,0.018180084332106102,0.0123950459480765,0.013523394523318372,0.022901582055059145,0.001031621026683069,0.07959464051607867,0.017251422315836786,0.007403124767193447,1,0.6752539471455176
101549,0.2971737860243958,0.0018078738153834211,0.01436496427947683,0.019109556387947892,0.09275018797209579,0.025861071056498916,0.01845034841698298,0.01982883681432606,0.005000308142014275,0.0059461931314049865,0.002929966227551725,0.005849620674222726,0.007976553215464055,0.005213244374453445,0.007992868633591062,0.002613272832718989,0.09531819643294207,0.008809257050290432,0.011629313075843856,0,0.6486254185576054
101640,0.27025157232141245,0.0014988929045107269,0.023284528025965888,0.024325923917941295,0.09371075960180539,0.012516660404869215,0.006634275930819548,0.02177957140101452,0.022568500817640377,0.0017615207271206447,0.00024978074824688823,0.010550857048705831,0.006095407418521847,0.007220873604017426,0.02577115024527992,0.004269538951704997,0.08020422914889258,0.009934537105706038,0.01149116839909462,1,0.6341197487232701
101738,0.27031913600098945,0.00019311097395416645,0.000899476782264279,0.024419878427524872,0.08584341254773246,0.006652038168453886,0.00018011301828477818,0.023666178663232857,0.002940785714163891,0.0030013395020449035,0.00420431928088457,0.01564776681525338,0.012973824699825639,0.010217791039335447,0.01863135088338504,0.018034468260123063,0.07418386503279636,0.009886471600415718,0.004710361571069034,1,0.5866056889817338
101786,0.2936930523222635,0.011444754062747182,0.0026671376435195185,0.025780723569757472,0.08949756036588319,0.009843826368668668,0.0033209022586347453,0.019674426654862107,0.002858623243683205,0.004857362309172892,2.9432579919204182e-05,0.012077432212545477,0.012694645029626556,0.02068283427854756,0.026316913829598935,0.003128500675808756,0.07215925746984767,0.012875627621575802,0.0016870284093552922,1,0.6252900409060177
101812,0.278844376680546,0.011940808647271763,0.011318145985117215,0.02257869092399044,0.07607326391483626,0.01664061762986294,0.018157720950884745,0.026824303057467195,0.009146944695582573,0.004569845429214164,0.009934789146670906,0.001469460489946502,0.004450395156724567,0.0024753263744307524,0.027263473550038126,0.0038942280715266306,0.08207623115130638,0.006170595300196704,0.0039628135196980215,0,0.6177920306753119
101822,0.2688713988069174,0.02409773092462338,0.0001741485383962627,0.025286348979184428,0.07633297937606573,0.022347018857678362,0.007702579344521742,0.02523432492393331,0.012741777243662222,0.006847589743753532,0.0006551101429727842,0.004233082943360472,0.0013777932452119191,0.005797334169486777,0.021815518376835763,0.005521498682421824,0.0967870963961105,0.01533348365998002,0.003529280990108802,0,0.6246860953452252
101830,0.30338849414122215,0.008717964728164548,0.0037034594417108798,0.005494339602357953,0.09068526123843425,0.024424847449236228,0.008529662907683921,0.03208212888013927,0.008141598337628762,0.001207209616179747,0.015531907366359675,0.0021038122886771174,0.00394930139193942,0.009710835100176621,0.03118230305490122,0.006172957082360328,0.08878343609610827,0.005071686040378614,0.0049352169080219286,0,0.6538164216716809
101840,0.2912074675542625,0.006373592849736034,0.0018675144315099675,0.018073099345368035,0.08422676685330185,0.03507827152506918,0.004241334315196621,0.022768809426314148,0.006133750252174498,9.411427065214779e-05,0.003243361567787295,0.0014701857191847308,0.006366473678679969,0.0055243687519062725,0.009786234365359412,0.004831428130226341,0.07983766461425826,0.007012525364895614,0.000743229041303477,0,0.5888801920571863
101878,0.2685266861102815,0.000920330979420734,0.011320628185555827,0.014420638246935909,0.11234403705428062,0.02210883834257924,0.0004198956818241063,0.041129966872984,0.017518094465598235,0.002016853945130937,0.008896311814934483,0.00920665072904542,0.002928049226288239,0.01403498471704468,0.01670722557569106,0.012058123745620273,0.08946140254724143,0.010900912938119229,0.001934378275990777,1,0.6568540094545667
101908,0.27334342903617687,7.528401121491995e-05,0.00713644553741566,0.029853054140507904,0.09031648774184035,0.016166306391571645,0.0027362254734607213,0.02175139217711858,0.02104567948770077,0.008102448318767575,0.008146368164926195,0.0009665421188727493,0.00389575407439489,0.004628508086543222,0.01322045657894883,0.01558640939935862,0.08994191267719139,0.002083415779033222,0.008760920972498957,1,0.6177570401675431
101921,0.28070558733770734,0.014274553381924703,0.0021781142113246367,0.029983029169311066,0.07497317524626347,0.029949183070216375,0.007235209043542552,0.026277440868451147,0.023939332887632822,6.599231577598105e-05,0.012452110673313185,0.0035454744340074175,0.008311354213119983,0.007749400687818817,0.019575015428646463,0.005208558589484979,0.06999333703284727,0.005963700329839573,0.0013650041102496405,0,0.6237455730314774
101926,0.25774765798226756,0.0061049183880990815,0.007005915550913648,0.005636746120762098,0.07906510419435475,0.03507178704752552,0.0031038568917716417,0.020832390119087888,0.02500442745658337,0.011935985329086395,0.004851434130365148,0.013740648953440501,0.0071424340214629525,0.011308084536689732,0.002972486669824453,0.003289786564918765,0.07258384056361468,0.0030923451112824553,0.0052288931452937285,0,0.5757187427773444
102041,0.306576297663286,0.0014083251855694873,0.0042276657108372495,0.018693178080462215,0.08133151113880964,0.030590353194849977,0.01946776683042429,0.019808079901801244,0.017195253072174774,0.009621875691260454,0.004474257320545118,0.018253856100170277,0.007904569698564156,0.016064086607207716,0.007151767398751281,0.008621020202974786,0.07007579157379576,0.006980803709300607,0.004845283273502643,1,0.6532917423542877
102045,0.2840111616966882,0.013112154843693389,0.002051014663107984,0.019096168130539517,0.09214687966618679,0.010948839236990537,0.0014432276535004634,0.01997977254856032,0.004386719198123588,0.010267545791215481,0.0032462708430287496,0.006295039541299136,0.00213455105378639,0.003633624669214244,0.018484059391351074,0.002583324681466783,0.07841936923753769,0.0013177786893530318,0.010171263536733461,0,0.5837287650723768
102169,0.27658819707648946,0.0028043755215201947,0.005677199466445663,0.007831845347617699,0.09447204270570343,0.016084889012067668,0.016749258646721922,0.03599008503535691,0.0014638735452694328,0.008281454581441227,0.00999729716539087,0.014149983576461508,0.006004937621866056,0.009723182577984674,0.019259584982993502,0.010064082094180046,0.09173128159469221,0.011918074964973359,0.0052340524298439585,0,0.6440256979470198
102173,0.2879693837933019,0.0009253453269302555,0.005298833491995326,0.015990972449306962,0.09437097776514496,0.019727311994373505,0.014695225509457835,0.034820006801896446,0.013795459591874037,0.002759678856609048,0.004770729570268341,0.010578491218103227,0.015425440153491026,0.0046045992524885795,0.02155802189222167,0.017602017160162034,0.07305060942544246,0.011274935100610839,0.0067303581672246175,0,0.6559483975209031
102297,0.271142922643307,0.005280666288542812,0.0008340154907225505,0.0010546935270968802,0.09123500905983929,0.018182005742477303,0.014281166396476582,0.01184244019587492,0.001521597730171771,0.0010944214288511952,0.0026945562000416723,0.0008512702724337031,0.006831805471389969,0.007383589952796916,0.014610537044696451,0.002447020575103787,0.06848559340275763,0.004610050335649738,0.0003063024996796242,0,0.5246896642579099
102311,0.2618532110235812,0.010981807046787964,0.008746249321911048,0.015994788450691196,0.08970264489988584,0.030216867155938368,0.011770101957918083,0.01800026446591938,0.014202718326337285,0.0016623093787602162,0.0038840015474711502,0.008528505355150968,0.008995861735552575,0.006131563393480325,0.01904607496101867,0.006009636001646299,0.06525484076883013,9.922200008269452e-05,0.001889521078321943,0,0.5829701888692853
102318,0.3078753521285413,0.00030781269409249894,0.0022182226458509952,0.026499309009424005,0.10180417735117189,0.02439993020556484,0.005689415608550558,0.0212418204242345,0.011581077170963426,0.007250945814151963,0.003737774318896868,0.0026585273878440814,0.006577107138365317,0.011060730944190878,0.01107672582553023,0.0066939548027969914,0.08645581983935931,0.012457117505644832,0.016180712427235594,0,0.6657665332424101
102340,0.2996351963268641,0.017092930137545412,0.003137186157702858,0.01593631219221699,0.08335587183614265,0.020359909393538794,0.008241460948180235,0.020161718765585434,0.02178762682947388,0.01199662897461304,0.010080662175894511,0.003879800152047159,0.023572600620290856,0.0018123999823133454,0.011483706217685071,0.006799549270191603,0.0666257371176778,0.014340126426768587,0.007352664117860428,0,0.6476520876425927
102348,0.27828232064037417,0.0010587015154241112,0.002519073871035831,0.023316372946983976,0.09374324743995069,0.012733032330045472,0.0002324619005143147,0.019770652219518205,0.007713559036244413,0.006804788823220801,0.0046728011331850965,0.0027139233930034935,0.008273903311251494,0.003330642114333863,0.0207644223853643,0.0037992896642880993,0.07845824599093536,0.008491623271334566,0.0006610328301201675,0,0.5773400948171284
102466,0.2699824815975439,0.006508311470044199,0.021005553916356067,0.027162529305678983,0.0716697211995555,0.016683340460664397,0.004473951472049333,0.029077725903430583,0.003209801695840279,0.017750718391808886,0.00017077658758699832,0.01177391024959398,0.0019452400483372467,0.001060943597602677,0.018252909394082976,0.0094023281732528,0.07885617041845482,0.0066323279929717364,0.008111568445594573,0,0.6037303103204499
102488,0.26410043049685245,0.0029808531062331385,0.0028326821521200184,0.03501027780609765,0.08188809411409471,0.014738707960043921,0.010491931135483938,0.020414976548276842,0.007369774811092569,0.017338097498342583,0.0069258788564777254,0.007467479740650943,0.009456098461851435,0.011181692355116223,0.006542417226800824,0.005540749348163826,0.07350709172965862,0.011994360061649764,0.005997350918500974,0,0.5957789443275081
102521,0.29673416060485835,0.0025778396346835624,0.010558613139763357,0.026757419391034928,0.09305428365418097,0.030886546078683387,0.0038128721062076795,0.02643703201340901,0.028596174339108233,0.0005723998690613186,0.005361081252300456,0.001859924666659657,0.0023985066910461794,0.004823522882403523,0.011680240507971208,0.000653644232554097,0.09080779257490061,0.01764765595335076,0.0017108252195010766,0,0.6569305348116784
102586,0.29908505614108566,0.0012307164914451899,0.007281519285811467,0.006534650713135438,0.08869828920292244,0.036060375236356176,0.004482704524921626,0.024731622562779113,0.0005842887349917908,0.0033679518312470747,0.009577655318398213,0.004166379442346526,0.008869562163431008,0.004062920659882712,0.0047643821072952675,0.0056751762598674605,0.08204902233878486,0.016186424840262094,0.010923369150725329,0,0.6183320670056894
102629,0.28147972021755413,0.007557837023778785,0.0046465423917828735,0.006431442901775336,0.08932283787353452,0.020842056673772917,0.0009343897153293148,0.022146833195148128,0.008414634191294092,0.011264631834164072,0.013743941461442763,0.0018783187643612402,0.0027192596520080763,0.00841032852665722,0.017614225492879245,0.0055143176174872075,0.07079558191068432,0.0019733431042921585,0.010754173703700293,0,0.5864444162516467
102656,0.29803392231588277,0.007584877136073117,0.005002193429261227,0.006416225179515432,0.08855217121688444,0.01863306342268495,0.0034778439831136864,0.03163051846859064,0.021734390183735734,0.008020220756987351,0.02047343144128228,0.00653559136162928,0.0030840209727587054,0.002629964024286902,0.01762019992526227,0.004356860619161802,0.07885598812874164,0.001090023816393664,0.011562806697367136,0,0.635294313079613
102670,0.27413857294283583,0.01593056927505742,0.004161953489081468,0.01542227590885767,0.09433167086407586,0.03721723136962155,0.012095188948715427,0.021738130704120423,0.015370520155038496,0.009278798651006987,0.0042955768761540145,0.010968586904041438,0.0028054263473650067,0.005859198852360792,0.025228496415926383,0.0088679520240329,0.08030488639851317,0.023584369112723207,0.0013006383180376492,0,0.6629000435575657
102689,0.2724345225112198,0.006462795116985252,0.009874547610287186,0.00537671683082049,0.11350974258774288,0.014118058359293374,0.0013292156819038285,0.019351425892510262,0.010375187475358566,0.013730686940434285,0.0002452233497674573,0.003253405945365268,0.00641820459140342,0.0032500724150755565,0.018679213669338418,0.0058684932322856,0.09139792490736019,0.006019778596163689,0.00958312202822814,1,0.6112783377415436
102777,0.2767486288069796,0.001333764436455453,0.0087521584247934,0.013906477755335763,0.08395417989397642,0.009020718549534797,0.0021021884364849502,0.01587624604417523,0.0038602003955999224,0.015963388736914462,0.003861937534794531,0.005258426328569905,0.019275337969215222,0.001911877689767451,0.001328116804171687,0.007947058063676321,0.06761893079830888,0.0009950879017067709,0.009049865095501514,0,0.5487645896659623
102835,0.25808909709396355,0.01477190774104718,0.015881484961420916,0.01862644015155429,0.09219563717574979,0.01837576070361464,0.008577527402118956,0.012774222003084385,0.002217250867433911,0.010255791584377907,0.015302072024194044,0.005999271674716169,3.090645878559006e-05,0.012123596612734978,0.026733046371369255,0.012346145486183853,0.07698296906774604,0.0014229920590428612,0.0014759350099229234,0,0.6041820544490613
102837,0.27862879209452285,0.01023042308267401,0.019441836334925692,0.02584255298966485,0.1011109795256327,0.02710501875639008,0.0012574133574153872,0.015529081807181778,0.006015887037881383,0.003974575457509509,0.004806858630757914,0.008137486632128835,0.008096785474893458,0.006532373401132749,0.024238186770549633,0.004326311365465036,0.07285825044875777,0.004338836946470107,0.009639819954398056,0,0.6321114700683518
102858,0.28065811084754216,0.0034090948460566,0.004226764950016945,0.019261349788679688,0.09248162823748307,0.02394483811523293,0.005226849009839005,0.037910425840130456,0.006232314888663189,0.004849903856273425,0.004239215079652488,0.003933288034697646,0.0006576603444601347,0.0035824820719535,0.014759570792820769,0.010068358971951238,0.07516723079777214,0.0012038605495339114,0.006869297117397437,0,0.5986822441401567
102978,0.2773616068645255,0.01773129652156911,0.010227022068310112,0.008434790487576237,0.08463123313978935,0.022232829592971737,0.005824690370721535,0.020035551969035403,0.025590030674470635,0.006356390381219837,0.007370236621891872,0.00756420798344553,0.007911273442075864,0.006062922519746888,0.013510655779951138,0.000851602275822223,0.08055390282182073,0.00808420625915636,0.020867184709196043,0,0.6312016344832961
103045,0.27182925431720945,0.015334479455399605,0.001202619121930483,0.014880407467367532,0.10294385642611907,0.016210590538000964,0.009750515967771939,0.017763604875666614,0.014664336190720943,0.0044825486485531385,0.011618058560496993,0.001385071216051198,0.012044819196113644,0.008687982235587055,0.018766898610299017,0.0033702332904140234,0.07409375480669857,0.010714373436307344,0.00840853527882944,0,0.618151939639537
103080,0.2738122964079807,0.02491685148357286,0.008910810565889351,0.014826594987873235,0.07226851136109905,0.006327205783545083,0.003607141528591216,0.025471260634885466,0.009199237388684514,0.00719191408684095,0.01179070726109331,0.005274179214151638,0.008158490824485528,0.009266782060950444,0.02097378630206343,0.009386573078335347,0.08356012860071009,0.00024177301447612947,0.018634023323434293,1,0.6138182679086627
103109,0.28043658822730194,2.846850166147543e-05,0.0053570472315814304,0.016967079888610813,0.08603027455322107,0.02017074404288517,0.0025054062052581277,0.013878800214663615,0.013369638108390845,0.00744350992736769,0.0068731312605560336,0.0033444977972925385,0.0015358969982935359,0.008565273430684115,0.0019153648810125243,0.0032292623611008577,0.08387507632628909,0.01048027166814556,0.006626882513720088,0,0.5726332141380365
103164,0.26918118674067865,0.0035877353292566396,0.009964588154559048,0.015796160266610508,0.09999968521711618,0.03457942888334108,0.00355765853795246,0.017787221701152486,0.019083466552184444,0.0007868965454259171,0.012286824313864717,4.7504894355219445e-05,0.003748569613362736,0.0029160621157669976,0.0069893583060981965,0.0032687341087263566,0.08683102598235375,0.008678171787936213,0.005061423081482851,0,0.6041517021322245
103261,0.2831718600979088,0.02000129140655656,0.014414302629487863,0.010279865218289988,0.07975356187185603,0.004823561350441422,0.014802013407621363,0.02940917129770352,0.004333498319786326,0.0011191402338244655,0.010235554384498958,0.00016856991034609528,0.006780187509875586,9.265829153806315e-05,0.0011503419404740372,0.002505190227858055,0.053955587046619645,0.004268577552186005,0.005241309095474435,1,0.5465062417923472
103364,0.2702789726839825,0.012393532442974801,0.010117435513596656,0.01741415263159305,0.09612676536183166,0.015995257637274173,0.008921162963642659,0.039206383447473105,0.01431316311331136,0.012360301015613216,0.000592408441794936,0.0037399390504168867,0.006332739154345688,0.00300492246820917,0.016047340103056387,0.0022647538460691618,0.08944259822188316,0.0007715267741497338,0.00475310674787912,1,0.6240764616190975
103377,0.2796691216418905,0.004714976334627546,0.0022087242518846638,0.0033548241214595626,0.0773937904463213,0.02198015645274208,0.00935467256321901,0.021220568722712253,0.016131026363684946,0.004390230801165545,0.0044567627311753195,0.002098894588113774,0.008568900097221997,0.0037721363863555475,0.023554212331077462,0.007529762389694081,0.06586608670064491,0.0037357855090009956,0.012583030711555827,0,0.5725836631445473
103415,0.30703525845122354,0.006053026297974363,0.011224918272889645,0.015454638969315482,0.08267455772980654,0.028065190936803704,0.001712232644455763,0.025021901357025655,0.02097080316004005,0.0004873395017614978,0.0009295338483622737,0.002376518686817375,0.00707087014918679,0.00230119727450277,0.015526975224589413,0.012198912097883822,0.08775417822248037,0.009580387799591994,0.002638182177324378,0,0.6390766228020355
103547,0.2681174386791785,0.012874879931261575,0.009322911316694106,0.01761656844182987,0.07680204162902834,0.00944805035946638,0.00032677251769905064,0.03709316151526058,0.009642876652222453,0.0016452858288005464,0.012757082684445663,0.008122892969505855,0.00886683655902156,0.009150776238008015,0.02615422491498637,0.007215991155208251,0.07902398439334347,0.01794209424134047,0.020843645745003577,1,0.6329675157723046
103554,0.2780910040784171,0.005436295642025125,0.006010503864492145,0.011521959349919291,0.08838877906889821,0.02203641054306298,0.006694279272976261,0.029933554904344836,0.020902050651563232,0.0035864348839218267,0.0024537138823664405,0.0032307766853190145,6.253330000718079e-05,0.014385078053548307,0.012451030785331314,0.008147666579532913,0.07354228516897242,0.021667159735507303,0.0015870986687444952,0,0.6101286151189503
103659,0.2921761865216331,0.0007506495916000308,0.003787311691953856,0.019098745691807948,0.10937883014305606,0.013756748182753742,0.007999027287326585,0.022163515723948826,0.013879902620017983,0.019168474419287044,0.0035447099630060955,0.0072212667550412375,0.009231420257104897,0.011536658515756299,0.029664034391378227,0.011614319571481532,0.07263422416444149,0.00633234169008568,0.0035254848645566747,1,0.6574638520462373
103670,0.2737102194862114,0.004854964186975676,0.005072966596129712,0.01925226540010741,0.09338628569207415,0.025093841205776363,0.008499718960146684,0.029743942452156127,0.021266769473760442,0.015406610376294821,0.0010598883527231792,0.0010925996073847314,0.003086587305683002,0.003519428826440789,0.011271532505802784,0.0014633355645651096,0.08369147953882848,0.011749753174688841,0.0019124003434039928,0,0.6151345890491536
103883,0.26939232241290095,0.0006549012979481924,0.0036491884540817985,0.001125399377214491,0.07417562338919348,0.00010078476267130025,0.008014704944926633,0.024412794680808467,0.026372692175095528,0.010190641001546529,0.004273766840379002,0.012248109246532635,0.0026784659955597034,0.011092406674253383,0.013527213680682425,0.01104500259153778,0.06313433759527042,0.003999517529315731,0.004177820676327661,0,0.5442656933262461
104054,0.27017029845542156,0.012386970800549168,0.001085684806751806,0.02200130510581374,0.09347500832111548,0.0291618021173556,0.006702763849256311,0.01547932704213272,0.023857355829825046,0.016831426493776364,0.000945570767396518,0.014814581289505361,0.0042655943477403965,0.004721011669582746,0.011647056604603462,0.0010650073784561308,0.076487830076086,0.0031744443637135196,0.00899522321438726,0,0.6172682625334692
104083,0.29502488176832625,0.0073817187883065405,0.0014565531465619748,0.015549379529503035,0.10117655473477949,0.02108709639021635,0.003507709308172509,0.017284873024484573,0.002888623813112302,0.00032720223106067,0.006452829633135441,0.004372522960128168,0.016574030234412764,0.004826174132895729,0.01687519426521129,0.006878593205716122,0.0860980811441917,0.0018788175353190684,0.00646726994935991,0,0.6161081057948938
104129,0.2858156080745654,0.003191108490995042,0.006264638397771633,0.020878877241552206,0.08388141100061611,0.029128832210575106,0.0075093866633484125,0.015292173765066225,0.010220229625780244,0.002884102430339178,0.0016662085365323027,0.009377835886668398,0.00040124375659273255,0.0040921875075569,0.02144941712634714,0.002937471286572893,0.0847610716681632,0.015119314214729772,0.001058685893651549,1,0.6059298037774244
104175,0.261871660333956,0.005400824737295669,0.004703434339088452,0.01529665358548922,0.07768324082104883,0.032287477808111024,0.01125066429378131,0.02175608881189597,0.014156907151875169,0.005730608592711228,0.019346312102483453,0.0015112859698426413,0.009244920888092319,0.001948249856075666,0.009371571340974934,0.001020957602415327,0.054371868040570336,0.0027507543485842693,0.005046561158961405,0,0.5547500417832532
104180,0.2746003135120475,0.0031759813425533247,0.012938981864446404,0.011072790489412567,0.09009457792613773,0.029945250600242144,0.010840264610038543,0.01935185353965957,0.02086167104102258,0.01263745507702083,0.006953406050526946,0.00400281279910444,0.0007837772369306187,0.005306689584409977,0.008758746022895603,0.008134950979322422,0.08646214756516246,0.006463188983024295,0.008922977175970478,0,0.6213078363999285
104200,0.29309065187719324,0.005764268957597748,0.007629406773189961,0.026268211192641062,0.08375429036597568,0.02483923217125557,0.0019893185926635804,0.02354544207257336,0.02543259832601216,0.015760995892302523,0.0009563105117438644,0.007771798535408344,0.004716525778445272,0.007239210588123568,0.003305138318748809,0.0014581860377898717,0.09225488126082021,0.00671182724139331,0.002872181954009333,1,0.6353604764478875
104216,0.2816861391390325,0.005950652170573144,0.011891179876858431,0.02392180498830956,0.08510713821020356,0.01262275814379648,0.0025356317777241455,0.033172148040769546,0.023099560802151222,0.017180826265638233,0.004135920121903166,0.01104802716055499,0.013199230463204112,0.016764867634733952,0.025238512953037435,0.006097779676334162,0.09585135382054501,0.012192581848721443,0.005468109754169714,0,0.6871642228482608
104241,0.2701495961223158,0.010696277157343372,0.010762408550126175,0.010348076863579232,0.09533340704332062,0.032839654811484986,0.011886673622747599,0.022114545594593304,0.022894391527167424,0.010048433018246159,0.009383511371445412,0.0048234094638076735,0.01011536814409573,0.0077064216158072895,0.004397203409614916,0.0215657489091367,0.06810000904831219,0.0107324032678706,0.0006033398459746723,1,0.6345008793869898
104257,0.2704619708423418,0.005535010419655507,0.0167131714456418,0.027253872018539935,0.08986292116338798,0.004380099595509938,0.0021474087804409163,0.023904926983770506,0.02272904670690594,0.01433947282386829,0.006555595862828143,0.010583056860723162,0.012900549117063917,0.004737541518243375,0.028881528314674557,0.012978301518763724,0.0704773333964676,0.005145978968080148,0.021989145635076163,0,0.6515769319719834
104269,0.2859825159004422,0.011713266303181168,0.013195340903938115,0.008179314542844507,0.09476901472445633,0.021708909041931828,0.006129892828342352,0.03426837581594632,0.017658614766051347,0.013265145413253805,0.002531281980461873,0.00032451236319353183,0.008439203067366324,0.024283967393218284,0.02808968549799879,0.0016156550283376598,0.07627210106193771,0.013469149748453266,0.005144745860852705,0,0.6670406922422081
104339,0.2707069697913467,0.0004996236494854658,0.009200486614766338,0.014620844096685516,0.09173380020469582,0.02752818006246016,0.002254658997383048,0.007814352612546002,0.0162325364438052,0.012633170841090377,0.00512912636948665,0.005178642186593878,0.0014749316390730038,0.004642217788355291,0.014259211551081976,0.01068489643014864,0.07125171087556016,0.002697489966967754,0.005843664587476113,0,0.574386514709008
104531,0.27477842671332636,0.0008925222363460848,0.01933263300633795,0.008924784808500442,0.09496489428500164,0.008021007867587613,0.0026387176105215266,0.02935017798481858,0.009801523968219159,0.01347272525548605,0.0007246090800147565,0.008183535704713387,0.010114718623927762,0.0021186404930102387,0.025470443952071542,0.0026862777498341426,0.08938271208884638,0.012645813666917438,0.010404441594350975,0,0.6239086066898321
104569,0.29314123164132916,0.009826930616210938,0.00018826693249778865,0.014037588151599726,0.08830622088577737,0.024150746281374896,0.003401213761580764,0.029244788701329925,0.021449547170820597,0.007590733996685973,0.005066046221134603,0.004489200074831801,0.004819526167722153,0.000492616074896419,0.015130060049544454,0.011850232712450356,0.0941009082928966,0.008363662286925994,0.009818328933336477,0,0.645467848952946
104627,0.272758363220209,0.00398265823142989,0.00492630852780765,0.018486444213785383,0.08861938015977522,0.012569528405110933,0.009681668370875253,0.028715312045951003,0.012610285242765251,0.001858249407077997,0.0018573210736134342,0.0011762180942083511,0.014079058099630446,0.001160948155164257,0.01911702538047178,0.0035044122570690676,0.08872181894509444,0.0014092679839270523,0.0017696176658760978,0,0.5870038854798425
104714,0.3001517690769512,0.002619496986867347,0.005649461275476785,0.02980412292145253,0.08533258410973936,0.0036891438285454703,0.0034950237479313404,0.018035218571454098,0.010517717804811807,0.0014702852459669315,0.011388497262445188,0.01179819499357947,0.006530776573025304,0.0004865237806433482,0.005606281028595732,0.0034522111100549102,0.06752925682838554,0.006036155290079495,0.017753204475822182,1,0.591345924911828
104788,0.2807181758178701,0.0037024902966359963,0.002598208636401773,0.01974588584954732,0.08500013908175351,0.007995583208799267,0.0003507978752707462,0.02191923220879299,0.03117044660630459,0.010649357661943176,0.012223505691796584,0.009147541424274996,0.003362380668979471,0.001522134773696599,0.023716801254321494,0.0017344716311162994,0.08753152413720873,0.002035762039658037,0.007560539240806853,0,0.6126849781051785
104799,0.2580486185687256,0.012422927812195643,0.021782988881728048,0.010157906656569727,0.0919844602859618,0.017870148932069195,0.016515594962007434,0.02420117967754784,0.011770491584710123,0.011034879671947634,0.008258465482134115,0.002381129588579123,0.00847377531987215,0.010450904241775872,0.024333248135663857,0.005482896050060018,0.062037379694676625,0.001559511832559317,0.0005781002912072228,0,0.5993446076699913
104858,0.28074173805070723,0.004606124753916184,0.006805611555735734,0.033766995148154705,0.08600936615000311,0.021757393104120077,0.0034306907077914102,0.02521146251997153,0.005274419129919219,0.001318523520897754,0.00885874259747776,0.003758755941589473,0.009743759576201156,0.011224545671337537,0.019412545882937803,0.010742756115909635,0.07825287342786759,0.0017405783645213738,0.005020367177036246,1,0.6176772493960956
104921,0.2907651122831626,0.009894348704409571,0.01592662275995375,0.02129376812982269,0.08018460595671788,0.007826152048056725,0.0003592598338553731,0.0053915435270010074,0.012358672063614596,0.004375990646599119,0.0018331900158411372,0.015737422121095013,0.0023509333299904056,0.005475458610808198,0.008374486486702196,0.007231397167612295,0.08061300399883371,0.003750733965828896,0.010591535595533143,0,0.5843342372454383
105081,0.2536036914307607,0.008363669771589984,0.004432236147902923,0.026715088818545087,0.08693247414227974,0.006865155260486527,0.0029595166394965873,0.031216091099466874,0.010008404603005758,0.02012265059452248,0.013852156012791625,0.002291499196334151,0.0029561124468648454,0.002167637878121717,0.016851888452366855,0.011873300117351857,0.07216241788775642,0.0033186063313727474,0.0021243262371326154,0,0.5788169230681495
105130,0.2704559559065855,0.012042147311436248,0.002492477013022939,0.006295488837044515,0.06733586157392421,0.01415840722560225,0.002987704112357063,0.04491145714347671,0.025091406523583985,0.0018195755187128933,0.0025976938949414524,8.691207768065337e-05,0.0047325030592322405,0.009558557871511875,0.013827549652905426,0.006550859490432312,0.07552153138522048,0.00016482771372305005,0.006927919695924484,0,0.5675588360073183
105146,0.2687739333523693,0.0016519615334588968,0.004572117632968965,0.01659490090657037,0.08705723218450266,0.01378660523692042,0.0037766087237530665,0.024707043594025025,0.004440130021585459,0.0017760002390265644,0.005909703622457972,0.0031777185516351906,0.005121113580312932,0.014072997598241236,0.027810337586337722,0.0020718660629824408,0.07031229812963546,0.012258084008243752,0.009855768467248878,0,0.5777264210322763
105186,0.27012237662179217,0.008657555023523738,0.008824270665430777,0.002502821228575053,0.10415868557346758,0.018631031053161544,0.005972251584231509,0.018705451633231448,0.013182763762525817,0.009068832070314184,0.008558316967897254,0.013967451806882027,0.009589143245843791,0.006794478566967145,0.009255292538681686,0.011310080907767259,0.06945731071438807,0.0003859363980045322,0.0017037795036169995,0,0.5908478298663026
105305,0.26309301193919055,0.014648214749546917,0.0019449154160109867,0.005838012481796852,0.07615334348400983,0.0216437610894222,0.002256461125506808,0.025973475358602824,0.01351442383616615,0.0029823663387866786,0.007006558359561434,0.0017894838122669947,0.005550558625923657,0.00906052859605236,0.01607387480247125,0.006177385435500274,0.08672125923883682,0.011541540704588842,0.003837228063080608,0,0.575806403457322
105424,0.24474094110913797,0.001993574369564249,0.006308223799113266,0.008737856261628285,0.09024163623442043,0.014169559554698601,0.004853349055110616,0.030141406310650036,0.009363874105344273,0.0028357036251692195,0.014559331024192563,0.004106975366694703,0.007177071928658936,0.0036484051369667274,0.014488381656952353,0.010534332896166024,0.07287318034517547,0.014284797248563661,0.005416146987662441,0,0.5604747470158699
105434,0.26642137252645837,0.010085714905240541,0.007391113573870393,0.012832890765231223,0.09776406998121887,0.018931860748794955,0.0031509953786169743,0.015552847656607846,0.00021594901365522973,0.009531842802698325,0.018781861148215562,0.0005726747801889727,0.0005076797801225432,0.001996064394659933,0.012689321448783989,0.012530969773677797,0.06494991877086938,0.014162202272480988,0.010874439362681072,0,0.578943789084073
105452,0.2685266701545905,0.001587886661600936,0.0010528225503811947,0.005879707001218069,0.07400679048174472,0.014358926222028138,0.012463133124610308,0.028273249720914703,0.003919612498142816,0.0021531266627708755,0.003450418634366963,0.0041583751886457845,0.006053326978987297,0.009030794774492009,0.023868265604452713,0.0047758573162247145,0.07587340864986564,0.005770392687432219,0.0016931678777955532,0,0.5468959327902652
105464,0.23654778725012948,0.007120317925804658,0.00038653645142809026,0.0004508882934825925,0.0710517261590814,0.024642725714891747,0.006469483927529021,0.022761334892051947,0.01180978125339081,0.015204241993099374,0.00903954710510661,0.0034304433320665067,0.008460788622668743,0.00640423314042126,0.025865624631855974,0.0008906561057755241,0.07492146459231892,0.0020172843975357043,0.015270574130518723,0,0.5427454399191571
105484,0.2765785058389195,0.005525556253330162,0.003939311019989424,0.009096654452613375,0.07340858870018507,0.04297672282188693,0.011093725863519178,0.023268537421776807,0.02358897938153022,0.003713468366363395,0.00964644839793947,0.011998763557111897,0.012717345027889905,0.00936183527797734,0.0040185504511184335,0.016729092348990234,0.06729379495866515,0.020691771275031818,0.00787315634903106,1,0.6335208077638694
105586,0.30946539897053765,0.007823217130963516,0.005359409642745407,0.00935072332422234,0.07072850279437784,0.01795291170026395,0.006179912223319114,0.03316575730030695,0.012185803420810437,0.0026467137797674544,0.012878321212791066,0.00038157267144015456,0.002643630188950574,0.002148743700966087,0.006322963527110355,0.004213178838314323,0.06760151030525621,0.01832441105189775,0.007054452821836514,1,0.5964271346058777
105591,0.25684866649212157,0.0020749485127904187,0.006832773369114628,0.02511925910419139,0.08759554902418733,0.025941841313340812,0.004685122927334002,0.018432059898015756,0.013226478017673833,0.017344214600175843,0.008931583342274257,0.008062846760450541,0.014902933854923403,0.010855085372117332,0.02225031315907288,0.0010284593078275044,0.08159387283607687,0.0039761889125844736,0.01759310679687051,0,0.6272953036011434
105603,0.25685632650103796,0.00478364133798233,0.019281143498173905,0.022859921893535837,0.08100521630493719,0.01523352050809328,0.01582984497705726,0.02471021661945335,0.00885044095896493,0.0044900294329984665,0.007176663039858035,0.011264347729471698,0.0064105642795629775,0.012562944928397496,0.016275633918465218,0.010081700242518471,0.0589361250324165,0.01033712987269083,0.013242023101473542,1,0.6001874341770893
105617,0.2401221985364713,0.0014871322339268305,0.0005721184442594071,0.03326988057341533,0.08511011098693774,0.010870428428801216,0.0008553752662988715,0.02447558177747037,0.02129361794227838,0.016115182543548278,0.014005293090574546,0.001262636467291204,0.0011610368454488386,0.0038452216544040602,0.013007778047531074,0.0027395025246894997,0.08427305541054411,0.005123986632358587,0.008455179530562943,0,0.5680453169368126
105729,0.2859015723177534,0.003836354666775774,0.007741315225954241,0.02248961835956888,0.07978906749787437,0.006315271073735414,0.0003446740059615207,0.033194539794970224,0.0020915476676875875,0.012631605136761297,0.008908007413174787,0.007882228705750397,0.0057106643980903895,0.0014381606840971049,0.006860160609512978,0.0037958787331088583,0.07293485054693431,0.004567033747032554,0.005128308257175866,0,0.57156085884192
105831,0.2515288680975993,0.0017713077434692798,0.0037855668178484675,0.013041286637430165,0.08562972678665304,0.01559359556393337,7.155967959747253e-07,0.003826634737040095,0.013633577068464754,0.00821729017194404,0.011732786338918017,0.00685331815155153,0.004887501449444331,0.0008921351076671,0.012612278925476105,0.009845043811193721,0.09075987103143068,0.006180602948053131,0.004866081338680183,0,0.5456581883235933
105849,0.2742040552713042,0.006061671737086156,0.0034865835526517,0.013609961808274005,0.08260223960366439,0.013080798385477679,0.0037423327416616107,0.031967360073052606,0.00041187074588409006,0.0039089692931404295,0.002380749271833775,0.0032591871103886025,0.005383661778114907,0.0006776257806628219,0.009814365393661552,0.005207594330090918,0.08577528100592262,0.003699019247383945,0.005842533127129992,0,0.555115860257386
105881,0.22766612702598055,0.005263410197972066,0.003925483325036826,0.02123998627115441,0.08824382429136608,0.006599358512590513,0.004259649797791871,0.042999192593731764,0.020130957343211187,0.009136078463569753,0.011237070768740694,0.0046799344747596614,0.004910160435162846,0.004973973260665443,0.012525683863912085,0.0062807754312160045,0.09294161664208131,0.010844729327872723,0.007862176126009706,0,0.5857201881528254
105926,0.26041339493435256,0.003808712331043741,0.007437601780370361,0.024388072017957865,0.09263804444412413,0.003181361192329902,0.009985604950815583,0.012918980972714638,0.01060260377384431,0.020189766624210726,0.008298638422319243,0.0015646811293864114,0.009165358696030997,0.015746016443660978,0.024305392220848196,0.004508250157336277,0.08244343848406877,0.00302009746287203,0.01578948633589462,0,0.6104055023741813
105939,0.2586943777237371,0.0042670654343495065,0.001018979161096932,0.02663432068190269,0.09199735898930436,0.020394846856009775,0.007091021522797787,0.03736187733215187,0.01607663250882488,0.004122877447365308,0.0013922488694318297,0.009652576069258473,0.00981359727708794,0.0041276105321008125,0.01193135521882716,0.004820804131877876,0.08863680003410462,0.004709859886456794,0.011302785303896513,0,0.6140469949805822
105968,0.24885594736514363,0.021797361330309906,0.0014482434326375153,0.025821935124667652,0.08469618442993568,0.003535127584313347,0.016340034276120963,0.032341054175648434,0.017537189075356723,0.00992160258977752,0.017383554981607093,0.0015265609123327538,0.011582212545405084,0.013320323994339094,0.014359306956909724,0.001008516594984841,0.08117638726054034,0.0010111407699801799,0.008107798480517256,0,0.6117704818805277
106016,0.2726493126729669,0.003884487229073431,0.010191680199291404,0.025053198680585056,0.10336998489968902,0.025141277883779633,0.007686867381172475,0.024257028670693733,0.011011721485185994,0.001940061640679266,0.011416291575999814,0.004767145099354084,0.0060731330598991886,0.0031363858610693727,0.007011710588680086,0.017643360272794114,0.06930192743961507,0.017242615368446637,0.0029134768073764182,0,0.6246916668163517
106159,0.236802868249939,0.003441427279881626,0.002920927722468033,0.016254151125377037,0.10063599314893565,0.018493547359349178,0.0005085643879614466,0.008619266321500505,0.01980880901887978,0.0199232177688894,0.00740329861254671,0.0013120085968299504,0.0061554001828607015,0.006328543125309846,0.01559112316893003,0.006795649976676603,0.06546358488114451,0.0004968988437649752,0.021604213482089133,0,0.5585594932533341
106161,0.2280006297497002,0.010432459767034824,0.015448442855512378,0.01347955585547984,0.09259599885403123,0.01404424297853388,0.004003864117973606,0.02158059288303839,0.003201298623298576,0.011449101052482489,0.0019903684606114064,0.0003685165960413069,0.016445074991478598,0.00899228787773539,0.023345158150520236,0.0016178435428067922,0.06399926961671332,0.007249795082986102,0.020249418162136604,0,0.5584939192181152
106216,0.25424736975279233,0.02322632129701512,0.0015196541660213029,0.024600778311619897,0.09021094427140205,0.021137454049186,0.005311030858913813,0.03613008154004321,0.012261736357261679,0.013271166043609377,0.007398987173577037,0.0026549761293843963,0.008119805132782421,0.002588783780206645,0.004508947987851635,0.014321519905164474,0.07531982247984904,0.0019259772223700954,0.0025122602848400275,0,0.6012676167438905
106231,0.2514210545439505,0.002584099847546573,0.0015088193217322136,0.017307310691123828,0.0953897543965626,0.025183399709325493,0.002872386933978255,0.029898078647393973,0.00037131350251262094,0.0013268991555760085,0.002618972647702739,0.005219256743288187,0.008429982830312465,0.00259510945217315,0.0034047087119535,0.0018175617430376263,0.07933905120473424,0.007860206026696669,0.015039560669264328,0,0.554187526778865
106235,0.23860082082049294,0.0018323770737520458,0.0033065399664745625,0.03242223850322079,0.103166868892282,0.021917553199866425,0.011423438303816397,0.022014966782122922,0.0045000263413789345,0.0016381912602774847,0.009230048289545413,0.002799940992367533,0.006227110241785579,0.004342179362528678,0.025441916501029033,0.0015279925582984187,0.08331982649254528,0.006706941746500576,0.0018506098827242492,0,0.5822695872110093
106240,0.24537050098004062,0.008436019844468704,0.009820588809212551,0.008982334428087019,0.0806907633639649,0.016219381838662644,0.0004519933155953868,0.02141366494675331,0.006667535020437286,0.0028794588413191217,0.0006559602279976547,0.009970288076889386,3.390940852635378e-05,0.015668311605430193,0.01995610319224548,0.00872579494401419,0.08041009258984867,0.00956180462019733,0.004685495278000477,1,0.5506000013316913
106352,0.2622289945811339,0.009286013896139178,3.1677213323586736e-05,0.009338658227448188,0.0858170431326534,0.01735403977331504,0.0045883952087192315,0.03277749276269224,0.02100288754648266,0.000895260283557813,0.010764235153823413,0.009912785360093466,0.010145401862629974,0.016727278565160035,0.015800474127408395,0.0065404394858010135,0.0731090864053568,0.01064185829318799,0.0069238291804140815,0,0.6038858510593405
106393,0.2835318540357189,0.00455793348777768,0.013852527404653018,0.023009441454556797,0.08727106206450964,0.015624661046910137,0.006064827626897323,0.03613466545833665,0.017295469203010533,0.008994588116207918,0.0017392640356949543,0.014199452082830922,0.004529739689119807,0.0038045392321662576,0.02331445752365238,0.0014310759602379768,0.07612584257167072,0.01306050402539012,0.010706221460220098,0,0.6452481264795619
106440,0.24708359339670355,0.0008299469386101754,0.0030295365817111044,0.028309156411369944,0.09142869997698291,0.012539972060296053,0.014291812121527827,0.020697065670285297,0.003119943562775931,0.0036065191437092744,0.016194455706743483,0.013096399184178951,0.0010259496726370424,0.004489820717371086,0.01448090799763701,0.00933927201065044,0.07787653108972842,0.007878100625264001,0.004055769735133651,0,0.5733734526033162
106443,0.25543195836373445,0.013977249208034257,0.001363226222357932,0.00929825236047989,0.07532441987709404,0.013681343824973153,0.0003055193364121757,0.031516123778492805,0.004206020172884212,0.002559214330082081,0.015538787489717066,0.006452906122579067,0.013724826695312891,0.0072464820464383,0.01974323281758084,0.002877901864935597,0.07645409962413459,0.005877411654090793,0.00592234626203551,0,0.5615013220513696
106480,0.2508386732595706,0.012205344619651897,0.0003701130945414993,0.02445510219026077,0.08804428403096706,0.01136835767316417,0.011443598267109204,0.015159652776199961,0.01816162236799474,6.315758178755004e-05,0.0034520543731941934,0.009053083985497931,0.00010934625117931309,0.0007260358635225546,0.020110413705546306,0.01066442399021885,0.06929089933377139,0.012351627162664245,0.006734387005658284,0,0.5646021775325005
106481,0.23773704135560556,0.005475966455814346,0.015528014277874608,0.0025921467872695885,0.07693614158088835,0.019792650199830633,0.01065764072548915,0.017084340158755734,0.007310025296973869,0.004176892429357186,0.0017224190282498929,0.005901049224561526,0.0010828290109514051,0.008690533829760917,0.007370353052832181,0.012399853976068154,0.08296136244485394,0.005716670031297864,0.009131428305869478,0,0.5322673581723044
106574,0.26909061108535626,0.0014179047479848592,0.016784675109911818,0.023583470171319613,0.10345963094615919,0.018158817619103203,0.01418644973082201,0.020425063597002045,0.013661839330895669,0.004505470584785141,0.007531651778745779,0.010587375531931191,0.0016051020826450965,0.008891698417047258,0.013106530405134946,0.003229681064583545,0.07913901182045587,0.001486152211134389,0.004144501800778894,0,0.6149956380357968
106575,0.2926261287219721,0.002765498232302366,0.0011567207129943929,0.013967808417331702,0.10148119727271998,0.02172846090157587,0.015584167998746198,0.020824843365887337,0.015314520682928094,0.00813140814733956,0.013575328418857328,0.001356813284705577,0.003134356419092507,0.00030996642307521815,0.01893070596358405,0.0004265170753439252,0.07785375592610917,0.0001230213951366651,0.004224333180257991,0,0.61351555253996
106589,0.26157362646143145,0.0018320158494073914,0.020312870348172547,0.01492636645997595,0.07947059866983537,0.007109756446501565,0.015887391395286124,0.023268696159792615,0.017207772169818482,0.0035549719069030198,0.004221336589942486,8.031183675902445e-06,0.008155958354781508,0.00035672408404299586,0.018235300032295,0.003984507139930732,0.07755988344998227,0.004217670185295113,0.008951939185810236,0,0.5708354160728808
106921,0.25869710729699263,0.007994965745915423,0.007829617642636915,0.022276716269747924,0.09136844194252156,0.015240306995344658,0.015241227050473967,0.01137750568270757,0.0074757796454150175,0.0064287513799556415,0.002802157388058336,0.009846684461074234,0.00550308374594348,0.0125738526530242,0.012529031796610187,0.018140226130664207,0.07421802128117243,0.008849234033678204,0.00037096659011568806,0,0.5887636777320523
106976,0.2712282528143742,0.014616817351965414,0.001976171650598505,0.009415604156856135,0.0873012175370682,0.02034015172748448,0.0077573840731682015,0.006950647933295872,0.020691695211881037,0.009347490607385394,0.0006334021251387526,0.0011677381644722483,0.0003955201636748852,0.014715364053180826,0.001080115327397682,0.007390642831914043,0.06863370885036514,0.012281912954599196,0.005233554197648376,0,0.5611573917324686
106997,0.24415099067213755,0.010204826468861306,0.0042462846454782805,0.0034217979347118807,0.08968050899967128,0.021556824194870042,0.0033431512843444177,0.010313732365676202,0.0005690122623065289,0.006880697781166191,0.002382179691421371,0.015732349891187165,0.010770379554511916,0.0033373740804461703,0.019799742250980613,0.0007404637470882369,0.05706176264068831,0.0018549935007393951,0.0046982367051803834,0,0.5107453086714673
107013,0.2483521483097588,0.009729355514323268,0.0017713608590476312,0.02281514587778274,0.09563966325258322,0.0019622377776862313,0.00047797418223998394,0.01265319748549939,0.0034256444102669556,0.00842643794196862,0.0041405943567287,0.00998121123788656,0.0016569679483712666,0.009860525258085045,0.0077613695130176906,0.007366103388674221,0.0740134494997234,0.008557063812759409,0.0003178088657954097,0,0.5289082594921986
107030,0.2694696279074493,0.0017570585271882123,0.004865122758929817,0.00591844623486302,0.08571488720489934,0.015232525319488438,0.005712366458610381,0.023362565249288564,0.01850321472971841,0.009082520101692184,0.005186821596961213,0.006042245862780464,0.004434376083516119,0.012629371079115138,0.014002347704371686,0.0024095818289450576,0.08520914688213585,0.00042716769666964764,0.011132997192959914,0,0.5810923904195828
107034,0.2648939874569734,0.0014119425388413331,0.0075390383769655,0.007880418032984459,0.09700110430172361,0.009613170001381963,0.0013138384868790094,0.025128056860088666,0.003114348694773563,0.004149079712303648,0.005804808380455656,0.014548146888477165,0.008819400151200299,0.002409383833205344,0.010896382146659982,0.008839026575705133,0.0703936602117395,0.008864849004073007,0.018159331766110242,0,0.5707799734205414
107059,0.24676983823894683,0.002451198929564261,0.008087766410079727,0.012918733356984409,0.0857524530205432,0.021772315261062138,0.006655958069766059,0.008136531311141932,0.011236414767682132,0.0004961454748032194,0.0009805155455681158,0.012216958069891069,0.0017700009272042165,0.005560448845193529,0.007119263637295412,0.0020701891419844663,0.06659051100659145,0.005383534627489133,0.0033266514787162037,0,0.5092954281205075
107107,0.24901959753194203,0.018446199815237364,0.01575235812687997,0.022275918814299158,0.09043475972768499,0.0014344425344448282,0.006026853614950071,0.016745308068121318,0.006148713389230444,0.008516150354745636,0.0025734966960802583,0.014879108313866483,0.0049069197796641284,0.011326236847346837,0.01183335291287834,0.006426758615768338,0.07571615186524203,0.017750235887489068,0.0008292009423079287,0,0.5810417638381792
107149,0.24750135097033213,0.00906981600307245,0.006987470530847393,0.022152556054810996,0.09581790390876592,0.038174047213662736,0.009821406350490282,0.03992334566640959,0.010155970827571038,0.0023278251343464367,0.016096525882379108,0.008565984990107401,0.0006837946605962568,0.0017587513034341027,0.008915504338938306,0.016572336352937606,0.07977089921849098,0.025159060199744218,0.006594318184340009,0,0.646048867791277
107184,0.2465886954341118,0.015348132909526092,0.0066079259813918165,0.025041851804366886,0.07554064421178802,0.025484401587849016,0.0019890935465678604,0.022426119867061327,0.02272505190709842,0.004383583389977884,0.02007192465776518,0.007622322865393231,0.002155398444090187,0.005245274932797766,0.016494699496018318,0.0062538290560939435,0.06336328572696599,0.012047074339231627,0.005005017595730258,0,0.5843943277538256
107230,0.21729453615630018,0.0025186572424964596,0.008090520140057686,0.02587668453527005,0.0885675761648198,0.021424261377602973,0.011995826174693008,0.02798412843298004,0.022171339288615567,0.018474188730083045,0.00971669504384331,0.003596526780158391,0.00470602296575495,0.0008749214676776947,0.01746329955876911,0.005779621225006875,0.09272991443110318,0.0065439384342367585,0.01800523521102906,1,0.6038138933604982
107255,0.23273177152684393,0.002465478243191162,0.012821804655301897,0.025756547561805808,0.07317764460726424,0.02725745105117924,0.0008562136863720953,0.027171764110475654,0.008829525117669233,0.00443206944927914,0.002291895403793713,0.0010756531279315596,0.003707840013744845,0.0075203145206024615,0.011598401690329,0.006553049688571612,0.06223016495186651,0.004118106516418322,0.017982893644433333,0,0.5325785895670737
107292,0.24811232565401894,0.006223897803699575,0.0017075611515805637,0.017521955903329417,0.07832475414588246,0.005954370652149486,0.02380977143855593,0.015203669238287547,0.002768132375194859,0.008888871631203771,0.0007396790503237589,0.0030577115208852046,0.004780921037332465,0.0164333879608537,0.007889846693415347,0.015819443074065898,0.07130450532023196,6.339030907207017e-05,0.006386143950593897,0,0.5349903389106768
107307,0.25533661703475363,0.0020496642149813306,0.011693928748043352,0.014237515962815242,0.08126508580782575,0.012282497554065767,0.0029984777110190837,0.021056196109194392,0.0072688931612495625,0.00732993296532732,0.0011377791205161624,0.00030998662662293865,0.001576543582046395,0.004700334970023157,7.579582225176639e-05,0.006572673613203437,0.08436293494549756,0.01168986448590085,0.01137518149272439,0,0.5373199039280621
107419,0.28525960923333604,0.01086605510347833,0.0034869842356132124,0.012783423456736194,0.08479053107641192,0.013413596779908409,0.011472744312248255,0.02753803359567177,0.018419921670638703,0.013963196528007623,0.0028619599396553902,0.0031961726978743843,0.01718119580868146,0.0008010613312374861,0.013867845937787325,0.0012544464448258274,0.08331769841580268,0.0005158092501761787,0.005405338075728226,1,0.6103956238938194
107440,0.26295856102739223,0.016127693446054282,0.014322716606926394,0.004980106703772387,0.0855310423356819,0.02643163273173037,0.004881771366006091,0.033247490168854636,0.0008877247514638886,0.010478848169519777,0.010194724808065554,0.0219126080096369,0.005275748700925593,0.0018174955994271088,0.01570753058095354,0.0036813207059816088,0.08206314308263665,0.006262061776896025,0.010198448482934814,0,0.6169606690548598
107571,0.2678582564532906,0.0013859198439717029,0.004772806729599556,0.03242665358141691,0.10194625296569486,0.028404816358563907,0.013972450564086587,0.02854087448894551,0.01052725565644227,3.6207343109061386e-05,0.00920303729706819,0.000803200175651923,0.0026245069033292937,0.02425729689034569,0.018115893445992765,0.018389519866660476,0.0750210310593152,0.0010620698154946583,0.004861007645349118,0,0.6442090570843283
107709,0.26276870443712713,0.005235351238710928,0.0003033819878156596,0.008251461203393052,0.09868906713657864,0.026285215775773807,5.30731243464531e-05,0.017092490197579,0.018704003218369767,0.005298811780422655,0.01596858332740919,0.007665799063482732,9.412711809693408e-05,0.011548460690139045,0.0196084625811651,0.010574147998964566,0.09313546358438321,0.013497555834062779,0.015316312413027132,0,0.6300904727108478
107760,0.26750197915845214,0.007281271186216662,0.005833812398154954,0.01423013484936433,0.0877254930096574,0.031544732991866664,0.006321548880056759,0.021196610011918107,0.013999075760658883,0.0016861480054197594,0.002781934087455925,0.009674833352303475,0.008012437204205677,0.0030458399076488682,0.022851955941845088,0.005786427036902758,0.09477316510392503,0.00784402914372736,0.0008051336010544862,0,0.6128965616308343
107855,0.2596814356794202,0.0028119716420094793,0.014406449314174582,0.009865773217714445,0.08928439928007154,0.03385384537978296,0.01397352638846728,0.006278198504881104,0.026766205354425286,0.009784870900361425,0.006864653274677861,0.00993326889111039,0.009485065128385381,0.014034876762613249,0.009826925928435091,0.006256635312121453,0.09228234479101763,0.009312296981458988,0.006511328432741499,1,0.6312140711638698
107870,0.2822293497443173,0.0018159890068970407,0.005780997816075099,0.012528112222657449,0.09937592858902936,0.028230816253746648,0.007783773562253624,0.010297726880233242,0.008580498707302795,0.0011992907072464127,0.002152074901224134,0.013060719962290438,0.011146107992593498,0.019566022911127336,0.006100070194971178,0.0028331652773617177,0.09036890656672408,0.013039602231245432,0.002307877097887221,1,0.618397030625184
107954,0.2885808632757274,0.015764057002083595,0.0036243399774537753,0.02341739764616795,0.09319532954665379,0.015297888057501036,0.0037803693289630096,0.017072744222134572,0.01960597491262323,0.011475571976167923,0.009811440909237766,0.016815628570877254,0.002483578347658485,0.0029013451891976455,0.01490899778159847,0.008856892439709625,0.09351866553246206,0.009200787162806184,0.0005475498856363536,0,0.6508594217646602
108090,0.2740772173558082,0.0048002686907443705,0.006765629757363023,0.024962312963700935,0.09403992209915212,0.01959831747915698,0.0029204337610362276,0.028502794679605148,0.008068497664814845,0.00695287175308963,0.0012149990714251679,0.0008287299909658103,0.006080382080439967,0.005158150428490318,0.02390177270087188,0.005621036056901586,0.07825543075429184,0.01950167545232111,0.0031662830078777082,0,0.6144167257480568
108268,0.2941072877305384,0.00390245024704299,0.0051389089351210485,0.023550626483202095,0.09475811344183545,0.01379671170967375,0.0016301809215480485,0.02024721101496173,0.019841667633475776,0.013006050343047606,0.013001579660062034,0.009085957098101444,0.0036810893028451684,0.005221917440356583,0.013004729333880197,0.0008407570520138515,0.07954148498172346,0.015493715378348009,0.010389855670343865,0,0.6402402943781215
108333,0.27967478238229176,0.003360573241433542,0.0012284807483630036,0.024619847428933337,0.08674849544699485,0.02597534393209405,0.0018703482514220312,0.02479766803313832,0.013004706002456281,0.010199466612812172,0.0028709809422048896,0.0036491789946716913,0.002611225059497111,0.0009007902826573787,0.017488827221148112,0.006096488030088449,0.07747210606947956,0.005054009977570462,0.005880158968562559,0,0.5935034776258196
108535,0.28101405437052396,0.005705304628318462,0.005281852172966809,0.021834765694183376,0.08340341701783911,0.02316069869043006,0.006060623549515026,0.015275483581363164,0.0026627165915772293,0.008432108573585433,0.0007259652170052125,0.014341241402213581,0.00391294231516206,0.005601472947140986,0.024864966455700237,0.008906510651536633,0.07985888048201185,0.0002577037839377773,0.014656847345230194,0,0.6059575554702412
108721,0.2683602055348315,0.011323638805171938,0.0012151207981681777,0.02945343254862415,0.09680434963628076,0.0245113761322269,0.0022080019652885923,0.022349031006848614,0.007660856571543646,0.017583149560853793,0.000336354506749028,0.009044579660863406,0.002992735561001372,0.0066049583465893754,0.01984413305065253,0.005077358132033836,0.09623064023358645,0.00797253724223153,0.009982638457954048,0,0.6395550977514997
108737,0.2720762179057179,0.0025949372955725064,0.002893979551970203,0.028074082677299945,0.08556456468639893,0.017677931615753324,0.009641319203852573,0.01125315985806586,0.019720588789365896,0.007106376088313775,0.006740641639542342,0.001353436967568192,0.0057721417479822375,0.0006341612585407047,0.022400597968850466,0.003121048092692806,0.06849473162929204,0.012116458699783608,0.010177591347943231,0,0.5874139670245065
108774,0.267931727721637,0.02147084669339158,0.005108806755503122,0.03197408954880149,0.08728187342315114,0.022767815252704642,0.019696121283517838,0.009091729349893038,0.0157965402762901,0.011307905671083099,0.004961626691219395,0.011483175312649446,0.005373983865486535,1.2123768099451578e-05,0.008564531972575312,0.000534254594391147,0.07521474936408126,0.009581931853012987,0.003818183846804882,0,0.6119720172442934
108819,0.2838953774265463,0.008872696104847089,0.009607250395453803,0.017974032713074965,0.08245957742084811,0.006404441357762797,0.009576390270661912,0.011441410373186424,0.009204595509260803,0.002135525267317285,0.006610615871009178,0.008762570019668308,0.001709737050086299,0.012255575062709544,0.012382584857490936,0.006772389719754531,0.07650177265950302,0.007218753799767955,0.015524905596503474,0,0.5893102014754528
108861,0.2866280108561043,0.005907310709828054,0.009122427786146503,0.012307855256774749,0.09690032094746041,0.013105232629868424,0.025686108562023177,0.019649715110745907,0.007752725250240089,0.0020162433828877294,0.007684808846732326,0.005157987282924893,0.005552500684025004,0.005437044296604224,0.027825896023147664,0.005096628269212147,0.05487848157993498,0.007062701527701682,0.002093733321252048,0,0.5998657323236143
108904,0.2889013836895816,0.0009326389196450336,0.01278725060615971,0.022905964703200922,0.09276960743585294,0.021826139655501765,0.0002888986383502516,0.03849959774898434,0.012480776182333678,0.012808030362031006,0.008008198019384039,0.015727763102816116,0.006432463859270582,0.00845407206548531,0.022019322238256506,0.0015338139280543937,0.07535677220873449,0.015963852146719786,0.0043172143778017185,0,0.6620137598881642
108913,0.2897053455732127,0.0004852802347591494,0.0022492225071405283,0.017467695080513542,0.08895849896646639,0.029088035566246645,0.003482673376193963,0.012784875429487417,0.0073563762501033985,0.015175566530738262,0.00725310058515472,0.006959162031692961,0.0024745004275991394,0.01607231858483117,0.009723864867497507,0.014609294189470873,0.06991282689044345,0.017002571224587957,0.0028248553997028848,1,0.6135860637158427
108948,0.27612198804512955,0.011549572937310805,0.004304337794282065,0.000261863804643137,0.10106678719065074,0.018214484307372436,0.01812078120582311,0.022713248202772568,0.013338864393861014,0.003561516491603956,2.846529590030218e-05,0.0024013297497201876,0.012078920075231547,0.004712746274329221,0.031499979004978314,0.0018244229876453934,0.07739556256636779,0.0038521923599321153,0.00393476462815086,0,0.6069818273157052
108969,0.29449409421661754,0.008261141880421657,0.0037158229114353978,0.012224853606046178,0.08005871176161106,0.024723140484855285,0.0059620369697745415,0.02107617355620337,0.0034355986171546757,0.001582902122490109,0.004968702032536822,0.007698599655809028,0.010513772089441785,0.002567231337080342,0.014879182591706437,0.0034248092192187287,0.06928899469077113,0.009789665316927753,0.017012160092005152,1,0.595677593152107
109018,0.29931458790952276,0.003465169469546344,0.016194307113093324,0.010606497140873876,0.08584701023660664,0.010362885228257089,0.003035513031828617,0.014683841159085113,0.03597974431186475,0.005484805627839364,0.006307690266374996,0.004276621336294916,0.00854362891994242,0.009027785463586182,0.010110267599590203,0.00011810692883921562,0.07759993509131938,0.005466882938706102,0.01606257554687926,0,0.6224878553200506
109049,0.27178110421339713,0.0011003737008768455,0.0038968490501421855,0.01280879403149977,0.08295856894303118,0.02505771257382969,0.0017427994472257785,0.04129923902706126,0.005267043401025866,0.0038559151390620276,0.0011619583679917098,0.004927146116713502,0.007451891682126355,0.005231143249647441,0.02535848488377712,0.018117589573421838,0.08051544240672827,0.003142195683554223,0.0046467868494206015,0,0.6003210383405327
109068,0.286787683876575,0.011387131155006756,0.007808808117535191,0.016436723161615787,0.09470909573777989,0.01068895730965837,0.015681838983087056,0.019810039910118732,0.02787703039673949,0.007281043831963428,0.007913932769038989,0.0036982169392801925,0.002152443878881793,0.0059350149214056755,0.020206106515206445,0.000256158793357505,0.08372922598937185,0.011454096188242424,0.0004882090471942577,0,0.6343017575220589
109072,0.2589818577786586,0.01129741551780187,0.0072283365318458045,0.005081492314113385,0.07946349564530585,0.0101707147580488,0.015198232628262762,0.023543350633559997,0.01268162191677324,0.011091280592597253,0.016897482748727384,0.007040051656251271,0.019428040208724108,0.015344688649094886,0.01776906308472752,0.008329552658688863,0.08515498168997783,0.01568532682755322,0.012313671505666701,0,0.6327006573463794
109090,0.27395135062757975,0.0035235888221101,0.00798786801169715,0.03135865090811896,0.0862911434730558,0.014652853564807234,0.0007685456003128038,0.025336918435374903,0.0034411951064372745,0.005209260872870082,0.011477708494147802,0.001302366812975469,0.006175974349745139,0.009947225832961136,0.006877609121506385,0.011060438970647265,0.0711905507363717,0.003948818552169577,0.011671322217395301,0,0.5861733905102838
109170,0.2725938764687883,0.02694011802902977,0.01386545197272124,0.02893402370629828,0.09935967814973413,0.02129201600155276,0.0007053805669954357,0.028142669017907327,0.0061298481796710205,0.0074911197560569645,0.004369555304373149,0.00593392489284074,0.0013546184589513191,0.008847067089411745,0.025831576649661972,0.0022957242758853257,0.07641759084201664,0.0018939178736985744,0.0015659255850051547,0,0.6339640828205999
109199,0.25053842059822673,0.008686075554835259,0.0030087255129606113,0.02028703761245417,0.08368889136000124,0.016638296812641565,0.0022442385708297077,0.007531987036053787,0.011770604379156953,0.00023519627460766247,0.004656960245043423,0.01322650738338396,0.005484483532327792,0.0023734316924771686,0.01484936297922484,0.0010625141399886813,0.08867306804551892,0.00398241080884012,0.009360211983363181,0,0.5482984245219358
109212,0.27636709746410293,0.0071394946547926625,0.008365413699666391,0.03247153132224752,0.07923602356614205,0.017117820902507744,0.000493166440934693,0.015961210286111475,0.022703677514422482,0.008029332091110153,0.005466262319614404,0.006376094082776417,0.008753710007812138,0.00686231243855634,0.012600730698258282,0.003229632391571968,0.07766622795189632,0.00020839286854593876,0.0011115840673250996,0,0.590159714768395
109248,0.27195407282030143,0.0028139385135608095,0.007453278032881128,0.02888780557575051,0.09398662849929339,0.028270107324840307,0.005067272431423609,0.018049198026685944,0.021088090970155085,0.003433278500116093,0.0010124660835892643,0.013064510999184348,0.006206240282688222,0.0005904819285215025,0.005981900252031192,0.01608431603397855,0.09116180530305541,0.009169906470408662,0.010079470338841502,1,0.634354768387307
109261,0.2837208736279202,0.0051912540183171015,0.017925437068176845,0.021591586509346436,0.07823571201144325,0.03409150255855527,0.0032725291460209,0.008427797992505438,0.019721935495577256,0.010425357498684373,0.008240618009624199,0.009727693767682882,0.004603214263905273,0.012698722900443053,0.015156561935652681,0.008049008147902131,0.07572240582008888,0.012484550007824306,0.00979638029906629,1,0.6390831410787368
109352,0.28463857445140195,0.00443253470562939,0.003167613870689104,0.014620685286495927,0.08687438158281724,0.01766592125319279,0.007038479289688549,0.0337822968573528,0.022837410608895284,0.00014375796070715247,0.001844030728647459,0.007691741515862136,0.01104630302896934,0.0167854007438357,0.012452716141615599,0.0032802796453344795,0.06212567127998036,0.009902819069713475,0.008154462271984504,1,0.6084850802928132
109468,0.29309926372545003,0.0061858437363227665,0.006589560168786931,0.018698394155234044,0.0882262373225889,0.019190679918762457,0.005508473722700099,0.021370439751517936,0.0029745922242917513,0.01859977987411839,0.00011031673065385834,0.009735263298460048,0.00236527072130899,0.0030502743490395698,0.021527525791861568,0.006328436091118874,0.08348123969153746,0.012479565853715192,0.002227754258031473,0,0.6217489113855004
109478,0.2779634602650297,0.013842496484834882,0.006103926260040789,0.01963949412506311,0.0792576325206053,0.03374647618065781,0.016367822843735644,0.022485242365081922,0.018128421762121788,0.0007207703761404825,0.008698788613312388,0.0040850480160153505,0.018283362471824525,0.0014945231149325045,0.013505577556850158,0.005337132571080604,0.07933972615998705,0.017116859074620443,0.007014549040929623,0,0.6431313098028641
109479,0.2795479998183826,0.012626414594779721,0.013903555692914349,0.006361983037169443,0.09506194423698569,0.00446179435772488,0.012778960731360112,0.02460317449629361,0.004268297157362899,0.007619441761110884,4.989317316000108e-05,0.004540198438499736,0.002270508008120701,0.0055837041442648025,0.015340088781353352,0.008808774124470925,0.06884129531064985,0.0009487992785292133,0.001789220719618425,0,0.5694060478627512
109622,0.2829226075467221,0.009352905603373778,0.000533012897499247,0.025836152998317367,0.0956783660918974,0.030513646647428838,0.003007892016173557,0.04483849832450047,0.005970323448047,0.001009205394642786,0.015248225535415962,0.0006004439926555941,0.006229425344703408,0.0190889654141762,0.008348934483734086,0.015308976485261555,0.08583287151685975,0.0027246832056443903,0.009189831317850377,1,0.6622349682649039
109647,0.283020153348257,0.01112762540847039,0.0002512474684461146,0.018451664597165622,0.1080303054687856,0.02406324319289202,0.01305459244680676,0.026560880249479776,0.020534683237544125,0.0021123251036775283,0.002338669886725838,0.0059312830564089624,0.01390959305370885,0.003974024375431907,0.0007730291833609171,0.006175712891406353,0.08430532113056396,0.010922703994069968,0.0006034345083727491,0,0.6361404926015745
109655,0.27996702087828174,0.010899036148544428,0.010385874283483297,0.03707689415620872,0.09312585634764922,0.029886281705726558,0.018638963326041258,0.02036811832577313,0.011350030955635436,0.004862403217486787,0.002654060453037305,0.004039100179395491,0.00042303778529813015,0.01224246769344559,0.009297687295629147,0.015377421836630682,0.0802611313613272,0.01208662354281606,0.005472847278535075,0,0.6584148567709452
109760,0.26820023198890264,0.003660561093474276,0.008901504576687067,0.015520548871934856,0.08576776508014053,0.014967970635589906,0.01248016910197747,0.01606354886665179,0.017081361141538368,0.0036230870145944017,0.0034096631801839718,0.009720295764460408,0.001666350326892971,8.455462706629536e-05,0.025703830793080824,0.016381489506398242,0.07621290279832188,0.009866548086034344,0.00020424458569013383,0,0.5895166280396203
109795,0.2670642339803951,0.014425691026102222,0.008638018842069453,0.0045497462572415,0.07463348907095314,0.01911952924542774,0.003180937194631013,0.018264656109652385,0.0008121109753422167,0.008790965839419476,0.01441751826774425,0.0014739589888364357,0.009642624159010462,0.01687545552605482,0.015412392349645122,0.007953926283214102,0.07589226672244098,0.005701382093228291,0.013387777754135148,0,0.5802366806855438
109880,0.26036961912671447,0.004096432832605247,0.0030540197346083453,0.010888054324574618,0.0884682354762527,0.007282395633986774,0.004513521952950777,0.031165366089790644,0.023474772286652894,0.007910093596683175,0.01319819956523764,0.0022998005476580403,0.005762689339505628,0.000427762103892973,0.030062672250165602,0.012704577323128397,0.07819659585226385,0.01919467238955915,0.00026361202265082955,1,0.6033330924488818
109989,0.2786507679397462,0.007204566379886532,0.006503364647953036,0.016493218952531696,0.07977266108648223,0.005972784055937641,0.0011102907227366762,0.030557674114925503,0.011747613261762265,0.01032983387547146,0.00041328831078131945,0.0007375090459549163,0.0020133462845613992,0.010988654593531929,0.03545796547616049,0.005059284296732344,0.08999722662504257,0.004550207919934691,0.005876557127782756,1,0.6034368147179157
110270,0.1737618209491484,0.0034303720097729924,0.010330214683281285,0.014332067210680076,0.05950182132309589,0.017014386169707175,0.009205895092292629,0.00946011199142921,0.008474640241113728,0.0021551654395760233,0.011463193975215176,0.009241906231717535,0.00437241953002992,0.0018282956210992497,0.015048835870679143,0.015383622226784757,0.051487591221220756,0.018208114261895315,0.012355861096509022,1,0.4470563351452483
110322,0.27306877826818315,0.005982059504380995,0.0028828806814954126,0.013773406654318069,0.08697773920102025,0.019016118398917755,0.006137675128770936,0.018939862623209715,0.01731654300721808,0.01026183967434811,0.0019796192950899644,0.0041519335229350555,0.019301468592396533,0.0004765708686789434,0.010889120237610002,0.0055780207384874825,0.0863130943707934,0.007742501760871377,0.0003573254110565398,1,0.5911465579397818
110348,0.2749773556796597,0.0019576027712265025,0.014180665378513766,0.008405015631222002,0.1001411056889268,0.021492001079551373,0.014833323434338165,0.027920859796493874,0.006341972112160329,0.0009301700016641687,0.0016855353677191916,0.012123368754023403,0.01579196585412699,0.0004038155648123108,0.024703093621614578,0.008364583478761227,0.08875972579516825,0.013124594457494827,0.002655583684198267,0,0.6387923381516757
110428,0.2908528988618605,0.008428620651106536,0.006305450128431141,0.031891096489028326,0.09467420865030036,0.02962455429874072,0.01032762438899169,0.021108645600040433,0.016402913343580242,0.015191081387976976,0.005961808860691179,0.011774817353995074,0.0003699258813675346,8.90233223297954e-05,0.027259456695933725,0.006452953648093645,0.08196977045191782,0.01060389771042225,0.005379149881462646,0,0.6746678976062706
110509,0.25742300354496284,0.011222856352371038,0.001313358461485096,0.027812862675338258,0.07955502397187629,0.011601741162778689,0.0038450614374400394,0.020976657758077458,0.019666557531030342,0.004427827435324916,0.0038268498310656362,0.0008468113777542948,0.016228729278515756,0.009211451195032468,0.02720408383880063,0.010800334284547393,0.07203627360811835,0.007529982837143271,0.01208034929416587,0,0.5976098158758286
110516,0.282578793213281,0.0039091727849045,0.0005437213585773059,0.024820364663822394,0.0773854226439331,0.012287153022348457,0.002551881657397487,0.021533853869096925,0.007070555973188967,0.0007593350860672851,0.008100005818177328,0.0006828824812999624,0.0038215742098468516,0.002495671995553478,0.01165832727734113,0.0018843269061204733,0.06679846237866964,0.00879020529737595,0.014723215438122616,0,0.5523949260751249
110551,0.29217617953262776,0.01149833418377072,0.0037623689263139204,0.020767204778834994,0.09717409373561231,0.01398680063729873,0.0050632944009621665,0.024670986586560993,0.018094160954312103,0.015703478773213667,0.003262768456976743,0.0022673529608395523,0.006780044973379054,0.0044406553916881775,0.015439352975552304,0.005015636789259872,0.08091312391069258,0.008995749623430891,0.0003222764711455568,1,0.630333864062472
110709,0.2763236417508336,0.0003649843029606946,0.004542466586963721,0.01605965883946051,0.0985497105656339,0.025144696423239975,0.008052495621022362,0.03625843030590525,0.026424789678686538,0.016036530615236504,0.00324163668225053,0.007754455955303482,0.002560062152374072,0.014446298537393832,0.020491840310247356,0.004903785440970763,0.07517974607299495,0.0007989409123082477,0.008635554025255997,1,0.6457697247790423
110777,0.24674901754155432,0.011103832951659247,0.002391075903905726,0.011533742104918376,0.08386041760452582,0.008499502722814703,0.006300983149588985,0.023012825013264387,0.01613311210253795,0.0016540327988464848,0.0021943619373798766,0.004359713815256647,0.0029648060911398834,0.002619041772480449,0.026898140522631744,0.00859523722262468,0.065175944729335,0.006001339065507288,0.0018174682145148619,0,0.5318645952644864
110848,0.26016770202356115,0.00862628941754862,0.001865137777144837,0.016014609302047855,0.08694846912504878,0.017935747754604416,0.0036211789930645087,0.0312927548475318,0.022986390569922518,0.006222717902330571,0.0009395708421474219,0.0013732076080525172,0.006792744973259568,0.00019027239228376928,0.038095900397081515,0.0018040559398830507,0.08918010302891616,0.0053754049285028565,0.0004691480256277424,0,0.5999014058485597
110861,0.25720410832018903,0.0038514590709990857,0.002844933532059065,0.021082381526136278,0.09068710041729937,0.018741129639184725,0.0006550531005894767,0.030678375227914122,0.010232618693651744,0.009174828467321221,0.013792889410030368,0.0001867062764924113,0.0012128597099386271,0.004063534564605106,0.009940220581229814,0.0017308132423792832,0.08345307506495885,0.02085309434989149,0.009729473651747029,0,0.5901146548466171
110915,0.26181224779696033,0.003921472534537831,0.00579231582996601,0.023075411314034334,0.07800319046185514,0.024775483582819367,0.004353189294428872,0.016973123769586068,0.013830619456997066,0.015177117858768772,0.004747430275157224,0.00729946685288226,0.015416070670621293,0.003885102338028794,0.003564708334759398,0.0065741302754195345,0.07311505366718549,0.004241869664719008,0.005447580123962127,0,0.5720055841026889
111040,0.28652736368624454,0.0008476728561400477,0.000712312996289334,0.010730346134592688,0.09568485802961535,0.021761206723459943,0.001229461206952226,0.024491220261562884,0.014844115497161732,0.007577970898569722,0.006152742347447971,0.008947444087559592,0.006553457621990232,0.0033265000870525982,0.021212100780081827,0.0022331203061461856,0.07005038688091272,0.0068576995570646775,0.00940710228412728,1,0.5991470822429715
111069,0.27824367078584505,0.002658864189014826,0.007685648039594975,0.025343896761894677,0.09575696807434918,0.01642387068410795,0.001038552703264906,0.025052331561552028,0.022380136352682867,0.003916294931083417,0.008023489855518453,0.002059902853449095,0.006318506426119595,0.009225005186735304,0.024917205456094785,0.008764373832752772,0.08135543628037806,0.03367134855442959,0.002648381273348832,0,0.6554838838022163
111111,0.2723692160665412,0.006079158695050748,0.0030916226904635813,0.008779302463959925,0.07343066722188273,0.019043429736738237,0.018924317598184012,0.036503950998837346,0.003174574496210563,0.008253820039587948,0.008312941956021174,0.006211283108898705,0.013748425764931757,0.01392115257343931,0.0308085933396705,0.0017397946853566517,0.07970756107773573,0.012915421993199677,0.0004780200339785823,0,0.6174932545406884
111155,0.25771813354654216,0.002574528014569664,0.002195658652840772,0.013557007998103854,0.07215230185987724,0.03011126343683543,0.012795279348208614,0.018598408718058308,0.011820917086168012,0.007623661953109427,0.004478781204286067,0.006348169629194427,0.004873531172534646,0.0020105239630812226,0.012487440299543412,0.01204864847863111,0.08286480236812563,0.011050777794267164,0.00799636122748485,0,0.573306196751462
111182,0.2576059153816788,0.006054932077922183,0.004849214209278137,0.01217070680435423,0.08185890169172175,0.010924483287147421,0.0024969809109960587,0.01662609212255411,0.019623590413067903,0.002559082147815717,0.004791279017275081,0.009739019385435081,0.001430599808473306,0.0013011166597133043,0.01999363423568596,0.010932583395614055,0.06694361097562138,0.004952082821720262,0.005762171221906609,0,0.5406159965679813
111201,0.27834642685097283,0.0040413559280253605,0.0047907626419833125,0.023587787554019846,0.08649051931277504,0.020339494203961594,0.008253918352944924,0.023550024282360766,0.023218073195087896,0.0022685184552466895,0.010796550617638475,0.0033707383950131536,0.005144688238008341,0.0012123481803053807,0.025546596599097568,0.00117818876549354,0.06686987383851402,0.0048732949117640395,0.01427671754197003,0,0.6081558778651828
111214,0.2673497777955138,0.012918552096287386,0.0026870772557708086,0.012770255154719459,0.09915559535310123,0.03275057629406136,0.010872955229634601,0.0033460032207462565,0.02707312709317422,0.0014891744871899967,0.008944913972434269,0.000463435221702266,0.0020271850241443006,0.007562052775484394,0.017241441770866194,0.0031624698182515284,0.0748653581261568,0.0055999405904102045,2.4811209048701987e-05,0,0.5903047024886977
111217,0.24182313124569557,0.0038300174973856975,0.002549863926666537,0.01753053675132401,0.085544572452656,0.02106913933053287,0.0030565086964674765,0.02283597908914027,0.0038329449248304275,0.013914647562888268,0.02088278611024419,0.004753228084268384,0.0013907842377467888,0.011721143512221695,0.023724307350236774,0.015550365809251347,0.07361802809468732,0.01584994116481039,0.008909743584990812,0,0.5923876694260448
111223,0.2626175219600522,0.00977779028459661,0.004831229381552095,0.0068260577929018015,0.08555270209558402,0.007849226729224638,0.0045518938933230245,0.02148014715500341,0.018853941915499474,0.0018178554382677922,0.0006877401116962347,0.011498020271963812,0.0015183321295857786,0.006344812126972593,0.012216336335260059,0.004185240924293817,0.08159352465187834,0.010390466674217294,0.003259839846845306,0,0.5558526797187183
111312,0.29389124844239534,0.0012458008161061749,0.011948354575710883,0.034803873117178266,0.0923849551910898,0.01531522142363066,0.007099062054767464,0.02014501102159649,0.0078035727705434415,0.0011807291216040037,0.010217341477052047,0.008969941708041688,0.001066564403561694,0.02072851515062728,0.029069327940943045,0.0012319069848211106,0.08035232273404692,0.011572288230239718,0.006429632026508787,1,0.6554556691904648
111318,0.257413630239893,0.006376373549582409,0.005468297978195428,0.020000154875541194,0.08943529826864925,0.016545704146568217,0.007184570702327041,0.017237220399936446,0.017103607399543374,0.013056165654263341,0.016502278047958698,0.0032009852752101923,0.00569085742190886,0.004663939324451609,0.011348924937251998,0.012203102517092149,0.07270488689046634,0.007837709182506963,0.018870951802281256,0,0.6028446586136278
111373,0.28915395868637395,0.006489528676446735,0.003114029184828214,0.019508633615715164,0.09724848379059868,0.0226761475442648,0.0026227405638673366,0.04336894641572007,0.005556481930272108,0.010462663000021712,0.0008021792282910271,0.0198034335874751,0.012300904100005474,0.013001979110542248,0.02095042526482394,0.009580605051820346,0.07278974468464354,0.014280676267260291,0.0015867618333379697,0,0.6652983225363087
111384,0.2681857651367846,0.00984135351433294,0.01908142636837133,0.020867878614025087,0.08768824476622167,0.018687222721675008,0.00336576216909942,0.03427487963571218,0.005559551391373074,0.023691075187989085,0.0032782221670601833,0.003947363435226877,0.003302346906979006,0.008007352451469968,0.02121984512561203,0.0004884566629976438,0.07280724099434335,0.016346114518176375,0.010079081434260142,0,0.6307191832017099
111462,0.2765683759022539,0.015751259972852004,0.005952850716302577,0.013167540708651233,0.08553313219780179,0.007669310744072199,0.006927610852099246,0.003340675638277443,0.0010507460757226026,0.01355750782441482,0.0008644384333978298,0.005286465068859688,0.005633883817103341,0.008736081901097897,0.008552394229110583,0.010054458669246516,0.07854830227114862,0.011891210626019298,0.0018863919977551533,0,0.5609726376461868
111544,0.26261595825452244,0.005656437759086649,0.002720876845594046,0.005505111446106139,0.09051485524517375,0.007052718844529631,0.002215691016377739,0.005422611800142675,0.008981326072034822,0.000963967267238153,0.005001074527064875,0.005402029160911331,0.009458253696908886,0.003076723689681507,0.01761323218184947,0.007026325304482911,0.08324960019838488,0.018352475031313934,0.00604000020827069,0,0.5468692685496745
111690,0.25446135893039173,0.012764023384282813,0.005820285031441894,0.0028968393260891535,0.08816626132957874,0.014272207683846823,0.01607194160782808,0.0335782307883668,0.015095921794300124,0.010944404750079033,0.007474288811859112,0.007095517215204238,0.007277832622761574,0.019063246540549996,0.019903635678016163,0.003468940431933826,0.0730032793926684,0.013798967987666874,0.01380474595898238,0,0.6189619292658478
111716,0.24310635764589128,0.00836155652908931,0.006533063757817129,0.03467727363185107,0.08716743199505973,0.008668922318551955,0.0064197186178601,0.042143746415736406,0.006271796171126596,0.0004424572637664021,0.007033491234858038,0.0010150562120567039,0.01600434697863827,0.0030533358627570233,0.01656627449621935,0.0009473318838614296,0.09150069481729742,0.0034047177756042096,0.002611966491285094,0,0.5859295400993275
111841,0.23983837482676024,0.01477085820465435,0.0004203383534651118,0.01571598689398507,0.08231996183011484,0.020415958776718902,0.0043791644659024525,0.028675083359087354,0.005289406066717054,0.0034171241009720737,0.0049656366576427075,0.001268718080910456,0.0146640526444141,0.010738317118116526,0.023069711646058956,0.0030413366177194684,0.07489149059908465,0.00477774281982453,0.012795433010619237,0,0.5654546960727681
111858,0.255832640189223,0.0049799754518428975,0.009476610533635856,0.015838503492026458,0.06565042696381267,0.0008998298560979462,0.014901912433995981,0.019228710350624036,0.019766304643605872,0.008868385011950714,0.007825762769627318,0.002288165642208378,0.020569062439010258,0.005712201057832647,0.008669090737974226,0.0002900352965195439,0.08155984605865334,0.007526865369578117,0.0031284505468156627,0,0.553012778845035
111904,0.24456284602191686,0.002279859900694935,0.006206141763067481,0.010279311311437129,0.10629974708786913,0.005333766995640214,0.008885423201237704,0.015437605968544462,0.01908939997828516,0.019963260157412774,0.007093357123634933,0.022645746454378286,0.0014723983275336157,0.00977546615909644,0.02396842605330028,0.004608577163003237,0.07615735884645324,0.009271449509820345,0.00603776256960301,0,0.5993679045929292
111908,0.2575878091026707,0.00449628421110117,0.007323743666675413,0.009547245654488818,0.09459762802805739,0.015778591703303677,0.00615668785438712,0.009013947908464562,0.020413915154699067,0.007254402497629271,0.0072414813605502296,0.006602862137543825,0.014955546119029519,0.02271574032493951,0.03141376113809521,0.02421635191763451,0.07482114604794914,0.0026086395329989634,0.007457288419842311,0,0.6242030727800604
111944,0.2540791703472993,0.0013990901769496264,0.007148552391878077,0.0032203673040330488,0.08647359347091255,0.029498538389458734,0.004885618716024733,0.018117201181239443,0.007904493362313846,0.008418958721116188,0.008408433581966707,0.001054592515222322,0.015393141242736257,0.017883435428028133,0.03148217030936075,0.007998873551031894,0.08014774747990364,0.00328171199031004,0.008906650669985795,0,0.5957023408297711
111951,0.24987810125066717,0.004902471238133161,0.002391673844760113,0.006757877324878838,0.08673990597438241,0.01166649632229757,0.005494086544081503,0.016960061512270228,9.756553455024435e-05,0.0058553156405300654,0.01827517933594479,0.0012340155517978366,0.012701900099934259,0.019786527190105423,0.01849256253643214,0.008800011092313976,0.047708036325356765,0.013827246512751752,0.004571873820217197,0,0.5361409076514054
112047,0.24652640194317832,0.011530836183448441,0.000676248975258198,0.020880209444622086,0.08502198001693509,0.017434218431862172,0.0011847416506276496,0.04101903337374169,0.013871162658061676,0.003451740438203546,0.00015343120269074018,0.00044673495261602394,0.006836585995571374,0.021256069483154515,0.012195659682306107,0.0028888949600494812,0.09053173637495118,0.0032893588314364757,0.00651230070236829,0,0.585707345301083
112268,0.26333638723943087,0.008334130067039787,0.0025505641180851198,0.009928498921760728,0.08686558043278723,0.012208597679984385,0.0018570944982457867,0.027851019164877977,0.025465312945145646,0.013919805182105813,0.010260900843257403,0.008909220927840042,0.006084697588492926,0.006777261117428749,0.018503671649862836,0.013383003611278277,0.07980279418541077,0.003078425032854151,0.007194790408731164,0,0.6063117556146197
112276,0.2652893512058876,0.004540515856165097,0.00013600987508506838,0.011172739153175007,0.07808828726124957,0.025243235115644264,0.010432780421177111,0.013178319460210355,0.013412108399693918,0.006659906218058633,0.003349372116577165,0.002779447347079337,0.0001187820861888701,0.004805525978176584,0.03633044343660857,0.0001424235469096462,0.06978635854219822,0.010189318183980852,0.010606934839213952,0,0.5662618590432799
112414,0.2500423958850777,0.0005275917615113166,0.0038340090038332148,0.020107157297613313,0.0844709155001994,0.020355874390206113,0.003443065986727241,0.020225112416296535,0.022568524706279607,0.0012994739634439184,0.0026222655887198233,0.01434872552101828,0.0008298968626299308,0.020102475329738936,0.020422784460659697,0.013028847484706165,0.09090073897202229,0.012586817757303758,0.012924945533487116,0,0.6146416184214744
112494,0.2411351999820044,0.004380120025649249,0.0017804378135287866,0.024071003864049857,0.07612454274683826,0.03252770887002774,0.0006972614637715492,0.026485191268905337,0.012792971775340785,0.008563679924747427,0.010712324760972317,0.00024707509748853713,0.004779524714484959,0.00892625300564822,0.005353287290906808,0.006066961207455685,0.07550410478530763,0.0051301480458647635,0.0067369647430505445,0,0.5520147613860429
112583,0.2755216107249499,0.006087041714805875,0.0006762502118240867,0.030582636562991396,0.09907574479106399,0.02456403627521009,2.9014451441629366e-05,0.01951016820753066,0.013025141957749398,0.00015484141547682906,0.019111147284854094,0.0014122843503711923,0.0033518922059275168,0.011679759250679368,0.01874930423824559,0.01375866294807277,0.07909865100586709,0.0030636804880431845,0.004394633913731239,0,0.623846501998836
112584,0.2662835906573802,0.010904562034533497,0.002102081609582995,0.020424955901447987,0.09744243184743234,0.031257483832089865,0.0006730018650863229,0.025521274268753794,0.005900259756480122,0.0059841658395746525,0.011102948467503442,0.0028074300307583196,0.01354748710129054,0.02535163893743384,0.01432033906372868,0.008216565531573804,0.07634405734758878,0.003920460812527099,0.0025143341511039887,1,0.6246190690558703
112590,0.2709214521457209,0.003023694775047663,9.32269540585842e-05,0.01029027501216105,0.07106662812795582,0.00973134497952698,0.006948765991082225,0.02856331416011185,0.01682180749379444,0.007793741924538129,0.006340573987928462,0.01456871561893244,0.0033061924254828364,0.00690350574106701,0.028867657838851576,0.007848989303709888,0.08635798382391839,0.006930642490962183,0.0017525583873260813,0,0.5881310711821764
112603,0.24627101267092028,0.004073410772585288,0.002646010776284857,0.00190207290265576,0.0888361464539591,0.0037114950565477686,0.002428896814677567,0.014400538417366084,0.022739375266201893,0.0032526483289530275,0.013394227919141452,0.008987305528777263,0.002138461879655,0.0025616506369538997,0.03204755042952731,3.6894298735593164e-05,0.053887429041586825,0.00956969891897413,0.012902575057817993,0,0.5257874011713211
112624,0.2873914794233394,9.870774186659286e-05,0.00013740651841468755,0.028289126839890284,0.08265405864564426,0.020976642445217963,0.0013146685232792376,0.033572854656725104,0.006535522581912785,0.0022878609927630468,0.003967168627069569,0.008213365729872711,0.004114205732299654,0.007522682233233759,0.020195506587965234,0.004114675985429245,0.07266559573137098,0.005627859038073758,0.0076143379740948,0,0.5972937260084631
112629,0.24575938394624114,0.0003848242275645852,0.009269841179308999,0.005823847793725943,0.0707033651996274,0.021917758143502695,0.001465016973121064,0.01605774036113729,0.01965590964173692,0.006092140560496744,0.003958909944100796,0.01567016647743157,0.0019746747918059112,0.0055686673955833545,0.001044662545764121,0.0049944142096016025,0.0679875522988823,0.006738178757175835,0.00993437233886675,0,0.5150014267856751
112781,0.29429943887759524,0.003940111980686363,0.00018297996270162726,0.007566489565477375,0.08379792442042201,0.005066013360361542,0.006948687372040946,0.027809632328775202,0.02098288468157459,0.0006199069985277833,0.010344418292235407,0.0072253941153637,0.010045695533413824,0.010922949847040382,0.022431339511613295,0.0017512978905949463,0.06729862632942553,0.015782784844672052,0.006137299174966962,1,0.6031538750874887
112918,0.27825542564993977,0.002128983485965974,0.0024306326346649277,0.014929585951002482,0.074401695857093,0.018398133029954414,0.0065739460351393435,0.029253450121166254,0.00623635356361793,0.0006450976576132584,0.010930690137544486,0.02567388347972393,0.0058635528927920115,0.00580988640919355,0.021597766917888783,0.004141206969749433,0.07805328722510495,0.01042205811686481,0.013526715685514258,0,0.6092723518205335
