Feature,Mean_Abs_SHAP
Humidity3pm,1.2074602
Pressure3pm,0.63745755
WindGustSpeed,0.5218303
MaxTemp,0.36324748
MinTemp,0.31785363
Pressure9am,0.31471124
Temp3pm,0.30445868
Temp9am,0.24478275
Rainfall,0.24229169
WindDir3pm_cos,0.19825242
Humidity9am,0.19445832
WindDir9am_cos,0.15866572
WindGustDir_cos,0.14844775
WindDir9am_sin,0.13594352
WindSpeed3pm,0.11651667
WindSpeed9am,0.1067955
WindDir3pm_sin,0.09496278
WindGustDir_sin,0.089356415
RainToday,0.026929092
