Feature,Mean_Abs_SHAP
Humidity3pm,1.1031325
Pressure3pm,0.8311576
WindGustSpeed,0.5537384
MaxTemp,0.3639365
Temp3pm,0.30532938
MinTemp,0.29792553
Temp9am,0.2334825
Pressure9am,0.23044538
Rainfall,0.2247644
Humidity9am,0.21315454
WindDir3pm_cos,0.18373238
WindGustDir_cos,0.14907406
WindDir9am_cos,0.14850059
WindDir9am_sin,0.121785864
WindSpeed9am,0.11393482
WindSpeed3pm,0.111530714
WindGustDir_sin,0.101095885
WindDir3pm_sin,0.09560038
RainToday,0.024369469
