Feature,Mean_Abs_SHAP
Humidity3pm,1.0734507
Pressure3pm,0.8862691
WindGustSpeed,0.5628173
MaxTemp,0.364132
Temp3pm,0.30557728
MinTemp,0.29225537
Temp9am,0.23026714
Rainfall,0.21977766
Humidity9am,0.21847393
Pressure9am,0.2064699
WindDir3pm_cos,0.17960122
WindGustDir_cos,0.14925213
WindDir9am_cos,0.1456084
WindDir9am_sin,0.11775775
WindSpeed9am,0.11596605
WindSpeed3pm,0.11011206
WindGustDir_sin,0.10443593
WindDir3pm_sin,0.09578183
RainToday,0.023641208
