Feature,Mean_Abs_SHAP
Humidity3pm,1.1927425
Pressure3pm,0.6450191
WindGustSpeed,0.5607999
Pressure9am,0.3070573
Rainfall,0.2639632
MinTemp,0.1844731
WindSpeed3pm,0.17729263
MaxTemp,0.17405066
Temp3pm,0.17371306
Humidity9am,0.11482883
Temp9am,0.10657227
WindDir3pm_cos,0.10287731
WindDir9am_cos,0.09633874
WindSpeed9am,0.078486025
WindDir9am_sin,0.068156235
WindGustDir_cos,0.05729511
WindDir3pm_sin,0.048229743
WindGustDir_sin,0.039459754
RainToday,0.027514579
