index,Humidity3pm,Humidity9am,MaxTemp,MinTemp,Pressure3pm,Pressure9am,RainToday,Rainfall,Temp3pm,Temp9am,WindDir3pm_cos,WindDir3pm_sin,WindDir9am_cos,WindDir9am_sin,WindGustDir_cos,WindGustDir_sin,WindGustSpeed,WindSpeed3pm,WindSpeed9am,true_label,sum_abs
209,0.20013093769159557,0.012279965506975118,-0.045253694909423776,0.060455785821413484,-0.16498142239421504,0.12294574658431426,-0.01134671587020617,0.023413949270413983,-0.03519069564897594,0.016296844932050608,0.022128553283904836,0.004794029580809767,0.012637058723671947,0.016985103137983966,-0.005505248505010091,-0.009384371352437375,0.09887983932059695,-0.02236437276543635,-0.0182209141109295,1,0.9031952494103648
293,0.18033838248038198,0.015203981479747126,-0.03839991996000373,0.04686533836749015,-0.16248317206402477,0.12378161455267746,-0.025469548982849942,0.021434061606763467,-0.02831242535467289,-0.00561500482400608,0.014161219132901698,-0.014546815200973397,0.019350244821887814,0.001218526353649705,-0.006165528770857839,-0.007327298660786283,0.09749373402586746,-0.03869041677535164,-0.02100353183048694,0,0.8678607652453804
339,0.1664840800035852,0.005463605485104069,-0.03172386834906916,0.05787579591013267,-0.14917520938446702,0.10582093147605216,0.00037984848444151285,0.021637894015382183,-0.016270644111150343,0.005077767965851988,0.021777174399620715,-0.00703696094908202,0.005996786960182421,0.011187474758480106,0.0009151567336826587,-0.017049220427900223,0.11090979719704828,-0.035138099734039176,-0.013428548147961858,0,0.7833488644932337
347,0.18209452711110613,0.03455748229620408,-0.031469593841306036,0.04540604246125377,-0.15624708416510955,0.09643465475543005,-0.0012561386047031814,0.011883083150513141,-0.034067589456784196,0.006977106731032162,0.01330961730970729,-0.010625406994446805,0.011702114972642369,0.014709003626099216,0.020091854520451195,-0.012907881414319963,0.11335422948932908,-0.024578454767613642,-0.003261444125114142,0,0.824933309793166
365,0.18564634080309997,0.016216001445753976,-0.04356877736476177,0.04201681611505743,-0.1458329707884176,0.1168703638248293,0.005832437867417167,0.012193326896858387,-0.025396047085998453,0.005768505695163393,0.008823902976432003,-0.010943237226012374,0.019774794442124745,-0.0016245261761034478,9.403547052945762e-05,-0.0072853456982552595,0.10502718412617988,-0.02546086040049846,-0.023546157062320442,0,0.8019216314658135
437,0.1955270593148977,0.02179523566916427,-0.0419905750746569,0.03967917465661796,-0.15766230312117085,0.11879403610441068,0.0013082743049909328,0.028724726706245294,-0.029907641391408175,0.0246198403212552,0.008867668326758973,-0.015356526182828956,0.018825969003766617,0.0035968029387407636,0.0004992033811900945,0.005996217567926655,0.09085137844015521,-0.016713007803108065,-0.004271275104888322,0,0.8249869154141816
596,0.18134441717395025,0.024948679449075663,-0.04672230093924357,0.056264290619168364,-0.14585935426579333,0.10374300845752157,0.010509983725845778,0.013326497638199703,-0.03250608481444918,0.0034558670449656697,0.004313935471381443,-0.0007401026511186096,0.01709357388090644,0.015633153240853292,-0.00549852387324906,-0.008354267448108344,0.0911160271016149,-0.039959429012192405,-0.008096551504147865,0,0.8094860483117854
617,0.19138927988560941,0.023434140151440346,-0.021747978331456124,0.04448605136105471,-0.15900904135737964,0.10905087626969319,-0.000151755767566403,0.01595990523340016,-0.01985333653536542,0.008118023841486587,-0.0011087908565418682,0.006402197341056569,0.011883313089194039,0.017728978970909394,0.002577241039293941,-0.01840930211365363,0.10999984597147382,-0.030707430691551137,-0.016087675429602592,0,0.8081051642377289
705,0.18534474539804333,0.011417735842213431,-0.0622422609185984,0.04201287653391145,-0.1672108129313621,0.10997679690637102,0.0032664699451886788,0.014296149594825924,-0.02838827753059546,0.015693106820153024,0.01792057629576327,-0.006016759735415684,0.016672897860461708,0.004781342305558159,0.003685036635590193,-0.0009059460673875989,0.08204565351566553,-0.02969955263695423,0.003538245247450195,1,0.8051152427215094
786,0.1832507089914859,0.012550450696957179,-0.04137642404850962,0.044820954643087565,-0.1591110469361593,0.11357816660500933,-0.006306041988918121,0.03133819438523218,-0.02832568604901977,0.019997092049998205,0.014681598630647691,0.003603998117950457,0.022083815588831154,0.011288998373494704,-0.01278453455907149,-0.01434157461816351,0.10204224911554202,-0.027562244116135396,-0.00926960991934877,0,0.8583133894335624
805,0.17459361177412736,0.013672147263302702,-0.03902055361639929,0.04573403442041405,-0.13874832799404285,0.10767271100797485,-0.001949756363772123,0.023136516694700127,-0.030296330854759173,0.005201899934947615,0.008152056832671806,-0.0015665971232870324,0.021802899170104674,0.002856147205136215,0.001992058729114786,0.0007788665231129453,0.08909047728365824,-0.03426106713231072,-0.012662901176288063,0,0.7531889611001246
821,0.19248796245475652,0.01536537808030965,-0.040941501656623344,0.05401103430417968,-0.16277272756203465,0.11576561217996167,-0.00609204379872352,0.012396014775510939,-0.034522710950177955,0.0077117908694181005,0.01661356704612692,0.008221570898075469,0.014780900201796024,0.007929533602015315,-0.013850061250480926,-0.00926297270699962,0.10132524980373694,-0.02653041008162115,-0.01858019522259315,0,0.8591612374451415
838,0.1948886102652043,0.016624687372866372,-0.05053270302469547,0.058730327324041,-0.1501077812538067,0.11380961313935171,-0.006205813528783519,0.021035911541723337,-0.034279790306538264,0.004698400667539786,0.009654079951155504,-0.0040994226567673125,0.02702313461383112,0.0008253455493366427,0.005397758877380488,0.0010784671038406165,0.0954437205230673,-0.025776794653380383,-0.019507907802590232,0,0.8397202701559
845,0.18062861106243094,0.030150349799614933,-0.031676629621267535,0.06453195234512923,-0.15626221128815118,0.11393499476609854,-4.177105993363761e-05,0.026139591602717473,-0.038828730393874494,0.009024252746764688,0.017363838738346873,-0.006141952309773089,0.012926607439733912,0.01020216109053189,0.0021546128033533003,-0.0005513299469999488,0.09194521726826026,-0.03422300851425946,-0.018280686880675204,0,0.8450085096779166
858,0.18380244250758218,0.02336163621850339,-0.0399303186015658,0.04841651196206645,-0.16443054261574166,0.12170669538415116,0.004091392867225966,0.015964416707494503,-0.030006017496328478,0.00637713078831163,0.008708471472530949,0.002468801644781207,0.023374311950520733,0.007355610016356138,-0.0071707296304262735,-0.01766815356428244,0.10364875339738545,-0.02420228871712552,-0.013255442966864098,0,0.8459396685092441
1067,0.19058173502294146,0.02293586542736344,-0.04832549123892519,0.035775589546744736,-0.15812472547510967,0.11346116304850849,-0.003286904375621258,0.021402783828264584,-0.02404689063241342,0.012950941337328168,0.03024275548316423,0.0025205591339327806,0.004211203544186219,0.008305190793062743,-0.010960107729100683,-0.007542886285190026,0.10419080934269784,-0.017500006567052265,-0.009786960366772946,0,0.8261525691783801
1088,0.1745540524815764,0.023291605602128153,-0.05116429903587004,0.0435297480506896,-0.14834099485755417,0.10893555775250999,0.010494327353355513,0.012839335947189456,-0.01988865955527313,0.009058368906811255,0.013914520430831214,-0.008612515207383657,0.024124633780020686,0.0028154540359238115,-0.0016542379759209235,-0.007679184749417379,0.09931616321679929,-0.03357690049018828,-0.02002874249519968,1,0.8138193019246426
1155,0.18599543191929793,0.019344047902212946,-0.03923107448099995,0.04898722214829256,-0.15872807677779913,0.10679714353445643,0.002164414940758121,0.016555041248267493,-0.026523239111191862,0.004968823864619219,0.017984035491823317,-0.006930887870702963,0.014715267540739188,0.008365932606249897,-0.0015800419572161671,-0.006035735661518951,0.10014194933546978,-0.034258299931979874,-0.017948217616266672,0,0.8172548839398625
1262,0.19501671297684023,0.03215199127126883,-0.047320907571782374,0.04554047160382823,-0.1666951347592623,0.10594091144144685,0.003341324493561773,0.03818924440013399,-0.026659168374733134,0.018456500412627048,0.02019767813924866,0.00030780588092104816,0.022786820272621005,0.00013139940835630768,-0.004866881425313333,-0.011388030338855673,0.09810502599923236,-0.016778801065275357,-0.008622090867578959,1,0.8624969007028874
1277,0.19059186119616886,0.014205587269382569,-0.04131188648596123,0.04906850227213309,-0.15529776756957972,0.1217180624423926,0.014255658343827679,0.016242450996663847,-0.0282763820419196,0.00981351805109298,0.011851034327569326,0.001550750300210813,0.03177013333614622,0.00803273013656862,-0.01013281638859825,-0.0002968258748346754,0.09681734977859954,-0.030877974239087582,-0.0064532564173944125,1,0.8385645474681316
1278,0.19297908344990014,0.015156665737784587,-0.050797670774916905,0.055156393594388065,-0.15528315580214638,0.12103439212901557,-0.0008357133176840103,0.01889645692962681,-0.025374364884797693,0.010861290987738742,0.020918101250657507,0.016935279058209123,0.022737574285111535,-0.00251221511189575,-0.0003892414595386317,-0.010352883591269972,0.0940405262183612,-0.02583196327270988,-0.019512827150570674,1,0.8596057990063232
1285,0.1950294827446496,0.020938160179007154,-0.04361628239689052,0.04523719077845248,-0.15549272677220263,0.11578915989969792,0.002559461148652266,0.022033098472606247,-0.030845024171885234,0.010556798638949962,0.013409545215521332,-0.030817968008656133,0.034939642007285845,-0.0025083302878577004,-0.007823468197687134,-0.000523434571792448,0.09193956328335325,-0.02056195089934745,-0.015257821878388216,0,0.8598791095528835
1559,0.17085634748512885,0.0042401858974943606,-0.041876301634826966,0.06522764815833691,-0.18910290773928717,0.10049628088723087,0.008439083943685383,0.019370784882514782,-0.010468555940460462,0.017153298395066685,0.01819883639908198,0.00446424470283464,0.032710388332293526,-0.00314617317686548,-0.00864539334544275,-0.00038983251262194934,0.10040655477965263,-0.012935141214525924,-0.0033574157155417646,0,0.8114853751428931
1597,0.19792394560402285,0.014097078013004907,-0.04528940922198727,0.05248873342296539,-0.15796939015046696,0.12469308572624468,-0.0005338880118138257,0.027708496837894173,-0.03029612820489059,0.016379709272416408,0.02739358883575009,-0.003621384674399765,0.028954979409278023,0.015269553872264427,-0.00041074862252221764,-0.006658731974285605,0.09941845724357783,-0.02713458919326867,-0.00828546175531517,0,0.8845273600463689
1638,0.17237619665870949,0.022382647552761037,-0.04989341286639022,0.03509215185891777,-0.14431588046431643,0.11377156545676335,-0.004203634567703647,0.02419938968892058,-0.020093238842691753,-0.0010158508625155841,0.023686765805510955,-0.007979357572488618,0.010426424134683481,0.009891485123789758,-0.005781931281615733,0.005123037465829692,0.08891937194996755,-0.037198208373470085,-0.00420522892425244,0,0.7805557794512982
1667,0.18384005343500867,0.02254571321208245,-0.05317342069279783,0.059215784805525605,-0.1495549701705003,0.11597954212392603,0.0023260665612721515,0.01261426174287948,-0.030438647241723005,0.013540880874019754,0.031175097105778926,-0.006232685997055082,0.008946271003440387,0.014484121546718751,0.0023082771753677664,-0.0035839868419829347,0.09171538473628328,-0.041345737154660465,-0.014676072310644887,0,0.8576969747316677
1687,0.1764339871621678,0.025388127943773195,-0.04749228743828676,0.05554223234815105,-0.15003181931806295,0.09760376872417535,-0.006611272193479218,0.01929904167954083,-0.03141996861550718,-0.001848971720722518,0.02547358022048621,-0.012327203441481242,0.007919438624476952,0.021428803243662708,-0.01514403526417204,0.0017508175298921928,0.0895876068696441,-0.03168779100659845,-0.025779843604925554,1,0.8427705969492063
1744,0.1890517915959094,0.034237436611014985,-0.04684902847156902,0.0501392994321891,-0.16335673262300915,0.11448418763278663,0.006401751272828789,0.02678883522260207,-0.034077484332215496,0.00858175103689885,0.02164998328516589,-0.0021762508457968846,0.005848689149981821,0.007393411151657981,-0.005145844158628314,-0.00967433878032333,0.1044099705633109,-0.029590348137222493,-0.014492644932219552,0,0.8743497792353306
1807,0.1713920862641553,0.02895471279410885,-0.055461462815329286,0.05040560845044256,-0.15617168372922488,0.1166323443791782,-0.0028643722752944743,0.03315305800612614,-0.021447502757653076,0.01550226169457682,0.002183335792791175,-0.009412818249214291,0.020535872794904625,0.01143054663850279,-0.015744983641363636,-0.00921235013676047,0.09949208832488228,-0.033676085345744546,-0.006782278313067206,1,0.8604554524033207
1854,0.18955506318691273,0.014967129614862252,-0.04801680032301662,0.05918203800492214,-0.16160594600514502,0.09872802503957602,-0.006197733761555892,0.020314284497722202,-0.03250931965116122,0.016388977703780196,0.010159284439105054,-0.011512130761937973,0.013096528960414185,0.006467564727905986,0.0010583028913620789,-0.009507509162522782,0.102441724481443,-0.020249285758239907,-0.007221807599995451,0,0.8291794565715807
1958,0.18536269679493605,0.02608512123375992,-0.047356953511192165,0.04672338521667116,-0.15705851871480261,0.11487325499230143,0.007905930739543536,0.00032340122048602675,-0.033495485965586054,0.0026330068993475073,0.015074902086299264,0.0009716886100366567,0.032231663929637624,0.0007800807274904615,-0.030426309695116414,-0.013728910584233792,0.09387471118471209,-0.021080025192944565,-0.0027637360327788527,0,0.8327497833318762
1999,0.19220029717291268,0.020187498212889968,-0.04714157844065678,0.05631736302219368,-0.1416798691527281,0.11863834584598089,-0.005077333184458199,0.014171481734593814,-0.023793571981547346,0.009710032553618032,0.010590868211648338,0.001893546185888427,0.009863128751275284,0.003947973234716217,-0.008367719814393075,-0.012353545069561076,0.08681777659944387,-0.022672913840302008,-0.022471194972121813,0,0.8078960379809296
2023,0.17967135247140362,0.033369637976510914,-0.05478740023606872,0.0537257580520672,-0.1487254473135448,0.11352566802558939,-0.009692921374413974,0.02157638808035654,-0.042120558723558854,0.010287129032789477,0.02467509553666425,-0.016725401564552204,0.019943273070604433,0.01104839138915041,-0.007015599397012454,-0.01600255474497898,0.0914266829992726,-0.04013544550731481,-0.00866262785874452,1,0.9031173333545982
2036,0.18584487274207714,0.023962444842440887,-0.05481906237958033,0.037285921559083085,-0.16500429986661905,0.10949509599128882,0.009607130804123893,0.0014021070498034308,-0.04056615483258874,0.0029022974427358296,0.007471878001484148,-0.008722170742575244,0.015998092077214653,-0.0026444777750990432,-0.009608156486069896,-0.006731209841562652,0.09752542229522751,-0.038371670972355845,-0.01283992355478159,0,0.8308023892567118
2063,0.18540688009356737,0.01888868639568703,-0.034467237002841405,0.0459673034727454,-0.14640585672606102,0.0967608301192745,0.004915640315948969,0.013219776823000176,-0.023255291296728896,0.004648337727505383,0.00652583936403882,-0.0001315952777039435,0.022041166375316463,0.006245465855113259,-0.00590022751239546,-0.009030797926769954,0.09291888511626292,-0.0164345867942852,-0.018454689659031288,0,0.7516190938542775
2127,0.18213893114755292,0.032162832120439654,-0.05756380363223989,0.04212342684225913,-0.15324902219419528,0.10923824537252524,0.0031234128692200066,0.00677748055525025,-0.022631040728040487,-0.004478236487324441,0.01895780826087312,-0.0071812681928029405,0.0171355730813898,0.011871687759038307,0.0014241750063768673,0.0089312181866214,0.09689958679454955,-0.022635312837839892,-0.00827612333644332,1,0.8067991854049825
2159,0.19046200831447058,0.009933079592749906,-0.04739260234895369,0.04929292498499219,-0.1559257625877721,0.10981594196863519,-0.001280261790487552,0.014760981640756466,-0.023495306015044144,0.023816337084147387,0.017895271688622896,0.00666495584852881,0.011412762363151094,0.00999564280161904,-0.01370963446561644,-0.006928707251155635,0.10136423590841472,-0.028302089768752623,-0.013229117838981915,1,0.8356776242628524
2172,0.1788115451305827,0.02938991374830594,-0.04834800575304806,0.06082115354777449,-0.16265597611119012,0.10419502742971162,-0.011235943698036013,0.011059947433931185,-0.01879719296075577,0.01925161590178175,0.006850083685226937,-0.010689448525011106,0.016502621090828132,0.0023252784497306443,-0.009280466975747402,0.005849311207636036,0.09290066118071004,-0.03985787208697367,0.004665213034177095,0,0.8334872779511587
2226,0.18788892783079778,0.021791145301824737,-0.04740779445317211,0.041462681149964736,-0.1788251726328314,0.09345972074397298,-0.012526258887893925,0.017490591518422423,-0.036534877791188504,0.0009688130479741652,0.016304507679516626,-0.015308371900668668,0.016912830549908338,0.003699221661384462,-0.006573576434579008,-0.007280145700399285,0.10600958790081653,-0.030904178621224892,-0.014912821262580606,0,0.8562612250691212
2230,0.19929791839207067,0.009651659275945053,-0.040639015844682956,0.04751005103498975,-0.1624156518843045,0.11901013278411096,0.0039812133644065795,0.018447533607031705,-0.023499310931670268,0.018120337364006096,0.013305711523543436,-0.012829114127030378,0.014956804567856447,-0.00042536568345778497,-0.0028571962940653673,0.003613136567004029,0.10586266892690618,-0.036818060578930216,-0.02215219287102316,0,0.8553930756230356
2367,0.18510970054895498,0.03385232079197133,-0.03995742422317741,0.039732771279665374,-0.1478261001454242,0.11943213231102197,-0.0006854867705981952,0.021469961418719968,-0.02766584245259701,0.01563326610858674,0.013705736648362722,-0.007421595755077367,0.024424061776773767,0.009059658598061626,-0.000677119894314227,-0.00987261321053226,0.08838794966056183,-0.025242557255133066,-0.017566995454841184,0,0.8277232943043752
2416,0.18883971179880152,0.025648489487486603,-0.0632599177529087,0.04248554655972378,-0.1564309475669677,0.09900791346129167,0.0014490578406326478,0.014477095251203293,-0.04517362077493974,0.018262492025079142,0.02148558182569198,-0.02191226755564486,0.021059972342512827,0.0013551094921769205,-0.008200323863430021,0.0042804685830546895,0.08850573699581844,-0.03818387499735681,-0.011555298761278433,0,0.8715734269359998
2515,0.1858923109572573,0.025502781739515694,-0.03796693643835964,0.04581069801796988,-0.15246299591183152,0.10819028196908712,0.002018478319454544,0.025555336131991336,-0.026187351246248453,0.014523720180176376,0.003376711291661883,0.009638473613056064,0.02391587286169218,0.013473803047377846,-0.01497745437462782,0.0016497612011811113,0.09036393801096605,-0.030288769142861525,-0.0074425045862890424,0,0.8192381790416053
2608,0.1702561210648819,0.014511444494081729,-0.06913670509992569,0.04445231288034471,-0.16022310233641573,0.1044406863960621,-0.0010689315277298836,0.011921707978204079,-0.028956131705443578,0.014291709722598587,0.009679783284540486,-0.004819267946302608,0.011780335948995437,0.0001330343917893675,-0.008213550231454746,-0.00023749153491920186,0.08187057815566876,-0.036033988517620866,-0.0208448207666845,0,0.7928717039836639
2618,0.18501251840324415,0.013746034186060824,-0.04965824222000047,0.044543245341895174,-0.14482620961467285,0.10759908991499044,0.002501622575867551,0.01705690808240301,-0.02878695021370571,0.002591354845436231,0.010056287333305635,-0.012195518308031818,0.009085363855934532,0.001967741259158105,-0.005652958853902371,0.0016034035188630781,0.0994744837467069,-0.014261515087595905,-0.012650495745183066,0,0.7632699431069578
2667,0.18158354686758127,0.008739801231451847,-0.04203942295277026,0.041097172493876226,-0.16722159188500435,0.10636225911277783,-0.008378226139901487,0.021563732544502157,-0.03525261138033334,0.0031344123957145493,0.014983057046652497,-0.005470247503217674,0.01762023823193148,0.005845085390298702,-0.012875863651361018,-0.0014203565994359137,0.08249869771173293,-0.030110086152090005,-0.012718866707604286,0,0.7989152759982379
2674,0.18446009543930036,0.029831513316038203,-0.04363445706095654,0.04662637596281647,-0.16026079648643884,0.11598903938970576,-0.0002974533905271342,0.020862592731318737,-0.031741556549213935,0.01327132371607673,0.014657759252108465,0.009606345617968222,0.021448139445603656,0.010379985308230893,-0.004216885741190736,-0.0034089915946356577,0.0915399809206824,-0.03227153217157066,-0.007676419265101919,0,0.8421812433594853
2701,0.17869335187398724,0.028626858578066666,-0.05272879279638283,0.05183497266060357,-0.1514481838512685,0.11694664226549091,0.001563177647945149,0.02805095203373398,-0.043213938959413375,0.0011641310027544814,0.013155307089770812,-0.00282642750973198,0.01879310462776851,-0.0056389800066497416,-0.016331143588831816,-0.0004359415151760518,0.08950948896934581,-0.030103524824543714,-0.0034375120023856765,0,0.8345024318038508
2733,0.1633389487350183,0.022455897690703525,-0.04768269741300956,0.038255056693393824,-0.1509569550663169,0.09820833599907512,0.008965612045136465,0.0070436275659750925,-0.03226310456070625,0.009946143263277647,0.011314874905596461,-0.005905145894247692,0.02416151312328541,0.011565165702030025,0.003262651563914737,-0.0054198040976390785,0.10478825904275978,-0.03102438785424673,-0.02489660749853273,0,0.8014547887148653
2799,0.18035786770275017,0.01738690070526976,-0.04066110522497153,0.0535740663738971,-0.15836339532632954,0.10605325708125411,0.00871754856449941,0.02428785446640248,-0.024038451158072446,0.011416425852839833,0.017476153250717205,-0.008448703760713844,0.004915189523817343,0.01689388715555445,-0.019059785914014468,-0.00012390943259385883,0.08896708045658214,-0.020239252356442656,-0.018572132622950252,1,0.8195529669296726
2906,0.1969653902968921,0.019267748460574784,-0.032772589013145566,0.0519274226001876,-0.15917013696982704,0.11224506777095893,0.0006645346376156913,0.015642527071723516,-0.029035149297848433,0.004180929394877563,0.020492007766075383,-0.005931740531237194,0.01908594129328925,0.0009462117369309407,-0.005713925787940041,-0.01659097288578447,0.09329970939483677,-0.0207728903824241,-0.01259401868517189,1,0.8172989139773412
2934,0.18796714582875818,0.019368654463444143,-0.040187400384715265,0.04811805796518936,-0.1586996117882869,0.10404759846761699,-0.0009832207048410182,0.02405613325112643,-0.02134805454683195,0.013167806021543221,0.01595762768454448,-0.004152285867949256,0.012413753048359106,-0.003010305188395933,0.001251963825860103,-0.0011994467449713006,0.10414916034707854,-0.040610785517739105,-0.019480923170371034,1,0.8201699348176223
3023,0.1831555683527348,0.01788611915977038,-0.05109901674392554,0.04645047103394352,-0.1573285117730871,0.11957174222069969,0.005692493256484407,0.006354162690191743,-0.025948054734371562,-0.0011365347104009375,0.017330138987208945,-0.012755922847680998,0.01946932385478748,0.011741811860501907,-0.004014802751658667,-0.0010655661661145355,0.09563200714323712,-0.03158087620279306,-0.010809129987071665,0,0.8190222544766641
3036,0.1790916408460226,0.033189501836757604,-0.050513983323041634,0.0482680884396809,-0.16379798467790035,0.09691046718837465,-0.0047527533570792205,0.01072523645582118,-0.02823995871913093,-0.005248386352301148,0.025078914148414698,-0.018158439595170824,0.01633563878479662,0.008988008938329359,-0.018795828794936055,-0.005113749026387414,0.09387022069701546,-0.028204591427707995,-0.01537206347529446,0,0.8506554560841632
3076,0.17959691807178685,0.014132402309196553,-0.04147423869911217,0.046283044927844096,-0.1716424080436719,0.1080923242838782,-0.007731852836028628,0.02057639317552257,-0.03198576216261358,0.010921045710514212,0.022830566091815444,-0.006207122510881407,0.022840617033076358,-0.003620161945158561,-0.0049228412482661,-0.012820966834436393,0.11009784578507496,-0.014416120776107636,-0.027359601185243065,0,0.8575522336302287
3185,0.19054130356561716,0.01470667711386574,-0.0464379817402696,0.03846293747831602,-0.1577636770802129,0.10602160616729048,-0.010730826730224588,0.013647395037194823,-0.03921913267757439,0.01935445027522334,0.00487963774999599,-0.008705230476879622,0.012287835617701932,0.0031933594223253117,-0.0034639935699527892,0.012797327529572692,0.10928586548589095,-0.02833175607193437,-0.007432879653341364,0,0.827263873443384
3310,0.17295543645855083,0.015282799405277357,-0.047906149993510914,0.049090106489166424,-0.14678062579111503,0.1187460348376669,0.007230218328424093,0.030168236912221695,-0.04461691383305805,0.008027595777715254,0.011706123847700032,-0.012145587793477191,0.021674365028678616,-0.003039623931339191,-0.009100379743328703,-0.020085050008658047,0.09116906115966891,-0.025991314081600676,-0.010838649047129166,0,0.8465542724682871
3314,0.18575837218444718,0.03375565008867155,-0.04904901973372926,0.05764979886750776,-0.15764686455364924,0.12761772650046324,-0.004602542722828382,0.018879619491810374,-0.03349665471960879,0.013118376422966063,0.010534287120714827,-0.013494836011351338,0.014118583326448718,0.0038915816079647114,-0.011376163390609165,0.004703734234957823,0.09199434921279685,-0.03066002034913652,-0.027711417929779443,0,0.8900595984694413
3358,0.19154574007778208,0.01604080016251267,-0.039237518468544376,0.04467695613847626,-0.15766118266408916,0.09976388322998181,-0.009988474889577648,0.03249363382113254,-0.0320173586126874,0.00957937005404888,0.015499655958221885,-0.012630350909169237,0.006825839222530497,-0.0017249346467576962,-0.0022827118471074564,-0.0020870279436767045,0.08229708809321117,-0.021548357057487814,-0.0051260759096523455,0,0.7830269597066476
3362,0.17222745352987123,0.01658566938695935,-0.044651476078183344,0.052671091110924474,-0.16520995781280354,0.11916139040575897,-0.003243244233148922,0.01314025804875031,-0.03135442186347139,0.014734236881894779,0.015380913466274706,0.006779530620680573,0.006148400311613511,-0.0063435588201455765,0.009799001981176612,-0.0026430145367906622,0.08984583608143508,-0.030354801812507305,-0.0026521166867269842,0,0.8029263736691173
3391,0.19874307102765904,0.029071402555164425,-0.04513756042595243,0.036517416733630986,-0.16144405757910654,0.10426919246718006,0.005585251914811063,0.0029001638975678598,-0.03176641528589737,0.021173282899923252,0.012950811589383743,-0.004156054863763671,0.0201362865524465,-0.014240959307806332,-0.004843706908393815,-0.006565357835640603,0.07007365485347034,-0.03034737726117837,-0.022224747098108698,0,0.8221467710570851
3432,0.18039056783784815,0.009401230646459218,-0.044668685006279976,0.048929211627266364,-0.15227665482092692,0.1239994902977852,-0.00010930022914716424,0.012631963955261092,-0.028647231066269402,0.01384671471251664,0.019481719294934464,0.0021847282744501587,0.015312095143642887,-0.0004208830145309741,-0.005355618925516056,-0.0010960142616993406,0.08927506360916317,-0.022850624011163823,-0.0034184429038823234,0,0.7742962396387433
3503,0.17922562327371055,0.020925070868124597,-0.054431204910279606,0.04798343840343267,-0.15628641933401605,0.11734682943589193,-0.0013672359823375902,0.012006422025336038,-0.025528034986012582,0.0071545270114084,0.017751953294939393,-0.01128803883792135,0.014037193865382038,0.01327363792183362,-0.0067142572299636345,0.002484120696452011,0.10489593223231987,-0.03384957993111972,-0.01891932613233436,1,0.845468846372816
3575,0.16810392973479008,0.01866987996214751,-0.0421997110893391,0.06061055766505962,-0.14616021880780283,0.10876026705779743,0.0038973157565385125,0.019456423891265753,-0.023874381422912188,0.007014063263914039,0.012397355084588847,0.0027512428264567404,0.008701917037959537,0.013006581590930183,0.0026111769144287274,0.0018374931862418311,0.10008230589958396,-0.035420192325387595,-0.010815304006365635,0,0.7863703175235102
3646,0.1973192615325756,0.02249927603619415,-0.051390237034518116,0.042733132203521144,-0.15999866498316853,0.1219267801011088,-0.002847362167052997,0.029537382281935455,-0.017669548678141276,0.003394239465100481,0.02075705117758567,-0.0012952920065960364,0.02017182280636448,0.01446599355695931,0.0005911408042439925,-0.01064389932143933,0.09675223432511726,-0.029005265585483546,-0.0190398514392319,0,0.8620384355063381
3724,0.187430722789906,0.031720025846532315,-0.037730845327351235,0.05267574340388841,-0.15265520619376463,0.11562139970707132,0.003938669617366521,0.016789100870448312,-0.037499196011792364,0.01847905821490537,0.016302264031849964,-0.0057449397910712165,0.01943378905860819,0.01891665129643499,-0.009581656419265328,-0.014873826666936072,0.09255377942701397,-0.03174006721076112,-0.0065012531381125685,0,0.8701881950230799
3794,0.19589413192034802,0.013758976850593827,-0.04321638311923112,0.04499726738568673,-0.16083018594590592,0.10959821519339667,0.0016222167874920337,0.03148180844993698,-0.03410369708768119,0.018044251511799766,0.026632530934275925,0.0030735001615440198,0.019688125130754068,0.0038404418834254105,-0.011038287101336856,-0.007832978376862365,0.09736769944800866,-0.04051554102911457,-0.015264163380811826,0,0.878800401698206
4031,0.18846938276939282,0.02065636564553684,-0.052870200712472865,0.05130292899744501,-0.15130759539366007,0.11037012761331215,-0.004464598563854012,0.013503179183407594,-0.03290013065160603,0.009760658100658319,0.017630631028710275,-0.010907819891386204,0.03319811694769374,0.0069782438571777275,-0.0064596415670602194,-0.012719923825226081,0.10127202433214352,-0.04408763652000278,-0.02149484298330515,1,0.8903540485840514
4070,0.19366312017833678,0.03451470614200002,-0.06156674662814386,0.05962759123616744,-0.16229443764593843,0.11251619364647239,0.007187394412174853,0.010791603513933332,-0.03461439102951811,0.013351028255237563,0.0012126874254200528,-0.018126598729482822,0.024202750685321142,0.006229584622178197,0.0013101944699932327,-0.01233879463773332,0.0998978289947498,-0.033747007982725265,-0.011375138963413819,0,0.8985677991989405
4073,0.17594975841836089,0.023212669401708182,-0.046167424340931,0.0440710071786875,-0.1576234037586994,0.10593989820786105,0.010363896897472394,0.02082942741982998,-0.02833985298334841,0.008101700360133336,0.008781923982041882,-0.0008332154942681208,0.0094597310950307,0.009440644372713861,-0.018679612322855386,0.0016184522155205596,0.08760939444338439,-0.03349355910143458,-0.008655216291047357,0,0.799170788285329
4109,0.18373841527305687,0.02815298539907922,-0.0381334412173273,0.05178908413170346,-0.15793738620329423,0.12090746705295792,0.002700146987280344,0.015921534556016623,-0.03265163577465251,0.004078116401521083,0.023161541512037687,-0.012599222218055687,0.012946532258938702,0.008221949268451484,0.0011768219492612184,-0.013533854125301281,0.09350670705941241,-0.03628743177415507,-0.017582262635995882,0,0.855026535798499
4160,0.17832906731383075,0.013022254847560274,-0.046365819927256136,0.05787349719136816,-0.15474743709126668,0.10897691668656799,-0.0008310387372476394,0.02002241806736576,-0.03649454107169947,0.012015749136671217,0.013932019272874407,-0.008750359273098944,0.010993039206823015,0.010415461153337474,-0.006214847091683976,0.001231184357215697,0.11688060584394874,-0.03155055755369359,-0.016384777385111293,1,0.8450315912086213
4189,0.1836608710803952,0.02355245700373976,-0.058633565464218544,0.040278606293447254,-0.16282645461022466,0.10937423332583444,0.002516512303234666,0.014915004207701168,-0.024212487629884306,0.013641207287198899,0.0189387641156191,-0.00979577144204991,0.009591019644506808,0.015539176881269021,-0.013386367161487736,-0.01700583074245474,0.08936209147038685,-0.024649438853842656,-0.016538547186493804,0,0.8484184067039895
4194,0.19670538407474045,0.0242830243208407,-0.05455245422020669,0.04389197683683384,-0.16459282260358987,0.11429715514339454,0.0065640715817456355,0.013242689712245164,-0.036422289345580144,0.009451995339829928,0.008688360851712172,-0.011697033911983444,0.016266990835458735,0.004131862812122869,-0.011284795356409909,-0.005830861976123228,0.09927494597519186,-0.023349861345725188,-0.014971428197540613,0,0.859500004441275
4273,0.18866958001681522,0.012486927530110329,-0.03825263029780278,0.05302987862142831,-0.16215790051361822,0.10957171175976109,-0.000364266438550306,0.021622057726421336,-0.01963421098805507,0.009030221540337845,0.015411607423530978,-0.016639547881349023,0.008624716206577373,-0.006178911889043851,0.0067206243875836255,-0.00258542370514481,0.09824052315071269,-0.03834645499093451,-0.0067030887329426305,0,0.81427028380072
4308,0.19663162424127142,0.026516047123843416,-0.05358902344518143,0.04715502529045376,-0.15058140599776684,0.1142514081088009,0.0005693710668449082,0.014859579066280038,-0.025473854970049024,-0.0049664654431161165,0.013596956473039256,-0.011411290096082287,0.023136257891097484,0.004356364796313147,0.0003366242084921636,-0.007917819002593505,0.10402159379326992,-0.025989817957220246,-0.017437282393972214,0,0.8427978113656881
4342,0.1856889040143329,0.010139609304173486,-0.0347105171846935,0.061866014204818576,-0.15890876959900932,0.11473920628607105,0.0022344215519408493,0.014044763405651755,-0.03210675994768077,0.011142841190869399,0.005024148748899467,-0.005125574774862441,0.014448706647302453,0.006387596339048559,0.007718191830736269,-0.0024605690308412316,0.09968219428065248,-0.04332365335790061,-0.016533905316188112,1,0.8262863470156733
4413,0.18631105932263106,0.017647639328065713,-0.051799909509511834,0.042763887587810974,-0.16311284915340496,0.11250694843148082,0.020372368167821984,0.014474917494702425,-0.045230736270007656,0.009228117838521257,0.00822971599121504,-0.00421814716048429,0.02418186405236507,-0.0004492326455723139,0.0006850669444956265,-0.0018820928972758612,0.0852226814556818,-0.038377803564383015,-0.020140963607481473,0,0.8468360014229132
4514,0.18905601928544738,0.027548512114992773,-0.04306863719446282,0.04909861700875347,-0.14916736105797138,0.11016973405397604,-0.0021671316988632196,0.007699164918087957,-0.02230780419105545,0.0214256866665806,0.019667881238287423,-0.010299450040336925,0.022937850021870588,0.0036526183599314725,-0.0033857896697946296,-0.007214592460167077,0.08702673802656262,-0.027025514475153577,-0.0062105221126438,1,0.8091296245949392
4596,0.19532395936885727,0.018858790844646624,-0.04258834608500169,0.052508188824635704,-0.15955408932640838,0.1062616155176611,0.0014760218786020014,0.0250804841404455,-0.04247198047042267,0.00817104745943303,0.012924329643096566,-0.0009993554499185488,0.024631109098229704,0.0017515960344326499,-0.00027727259286366215,-0.010545930318562506,0.08899109040236791,-0.03603877853700184,-0.012689344925131192,0,0.8411433309177185
4657,0.18760972554238134,0.016469736685730676,-0.044502178113780426,0.03835965770869244,-0.1695003091916409,0.11533500929764141,0.009545953251949837,0.012024730834484453,-0.039059739683380466,0.005542848501557872,0.014984199961898237,0.0013170222048744112,0.017579721490919163,0.0035380269249048195,0.0020351144485937457,-0.002827216698091765,0.09201950047645496,-0.04072891293201764,-0.013047850010516355,0,0.8260274539595109
4699,0.17850504162112793,0.022582153590406898,-0.04668888477607844,0.04759080892163018,-0.15722032162617042,0.11516039124819863,-0.00757761218042059,0.022862806256687705,-0.025656424598144743,0.01699587958349229,0.01170410978425319,-0.007964417181442628,0.014485825527532147,0.0027888190484823667,-0.019268045094014283,0.0034911717399657826,0.10101792597432807,-0.036233735299634987,-0.025358107885388843,1,0.8631524819374001
4714,0.18476958166122925,0.027039223580562127,-0.03794727121383987,0.03576137332208172,-0.15460026254312204,0.10584221066815118,0.011495000993325538,0.024500749885451433,-0.03466128021045482,0.008552705998813775,0.007417080883440188,-0.017628384392240525,0.027368912372117644,0.004643842798894448,-0.011567199784079274,0.012450865678362769,0.10245529493558038,-0.0315794268229553,-0.014120720777710307,0,0.8544013885224125
4751,0.18056834955724643,0.025192427601749983,-0.04409617360652597,0.055241449937674506,-0.16209291407378168,0.11226906248166599,0.010271492633013314,0.005071190857005644,-0.03593917473346368,0.0027635153627000924,0.017398651941053906,-0.0071241885945583895,0.018573215918465308,0.014592963192763013,0.004386027713569184,-0.009097111288302671,0.08612795709512572,-0.03420991622153636,-0.013436770959027948,0,0.8384525537692298
4922,0.19234020522675854,0.01786256224471899,-0.04681549513098566,0.04675059436852287,-0.15928993061877664,0.122840515920953,0.00622041943663078,0.008534968016877448,-0.025428804590900737,-0.004923236045363299,0.004814650138591832,-0.005467463694153661,0.02371949423712128,0.0018873984256007883,-0.008790667139502072,-0.003404881344795067,0.09893367949107183,-0.02383898350098962,-0.009349583204290822,0,0.8112135327766049
5168,0.18676206658245725,0.024565480372030164,-0.050189547789782976,0.05044553412300813,-0.15606519063263763,0.11435085739505886,-0.014919849974325026,0.0037048339876325576,-0.03826079719433324,0.009607283500262189,0.02096933431467714,-0.008963771029911145,0.031244096306812016,0.011923245030593338,-0.011168271367849513,-0.0056660677887015185,0.102796810852604,-0.0297361261599234,-0.020211508321190955,0,0.8915506727237911
5217,0.1910886874942058,0.026190171703763407,-0.047588843993646206,0.05372703083214032,-0.16290317454292808,0.11026022285729736,-0.009456796744026915,0.017331902963336625,-0.039365491056913546,0.005289487542524953,0.010308228503495324,-0.001984788594746125,0.02132600357471171,0.00731339951543229,-0.007638391763224221,-0.001522524720165923,0.10102154773766431,-0.028081069231615415,-0.011759171099040963,0,0.8541569344708795
5281,0.17862058754046692,0.014169481581097267,-0.03888185573343003,0.0656256066146437,-0.15751515492296908,0.1038583498016887,-9.408996747648033e-05,0.0018556768973479576,-0.011420930155961706,0.011417379395207117,0.013646238174555117,-0.008066356198914241,0.02647209174634711,-0.008177528008322676,0.014317633247377955,0.0004203139743696102,0.1007252340788948,-0.032694277854711976,-0.012809706243602208,0,0.8007884921373847
5361,0.18160499821478784,0.0032125369300737994,-0.04987557039455185,0.04583695358319434,-0.14790317565380506,0.11231557756932782,0.003652413246016037,0.00920287438383397,-0.03024577947940618,0.012915925119762093,0.00914373726633522,-0.020108587266287756,0.01912934301713638,0.009221859004095152,0.0032232649067206057,-0.00979938540485682,0.07974824487250333,-0.02512435103117593,-0.00489392256156604,1,0.7771584999054363
5378,0.16812852662915143,0.025807625029156137,-0.04090204544399054,0.04607644885875122,-0.1652341342424476,0.11702140069975861,-0.010857179490851694,0.02925121629715853,-0.023450193300977588,0.01885053195337481,0.03351544847081722,0.001749533655033333,0.010597227619841448,0.013600059610102105,-0.009012364013728638,-0.0010976907370947556,0.09204499128797002,-0.01700367514874621,-0.0070645772962453605,0,0.8312648697851972
5381,0.18641330283866986,0.014694188717241085,-0.04762661735526236,0.06063557023659598,-0.15404116890823785,0.12333611033544817,-0.003989596691336396,0.021120344194116618,-0.027948168826485927,0.019194140562007016,0.0035773958678367826,-0.0054546594751967836,0.025639139416769555,-0.005516764788220721,-0.009142618147617505,0.0009721666202773614,0.088270958519169,-0.03627900562822164,-0.02445207922866295,0,0.8583039963573735
5515,0.17496319136497437,0.01961777474581511,-0.03902456505398425,0.047443477485383016,-0.15339813775805564,0.12308668011967366,0.0051633298505139,0.02009746730809007,-0.03090212453443752,0.009649478617636561,0.010665496488914019,-0.0009540955656044516,0.005855963880015913,0.01218029162188402,-0.01083569340503574,-0.01140283202060226,0.10126539331152058,-0.026627819852802454,-0.018661559114175386,0,0.8217953720991189
5535,0.19247842763289907,0.024721737937472302,-0.045486778597531786,0.05611820322129166,-0.15850524767071725,0.1025886352465044,-0.0017169998661759743,0.009177235514149375,-0.029371505175273427,0.0160263013780811,0.0007589378913324545,-0.001459848002521643,0.01737971734617,0.0011926229175483727,-0.007853218424830475,-0.005870437701903611,0.10733635137826138,-0.03813747666105991,-0.028965865735746624,0,0.8451455482994709
5638,0.1894992117047475,0.031198311276818966,-0.05436821195023253,0.04849668129323781,-0.16022035260509482,0.11064097001379342,0.005071925185259838,0.020901474284237435,-0.02044984874850719,0.009460403879974065,0.026970357392645947,0.007968746112360621,0.01395384161317025,0.021469517409906116,-0.009645671034467977,0.0020943384104468504,0.08878256587575001,-0.029525169561344662,-0.015054448943411593,0,0.8657720472954076
5655,0.17802315361798346,0.02373214227107844,-0.04385003404821828,0.04789076451274157,-0.15620996626751962,0.11458125652233433,-0.003111586443678889,0.015045432303216056,-0.02464056876100206,0.020191393025740585,0.02455071814025682,0.005549157655442458,0.016901026500896133,0.003671750981300779,-0.011354641391450204,-0.0037602192840266472,0.09202188421513571,-0.02994497957390431,-0.008448933856976471,0,0.8234796093729029
5729,0.17944512724401762,0.02417674109476009,-0.04520737569532145,0.053434709421219605,-0.1442636958846839,0.10491032399509305,0.0055519373584860515,0.006276992528323341,-0.022037198711938093,0.0048128381178198275,0.012756495298292628,-0.0003772870632985471,0.0187813904225992,0.005834558546214798,-0.0038863846843297948,-0.0018743648216542953,0.08560816059337457,-0.023786628030642576,-0.012432928099996653,0,0.7554551376120661
5738,0.1871929729310402,0.031346723079875974,-0.040789517628375085,0.06074951875372142,-0.14335467160582266,0.10414764227405501,-0.0006326331729333982,0.02091438187500547,-0.022153114135214903,0.005912580201644567,0.01506845008795893,-0.00580011566907438,0.023905906446149285,0.014846083163348062,-0.011641885155691456,-0.017873201865829434,0.10063075844899803,-0.03191966718098279,-0.018292461906359796,0,0.8571722855820808
5744,0.1801526796573635,0.014990747435903704,-0.04267406000502834,0.04215369553923343,-0.16476153837321483,0.10888356325112605,0.0017728923143286903,0.025882953671135935,-0.03902213649704069,0.006738702787120231,7.728219442242327e-05,-0.010367027200539374,0.01374017379550715,0.0062993720088495965,-0.008767839143496615,-0.0008808626744637461,0.08783871157427761,-0.023472382022104887,-0.021079374192082903,0,0.7995559943372397
5772,0.1826185758842583,0.025162566940595682,-0.0456067955254737,0.04150109148361806,-0.16066868820385993,0.11570948217616013,0.0018726122481444061,0.020300595914147665,-0.03709423464415917,0.008138692843548807,0.018104327915373905,0.002646739166325541,0.014569085986496786,0.008004784785738227,-0.005856706947084679,0.0050238292338848885,0.0825287801756335,-0.030125364300341125,-0.012003441613240786,0,0.8175363959880853
5775,0.1807195787520611,0.0348240245484596,-0.03422222500815502,0.05284910606305321,-0.14693460641438755,0.11656924785839069,-0.011969810277504173,0.023490408816568435,-0.02550919500532519,0.014615022614464263,0.024131778778641637,-0.009634739183311076,0.01950991797401448,-0.0022229974900682243,-0.01006317658567933,-0.007127715794996031,0.09982031617235249,-0.027063241202918614,-0.007858559970153067,1,0.8491356685105041
5795,0.18705724159649306,0.031210678458008786,-0.04834079548147926,0.04272247658066211,-0.15624674850293627,0.11926108933425457,-0.008274040045227958,0.018906182243931265,-0.03840704998370109,0.009757708783873905,0.025046271683055052,-0.007245607654311408,0.00970444555232192,0.003056856324073251,0.004808779037351759,-0.0013296798518819743,0.09650585774355826,-0.03772609909957851,0.001292336376672248,0,0.8468999443333727
5825,0.17310776561138408,0.01708215947782812,-0.030104630800356618,0.06246384766448815,-0.13128531356775677,0.10568002899768891,0.014033992855983581,0.01918434599352887,-0.028263173710155725,0.010787222962586022,0.01601101719826338,-0.005681898618633243,0.00935624142482308,0.010044186223540263,0.0027078197097941945,-0.010595001124765201,0.1007423690707244,-0.026731951042945405,-0.022617433514920963,0,0.796480399570167
5833,0.19116430493858155,0.01771863582914964,-0.06254497717353234,0.045748122112114875,-0.15605561917861796,0.1112901468263733,-0.004764683272448769,0.013668211103838633,-0.040116164325465664,0.015927156605403645,0.0232698601160306,-0.009490452886404455,-0.003734823165957188,0.0033781822354886568,-0.006548809740434696,-0.0033593940212849247,0.09973137344889285,-0.02313844081756164,-0.016153771071237128,1,0.8478031288688185
5935,0.17440540068691382,0.017546620647900836,-0.04254111201740135,0.05226200387191481,-0.14907867368296837,0.10187256778968233,-0.006438421556914721,0.004868741444322483,-0.023074338817685995,-0.002675062007588033,0.006817158761728941,-0.007392206544494137,0.03144107747351989,0.0071896796144631705,-0.0007048457950543616,-0.012483554191186286,0.08363925018429763,-0.025684296542449785,-0.01968865658422043,0,0.7698036682147074
6003,0.1846041711299702,0.02388621691272461,-0.04499360718490822,0.053666087953009915,-0.1766546558557009,0.12889522571466458,-0.004913265479401152,0.03470025802986649,-0.040648238562258,-0.002395708890328696,0.009127701590052812,-0.004155161708342247,0.017382638627589868,0.00836987495160292,-0.002550495837969635,0.004287724817119992,0.09036769262739007,-0.03455694768710834,-0.008157753909050333,0,0.8743134274690589
6066,0.18100362537860096,0.0164508698479548,-0.045685328810711384,0.05038391734369257,-0.1558084750534435,0.11875986708209989,-0.006026696705166819,0.018953228774664852,-0.028101629572962902,0.01121731131423515,0.01226240414814924,-0.006429680287881198,0.018645064730996905,0.005677391896735201,-0.00225209967688641,-0.008726823008793749,0.08954146930114514,-0.02702987978417465,-0.007652806486439085,0,0.8106085692047343
6109,0.1831909744199978,0.012878209470894735,-0.041473503671329806,0.03932291172721985,-0.14472983646436946,0.12432104057213703,0.001052878437371142,0.007156381242517678,-0.037182122294923105,0.013161276011664058,0.019621786916752346,-0.007829504103085135,0.035802293166923876,-0.0003759218493747672,-0.010297442103108304,-0.002027485015212827,0.07277390950922145,-0.025664579040084852,-0.01971303833041738,0,0.7985750943466056
6246,0.195496655956073,0.02814370821697467,-0.04603033561272973,0.05147629428224884,-0.1563637249816697,0.11167459766848462,0.008868063767537203,0.019725267818594582,-0.02315455860801404,0.009663188035813886,0.0035050995345205314,0.0021496898209626605,0.01853463873796748,0.013758631918646643,-0.0026778948796481747,0.006168553928076355,0.10513673424332015,-0.028946147927326363,-0.006357996704013931,0,0.8378317826426226
6254,0.18383176763685827,0.025829819568422462,-0.04852394764862108,0.04707744280873378,-0.15993699486793372,0.10750069623189219,-0.006909022457380756,0.019892351086887472,-0.03325011983186511,0.01082546214712306,0.01826641712815285,0.00016275209435130664,0.019809649112047623,0.013652909866714616,-0.00472400394780669,-0.0010272214599469649,0.1084805784273646,-0.03941213362568503,-0.014802953454105284,0,0.8639162434018929
6295,0.183484387664814,0.02393017938447155,-0.041057238660952636,0.047336459824618767,-0.17356677531534861,0.11275898346944684,-0.0037125153739243086,0.023259257558378914,-0.02385406613666984,0.01496484118897931,0.007112518848024231,-0.006505426331578747,0.006722129059726615,-0.0016524244573024374,-0.010481330367255895,0.0020132863904855436,0.09690802622875548,-0.028219149437038522,-0.0008875406203759765,0,0.8084265363181482
6369,0.18025274455858684,0.015974799886380172,-0.040164091182530906,0.051290505995690655,-0.15249523414159713,0.10959266997581295,0.0011653223675053867,0.008838442460248466,-0.030987457382695358,0.003343120168481441,0.011817343854968777,0.0023244624460548625,0.029133857683779116,0.011655017079233115,-0.005760664569862439,-0.0028272054248036573,0.09451323753188545,-0.02775569857003514,-0.014911066665725359,0,0.7948029419458772
6400,0.1885168495932876,0.0038391217887395464,-0.03796086104210106,0.053870642755872146,-0.14785478368666632,0.10722023573435177,0.0041030942791062085,0.0078054241384945015,-0.03188351124269512,0.00753005725944678,0.01267885432308651,-0.0004804269180455702,0.016757852239559112,0.007847906654538982,-0.007478290732557158,-0.005174946283504592,0.07442494514648994,-0.019053220024917862,-0.011416480420689231,0,0.74589750426415
6401,0.17041867910902106,0.017991630795582282,-0.05759581328537039,0.05458453342678797,-0.1479644482700257,0.11342499930491862,-0.0016516657373602875,0.006483075275401937,-0.020033657163330835,0.008503776021749128,0.015535680183080464,-0.008055907757378668,-0.00039457062477543555,0.006485443999513336,-0.010030372230596088,-0.01575017500381162,0.09432792642678872,-0.049519560358332174,-0.00936037599673492,0,0.8081122909705596
6404,0.17621968091324083,0.02863474493154558,-0.048606630495681896,0.05515651829215563,-0.15794299175176843,0.1229257133590657,-0.0032109495174252427,0.017689195361015177,-0.021667455698474086,0.01220028906465726,0.0016550458125020532,-0.0016227563171922156,0.02696255619435067,-0.00640065576078562,-0.006827508065921625,-0.007545087733334332,0.08750501508016562,-0.02295148963412136,-0.004355101385566125,0,0.8100793853689695
6419,0.20125607228250625,0.023970883601134745,-0.04611031906716913,0.05943514398089305,-0.15462561592036594,0.10578959759196349,0.00011750294914723264,-0.0016811233491927672,-0.025345553652690082,0.011200772397888826,0.0017809789334554305,-0.0075798265732532006,0.03004367136644017,0.01062366476516315,0.0032261848950370657,-0.008053831947969265,0.09233693429041502,-0.030987795017459574,-0.016298586278314348,0,0.8304640588604587
6538,0.17895352871836565,0.024350716017652797,-0.04881311927387652,0.045888133499249265,-0.15782841267714784,0.10918154321593743,0.006276649194537945,0.003026016017286405,-0.04249140966928701,-0.004268246305334052,0.012850962494673324,-0.004841747802778703,0.022200516095554762,0.0025252159454142334,-0.008744230191692775,-0.008114396876289712,0.1040214822291223,-0.023856944029453334,-0.019073348691485293,0,0.8273066189451393
6543,0.1828206323364933,0.013717377369791835,-0.03947338914300851,0.0482668140948847,-0.15791663412880552,0.11789589486781081,0.0012447836633120498,0.022992601802229343,-0.02822695331036131,0.016665806504614727,0.02458832073217418,-0.0006354958083532905,0.01848034804689905,0.007978096966189339,-0.009120374711288326,-0.006182041717696455,0.10032812635462855,-0.03074997756156933,-0.012056474409369263,0,0.8393401435294798
6563,0.1879908747055543,0.023290774719107534,-0.05538473669067618,0.050778135400070014,-0.15014221741572814,0.11431866039244433,-0.006467301394193342,0.005845469926717601,-0.030958697152242136,0.007066776236496044,0.01833079384297742,-0.008061762111444562,0.019441576132721027,-0.006632472717424072,0.005365863514559489,-0.005456337128800686,0.09927177892605858,-0.03317281922222446,-0.02657081521272743,0,0.8545478628421673
6564,0.1796657923776092,0.023457300777683557,-0.04610458941913183,0.04815278967587868,-0.14776742746315558,0.11075699654302185,-0.007888770244096161,0.022385300955700262,-0.018478439043272236,-0.001280090587219564,0.01070107535664215,-0.004489112223528426,0.02047518870765698,0.0018540399138067376,-0.009750473927245673,0.0012471078416487235,0.09401801608020321,-0.03293372854039088,-0.01521775382639617,0,0.7966239935042879
6756,0.18487363834513623,0.01835041093219158,-0.042675893875320024,0.055617644557309394,-0.15988387412936408,0.10143086775685173,0.001239912500409626,0.008826771496830116,-0.03041011222416981,0.020459616415882325,0.012607791253102298,-0.0007764536065335678,0.03216228981578035,0.013740786370584944,-0.010620691396109593,-0.0023911562083683514,0.08742339728986324,-0.016641961598534132,-0.01705597802402614,0,0.8171892477963676
6768,0.17241371412853676,0.022032442127162526,-0.04984212197651082,0.0465638818227648,-0.1487130544386473,0.10533903181733732,-0.0018207817797039002,0.009778628884109993,-0.02224799446167388,0.012527466675277064,0.012691170583632673,0.005158164548427677,0.020872631183709637,0.009759221014159103,-0.012804162483631445,-0.006116366491990973,0.09579208524929438,-0.03578429924505505,-0.006850622682820517,0,0.7971078415944458
6823,0.178737089386786,0.009803128017809281,-0.042788719452510796,0.04488318837321588,-0.14172269686972336,0.1186437775874814,0.007123524907703644,0.018148573972746516,-0.021237319977357824,0.004774206700855268,0.013642987979430901,-0.000764374957396215,0.015191062094422626,-0.004998948850461755,-0.018903635800756494,-0.0052079898307340255,0.09910343784462752,-0.033494548833415703,-0.019400374844550372,0,0.7985695862819856
6927,0.17830690309773406,0.019232595089401658,-0.05023551090695909,0.05737691328285618,-0.15229318755066285,0.10996003057717656,-0.003023535875496299,0.017812210583695986,-0.02604389593266247,0.010964630618163142,0.020437109687820292,-0.00832544326453966,0.024529117205009884,-0.0037208430720359334,-0.01009511852502531,-0.01002096204542874,0.09822094735293567,-0.015417497628467548,-0.021309408549237567,0,0.8373258608453089
6943,0.1639783663811701,0.021955756120788757,-0.05034760447979051,0.04660486122646694,-0.1634011516955993,0.10143439788024937,-0.006816885963693306,0.006779672001392631,-0.028455962124720634,0.017101274272490016,0.007023921710499403,-0.002640676348526183,0.016742860060919944,-0.0022573283789048275,-0.0047129085105642185,-0.0002673825354688512,0.09641031981288985,-0.02878442157701643,-0.013721501799287479,0,0.7794372528804387
6944,0.19414340356219636,0.007047798387027153,-0.045621213003887225,0.05851822433708973,-0.15848803251260157,0.09947187660923033,-0.0114474137286932,0.019505838469931182,-0.01566539697431804,0.016310466559469546,0.016642365036385148,-0.004633285176272983,0.012218766477705017,0.008949722850277467,-0.005298276213229196,-0.009830785489984162,0.09078043511195706,-0.02364974169066643,-0.01157944197835993,0,0.8098024841692817
6961,0.1831961896520439,0.021474722064648642,-0.04695925195052409,0.04705484618641992,-0.17268225904543746,0.11437500245929956,0.004333687696342453,0.01883519501430931,-0.037590543734158904,0.006150015684196985,0.03835998459720828,-0.008545120830587118,0.011028903921014726,0.01850635054453706,-0.009412533329103058,0.005141331570484473,0.08897848378795302,-0.028847096785141295,-0.009418798044218468,0,0.8708903168976287
6963,0.18416033796254297,0.015199699792931086,-0.0484520156559915,0.04220795147339247,-0.165743063672335,0.10804977478095076,-0.004326616242765537,0.020456461717913446,-0.027238144567296563,0.010845978459121304,0.010587127158231714,-0.00436880205166473,0.016229357023746525,-0.002557045539412791,-0.009932851316318308,0.003585310225366146,0.09562479473424954,-0.03045417501250827,-0.0036742982096389315,0,0.8036938055963776
6977,0.17009413059346876,0.01062322551291859,-0.02820430290440297,0.058556650258651935,-0.17059863945844012,0.0977702264149266,0.0003854848361923275,0.036435684582212136,-0.017236102635866012,0.029306898867914356,0.01629331072772394,0.0076286636429054085,0.026067084587569636,-0.0021969560302393934,0.01337385076292476,-0.014774866665661853,0.09879313672306304,-0.02152603889351338,-0.016659361529526257,0,0.8365246156281214
7062,0.17891758448453668,0.021054690338005166,-0.05192099131806454,0.045182047398931766,-0.1520806503762194,0.11176012331080308,-0.007658835795194153,0.014276485734447017,-0.028097931255453436,0.011236852767295184,0.01702676461454161,-0.010557344840314597,0.024077638404825838,0.003910295511672643,-0.005433641042228692,-0.014558694577255768,0.08143622142308747,-0.04094110936393604,-0.004456486658235088,0,0.8245843892150482
7079,0.16878700819794779,0.01732253061142465,-0.04451924662971364,0.05050715722291912,-0.1493108900805755,0.10637861806498082,-0.013314758134563101,0.010188422083667123,-0.026829485595199397,0.013009923303537427,0.012245447739462331,-0.009748845653613955,0.017179335042232288,-0.002835081174257871,-0.009907080760368198,-0.006870695684359741,0.08829098816792916,-0.024159631900406618,-0.006030581462470614,0,0.7774357275096293
7086,0.18464676042772785,0.025630195809565832,-0.0471599346174646,0.04201706283470792,-0.15921825103145684,0.1039307937362127,0.007923508760209766,0.024944301973654014,-0.02786289216483351,0.017424183381231344,0.025976703599604772,-0.0011990387366904048,0.018028605841287692,0.008435145552615368,-0.0037047525476360523,-0.012839578765068476,0.08506593212431655,-0.03232264359399356,-0.01971366443642168,0,0.8480439499346989
7101,0.1871889808331214,0.011933890620516814,-0.03621755118931719,0.05625183798609206,-0.15758024149980962,0.12501041663599954,-0.00257606906102544,0.014436504692879153,-0.018629843105062056,0.008918913788645932,0.011346074418314141,0.00022063032830380613,0.018596698428362847,0.00882604866503865,-0.013162626986152023,-0.005034302308526838,0.09281696213721288,-0.030663591570673835,-0.017130629221666385,1,0.8165418134767206
7187,0.18465937622863837,0.002305401272768186,-0.03998407001579934,0.056622452360396126,-0.15108271769829235,0.10828190040060301,-0.011527685504538917,0.008328323415414833,-0.030965604667388204,0.007585697601632204,0.019270302339464848,-0.009232221813026898,0.020298467386488595,0.016538290798534947,0.004244303775128698,-0.009195414176227542,0.09935262259507666,-0.03446370869753581,-0.023281506862559163,0,0.8372200676095147
7220,0.19517730241468975,0.009331628780539565,-0.04775079324782694,0.05439087019583205,-0.14471771952474136,0.0962612802387475,-0.012994260905714292,0.020283748391833424,-0.019334271197722522,-0.0004024473366799909,0.021639304405411543,0.004620353721413433,0.024555325243309174,0.005682771961466145,-0.01276000842289079,-0.004601855199021217,0.09933598637331403,-0.028232478550363017,-0.006746058815031152,1,0.8088184649265479
7258,0.18033116582332426,0.026811685161962726,-0.050171719770803196,0.04899758431418135,-0.15139394111166124,0.10226381387048177,-0.006647455237537977,0.018566010508183125,-0.025542220810021898,0.0005351686212491804,0.011369744277342393,-0.005798645091340881,0.020098011099044532,0.0009012701365929224,0.00942421678181695,-0.007466432340299184,0.08777034425822124,-0.02235996081065389,-0.021428124614003084,0,0.7978775146387218
7289,0.1881883167519339,0.01869536713773282,-0.04666180811038106,0.05763119495129278,-0.16118220295458272,0.11479795024537039,0.0027534370547623596,0.018692784840231767,-0.04030975278337424,0.002781908176244161,0.011907273956194814,-0.0034507425343595246,0.016246766265701863,0.0015886555451346185,-0.006301992872291252,-0.006191628285334422,0.09387772900379934,-0.03258839782677218,-0.017984971274462393,0,0.8418328805699565
7334,0.18823786558742184,0.0049843295999735925,-0.03530337284081946,0.0501797564527704,-0.15619460276512548,0.1064961793085597,-0.0018563445364592976,0.03294910556096167,-0.025101114301562207,0.003875807385787911,0.03234033745934629,-0.010810102777742555,0.026939681517041635,-0.011181334783499676,-0.013908990340981987,-0.01958348111035424,0.08819446402918715,-0.032725200691660454,-0.017770451105668123,0,0.8586325221549237
7362,0.18080247058203738,0.011962172005194815,-0.0559588370813897,0.04643507373919187,-0.16791950194460772,0.11807575116096089,0.0036685899172469428,0.02199665620144419,-0.038382859194322445,0.021942504362353673,0.01624925804750774,0.003060452619536881,0.01811790902435788,0.0015387737130639176,0.0014065019592909885,-0.002993787950941806,0.10175974954266066,-0.025128478814599,-0.027651116908412317,0,0.8650504447691209
7434,0.1840342238634493,0.025522076744893117,-0.040827203719998546,0.05905596948510961,-0.14783580092544088,0.11005383947841754,-0.01291192014936094,0.016202232677137066,-0.031364842645001056,0.0015008206248713395,0.007580381144411244,0.0029786114724275983,0.027518677888143415,0.0001357941239937516,-0.00839003153138722,0.0026759976325349336,0.0953987775034171,-0.02672886740445058,0.003208921346044863,0,0.8039249903604901
7596,0.1865809879553399,0.01953100205500123,-0.05081739283718158,0.056886584894177396,-0.14612182766640436,0.10526599243508732,0.0037223196017604015,0.015310642011876945,-0.021152147676505792,0.009101927997804921,-0.0013689384986307672,-0.013701800313309654,0.014119136777619553,-0.002520683854916912,-0.016664909087750628,-0.018445606324561763,0.09607268523279533,-0.03795600753393794,-0.015929415227652444,0,0.8312700079823149
7611,0.18537800383563718,0.00892273590646857,-0.05006837037128898,0.045980483639397045,-0.14604048817219126,0.11914679652402546,-0.001990494197807484,0.016183674871632213,-0.01922148010368822,0.002906949964553079,0.007919698959324829,-0.005703263926184409,0.012316949759884035,-0.004994580460235991,-0.008957147389659179,-0.004556366923962485,0.09674283176301207,-0.04032943891242724,-0.0071493714953637325,0,0.7845091271767435
7696,0.1969705923464884,0.021731770403036196,-0.04290616883746505,0.05900955621194162,-0.14792917516429893,0.10463656858372929,-0.004224310806485284,0.017217399020917564,-0.03516217961483421,0.002219246293521567,0.014650300100128652,-0.002821401225275122,0.019908691870208155,0.012446543375955663,-0.0007801152997413044,-0.0054106451232848905,0.10985361205618116,-0.01949678886504647,-0.01485830743766658,1,0.8322333726362061
7731,0.17831170948378913,0.02896664448068339,-0.037661658087170376,0.04368506852093735,-0.15298915512350247,0.10397147059590386,-0.007569361730572916,0.021841873054198546,-0.01954309789949573,0.013926099300686862,0.02177844579985926,-0.016912275508251765,0.008734403579015802,0.011670439609147508,-0.0012682531870688927,-0.00802870300512043,0.09085015641327082,-0.025177714687214386,-0.021935960106633737,0,0.8148224901725233
7822,0.18442930383676276,0.020539768180911085,-0.05221981032998487,0.04701731844531642,-0.14750982232304655,0.11319646722500648,0.009190739761663543,0.015509000501304625,-0.022690848901641192,0.018142560582578588,0.024595684572029857,-0.0074465329217788786,0.015571844206784168,0.00759987878738332,-0.00019851673147898845,-0.012909464821132758,0.0904995738849505,-0.0397027448092636,-0.008514576901598476,0,0.8374844577246167
7826,0.19018843440910402,0.0225256069772909,-0.04266190743877676,0.046355457443655775,-0.1547072815733247,0.10748870488704519,-0.0021459883150899807,0.01042007664505927,-0.019601695674687107,0.014987216539860182,0.008901235775753696,-0.01596329530988566,0.024243311653457573,0.007129629814337644,0.0037781781890144253,0.008156949550532212,0.09174841840211592,-0.026230668143289813,-0.009411005402815744,0,0.8066450621450966
8046,0.17328478566178387,0.02034275735112038,-0.044946702278390885,0.05095259080764002,-0.1480601973444469,0.12528203540268212,0.001654436288548147,0.011396149425784815,-0.02497811132170141,-0.0029195853594381612,0.024802884240347062,0.017197907243989476,0.015180484305004243,0.012702705481058826,-0.005486082772825595,-0.0024587489061244747,0.09701871624376601,-0.03157599362411376,-0.016157103530667297,1,0.8263979775894335
8080,0.17627883340544154,0.024092350515945386,-0.05077960279436856,0.05043573687149432,-0.1563897450006278,0.10061269477098714,-0.0017034589669108885,0.012703971679879562,-0.02970196733910615,0.0017459861964230548,0.010561906677518492,-0.012287641272864237,0.00931949479386357,0.018227545033546903,-0.006927068209200805,0.004866091566476423,0.095592214202405,-0.03451359902246869,-0.015329081020506006,0,0.8120689893400346
8111,0.18832422216745565,0.018845486110066867,-0.04552223955100202,0.04273098292885416,-0.15385958459593607,0.10658182813040497,0.0003577456507392412,0.019348307665148855,-0.041668560803392776,0.015642999553703005,0.011285068830110285,-0.0027138058892838763,0.014721453628125459,-0.001173187464354914,-0.01894693870973097,-0.0023092092909369494,0.09525579083677388,-0.03206506812553221,-0.009114420312354463,0,0.8204669002439067
8148,0.1881876390541118,0.017238585968747527,-0.04570019011357439,0.038798505509111576,-0.16112167471802974,0.10620979634198872,-0.00027563760161652793,0.019432838698271088,-0.022569342648629403,0.02129218437535593,0.0070540808084301986,-0.0068412144554985,0.022464989560269696,0.0083724354885928,-0.007514990244046002,-0.017966244779304568,0.10283662762621583,-0.03358385326363494,-0.0258811266355318,0,0.853341957890961
8162,0.18006873393188372,0.019723197895473134,-0.05850647003609097,0.05092609480069962,-0.16345411754752234,0.12152129911397037,0.004876382893586972,0.014345106923035476,-0.0283571423533365,0.0095156509378986,0.025218604036667015,0.0010870783411005987,0.02190388091857093,-0.0003363522599217973,-0.013055440656112473,0.002387445578873122,0.09921187923272466,-0.039882049595100166,-0.013160698441678206,0,0.8675376254942467
8186,0.17389153409714578,0.01639320675785001,-0.04757245925821906,0.05536048948617339,-0.16453793962914465,0.1091723498435864,-0.001382837246393428,0.018559777023315797,-0.03616037340718924,0.008953364924690286,0.01325508283299463,-0.004085683653120299,0.023454265578394626,-0.004370576565332676,-0.01328646386277764,-0.012801910234749029,0.10093449182317041,-0.025921279204213898,-0.0019526442515967223,0,0.832046729680058
8206,0.17858398432903452,0.024691780282696148,-0.05450076107704856,0.04237796571572063,-0.16081692904825506,0.1074115580748737,0.011026264515768576,0.023160869040140523,-0.02291205185548615,0.010878320480602433,0.003370398591481299,-0.013445908417657368,0.006225894579166,0.010828945120929469,-0.018271193362238657,-0.0070994368258942096,0.0903880295594049,-0.04823315556274285,-0.018386836986336367,0,0.8526102834254774
8260,0.18085761256650845,0.01905603072878616,-0.0552327188709675,0.054520118848598004,-0.14205211390726954,0.10436344679856686,-0.00802978395478993,0.024949682868568978,-0.025474000509997777,-0.0028287381429270577,0.011287429723248397,-0.0011160178317204008,0.024867022627724066,0.006581871045278194,-0.02085661322269984,-0.008461787307968328,0.08839472511761932,-0.031068164378631576,-0.016476358584204983,0,0.8264742370360754
8363,0.19036835469710808,0.011089222362014475,-0.04906665000115862,0.05437051780220943,-0.14636460530397416,0.10540898770330298,-0.0077126229597351634,0.018216775910576702,-0.037735236163269875,0.0040417302694700724,0.009009462303279148,-0.023827789330430678,0.011977642496649791,0.00026013420646805687,-0.007578013406152611,0.010046252176176008,0.09359812042484121,-0.02399997843115121,-0.013808268093858714,1,0.818480364041827
8372,0.18264188952011215,0.017795951568474407,-0.04034491197576442,0.049093567879343464,-0.1571466462398447,0.10408706251551779,-0.016310428795070414,0.007847742737147743,-0.021707700448272308,0.0065858044820881635,0.002987000119935679,-0.002065012464468733,0.022074043979384523,-0.005589922592504781,-0.0026688041706519863,-0.0010221510401373375,0.10279589020748282,-0.04937144324191162,-0.006565158850729079,0,0.7987011328288421
8427,0.17447002789999305,0.01493542929257268,-0.04015191161289233,0.059481069958328185,-0.16424166661477932,0.11635945057947301,-0.008568696663194559,0.013225872912838249,-0.02718013487109803,0.028200652695577158,0.013082378794477014,-0.02611406588136977,0.01829104449913985,0.010085259849781359,-0.017829912797207824,-0.0076502984400107525,0.09520187115586266,-0.02907430806086708,-0.016583819915806843,0,0.8807278724952697
8454,0.18183058929907212,0.018536404394203145,-0.04722992664976919,0.04439708856204266,-0.15286305203231512,0.10986721071956213,0.005569460825692719,0.0251852207190288,-0.024749901336016608,0.006375105102136638,0.020741015905325524,0.003984289207004032,0.01599387750570478,0.0014727713458607325,-0.007084673194233472,-0.016114122546015068,0.0752753622506743,-0.021501535515238666,-0.016741940880640103,1,0.7955135479905358
8525,0.1726955608024672,0.015199474831310181,-0.04609365733361216,0.049214109190054325,-0.15874317097447158,0.10591635243527739,-0.01082836694441699,0.02457133066819502,-0.03902799952607498,-0.00465429060791854,0.014776495153239673,-0.008578920741439688,-0.0007791705811977652,0.005423358927335302,-0.0053888284189428735,-0.012854554557560361,0.10507583595855992,-0.032776200998032766,-0.01625809855267995,0,0.8288557772027867
8541,0.1709772837109182,0.025563351952907324,-0.05954534799248792,0.05048856061229414,-0.13157298577423202,0.09745540514011342,0.0023338892626314197,0.020028267390096506,-0.018607341546386595,0.022103690145692936,0.022612819075207534,-0.007590546538265506,0.022480549087715254,0.0005292793352110607,-0.009701791217917161,5.052682800889618e-05,0.09716650133953844,-0.03240103108169954,-0.011294160628410547,1,0.8025033286597344
8546,0.18016549277055058,0.015423843476718784,-0.043050806719287654,0.04332880659967926,-0.1489407762331714,0.09372341560575885,0.002167520573340859,0.03015705505622129,-0.03149060751303846,0.01050566467577598,0.008431771173140663,-0.006373531648522083,-3.735898561330655e-05,0.002560955101573056,-0.015198152805634102,-0.021902417746375722,0.09348263399549608,-0.05038350440068248,-0.010388584319481775,0,0.8077128994000624
8555,0.18062050777711386,0.002398780351428433,-0.05716992656872012,0.054426932419057696,-0.14742997786239895,0.11727621999090665,0.00986745594560977,0.026440757999145414,-0.04762622772621028,0.007677310157811274,0.020673879874565718,-0.004790530638714155,0.027425024546597433,0.023746983884470788,-0.005714303468530527,0.0021793616393814604,0.1006423964386667,-0.026684655650343312,-0.010905214483421572,0,0.8736964474230942
8579,0.1798109459868651,0.02941608793498933,-0.05748819449109706,0.05049312778764182,-0.15411205708890302,0.10686498353045759,-9.233313811078412e-05,0.011962936313879848,-0.03270879305952496,0.01359515856700317,0.023895004525107535,-0.00897770127761607,0.013134699036349924,0.0037116949389849286,-0.012632515825791706,0.00013596346694987797,0.0971929325721392,-0.038039194048881966,-0.01212854798197973,0,0.8463928715722736
8673,0.18114096585678088,0.01678029646113059,-0.04138608332794699,0.0479105937721736,-0.15143015888261002,0.11301102523155127,-0.0044468599655100955,0.021880696584927944,-0.026993849111240944,0.009844463238589368,0.0015802622444374894,-0.014807446381245462,0.018063082991127695,0.006662609568297374,-0.007840237214481158,-0.0009900762243046633,0.08937168649729298,-0.0313128550845958,-0.0171649844208402,1,0.8026182330590845
8718,0.19843886683593467,0.02405429418247565,-0.045348369922867074,0.05129584642431243,-0.14606099404858486,0.1283484708253304,-0.005229426681784678,0.020955622429580784,-0.02624089204338419,0.016181856357435038,0.01532440968038572,-0.02034329384517463,0.01733390518514618,0.008265478852814848,0.0014751264210596312,-0.006963976121556259,0.09155535216085486,-0.03775736194365259,-0.011862640284510392,0,0.8730361842468449
8886,2.300568349941616e-05,1.3954648366879551e-05,-8.003035692453954e-06,1.3616682630001612e-05,-1.1545950781825397e-05,-4.628397120280441e-06,2.053867924665097e-05,0.00019605034177920695,-7.282343963551224e-06,2.5276256360660474e-06,-1.2233109330691269e-05,1.4252984039304282e-06,-9.404944948400083e-06,-1.3014390052927594e-05,-1.2337678037121107e-05,-1.607619058493791e-06,1.0450484495260061e-05,1.0797573404351178e-05,6.431624235741937e-06,0,0.00037885611068324974
8901,0.18091754866293738,0.017156103831386202,-0.041389683268052216,0.05910447810204395,-0.1494967998125716,0.10939800986014477,-0.003830227624010415,0.012899542100927766,-0.029083496349522883,0.006669683290552528,0.005290151945117965,-0.0026336528746292837,0.02485861379737045,-0.0005075602960952235,-0.011269634804443734,0.002895131523114473,0.10153119493169793,-0.03753900656760823,-0.02096870925295036,0,0.8174392288951774
9056,0.18547373888398933,0.010629847445363454,-0.05360813081154146,0.05071339357904161,-0.15540606687868383,0.11473705416342289,0.011435732216940797,0.01652721104734018,-0.029488723657140014,0.018353668972096577,0.01957871282014911,-0.008100510878400939,0.026921683387757977,0.016947946935052038,-0.005109622588347371,0.0021405159686031777,0.1001739255001758,-0.024725390344781623,-0.011655164036394028,0,0.8617270401152222
9112,0.19124982263805085,0.03410454289967682,-0.04457357921811124,0.05911513936865267,-0.15036499566111838,0.11771610810465188,-0.007645486772405307,0.013451565582579518,-0.02000964604160885,0.001045469009710431,0.025255915994988047,-0.00718003643640443,0.003907353756125204,0.012228223689578176,-0.023814998587741564,-0.007972327126146539,0.10383266256395318,-0.0369007208130833,-0.009199145597130564,0,0.869567739861717
9175,0.18384886296575156,0.016627543022468154,-0.053933756413395366,0.06380643055408772,-0.15941075612847694,0.09981697392130849,-0.005651694741876334,0.02068085677252123,-0.02996743270957234,0.004938183297554094,0.010365889910557605,-0.006794651510501375,0.015557865664653989,0.01554093719691013,0.000842673147575197,0.004981003360857905,0.09254651013647446,-0.026227866041515786,-0.00542659325510316,1,0.8169664807511618
9211,0.1835180778726663,0.012827348395875293,-0.05162254402115528,0.06383802905481759,-0.15842087090415602,0.1210043061133238,0.0007693576699285649,0.023101182911740927,-0.039453775970048406,0.009300265759548383,0.007381421325971749,-0.015088183261128766,0.010216737996283962,0.002935005188949672,-0.014182022805666543,-0.0009191720562953168,0.10130178189991748,-0.022926978431636637,-0.014377732035188294,0,0.853184793674299
9269,0.18544383260905434,0.01565169955027534,-0.05117758860208994,0.05395667050450095,-0.15530091407893365,0.12536481945799377,0.009811375000727927,0.021267612508919908,-0.03322184824551819,0.007366664291587845,0.01346044911918896,-0.008382220406697264,0.01461796448935133,0.006747364133335777,-0.00542652918851251,-0.000510804707923334,0.09824839104750585,-0.02445333135654082,-0.023919534234938644,0,0.8543296135335964
9283,0.1914202451839888,0.03313235001804136,-0.055780247755031334,0.04350409019370146,-0.1457249753719522,0.11022445900823362,-0.007658740077976003,0.014814955232013816,-0.02843133222884832,0.010827108825242517,0.01229684001532792,0.0012858563778987224,0.029969096845118944,0.0015584938524691536,-0.007799030325306216,0.0031345336993357045,0.09148978679632365,-0.025450407164842453,-0.0018091803935058079,1,0.8163117293651581
9338,0.18305138814041153,0.026813686545657692,-0.048757705472365805,0.04587525193677961,-0.15897744711327177,0.10985181812898916,-0.006043595723038079,0.009351951273567213,-0.02428031116430794,0.018183970141266555,-0.001369561776035391,-0.008947134731815956,0.009341791141063163,-0.00329321484152374,-0.011749356856660802,-0.01791446579891315,0.10044290814991126,-0.02941110141842767,-0.018083254998996472,1,0.831739915353003
9383,0.15815836422156415,0.016745651422294578,-0.04138503163566114,0.04608977294841593,-0.11606522249254872,0.09335551239190526,0.00377526121165382,0.016029710298100398,-0.032008119329113724,0.0050237361586105995,0.0004150764427673137,-0.003157700080066051,0.02036408642669076,-0.01920298315743284,-0.005313798528243539,0.0015245759839539474,0.07028465613018493,-0.016768876582680402,-0.010794837574344351,1,0.6764629730162325
9427,0.184053152790156,0.02648844151939446,-0.053054189934723724,0.04209926836224234,-0.15216623522461847,0.11180962712884052,0.0063855515177102294,0.015824128718110987,-0.03559368295600395,0.015482680400754793,0.02182181079234077,-0.010911196548667648,0.017219632393582977,-0.012328587548888546,0.0017514393114838353,-0.012237289162739617,0.10230898102221497,-0.031426366510946664,-0.0033022241343586946,0,0.8562644859777792
9428,0.19209833342833987,0.033102603246970334,-0.04859770360893959,0.04799606144717019,-0.15089714142320862,0.11286948028484067,-0.00253264068043845,0.013632650225933452,-0.0221415520625572,0.006590402562299449,0.019957272042566185,0.008062908373323527,0.023167085805596538,0.000513955489675102,-0.01057573594821421,-0.0010265931056207213,0.09585451654432074,-0.03899685459364013,-0.017868543434570807,0,0.8464820343082258
9467,0.1875892218871347,0.021439210345847295,-0.0474580930673068,0.04872932666033397,-0.17162945941600977,0.11660785218987355,-0.01085567212986058,0.016857907720986918,-0.023273829129795788,0.015203483197171743,0.024970633750768353,-0.01192349205567325,0.003588208351962813,0.0164460202099803,-0.006159087137828594,-0.0020797496059823724,0.09006088491600286,-0.03255304224353186,-0.015199135780319102,0,0.8626243097963706
9486,0.17773699145621055,0.020483119541181843,-0.03970465924013013,0.05543468266310501,-0.15987551472464556,0.1027612610655998,0.006878536975353384,0.020178899657041362,-0.023636045768777484,0.01687137037791956,0.015017889252950235,-0.014108093591448462,0.01880339897199316,0.005599867630464164,-0.002501148668481065,0.003198000390994733,0.09982556757091009,-0.02877691162895403,-0.01984922447090999,0,0.8312411836470706
9511,0.18698738212313,0.018651105163519966,-0.056239272936133414,0.05314915967487064,-0.15903253463428862,0.11761295801699598,0.006527229048853278,0.016752085714847282,-0.03702891252854951,0.016235497319711575,0.026071359069438662,-0.0036383214318530923,0.010332233449207171,0.0027263567945884303,-0.0212708789326536,-0.01718787859466243,0.09045367707527177,-0.02944229813587609,-0.009578112135164928,0,0.8789172527796164
9519,0.17394803970578712,0.017629477426918675,-0.05171622723160167,0.061896681551512005,-0.16894048662036482,0.1097388115008521,0.014049286332641268,0.026965783149120806,-0.0313022799905308,0.008936506059807675,0.023870670495003687,-0.016712858134869408,0.013201988846353546,0.0004895483402678734,0.002173171902538227,-0.004883234384463212,0.09599509073086938,-0.03228447111378221,-0.018530971584313084,0,0.8732655851015976
9566,0.1792961014943482,0.01973851357515374,-0.06588936528638684,0.04139042970730036,-0.14705863662090857,0.11832443760342205,-0.0018866382594190862,0.01846894498393396,-0.03553138561066188,-0.00017170494007634214,0.028781131738459167,-0.002573633330721583,0.025814506023715045,-0.00032772242393265213,-0.012186520091035274,-0.006036582459117272,0.09999875933434091,-0.03730074943709157,-0.011399667364495452,0,0.8521754302845199
9610,0.18805533034340255,0.014579272954307368,-0.03618965050808609,0.05474048240093708,-0.15130008253705213,0.10623598040045606,0.003653948047300004,0.0068890682030386535,-0.0287822361009631,0.010119553020074648,-0.0001674189808841328,0.00024069991517866363,0.012853523922790286,0.006784152186749192,0.004320586737193786,0.0024782163601771772,0.10467139640063623,-0.03513794204925704,-0.007896693656461248,0,0.7750962347249455
9653,0.1851297446560995,0.023294242734470574,-0.04425611408613378,0.05171995978875457,-0.15243240208921396,0.10729195608241458,-0.017569803127659156,0.01819731706440935,-0.01651821378818243,0.009195189806379242,0.00985260211718157,-0.0021984861019148493,0.01086062798656046,0.007639991415970756,-0.004113859659172948,0.0007918715738888061,0.09950420184092797,-0.02875130271108921,-0.016835044702190854,0,0.8061529313326146
9663,0.18565625143203618,0.012624089908117123,-0.04245548558214482,0.05283646449799388,-0.1365567212910813,0.11215507070630143,0.004093188525932081,0.02563651217300322,-0.044590194892327475,0.007531284285416095,0.0006705361775555715,-0.021504578533238117,0.012753619249408724,0.012381308151345543,-0.009516433239479325,-0.007776390579860109,0.0973550497051269,-0.021915331927516855,-0.0002695461888190432,0,0.8082780570467037
9738,0.17785144478896894,0.022903083138030272,-0.05143179356888746,0.044151822688382504,-0.1619945255196429,0.11398302845160214,0.0025296798337010396,0.005539117620802528,-0.02654929922915799,0.017112391023392952,0.013537276292578917,-0.013589558641064455,0.029900780355433334,-0.005397018266608621,-0.008133206216033683,0.0018521616459659155,0.08467067086854838,-0.028866303718961157,-0.014564069718273964,0,0.8245572315860372
9746,0.1877116840502043,0.01880894283978824,-0.0509206363957583,0.04496766642379054,-0.1561236338419588,0.11312226581531723,0.00553780015300757,0.015675979410060045,-0.03178755362360356,0.001243045961015717,0.009406630476916984,-0.010751148157551009,0.030889919749212486,0.015364113603693713,-0.0007255136132548383,0.0012894681284160584,0.09968548458562033,-0.0349094740307254,-0.01798663476507905,0,0.8469075956249742
9750,0.18999989631383116,0.009307513725442756,-0.05164802292890636,0.047518463605666986,-0.17687226085158764,0.1210707109454683,0.0035719662930812084,0.02583263222227483,-0.020612537198368502,0.020632832903306923,0.009010189634472194,-0.0006541521253957449,0.027912206428710395,0.007819556752893593,0.0027114320250717027,0.018989390191482918,0.08723877610461252,-0.04413925973899681,-0.014119482233374859,0,0.8796612822229454
9755,0.18781352843813626,0.019266269642792495,-0.04119702688842097,0.04040093222922504,-0.15806613744769452,0.11465064067202842,-0.00712323147305307,0.025536310327234954,-0.018535508271069007,0.00046289340914903554,0.010582033229273561,-0.00955874918365644,0.018939042508382714,0.009694203126649209,0.00010245549445153934,0.013018736522371562,0.09954360125648559,-0.027543310357136374,-0.015866652912010216,0,0.817901263389221
9798,0.19031963924433493,0.012344519291658031,-0.0665017202994145,0.06251120911213409,-0.15129237314509986,0.11634999221615315,0.002206066100425638,0.016596156739486695,-0.03446361878269204,0.005165504067328072,0.010039981624708493,-0.012440208853814798,0.009813756860298652,-0.0019765632207635977,-0.012900243784048502,-0.00089345458938625,0.08973039196242875,-0.015836565767339546,-0.009984365559850363,0,0.8213663312213659
9902,0.17244570826683953,0.022398018338567294,-0.04984201121363688,0.04018353101162424,-0.15616040574130494,0.10547735338966471,0.012442634627486097,0.02442039015077629,-0.02427450756128679,-0.0024618299992153945,-0.004797899414975676,-0.00937149945169081,0.016331114203796116,0.004978040234106457,-0.00867810060082019,0.004250493655951376,0.09508446312879675,-0.04463236171743275,-0.018460087990798048,0,0.8166904506987703
9937,0.195851572870594,0.026755647343865614,-0.0466489673366613,0.06240983218596864,-0.15195380088521931,0.10462060688231913,0.013147624798231181,0.03055421856570718,-0.04066714441834074,0.013691689997184262,0.016290962632961953,-0.008632351596819816,0.01720493414247203,0.013267155550372589,-0.0018522093934658483,0.004946638684126697,0.10468322003519935,-0.028355209682664004,-0.01671759646485063,1,0.8982513834670243
10018,0.18576059582381596,0.023348331655676763,-0.0508061189234859,0.05186674091325473,-0.15486761326637347,0.1046468695600093,-0.004242831772074971,0.01973923056098057,-0.03925782970145689,0.013248132414765459,0.020628209294112472,-0.015477575055926849,0.01762871445349403,0.010541270584597985,0.002302553186189508,-0.005095403648573675,0.09263331884063936,-0.03667257742714921,-0.025767143091507606,0,0.8745310601740847
10051,0.18457584224759385,0.013869927945450116,-0.058953489225399607,0.05510721089124318,-0.15438287501486775,0.12626187564335475,0.005402041220660319,0.02846156131505472,-0.029929267632590077,0.00684671235626799,0.01687190194660262,-0.003700072299617521,0.01618078801561099,0.00955721062597945,-0.01491178224300108,-0.0033418418564143044,0.09587757783434515,-0.027755458206777956,-0.01332749099635666,0,0.8653149275171881
10157,0.1801632592124341,0.02654686493746203,-0.05535862722210174,0.051747817743174905,-0.15866165306600785,0.1159866114382177,-0.0001979598422550598,0.02231772920993945,-0.025769182594837448,0.011661569691417288,0.016155464993065256,-0.005900737709110122,0.026427852076482055,0.003511196966869995,-0.011268924977161351,-0.01270668964710202,0.10799857479668094,-0.025669249683618802,-0.015618528402389944,0,0.8736684942103281
10187,0.17990765500827308,0.02233536402213878,-0.05137907781915464,0.04893447067026938,-0.16267483742059866,0.10895718499434644,0.007007408431577765,0.007152597514918908,-0.023527645027163535,0.007960615958267081,0.009188464399425719,-0.002355703684681628,0.018593985631858084,0.019889434892262643,-0.0010463949390533784,-0.010042270962972792,0.09293524569365072,-0.025301562920946805,-0.01598394729320073,0,0.8151738672847607
10292,0.1934100143157695,0.015126898311142363,-0.04354610140378741,0.03864885592376813,-0.16002482993526537,0.1063031670188908,-0.010535058603560353,0.026391952153373206,-0.016375477104978192,0.0022248106120793076,0.0197565719925823,-0.009033861257607922,0.011715414011576239,0.005466855561580361,-0.0023902819240116864,-0.009967839402234125,0.0944895243127681,-0.0281633353416581,-0.010845448292088179,1,0.8044162974787217
10342,0.18260336124457044,0.018015968448082842,-0.048399516776142654,0.038225103407609456,-0.15463118913323193,0.11570405299769455,-0.005031236035165836,0.004388158780963835,-0.020355118613995964,0.020089472233213248,0.00641492546119105,0.005236973941648319,0.0036071914242677906,0.012668355937293374,-0.011667184348305035,0.0037065079029632905,0.09128685058609332,-0.02196248566535007,-0.024664867739269545,1,0.7886585206770526
10349,0.1743166827440642,0.015037690842838949,-0.05246127015372852,0.05005704621169062,-0.15801208143223602,0.10273421676854365,0.003666214773019112,0.007079875932627106,-0.023492101884213464,0.00974903904815914,0.010913433743415428,-0.007738623060840814,0.005793770969987619,0.010418254096256211,-0.002719088098773235,-0.015456265901826844,0.07883443806629867,-0.03873220157393165,-0.006947648819451014,0,0.7741599441219023
10496,0.17348348759812712,0.006636420489701694,-0.030533018313886003,0.05406400818053194,-0.13914667584883078,0.10758221743114166,0.0008951079093478739,0.012842526831576344,-0.0442831221229595,0.007014093909261407,0.006134332077214464,-0.005760438791984091,0.014226991462704137,-0.004298145431063783,-0.005405338349831737,-0.00796124350030406,0.09266962285101786,-0.01999333107407063,-0.026494578322260532,0,0.7594247004958156
10549,0.17725331414149612,0.026685838051132418,-0.03506545395101071,0.04949379872808481,-0.1609677181561831,0.10194184927967533,0.014234961600198697,0.01739707449030001,-0.03400319541232325,0.012448893975696367,0.019191140055611944,-0.007989552668330777,0.01821649980345278,0.007512009944975585,0.002625149406798862,-0.007199596645827012,0.10181163801724427,-0.021521228466690318,-0.025351088351244166,0,0.8409100011462766
10570,0.16742161285699586,0.03135911725694307,-0.034028285009543295,0.031316146676601556,-0.15530872651770297,0.1100878319090013,0.00649325941642338,0.02503824889489967,-0.029365452676888233,0.015216984636315805,0.0299490100093061,-0.001231498054786639,0.00922865370436314,0.006545358559651754,-0.0026264945098791177,-0.0036227990935508163,0.08814297126423865,-0.04154351532488965,-0.01755503869368898,0,0.80608100506567
10577,0.17839292258286354,0.025674123787257863,-0.034303109220578394,0.039492638559536025,-0.1566078232730006,0.1260262077883697,-0.008537540693991413,0.01745745235532304,-0.01400329457694884,0.00803065991332571,0.024522100023452932,-0.009630685023720621,0.015512052384772657,-0.005666655423112167,-0.003012274156090754,-0.009761398753712677,0.09022914616040273,-0.029330156599072912,-0.01350505790385239,0,0.809695299179385
10583,0.1762510408829517,0.02370220262585313,-0.04653254791344271,0.04244532553508554,-0.1562363250380363,0.09990744178089093,-0.00556529803261989,0.014887616062984957,-0.02779583930076162,0.005376766453876105,0.018205467399509796,0.00033150403948302144,0.01677351309493269,0.0006871940375703634,-0.0004400715636253493,-0.0027775232825721697,0.10189874537633781,-0.031410177853411554,-0.00285862836826351,0,0.7740832286422091
10615,0.16940147902062522,0.013865444131500475,-0.03862146493941,0.052321575381748114,-0.17002952246525277,0.09547364250150733,-0.010735502509637167,0.013056751449064529,-0.03182169425118178,0.009771977361231912,0.01017024563457616,-0.0036560942588306183,0.022857537031242582,-0.0029607933854519314,-0.01787660890740975,-0.010381591093810257,0.10747367438009922,-0.025866390831183684,-0.02070471358870617,0,0.8270467031224696
10774,0.19181781579224597,0.031557309063808096,-0.039325428044456295,0.06074786120557773,-0.15311975402569566,0.10354027352085451,0.0041328905976841445,0.02042351301689762,-0.029967128096246565,0.007241766792256626,0.01225278488581293,-0.02368744346203195,0.027978522943750028,0.0027557128415251057,-0.0011909477732845192,-0.01178303284293122,0.09334642052255412,-0.0410136616269332,-0.01545214811867824,0,0.8713344151732245
10868,0.1771570564039098,0.02669902991091295,-0.042927769769193644,0.05517683327975937,-0.15656836147247224,0.11351974368801067,0.016078007353693004,0.015833748910060907,-0.03466654130957594,0.012829714913276263,0.02942255354753291,-0.0033090207685962437,0.022232795365271157,0.014223850529655302,0.010718090754933346,-0.00679073482089126,0.09838298249863453,-0.039409044868988156,-0.02839086928579165,0,0.9043367494511594
10954,0.17924186828188718,0.005600142177686711,-0.03914226073360267,0.059424396908269686,-0.1744460773402095,0.11483477125143127,-0.0060402063764991,0.02431344780920704,-0.029530432457928992,0.021272315126672235,0.02496470711325772,-0.01052093290312672,0.019049036519818728,0.009747750240687199,0.0010615719171925332,-0.007506394057008178,0.0819491450335059,-0.026978091102939392,-0.013274794247265484,0,0.8488983415981962
10958,0.18275378582373777,0.01085929836285361,-0.05069808250900742,0.06043470152093519,-0.16752738245620533,0.1149204773682703,0.009689746377465645,0.02870069627180888,-0.030158953487612945,0.009110877723834291,0.01742869116321501,-0.009098449735151167,0.02578196947672989,-0.003829852175984722,-0.013137972232373528,-0.0033863394594938552,0.09281832863792377,-0.033225219553757734,-0.02215561121249944,0,0.8857164355488605
10959,0.16859161303516185,0.02098117925607779,-0.032768040641094405,0.04440301287835706,-0.15505216123525825,0.10640975074612614,-0.01181855758956723,0.037192051419818246,-0.027553340330369942,0.02131121038475403,0.01564231647358458,-0.01767149040271014,0.004691646181309006,0.019192467331405026,-0.0040504288369689135,-0.004096728425616753,0.09251020227037186,-0.03870958851435214,-0.01607916202891881,1,0.8387249479818222
11013,0.19072977311584968,0.024683288744995965,-0.048973263786049374,0.032254044793005865,-0.15326491666860922,0.108519626805293,-0.004985270600424447,0.01870548369953616,-0.025977955041103284,0.0030170790301284663,0.019728354692128164,0.0014148257160218579,0.017133627870456365,-0.0009375533994450479,-0.0013998787238151942,-0.0015095024338305828,0.0947114610215125,-0.03143088365483711,-0.017676858399316677,0,0.7970536481963589
11066,0.1767105803468969,0.02932629849602846,-0.03781635375908602,0.04447684769560595,-0.14844756167646492,0.09939845342449212,0.0005268780510320588,0.01220353487517423,-0.03850804520745301,0.008505614098649207,0.01290958524975338,-8.785467717074015e-05,0.027948267510423726,-0.008239822932085531,-0.012055537332296284,0.004814569456099449,0.08542226428778855,-0.02389486787022865,-0.01917115187285407,0,0.7904640888195833
11117,0.1877795454560309,0.021502575910719822,-0.054897504887858765,0.05721245381305098,-0.13426865340818903,0.10792963592692384,-0.0003301180724371363,0.015897059592551898,-0.0423634674015319,0.012024507953880176,0.008831027237388748,-0.010370886888950905,0.016164678832536025,-0.0032263540410026135,-0.012883369186335644,-0.006270772844318685,0.09470801523283345,-0.047669689835643195,-0.008167990682423427,0,0.8424983072046072
11136,0.18177088758468904,0.027461655504118474,-0.05304201623984794,0.054164156156130384,-0.13193015705707628,0.11268816650890706,-0.0021314512983603194,0.028013063508237603,-0.024518700015276142,0.012148692022814834,0.016834049761609887,0.0026973717668556693,-0.0005091977747664403,0.0031068578253189406,-0.022033399683955405,0.0019824087292288875,0.08962110761995985,-0.017837431670364775,-0.01744497534561974,1,0.7999357460731377
11141,0.18341778582814822,0.011249170445378442,-0.049589715211410416,0.05439619545971519,-0.1544428264793096,0.11550480609085143,0.002438150530428653,0.021116639722681397,-0.03708957226953814,0.007928718248449686,0.026085201897365302,-0.006099090621084243,0.0221326202728006,0.009976305168818015,-0.00385091717241226,-0.00937082055182141,0.0956493720367156,-0.029995926619218988,-0.011894339706637256,0,0.8522281743327849
11162,0.18228499727869277,0.027003138403873292,-0.05347024928915935,0.049992429658203205,-0.14440640353873502,0.10599451702123287,0.004311215284063234,0.009339714596297332,-0.033912566790782514,0.0004287148639147202,0.013496842390554455,-0.008292649827659329,0.009184810017168728,0.015563483441502709,-0.0008022690471629529,-0.013537932428300068,0.09672194581674798,-0.02597370430872663,-0.015542369370809057,0,0.8102599533735863
11166,0.18461150208707391,0.02677799012891759,-0.046483679407995984,0.05613038922238293,-0.154121052057043,0.11499977119981253,-0.0011705219623404759,0.024922852142788457,-0.028268313144845708,0.007879888798431446,0.021405789723474216,-0.003920635080444738,0.010042180092239993,0.0002689200051722716,0.00030694414231794326,-0.013091887788441904,0.09430989874711755,-0.02648425456778856,-0.014313100811588032,1,0.8295095711102173
11175,0.1821053352669821,0.015371473093242714,-0.050157095235125744,0.05286007814070549,-0.1514874873577855,0.11175756534099868,0.0020734039497591066,0.025383603338612816,-0.022076553080521852,0.016629781812609455,0.03224513402348363,0.0028327250751364825,0.017963602842001936,0.00718578619325627,-0.018278936925551197,-0.007842801285329444,0.10159447127378596,-0.029085373075295042,-0.021704917018006316,0,0.8686361243281897
11185,0.1863186113184484,0.021638758122811214,-0.04195285873690758,0.04356040148082649,-0.1681696135988586,0.11506243209820259,-0.000860051266744254,0.02157733516169827,-0.03139198297910929,0.01252871475602095,0.024304559576158628,-0.014236336601242502,0.017681630300137068,0.006896086062978701,-0.0014299979240206863,0.0006516325252175602,0.09384692587839978,-0.03540449083486916,-0.02531565770337996,0,0.8628280769260317
11218,0.1793057693242358,0.023044037952503187,-0.04067823714909104,0.04444420150903897,-0.15345100683706306,0.11441278671302409,-0.003033577346636619,0.018553402405783414,-0.0283945574074573,-0.0030612902617068644,0.004176233613593131,-0.008572319924638737,0.026230106919635912,-0.002315852721949633,0.008665226293789772,-0.0013839786890088132,0.0985657886146788,-0.028045867303137264,-0.014959888954661793,0,0.8012941299416342
11276,0.1883020258015655,0.016991675370347417,-0.034246886016417934,0.05538650283047766,-0.15451520952543316,0.11614886242198483,0.012234189789016093,0.012480578709348197,-0.01639400447325643,0.014088993587226817,0.018738461869642047,0.0014037150415242262,0.01814687936847617,-0.00036486178018685475,-0.010714117298353178,0.003770406675185568,0.10290431022877138,-0.02845853391890733,-0.010375004600610646,0,0.8156652193067314
11293,0.19611023706671712,0.017553795457976487,-0.05682889560982199,0.05953843003669656,-0.15092105517124493,0.09860751491205015,-0.004288696376492535,0.021070126283954615,-0.025097553645513904,0.02109966905794484,0.007465586053647815,-0.015138192241120486,0.021971583348189532,-0.0026959318531753745,-0.02199524313348052,-0.007652162789049925,0.09604392040052097,-0.03033741708683519,-0.011372723165194769,0,0.8657887336896277
11294,0.19385808864020168,0.018463543159902153,-0.054405966069237775,0.047268865430245555,-0.15154500772242915,0.11357022301227934,0.003268911382259078,0.01056898306330408,-0.026840823273555543,0.02246137678651701,0.01062227864719641,-0.015189272336341096,0.01789439481367567,0.005396743369439392,-0.007013951260826308,0.016244935506448843,0.08249690869193566,-0.019201869875706695,-0.014077731769445816,0,0.8303898748109473
11394,0.1745927101702556,0.010933636973412998,-0.04164100055329966,0.0536400930979902,-0.15566519467607762,0.10754711583037903,0.005497772307522599,0.01454115316418386,-0.029399974658240884,0.017888150283476963,0.014551277329244786,-0.005333535103743849,0.012737298119900787,0.008853445353526595,-0.008565128590757453,-0.005960754566403915,0.1033964113274204,-0.03396144576088997,-0.00592521335449403,0,0.8106313112212212
11403,0.18831611008375176,0.01263850121730107,-0.04041674860497817,0.05102300909534055,-0.13836947297943905,0.10113990795307239,-0.0006057309429638477,0.015164068968176998,-0.025676306624601807,-0.0007223571683322523,0.01880300815718585,0.004817129719680626,0.022585085133377068,0.014275643023269701,-0.012657452906849423,-0.021007488115227037,0.09299425161421182,-0.03182273811438543,-0.014255442020899513,0,0.8072904524430443
11502,0.1675465956873325,0.02060879469110075,-0.04136533414508072,0.04706128009428322,-0.14018696587005175,0.09838953132548693,0.014035225684150759,0.017979103314122596,-0.03290688185436824,-0.00047069809139865413,0.008605063682467308,-0.006057266457655498,0.005858324368401723,0.009386178387454484,-0.008293284371007147,-0.007848570448843923,0.09084149342069102,-0.01662602671878064,-0.02141727426931564,0,0.7554838928819935
11508,0.188325717954067,0.018846607896171524,-0.04005237160544563,0.050732323643613964,-0.16753660485313154,0.1151682765526633,0.0021127660860121526,0.010820323264504715,-0.022580440875437955,0.012604656455682236,0.01652666525433548,0.0029937780444541694,0.011828559685952226,0.014006288650074276,-0.01523552233883538,-0.015831778726598213,0.0889145531602024,-0.028265155962518496,-0.009620982885422943,0,0.8320033738951236
11512,0.1656346149270903,0.0054239866628270714,-0.03661368441172484,0.049886874461146695,-0.14740742938563683,0.10536476625775124,-0.0014319287289352783,0.005049287796931446,-0.022292243255385202,0.012007181330514706,0.011151839819645853,-0.0026111563635429734,0.017636048907066316,0.0056714550844955535,0.006229939031155747,-0.00024049537143111706,0.07782172427209298,-0.03282533168134462,-0.0072243212116376776,0,0.7125243089603565
11513,0.17220439229271198,0.017456294881419473,-0.042088519787394425,0.03850144215059984,-0.14876409607773644,0.10817863579554673,0.0001299538599860423,0.01735584557294246,-0.03558966078448193,0.008159640711955983,0.016780072918052863,-0.01068319251314215,0.030431811434957882,0.006729762031449418,-0.022777055759390975,-0.009204328311097007,0.09090152722154926,-0.03559280663777921,-0.02215463293273207,0,0.8336836716749262
11526,0.18988222266189467,0.029259879869229094,-0.052306805708145686,0.057068064855290646,-0.1551747712887872,0.11568748170018998,0.0006823361685008838,0.02010336534537594,-0.02736572799677628,-0.0020189097849165165,0.021131574509284965,-0.01952380724412884,0.00806045558390562,-0.0009137485987540798,-0.0064165314438982555,-0.010242769441234123,0.0941993963306922,-0.03451378683314836,-0.013270085161659041,0,0.8578217205258124
11716,0.19325456723530884,0.02297038073714137,-0.041228858977989655,0.05426772937135531,-0.16288442356757585,0.1125917889560787,0.004135789939825364,0.00011294159359750877,-0.036471160647935895,0.01794818004024755,0.017540066922968556,0.0005469390438038874,0.009083944538334849,0.019017350953010152,0.00015472016949010891,-0.006100379896347016,0.10192356414289613,-0.03781254508957256,-0.022191786064756386,0,0.8602371178882356
11781,0.1866873856301629,0.01400430923768618,-0.054454374213195586,0.04691355890821609,-0.14617060492671105,0.11869722636115014,0.00536395024569223,0.028542568155132297,-0.020920842243359418,0.004453629137632452,0.0034814842005713316,-0.020165013957304592,0.016128729398903998,0.004575846086995003,0.0009568356951059251,-0.006487504626276665,0.09209412754824337,-0.02532983326905756,-0.0257147210249064,0,0.8211425448663032
11860,0.1790694491541806,0.018403545651320064,-0.05971766422815878,0.04867588712021623,-0.15002250169017506,0.1137513594089172,-0.005424467673854184,0.00950546007979398,-0.0259875892148209,0.020539266156052536,0.020506136983042704,-0.00863806701619553,0.01686300026544155,0.01582509359406739,-0.00881340507282227,-0.009673755649246272,0.09125235542441623,-0.03129391999055136,-0.020170326171473102,0,0.854133250544746
11942,0.19003319169133548,0.00745529123701204,-0.05020259508962534,0.04885070452209219,-0.16377414289252917,0.10438186196566389,0.013976567108673352,0.017336813344330237,-0.023155789563915456,0.010173302187864617,0.020240726907238164,-0.002885426947702334,0.02488307034981177,0.0059393925708879705,0.0011150905408322254,-0.0021032235160194594,0.09898695541373563,-0.024773878440177973,-0.011746117821601778,0,0.8220141421110491
11964,0.18183514194297176,0.033362213767294535,-0.046493866451049894,0.0559103365740202,-0.1398705941371293,0.12369060798835044,0.0011084282112094892,0.01723524631233696,-0.036060783385980885,0.013732613202493566,0.01471541173466462,-0.01541538021580297,0.00822516382414149,0.004274458564789281,-0.00872931080297073,-0.012571992511897126,0.09306502444939171,-0.028831693229418462,-0.014913854062014911,0,0.8500421213679283
11997,0.17901191519944049,0.02006449811177654,-0.054795964041454384,0.056195451958954944,-0.13187018560447325,0.10786659455248379,0.010239630418415038,0.02209590382835021,-0.030307661592796742,0.019894003532287992,0.009788168544489391,-0.0044006239377396795,0.0023049687086527733,0.011774495550558206,-0.0007208517290806166,-0.003553829121693822,0.0973898224384051,-0.009831414706485292,-0.007830544136156883,0,0.7799365277136951
12057,0.17305962780607015,0.027887793616068732,-0.03607438343096782,0.05140974219266887,-0.1600508371330629,0.1232455125330552,0.001450693298640486,0.015760198799966707,-0.027355006975966732,0.00043717405812720094,0.013425459605341531,-0.011114698830658272,0.01689050906765409,0.002567149608063178,0.0018765329137309709,0.02010361217887672,0.09748641864675366,-0.033888313844950266,-0.018959306006955147,0,0.8330429705475786
12120,0.18531819745148628,0.02417944205777132,-0.04083863908800403,0.048779003017090594,-0.16138558860164554,0.11508081874865969,0.0010269724965846117,0.015899655920090298,-0.02743441244485398,0.006878158393301301,0.004373681763247967,-0.0022148607404581595,0.006302243011751669,-0.0018820367956633765,-0.014482508356263187,-0.0019615151119442985,0.10537633272564662,-0.023442827674354523,-0.010992726527944393,0,0.7978496209267618
12192,0.18575992066428368,0.026743970384293783,-0.04951487584172962,0.06503357380131941,-0.16411469013172045,0.12531112996280927,0.0015784266570691412,0.0204459459618646,-0.03226232825600356,0.00872857000514904,0.01011230221131965,-0.010523813561130494,0.015031695896551641,0.005697832782064553,-0.004554648575865594,-0.0019580658764256163,0.09982801663974514,-0.021928446974657276,-0.02253194145575002,0,0.8716601956397525
12224,0.18213413251556765,0.022568267034569395,-0.05383399782621059,0.06036231110918672,-0.14192167715446286,0.11147410661218098,0.00022042703123895617,0.015676372756558192,-0.023576164895603314,0.017777469869819294,0.02924080097857958,-0.005785000298295645,0.000687203959813563,0.004426721370181455,0.0004286424571026342,0.0035629325296698848,0.0926666135623803,-0.03430001228394174,-0.002588449604699809,0,0.8032313038500626
12233,0.1827443466953003,0.019704471962544746,-0.056177987065953124,0.06220000572367277,-0.1580170054776749,0.10118891006743852,0.006338692834273337,0.005947047578638849,-0.02275099069706358,-0.007371388336014459,0.02996009435069682,-0.013620453575059257,0.018367603094071625,0.007552775426816461,-0.010238655016105802,0.0077187640866609505,0.1061516898637354,-0.028999191275199652,-0.03578292698993293,0,0.8808330001168535
12235,0.17753015727655008,0.02570643147296353,-0.04108831198002674,0.04297605407339116,-0.1433758832049074,0.11036489601276693,0.014005043587606928,0.015983991643201367,-0.03473910342805318,0.009120131594631641,0.02248454484471763,-0.011286886438953416,0.007756899368618176,-0.0035372029976657223,-0.0013953570772899878,-0.015005970589969993,0.10323017731941932,-0.023060770224178434,-0.012387910658897947,0,0.8150357237938096
12236,0.1859403421640271,0.006020094432358294,-0.048141430017612154,0.04296355822896819,-0.1486640134635065,0.11005031291217053,0.001439777479972974,0.030980799246516304,-0.040786342913930414,0.008686747708830385,0.012031821914464995,0.0033384865083484474,0.012613171845044542,0.004365420292845969,0.0028178889913042853,-0.009673014911439291,0.08946394773593021,-0.03352246276831898,-0.010923270497902194,0,0.8024229040334918
12256,0.1843384605890418,0.022517133044952852,-0.03883712457466515,0.046182873764102,-0.15794578803946568,0.10877205907226115,0.0015430141907335744,0.022190962708418038,-0.031441796973158215,0.010178631671904628,0.01727982833451886,-0.009540731246871686,0.024355249988834992,0.009689325948359332,-0.010662172248494433,-0.0025594463041099095,0.10163580297319888,-0.040224433145702516,-0.025838649575645686,0,0.8657334843944394
12279,0.18836977321755108,0.025514065921156258,-0.04962475162174294,0.05582774381049498,-0.13766727664313727,0.10192926122476009,0.0023977886359430665,0.025080249425329666,-0.0367101614453807,0.009115822836638345,0.0105806271157985,-0.008805597023900017,0.02896553722230899,0.00041556729532730996,0.004548075571521356,-0.013766652279665094,0.10573994698046782,-0.04139870570248908,-0.021096311046977977,0,0.8675539150205905
12358,0.20578169158701545,0.025182698202956526,-0.052005888598397734,0.05571390556089037,-0.15113197514489732,0.11054608534584247,0.0017228306005447355,0.021491895095642526,-0.028756903516100493,-0.00021783153215022762,0.012005212220841466,0.0005294923055411205,0.005879014995233074,0.009582207477127002,-0.009962413094686413,-0.007031450694591234,0.10669194160226426,-0.03789290067602692,-0.009554332728878429,1,0.8516806709796277
12385,0.18410613743255413,0.022252751164843838,-0.06207101771400741,0.04899941490913503,-0.1581986981914978,0.11449293767916549,0.002154394632931913,0.007111467509284523,-0.04075975542596761,0.01790144545419639,0.010428617375110957,0.0006114452838751175,0.0231225491450003,-2.589073695562134e-05,0.0007308263741882179,-0.0037676648532966074,0.08855171780737342,-0.023595846180824803,-0.012820642291919955,1,0.8217032201621292
12440,0.1997601408706166,0.02871553344174113,-0.047447195404411495,0.049568293665818955,-0.15873129354646875,0.10133359489416513,0.006828568611267632,0.00794819808269806,-0.02937901444136229,-0.007366520025191392,0.01173753523079221,-0.011899192852814622,0.020787694823177598,0.021130538016225258,-0.01973475413072364,0.007285784585785506,0.09779194954355061,-0.015867495248821556,-0.022411444824328903,0,0.8657247422399613
12515,0.18588262216207999,0.017981679762798252,-0.0394662451051934,0.032824681255112606,-0.15885338653537132,0.12299059182847512,0.001500718382003639,0.012628740008413084,-0.030670331588268606,-0.0030747047885985074,0.012829332625879009,-0.005683557105163403,0.03523803505266935,5.385101170063483e-05,-0.01194984634342001,0.012050151684579765,0.08657206287074201,-0.03796384607062521,-0.015221900983178082,0,0.823436285164272
12538,0.17191741887452666,0.02071457614870567,-0.0291527655713194,0.054617923152008516,-0.15483304934070968,0.1175990963436887,-0.00557712779864946,0.01517154368515195,-0.02462654582540605,0.0081077621831333,0.02090519344991878,-0.024504767649122267,0.013557280653789259,0.004923669066052863,-3.7568688819899574e-05,-0.019220692589272188,0.11349863520727263,-0.028192968807911396,-0.01656156022540897,1,0.8437201452608677
12574,0.1579926552501154,0.023382666890136718,-0.03250882184386412,0.046870898513969556,-0.1431806517706306,0.10969424002744774,-0.007419942374181129,0.010908810537534447,-0.009385933733926429,0.015638442336028287,0.018982165972027253,-0.014152928224245723,0.013458259967217005,0.01253740936457259,-0.004824776026474243,-0.008306961361560507,0.09159970430657878,-0.02664970569051172,-0.024402321209907943,0,0.7718972954009302
12580,0.16929838102962522,0.02388677921989113,-0.026416834196585942,0.052600946101644216,-0.16120240138693442,0.10053169955373638,-0.004418229787702524,0.01663936014712257,-0.02867424140560484,0.005507889807474801,0.00908827711470318,-0.01258618229971934,0.015428154082870623,0.004643755131747653,0.005117423091446175,-0.009451716583712062,0.10227434147766412,-0.046319478770986564,-0.0232056536873985,1,0.8172917448765703
12608,0.16684488857598273,0.02742073598943539,-0.043884521956523516,0.05642045608400467,-0.1558465175188131,0.09749273013359301,0.004963538062543763,0.03094426332289641,-0.027713633089268826,0.012366139842853162,0.01969391142571151,-0.009719185056144136,0.017643134071967964,-0.0044762739415294146,0.009600552663504153,-0.004381113023585665,0.08602445255696456,-0.02929439566482503,-0.024699010840211182,0,0.8294294538203582
12611,0.18579918122782446,0.02450139690587942,-0.04541123649591697,0.0645845452066037,-0.15630768957404303,0.11042731391782455,-0.007040735660006998,0.0160424524423556,-0.028857090427003206,0.010045828158885134,0.023100239119802028,0.006225700307383158,0.019550457973921433,0.013799415701297318,-0.008697906418036968,0.01106137222779397,0.09751477653947008,-0.03458034846741061,-0.022234939864935785,0,0.8857826266363944
12644,0.18039841012391972,0.01784621820256512,-0.049304229606018796,0.04591354188936298,-0.14622536213886908,0.09849279239646457,-0.0036072527004119156,0.019523563425210298,-0.030964444693511603,0.0029343130924734014,0.024243628865711922,-0.0073026195301693735,0.018315071529628968,0.001067747900000624,-0.0010510866810628837,-0.005752015332399709,0.10135552061821913,-0.03037377093046703,-0.015464397156623386,0,0.8001359868130905
12766,0.17163016041898338,0.023980522915328754,-0.04634817265306162,0.03956457233658048,-0.17069428566824796,0.1208284613144231,-0.0043314011068796105,0.00962818445665742,-0.03157848850669444,0.015967262268964347,0.03509416794689149,-0.00719336768220287,0.014924985803783933,0.002125342896490288,-0.0022487550271852136,0.004809129996784424,0.10883018275414823,-0.02962574335569431,-0.016794402995926515,0,0.8561975901049284
12803,0.17700785340950642,0.025514037012739764,-0.03907721841160137,0.059892681175279135,-0.17477118659777566,0.11821451317031369,0.013040269289052595,0.017239421240369736,-0.03271714199207488,0.011161287324710528,0.01618216945536788,-0.0065247479113849025,0.01178422219931553,0.006629540319798941,-0.0048049472158568,-8.859509041695646e-05,0.09478010199868077,-0.02845941509860228,-0.005104557404438858,1,0.8429939063172867
12823,0.19828822400052637,0.0157681521651222,-0.048718178816347296,0.0569267610174104,-0.16788420417410152,0.12164027163054265,0.01317138335490311,0.019646796891095646,-0.030408980807331797,0.0074684337570737405,0.0044673777371356405,0.0017213058559981402,0.013665754317337454,-4.5710625992311374e-05,-0.006494192251420479,0.0016114788531332348,0.0974765182823027,-0.03890460027638007,-0.001870111029121298,0,0.846178435843276
12849,0.19742545532470138,0.021223482567218597,-0.04111930906483425,0.05669417741103447,-0.14720279600492278,0.1050064872472587,0.0010589510506688587,0.02952941559382692,-0.0142992540666616,0.020238346288497244,0.01544677992515763,-0.014870757825197653,0.012052267965681523,-0.001728382775617754,-0.012320569543417384,-0.004851126034764668,0.08852177274640136,-0.03318524129564487,-0.020559964626462132,1,0.8373345373579698
12918,0.19615437867598995,0.015162519135197552,-0.052838975194317926,0.03866472238742211,-0.16946451821275868,0.11065614233323953,0.007584535198841893,0.020164506881283212,-0.027379475399925635,0.008010380854388263,-0.0006496624917480756,-0.0028026605566207896,0.013902690419448109,0.007741148521893107,-0.002858326190361639,-0.007074376527076781,0.09857095701404653,-0.032820953234125906,-0.021583872610122526,0,0.8340848018388082
12926,0.17296388163300608,0.017404171164368185,-0.043310242396596095,0.03738192688238819,-0.16503916929758758,0.11324814578729851,0.0009398976601846295,0.022020695758043246,-0.036521863660472755,0.011652814092747906,0.0112896797754046,-0.005420320957733996,0.01396141509641432,0.005970033941480816,-0.01106051860905204,-0.0010327104227427228,0.09261708691181722,-0.029717711968968764,-0.009520361669372368,0,0.80107264768568
12963,0.17812486387719967,0.021023238078765414,-0.05634601883016351,0.06058389279655602,-0.15751487471419445,0.10719557682548811,0.009423680704476368,0.018375506604694437,-0.017311644915155074,0.003926226958322135,0.018799320048706734,0.002268574378664845,0.02060575247381035,0.015691014831068037,-0.004746505586096392,-0.009794853656611776,0.0823991111645356,-0.020832491944825456,-0.018310377718132625,0,0.8232735261074671
12999,0.1704589937530987,0.018327558341653782,-0.04856201698491237,0.046928455127038304,-0.1706158405002509,0.11948562624050858,-0.001017167575371054,0.025712685349296653,-0.017002906738888005,0.005590575293373824,0.019200544390981598,-0.012383231894787823,0.013205696880182081,0.013507869472757674,-0.0056951180500001,0.005403648846196849,0.09501047144911433,-0.03122856944623776,-0.014884231168151246,1,0.8342212075028016
13037,0.1861730864357333,0.014027710273656733,-0.050162681434941195,0.05557648826482193,-0.1481369029641796,0.11997751810033602,0.005548192104253822,0.018964682927965465,-0.028430392502314134,0.0017687872193915774,0.010653597363746565,-0.012547097164741967,0.022311198950723688,-0.00026750750321623544,-0.00491118234973035,-0.010831471236231257,0.10545570325291853,-0.01679926989503091,-0.022888896238519505,0,0.8354323661824528
13077,0.18416198132528053,0.018791190679942067,-0.045458591308462276,0.05459856661186784,-0.15080711998458546,0.10932787670707932,-0.007791333522906976,0.010420815546749732,-0.023522410102919195,0.006779097830879439,0.0048944737854388866,-0.01447645541090348,0.010201216088742335,0.005071070494305237,-0.012129448632535013,0.000202738685135489,0.10053220198993375,-0.03287669991294183,-0.0023586086916044208,0,0.7944018973122132
13101,0.1880044077617246,0.024764478975069656,-0.05099283211313023,0.04931543615215226,-0.15278849484802334,0.1030711191173927,-0.003849702664045432,0.0265431691126032,-0.015960752184298013,0.0027604938955316277,0.025379887225656587,-0.013887055566587269,0.0182516376591207,0.014895793180817811,-0.006905102040745883,-0.007994995321739928,0.07970323485985632,-0.028618533076824697,-0.0077569920718747,0,0.821444117827195
13102,0.18470656789745338,0.01107573287329322,-0.04740951886549229,0.04927295590841201,-0.152216687066179,0.11711518376912167,-0.012227844894654089,0.021183966600807406,-0.03238725892614011,0.018943953753515565,0.014488783417378099,-0.00026874434866628623,0.0328048495751448,-0.004003326831715429,-0.005499116385113401,0.013758794121043534,0.08278754689393446,-0.02210515946289632,-0.009515129416587267,0,0.8317711210075484
13135,0.19094957827377726,0.020678925010447387,-0.043947497759675984,0.042802885906628285,-0.16099290040233907,0.12072520140181305,0.004388983831376352,0.022748486682281542,-0.041553221665264685,0.005336418783570153,0.009179064747076592,-0.0022644241759804786,0.01651942990575874,0.0017129489092367533,-0.014191091134336507,-0.001487492788430377,0.08581464965600016,-0.02113660583403834,-0.017165771272991587,0,0.8235955781410234
13192,0.18115190812458326,0.013936706400175827,-0.054862690795359915,0.053163274161422094,-0.15538172684613089,0.11945735937607783,-0.0036921593160906415,0.015085934010491324,-0.01705253631301335,0.013960642165020498,0.012284911533301088,-0.004598006272145709,0.023294227454111235,0.010892651380314143,-4.6233444092274e-05,0.00843806530540292,0.09373972441934784,-0.027927859512577147,-0.025819482368404235,0,0.8347860991980622
13205,0.1875007418884204,0.015822387741851615,-0.05317465592914738,0.05218774593179538,-0.15662295473093416,0.10892641035991907,-0.0022422326484227177,0.02531852928479974,-0.02509090430460175,0.02124617254698704,0.0179889447945095,-0.008681567492868981,0.018841863305674545,0.005301050435826003,0.0014199869711403917,-0.0108590574192201,0.09834650043959188,-0.030060960094089807,-0.014324077491581353,1,0.8539567438113818
13206,0.18447434095970128,0.023262525434759006,-0.05468249351455916,0.05022937309730545,-0.15804515014664314,0.11434426590100576,-0.008273970038419459,0.018417290175685448,-0.03119004621108798,0.010283952970659389,0.013991364884646747,-0.009829477430574418,0.02294693355857075,-0.005198393161662185,-0.01896597052224052,0.009047489642275157,0.09285388939991605,-0.027942793373015213,-0.02991623811998717,0,0.8838959585427143
13262,0.19003008531518903,0.02154668088241165,-0.047060339118398506,0.04895076123002924,-0.14692925398200343,0.09992975962864284,-0.009193281410603833,0.02481222081272166,-0.04789350966781961,0.0032008957828909114,0.009146304188796932,-0.00622383264181678,0.02385483597867562,-0.003236494088376595,-0.007895417061596419,-0.013364363029214864,0.0885894358412554,-0.029653349145686736,-0.021693157306265465,0,0.8432039771123956
13278,0.18163585890908424,0.031217228571562606,-0.04910045222151521,0.06028119614911161,-0.13571289017133534,0.12715973910271702,-0.00168772078570348,0.009076990874056754,-0.03640261128380199,0.008412125348782723,0.01615817696921454,-0.009103940634901508,0.012072519556130987,0.011715685538092237,-0.006345316561625588,-0.0054374418402033985,0.0972021341429009,-0.025645609075305283,-0.014512864730999041,0,0.8388805024670445
13350,0.1740735115230624,0.01732491963990032,-0.05662201285625907,0.059436171896531685,-0.15685984583547335,0.12036713810335578,-0.0020619168149583556,0.019593544291443308,-0.02940744203403861,0.012567244250790359,0.015419599978038014,0.0049746193939142185,0.023684535388912794,0.01097921997553111,-0.0054550484478472295,-0.008075324334110087,0.09330284898874058,-0.016646874482219045,0.00013632953278925445,0,0.8269881477679156
13402,0.20369863399394408,0.01829069612588359,-0.05439454076170108,0.05338522203555376,-0.1556140493760361,0.11199848820465666,-0.0029092956681967897,0.02010459305427268,-0.019558892038343722,0.007810432059672229,0.00035072644240795574,-0.00332937969191186,0.012655529318662633,0.006112907340729907,-0.014404892180951293,-0.00888107411221336,0.1030468130281799,-0.04165431880827871,-0.005980954376291007,0,0.8441814386178873
13413,0.19042766395107616,0.02740719577847017,-0.048782213747844326,0.05081465140067457,-0.14966870640206265,0.11809018005851538,-0.0004771669176968285,0.024473931793035687,-0.038034484465702116,0.007997987408316656,0.015222519344918636,-0.003136240154213945,0.022852241650250908,0.010076454072844018,-0.006910120253046942,-0.006570164889189427,0.10106573334917142,-0.039470689629373175,-0.025778574570233675,1,0.8872569198366367
13420,0.1764000486076834,0.025819470874643754,-0.06079059403988787,0.05559107644844442,-0.1447038097126962,0.10838815471465209,-0.005337070628344958,0.022297000663663386,-0.027158021919356682,-0.0009575066236281981,0.012293875399838483,-0.0005546462510345279,0.022758660079662478,0.011710330504963253,-0.0076687181018557146,-0.009642228417644847,0.09810422773431074,-0.03356316194484753,-0.018513268355271555,0,0.84225187102243
13600,0.18393870892560193,0.02382721428180966,-0.04871188517682815,0.05011774446358957,-0.1524064598673551,0.1113720024735273,-0.00937093186129656,0.03099792239158646,-0.03351349909242976,0.004985518467986336,0.012370197437174539,-0.009846850643051715,0.018687531738250093,0.003543261972415552,-0.004463499936412159,0.010608438927549601,0.09732159593400738,-0.02902902750864461,-0.012003649018017227,1,0.8471159401175337
13683,0.1834176247660102,0.03368896786716083,-0.05102828079463738,0.0595112975191824,-0.1601235228259793,0.10892873495960065,-0.008155482899544311,0.021864976643771093,-0.04425084887123768,0.019118164199410648,0.009919052298006745,-0.008595110870290027,0.016875133043549206,0.007435845532913362,-0.002148120060548207,-0.009433228858112817,0.09601703713076579,-0.016855480812797197,-0.020715812959644312,1,0.8780827229131621
13688,0.1880687248653518,0.022352209368884105,-0.055805426825462426,0.05312195049968265,-0.1507424693383928,0.09692718236339165,-0.01948400542305864,0.02373387674714529,-0.03966743754496217,0.013897767318789334,0.012139653913032549,-0.016301527320463916,0.000326174540766943,-0.0039471716859447396,-0.010506168812228428,0.00806429691671722,0.09403687254026906,-0.03540883653688584,-0.01307334014562506,0,0.8576050927070547
13914,0.18192593777023316,0.023132431219950123,-0.05027258429427954,0.050820641459099085,-0.15100442312317158,0.11365231690116702,0.006360964822018695,0.0125578560865901,-0.023411163497143884,0.008526729142800112,0.013141607715017139,-0.008663949726818021,0.030891823713958627,0.011779276758149985,0.005319280260902903,-0.004971469333759293,0.10195046203451594,-0.03723694364512783,-0.020418555585314007,0,0.856038417090017
13939,0.1906034605291203,0.020349787783349567,-0.055059253595405526,0.045468163216642765,-0.15532688538381617,0.11135311018713745,0.004114118747844573,0.015422817710735266,-0.03923888240252914,0.007343784922574335,0.013164115732934134,-0.013800298954161782,0.01927067543522827,-0.004030216752890153,-0.003873781569268775,0.0003889435613253835,0.10015556062306405,-0.03700944482802737,-0.016515858601147827,0,0.8524891605372028
13940,0.19108130542642654,0.014339392219136446,-0.04841024021318672,0.06344792357584528,-0.14232020009266244,0.11924278809680165,-0.006962946752160307,0.023741013194523264,-0.01255356354426547,0.012139403891565247,0.01682835276681587,-0.024527353488890537,0.010969885213525446,-0.007711124757859767,-0.00345093547673515,-0.00033034737864463413,0.08531199734949015,-0.024885661315982344,-0.021102124419190214,1,0.8293565591737074
14022,0.19642758589236606,0.01771945407252747,-0.04133794055189443,0.045904314898423365,-0.1555350589128672,0.10476536057545331,0.0032030018812475654,0.027278861454219105,-0.02959280559471497,0.000252150457140146,0.013285753379323507,-0.014600490025409977,0.01594555128769121,0.01047829233055526,-0.009437727609251705,-0.010248792165435748,0.09556510256390263,-0.035472863388809076,-0.02675313648923655,0,0.8538042435304692
14036,0.18652543964821208,0.013487427982714024,-0.037205374788596035,0.04819185771326221,-0.16426245673545742,0.10984417376818124,-0.006038870828474529,0.018790827188492974,-0.031715661534457935,0.0037409076665552896,0.02064827765784942,-0.0072693346450475455,0.01638058695914301,0.01286284379832161,0.0002925593471137587,0.001691816992911347,0.08559027207614722,-0.04107287199433459,-0.004227868776734716,0,0.809839430102007
14043,0.1428506103777462,0.016395301453538978,-0.03431282207840392,0.03609246078703731,-0.10876567605375813,0.07898806381457343,0.004519374484089922,0.02196643372362695,-0.03125600828615608,-0.001310323975292595,0.0059021733127599205,-0.009093880353793559,0.008099783880455805,0.0006769564023690021,-0.002197851552414916,0.0024115885419779583,0.07179304578569734,-0.012984126834475482,-0.002279347593076803,1,0.5918958292912443
14058,0.17598948502250147,0.018505470578162007,-0.047459725057218974,0.04653422336590175,-0.14086953979810574,0.1064107459301379,0.007584203294688714,0.022075013409594432,-0.026005945525558963,0.015002831619019361,0.0062583953596175666,-0.014192649687541237,0.015712424207647478,0.010725880209821587,-0.007050608967607919,-0.0023181931907024166,0.11224367634270764,-0.04469140286363443,-0.009741909083671839,0,0.8293723235138414
14106,0.1819507106995353,0.01039059099923817,-0.04549917381633992,0.06028754277838437,-0.1578553856790765,0.12642093587100797,0.018238364241567755,0.021049004339917025,-0.018288972162293787,0.01319766807401879,0.01121355336436015,-0.01001433170605967,0.020070130446229087,-0.0015229020166395376,0.0006554272479923612,-0.0012401225232179704,0.09691373584866496,-0.031127001866119393,-0.017454596121934323,0,0.8433901498025971
14112,0.1885849168077999,0.014639002820615794,-0.05727690462951926,0.06265071869008175,-0.16210230846348847,0.10532749920524721,-0.010269016438075616,0.026660696425246357,-0.035618800216746085,0.014887073708003315,0.010215594011288912,-0.009333531089547655,0.013343113495905905,0.00047932298796722335,-0.0011717484512704936,-0.0053283385268029955,0.08948938271942457,-0.02790755113769366,-0.012544051115715892,1,0.8478295709404411
14222,0.20095806162195443,0.02242110889619446,-0.041599659282068796,0.048631462157874464,-0.15181281996988866,0.11595796199339825,0.010009830507157149,0.018812489819713667,-0.03542680193092361,0.002112629764144208,0.006452722838284334,-0.0015732208494780135,0.01790865784954864,0.0003890684824788699,-0.012478405072645762,0.004799821429652261,0.10498294067990578,-0.03154462170521879,-0.01302172238701686,0,0.840894007237547
14238,0.17282058593502012,0.027861724926713204,-0.05368777260666234,0.061143001279764554,-0.15549272690805735,0.12900433761131136,-0.008305144545383326,0.026716721272316602,-0.03272807551508278,0.014090828178641865,-0.0018358958842372367,-0.004341583780517933,0.018860935548229343,-0.0016006571818254483,-0.010900954033010963,0.0031438633640321397,0.09907777614763676,-0.03504765931551994,-0.013424871893932096,0,0.8700851159278954
14384,0.1951260825909323,0.023237678893820807,-0.04397384404929842,0.053562091734751446,-0.14681491811071498,0.11943559043249086,-0.00044154958594744194,0.032212015242562266,-0.02733571534545594,0.008333707518836588,0.014932367393333331,-0.007964641909817565,0.020936245082259233,-0.01514897528509702,-0.005920902414041805,-0.007604120966895897,0.10188394266305989,-0.03196921414616284,-0.001981043067789909,0,0.8588146464332685
14441,0.18169468590615137,0.025811090995970214,-0.05176417496263987,0.04097236313246991,-0.1540841697460099,0.10664028988513659,0.010990984983991718,0.018244674350510786,-0.03721629740950544,0.007340115015123289,0.006636452108171874,-0.008215775960611908,0.012633737300823535,0.011483403743785637,-0.02048557808888222,-0.018012064675181398,0.09946223940977486,-0.028467716194018156,-0.015607909211526556,0,0.8557637230802853
14462,0.1989225980429591,0.029947709677411505,-0.03995827440272846,0.06484795258601937,-0.1336241810367626,0.11709019071859152,0.0037400712921785892,0.02314920563597642,-0.024775303902575138,0.007847576649105655,0.007920082472420684,-0.004019795516006268,0.014272734716845904,-0.006007832118964106,-0.013126201824230547,0.0005556805566004869,0.09112709449216137,-0.0402720833654451,-0.012161069577818706,1,0.8333656385848015
14482,0.18469942131471173,0.024442185338922617,-0.04294697531430018,0.04402211525553646,-0.1656705982717191,0.11775223194817672,0.003935902536290968,0.014533207296427571,-0.03477953563639074,0.007015515556686599,0.015280651828178345,-0.018665865721382093,0.01979853881983783,0.005782103730488166,-0.01588516620181197,-0.00454704454631918,0.09849916663099324,-0.03140286444578709,-0.008381185297633743,0,0.8580402756915944
14571,0.18239285387348167,0.03439921148444373,-0.05990676551925274,0.04180049658295986,-0.14507561173502892,0.10721492337107849,-0.014337580903392924,0.022365333734859917,-0.0325228509363904,-0.0012911465441994559,0.01569553811416699,-0.006971736329116602,0.03358897484264628,0.00353150848534003,0.0071483272329754865,-0.0061641850381740386,0.08457305785657684,-0.02919385755219452,-0.01685118502068643,0,0.8450251451569654
14579,0.1823446690863864,0.023525595875821426,-0.046102151958127065,0.04097452121297087,-0.16767895714433437,0.12157359270717308,0.0003878372817059314,0.022625438675185086,-0.026864603441190543,0.003308620677388468,0.015510831354467876,-0.005239335158450609,0.012906505650495316,0.014821622531915508,0.0011603184293622773,0.0008813993551214018,0.10271685574644263,-0.03580444222811268,-0.0026011648065484066,0,0.8270284633212
14594,0.19321748355193966,0.017340334356805192,-0.03346712534091667,0.04360415594893321,-0.15916366817079827,0.12199625522612698,0.01148318983938858,0.0339388436407021,-0.024696485752205535,-0.003066958436443489,0.005805278772488857,-0.004664339539684788,0.016313261595516392,0.013186299792993711,0.0020055946018371607,-0.002546722895294145,0.0903149993634108,-0.036014590937996596,-0.012149307224660802,0,0.8249748949881429
14607,0.19276742454061196,0.016020726820385373,-0.04613480527990234,0.06820733847279341,-0.15699549748073127,0.10858183583855639,-0.015421247824335989,0.02963751385352278,-0.025543082922221513,0.008711585255790091,0.021545240178111665,-0.002794146040334805,0.016590572342533822,0.0035343794346076253,0.0018306724101768818,-0.004666186963040533,0.08696212172049521,-0.025578879481193254,-0.02164712374334371,0,0.8531703806026887
14615,0.18375581253891138,0.0407575822706059,-0.054905933494382546,0.047617159735479274,-0.15588050565031594,0.09502108687560948,-0.013812783850051014,0.019302183909072297,-0.029570707585564925,0.0004652277062533238,0.031180571475372724,-0.01350487099567777,0.014235661948390125,0.004151567192464147,-0.006472846390191483,-0.009039997225554576,0.10470618886460141,-0.03966371637306048,-0.01338278329441211,1,0.8774271873759709
14651,0.18320624081266074,0.006898551640920347,-0.04848732532762635,0.051120015481988385,-0.1638664647138847,0.11981425443891414,-0.009320183602366043,0.018711292354044062,-0.028971702965727972,0.0027619111485169584,0.01596971369801898,-0.010424395904203153,0.01898131417444212,0.00812536149024495,-0.011096008040564622,-0.0005765911210488829,0.10216578309765477,-0.05149453015605935,-0.021274636922770793,1,0.8732662770916573
14671,0.1873279924587823,0.014087342450925612,-0.04464853636532004,0.05599091297385078,-0.14619227736422943,0.10044438932117712,0.005109805797817643,0.02434108983193383,-0.033479870092937104,0.014649571047479187,0.010553958003753867,-0.004717638196854285,0.025440175860276585,-0.002129946199462071,-0.009254617340102684,-0.015487857446088106,0.09662504918028916,-0.026360314265518183,-0.015513560757582234,1,0.8323549049543802
14697,0.1813168300779437,0.015494493433171243,-0.04643323168962745,0.05445265507857725,-0.14951518342517472,0.11626360787388827,0.0021516373075881235,0.025419681736060174,-0.03595013318147813,-0.00877117288615641,0.0066867943912780285,-0.004220142203996922,0.01337305574597746,0.0006247805077459951,-0.00873491615656228,-0.0038411921111898067,0.09610360107248733,-0.03078058642906503,-0.015595876248019771,0,0.8157295715559881
14760,0.17390755687189338,0.013446607086158881,-0.04971941211195708,0.06390197015356648,-0.14979146652578576,0.10986623058260762,-0.009379870558742719,0.01932488920556977,-0.03591275788585254,0.015137875479208933,0.016201893710099516,0.008174663750433651,0.02114076899583453,0.014248452551731875,0.00482057744247065,0.0016099352253940336,0.09213256760414866,-0.03981510100626661,-0.028800438463520442,0,0.8673330352112432
14851,0.1938248981052539,0.012946462276318448,-0.032685135946346665,0.06121685118200042,-0.16131764468177387,0.10947317228187564,-0.002031625532443419,0.01623055808802665,-0.0252030048903941,0.0035644082765717037,0.009516313017983016,0.0037115505215703907,0.014421361902315813,-1.643375970606159e-07,-0.013165155396076036,-0.011521207557212573,0.09960832121013347,-0.029222676060700437,-0.011543879524737186,0,0.8112043907893308
14865,0.18787100370740975,0.01986323351886248,-0.05533342666802539,0.04867715286550721,-0.16128743415601984,0.11615476838292978,0.005612385604846301,0.019440961426590738,-0.02133808145447532,0.013029849046731917,0.015423933552979528,0.002255358717796831,0.024267086392146673,0.0058532781712762084,-0.004806172678273544,0.004962910845062211,0.09629403070697524,-0.03377801232797366,-0.01784244394258731,0,0.8540915241664699
14872,0.1889561589714951,0.013264047382110705,-0.053296564148849826,0.04563010151482297,-0.15934879564649068,0.10582979226081612,0.007747712065422093,0.016331939978545703,-0.020860001709547493,0.0046029232641939,0.016865547388661226,0.0028316981822735345,0.015597221484943294,0.00643973387332278,-0.0032533781157359294,-0.017258441236777056,0.09790220757094004,-0.03110525241438263,-0.005376297374084931,0,0.812497814583416
14938,0.18994734299822666,0.030457819167173585,-0.06789377248751277,0.06142737111323606,-0.1613859547480068,0.11379787349610535,0.001891779943066692,0.02516615831099429,-0.024765036569784394,0.011980168139659455,-0.0004646087934576626,-0.016952997325762893,0.010967182780030858,0.005616174670078199,-0.0042035398464508765,-0.004878846230942508,0.10803197720673112,-0.04305680758803299,-0.009381915198619473,1,0.8922673266138726
15069,0.19234044117560817,0.015133644052432288,-0.04740371310267798,0.04974102705263131,-0.15727090544880734,0.11044994845375976,-0.001685023453905294,0.0203952178188331,-0.017582528959056244,0.007740686356658854,0.022684913703689535,-0.009990079054230857,0.008150519522666934,-0.006336071624305358,-0.015890538534972732,-0.010756616685052843,0.09932307178475885,-0.036299410667893904,-0.008364382171018559,0,0.8375387396229599
15112,0.1816640833033135,0.007082271980769026,-0.04065884143819237,0.04619669341161426,-0.14727418618703486,0.10700383828856341,-0.0005954950779384431,0.02052066805263751,-0.030324964236277827,0.021753507915428617,0.010278717353845892,0.0036584992219092535,0.005911927333422315,-0.0038636395210023262,-0.0027739948511910518,-0.005521204899396177,0.09520658581594879,-0.02988030752673566,-0.013904403916908285,0,0.7740738303321296
15135,0.18657140390848326,0.016671799175749465,-0.04912653802867936,0.04887297878012375,-0.16936263900634127,0.1173126797894468,-0.004443926907142175,0.012775529443803644,-0.029373697762762687,0.013002544408508803,0.007582917053315866,-0.005644378718464625,0.009829464625847856,-0.0014054144490055686,-0.011889694113220092,-0.011582630175842743,0.09422619707891931,-0.031110534976402274,-0.023086459478697533,0,0.8438714278807571
15145,0.1870336988561158,0.01426753005750006,-0.046307513377731827,0.04846706492635685,-0.1541294174096857,0.1213349616799479,0.007335970986030761,0.015547106297075881,-0.026632902466061936,0.00944590489065762,0.01787353360292453,-0.018732536253759244,0.019895035043176402,-0.0005634788013250489,0.0005894804496881813,0.00344747445844346,0.10093752960262746,-0.032740079291716635,-0.026527066893435595,1,0.8518082853442609
15147,0.08305893288563188,0.008569701063072956,-0.02367875678399999,0.017624517736590607,-0.06953946808254904,0.05544159824736235,0.003943252247507835,0.004866248148318635,-0.011962581306822605,0.011890600035140548,0.009894559312491625,0.0035270402248615365,-0.006029904992393135,0.0014180990077742907,-0.013078447001850856,-0.009093074665707716,0.04526181796449368,-0.0003538391870798405,-0.004321583295693322,1,0.3835540221893424
15165,0.1846590722614653,0.013270946953904603,-0.053338623840846304,0.05529377013306773,-0.1630888530874211,0.11211979626811988,-0.0006887832251648783,0.010995705119064005,-0.03032141009926099,0.008814135209623358,0.015181028464112338,-0.00043610535492529505,0.009978912116390515,0.006198134575292306,0.0024645805845870546,0.003099054076964236,0.0823906220783538,-0.03075596677104563,-0.014680195922964512,0,0.7977756961425738
15235,0.18980202805556648,0.01012670649137055,-0.06154439369351528,0.04801626797184283,-0.15131302500296093,0.0993715859949487,0.007153182275490559,0.012176568853514652,-0.012148639658724798,0.024792997970574014,0.021968379173929083,0.004199164418990904,0.022211264917484663,0.0034689265286832996,0.010045457693729725,-0.0081860164024751,0.09066036515662393,-0.030177383031491995,-0.023071201958924054,0,0.8304335552508415
15245,0.20292428538390836,0.01699705172039063,-0.03458311316570938,0.044127782776180034,-0.16035432417439227,0.10887903314784352,-0.011635377944934765,0.020540865409513928,-0.027030889503134453,0.009848173996614445,0.009411298070894051,0.001543762057847868,0.008225227788853684,0.012910130283046228,-0.02466272002434293,-0.015761145749761264,0.10005938536572138,-0.03121711085292658,-0.016003426177337327,1,0.8567151035933531
15271,0.19026683166217054,0.028278134794324238,-0.04697707856273436,0.051908696132275466,-0.1489230811047546,0.10891969130616001,0.001839016098409258,0.02310060525441461,-0.040685358003526066,0.018714799594353373,0.013682457028098892,-0.0004123983886052553,0.021555218316095567,0.014175439142628678,-0.0008267315811308542,-0.004650174645846246,0.11013976203508571,-0.0275784514012316,-0.009597128587871007,0,0.8622310536397163
15356,0.20579691186760718,0.02219495485839983,-0.04494576672838696,0.058864022132967486,-0.1450029820690965,0.10804530497747944,-0.003926371223546782,0.02147720045118049,-0.024019651623647685,0.013455326791438831,-0.0020116932377241344,0.0035060304459401037,0.014896429928720848,0.0062678392383971535,-0.018385635033203257,-0.008899899004608351,0.1009571823174545,-0.02060202886134078,-0.031763934358573054,0,0.8550191651497133
15460,0.18343332869622125,0.027652086206179094,-0.051615690502682554,0.050924724482444166,-0.14743164435365982,0.10594681775810026,-0.009373010775485727,0.01282471250239305,-0.032381739394415014,0.014491680287784282,0.02088643500180722,0.0009685337371316591,0.009910252399035537,0.007032014214272417,-0.007091876996138287,-0.01656070819012631,0.09702586602355064,-0.039363598053483335,-0.015992805728520892,1,0.8509075253034315
15506,0.18442266057959658,0.01905881308529207,-0.049220769974163484,0.05391207621673897,-0.15922260854056416,0.12002787891498219,-0.0016505065888534358,0.03517509729933128,-0.03411154903282795,0.01148240244283308,0.01678254349300357,-0.00893146496923424,0.027400166542388586,0.010153323875612677,-0.007403441839615092,0.0016171911100459826,0.08975403784111909,-0.02627739163399931,-0.014098302301162095,0,0.8707022262813638
15572,0.1868309220291767,0.014116509518766746,-0.045478971696133054,0.05896370762601621,-0.15468210651577669,0.11486417639660365,0.02083587366209556,0.031136492807604277,-0.03275582388540715,0.010471818196940633,0.00654340905946074,-0.015146778924969453,0.009748922711478784,0.010976610206792718,0.0018993509162001268,-0.006562423527998609,0.10674695340399448,-0.039599084229004815,-0.016143219175583298,0,0.8835031544900037
15676,0.19502839453841256,0.02943734207796649,-0.048217821729548145,0.04629926412064802,-0.14804499046630082,0.12271831908537682,0.007645395452071868,0.024205538050110356,-0.024881696492827916,0.013065321959127347,0.01783522871145206,-0.0033050157375031516,0.01341898277011792,0.009732141559063951,-0.002624171229428173,-0.002137557753490264,0.11176524556983516,-0.02670613596332794,-0.012689234816893194,0,0.8597577980835022
15753,0.17960044430919342,0.023954353269217032,-0.056638132609875685,0.05754382137653893,-0.1546726856252771,0.11439249353258779,0.009238747000224543,0.022672935730116927,-0.025210332786970935,0.013798591454770531,0.014370279391298158,-0.008637492782995164,0.01760375427630005,0.0031771267652276045,-0.009720203055408019,-0.0020448764115533133,0.09864903536515086,-0.01437682114126254,-0.0008710031672305665,0,0.8271731300511992
15852,0.1829331861567872,0.02550767513787514,-0.058663036943667764,0.031260416688007595,-0.15082735901519903,0.12390995632465646,-0.007002046372219012,0.010069982037086153,-0.02750749725072096,-0.0035446983389872113,0.009587285110815948,-0.0099620507992846,0.03374362927930307,0.005616221485000721,-0.008920555380780902,-0.001998519850190778,0.100676761970351,-0.0261005631407997,-0.00797527345871281,0,0.8258067147404461
15864,0.1821015780950124,0.02000533607083285,-0.05162725969861619,0.04461777223488468,-0.1534728494622463,0.11012950103975969,0.008362419273955415,0.014732933803626442,-0.03991707023833869,0.013068955681197826,0.012173936756429332,-0.016150968732720313,0.019012547850584812,-0.012639724377194942,-0.005025944427236266,-0.004956360533167212,0.09388647191043226,-0.027767852002456565,-0.026635996194792594,0,0.8562854783834848
15877,0.19221222064124474,0.02572601099696964,-0.041080614726121296,0.0469180231080732,-0.15894239794231937,0.11819409436831395,0.009132024537789597,0.017543814348293076,-0.03019471583113765,0.010940585099600903,0.007014188353796741,0.0005769223094995296,0.01553737996547679,0.005945924559533406,-0.008974784638765885,-0.016070914715927625,0.10358672318959579,-0.022779076721652337,-0.006458771274209249,0,0.8378291873283208
15906,0.19785592709425315,0.016540493399028695,-0.03858114109612826,0.04376780941259598,-0.15339832752583424,0.10479810278070012,-0.00945220673704508,0.029826418442129337,-0.02512545805218885,0.0007293456693712075,0.018132515485050422,-0.007223584607426601,0.020628699170120245,-0.002538111026098889,-0.011156710797910677,-0.0036234175477742447,0.08471779153218563,-0.01628939741094917,-0.011124239132749406,1,0.7955096969195402
15938,0.18183633001299732,0.01864305294640166,-0.04534545544907775,0.04589741668162641,-0.14396739916874518,0.1172915752379315,-0.003936924446546967,0.014611572322501312,-0.04075451580319457,0.008979421499965334,0.02077113231953263,-0.01314015522777425,0.015205394431359166,0.0005354070672516417,-0.013304475713838273,-0.009130253503661093,0.09313253440969974,-0.03654414818831215,-0.017158529033955632,1,0.8401856934643726
15942,0.19055436495031916,0.02088867223859929,-0.04445416511514826,0.04029478822954417,-0.156445202079979,0.10887139750508333,-0.0027645181364351736,0.01973139054988413,-0.029742921209419987,0.00294828627678694,0.011603385173925906,-0.012852096603882401,0.020218566823783635,0.000391004037524418,-0.009413778171323812,-0.00010539314079984822,0.09371303059578073,-0.027425661430643386,-0.008704835657905906,0,0.8011234579267695
16040,0.19462547466802313,0.023151455061570306,-0.039168940529264375,0.0449869048145324,-0.1579251230254421,0.11362159055844658,0.006051497952801239,0.012148666258098068,-0.038479741980771844,0.02396283600974063,0.009618790958413616,-0.010042630003919379,0.019782095993549194,0.006613208831299832,0.0006893663082199094,6.552986549894895e-05,0.09784356448097775,-0.030345530955171444,-0.011673071094417203,0,0.8407960193501579
16133,0.1885144684500046,0.009298407889290042,-0.041517919788848744,0.05406945250319415,-0.15864132535689637,0.11222063707922614,0.0012428586581260052,0.03346922882109745,-0.03025329997376032,0.008068698338812927,0.012661418251737932,-0.010154425865888009,0.011336450406052183,0.015118033300116232,-0.012662197125151398,-0.007529916148909524,0.09465509309725874,-0.029257814283448706,-0.02271219778947011,1,0.8533838431272895
16149,0.1850769278198985,0.01700778548910275,-0.05619711468770256,0.031831278491025905,-0.16761405885515082,0.10105736119703772,0.004170143075062871,0.013958772790804425,-0.026428023755066428,-0.009263632590661916,0.009164985569545743,-0.0001720275944335752,0.019674872458821883,-0.0019516482419721216,-0.011570361988049062,-0.006678959038341285,0.09059234773015058,-0.02422848368999748,-0.012796068426263149,0,0.7894348534890888
16187,0.1928218980202044,0.01061042214195728,-0.04913132991606348,0.045353817858704994,-0.16147756222920503,0.11350877589385783,-0.007537210338518816,0.005164167865435101,-0.03684315902601631,0.011305216533146643,0.013921300645376403,-0.019889151244649836,0.017720105551668752,0.002535907659905185,-0.00145716209661377,-0.011819251717580536,0.09237001003641736,-0.03258406381028378,-0.018936880521138646,0,0.8449873931067442
16204,0.19114499095392443,0.02012698393139354,-0.041160536615003254,0.05654993630009034,-0.15943595239612213,0.11768070695369294,-0.007299207185495487,0.02447846692413754,-0.030031806963462308,0.009020651251982849,0.007365513899280584,-0.012608456747202318,0.02006199008877498,0.0008664218654018521,0.0031595006213444208,0.0012506082934371017,0.10145353130602056,-0.030150430702289427,-0.00571486778575601,0,0.839560560784812
16214,0.1806827854317392,0.02417369674239477,-0.054140383981655944,0.05423040687113648,-0.16337492190366001,0.11650319781431008,0.0021478978054293514,0.029760790363555677,-0.028518442066132212,0.004957176657726831,0.01547564854738631,-0.003141804816353352,0.013391612737593754,-0.0025271211809831198,-0.004514783557116671,-0.004314339056479911,0.09509310588034549,-0.03424050126604922,-0.01071848308457507,0,0.8419070997646234
16221,0.19897244231737055,0.012309297110906031,-0.04437304574396328,0.042302216939163806,-0.15294987192051962,0.10854664152174119,-0.010224026169829521,0.01197630837641781,-0.027824187635132062,0.006503329739798245,0.013354144068179188,-0.0009423659051361043,0.007204556859431759,0.012865748322738745,-0.00220875741495709,-0.0016404168630710751,0.1011905215613244,-0.03412754564567229,-0.008957239869044498,0,0.7984726639843972
16284,0.17590599387399047,0.034632293893168783,-0.05049836736702105,0.06359878618688308,-0.15848221187796951,0.10993907910493324,-0.0005152763622642916,0.02313149385996786,-0.024095193938810704,0.001843371906196425,0.014841562817644765,-0.007114719333075663,0.038226779426955536,0.0019171315218045129,-0.002596681764740494,-0.0006614931231002429,0.0964857752032837,-0.044802320229417776,-0.015517463830635968,0,0.8648059956218641
16334,0.18276888010608722,0.023191151815118362,-0.04402326594236633,0.04810769925357342,-0.15018921136968613,0.1163374170986819,0.0011169120571989685,0.017132910052903752,-0.02989940960845477,0.013629386455443248,0.020095832856324505,0.010918963293364841,0.017264035497451313,0.009565131346777115,-0.0029091048358253773,-0.005515882161683794,0.08858141983832982,-0.02509034405295202,-0.014674418168140512,1,0.8210113758103634
16441,0.17692207347366307,0.023689881494078725,-0.04144760703851547,0.05060164793269059,-0.15737054401086323,0.10625672742420604,-0.010959012116990555,0.012982395436132957,-0.02457434864232623,-4.881743587291601e-05,0.029974969395647404,-0.010652889825304298,0.009534346625671944,-0.0021365406331311987,0.0012948999967168288,-0.003962031332220439,0.10606211193734678,-0.03913012887342308,-0.016704572274761503,0,0.8243055458995633
16586,0.19673718687526512,0.007398644175520332,-0.046397089524895595,0.048072953794772215,-0.15123649547464912,0.1109480690670328,-0.006198435385628762,0.020554136757938362,-0.022638453747105117,0.009142775401873568,0.017808550151232626,-0.0017820016076385225,0.015449818038081415,-0.00032023439683427635,-0.006314294027087754,-0.0021155966819823664,0.09929212315958838,-0.03286378397425277,-0.011418948543087266,1,0.8066895907844663
16687,0.1751245857773473,0.020565420434470107,-0.04627955397402298,0.05332189181146783,-0.15459939266831169,0.12181472353957004,0.019041445197228186,0.029643985067974492,-0.023352208535331483,0.026866475635148053,0.017338536054080443,-0.0006955553850858522,0.020741561773066908,0.0021548593925577813,-0.004287458754548902,-0.004073072597670794,0.09335265622102439,-0.03358249955407643,-0.013162992868567047,1,0.8599988752415507
16763,0.1847492670706538,0.013100545234002472,-0.05497189891971637,0.049077302646577586,-0.1535119297946696,0.12086681576470383,0.011118683239262381,0.0047620141368201465,-0.03846039341155148,0.022160326849856173,0.013630886976498354,-0.01220006003685316,0.01631874341185678,-0.011419014308915836,-0.007825800315411174,-0.0038100738361372052,0.09274133192455009,-0.02539927123113721,-0.013623538438235827,0,0.8497478975474095
16801,0.17351745028586937,0.015896091070404562,-0.04284987450312024,0.05720782596197654,-0.1590305158658472,0.10531370648972971,-0.0001854206887026499,0.011372528855079597,-0.023487079653157508,0.011796607741221604,0.013997933427109295,-0.004829568658774138,0.008832401351804749,-0.005743599521613391,-0.008794780460934511,-0.006995288119954616,0.10930362915751937,-0.024453927638404618,-0.019150127095700027,1,0.8027583565469237
16863,0.182811916334303,0.022128942382421534,-0.03897711479373278,0.05271511751219547,-0.14998652583940897,0.11114263541062656,0.00598885535644838,0.0064458806020715334,-0.027117928932578687,0.010950032461814592,0.011292307984465589,-0.005037015880121151,0.018389803608889144,0.01023909102621703,-0.015454126900825102,-0.0030992507985168993,0.09758835661374594,-0.019372666950505137,-0.020461780170598184,0,0.8091993495594857
16936,0.17562297657099737,0.014812096540688931,-0.047725110252039786,0.053676361947734605,-0.1604740455521432,0.11932768967469688,-0.009257166114899464,0.027583873614473807,-0.033198451664314794,0.013431285492308657,0.009966320780760747,0.004872211439723907,0.017505987975987337,0.0035866484614793066,-0.014051677180037848,0.004171935235813088,0.10297833460734503,-0.028368641149992588,-0.009610867565073853,0,0.8502216818205112
17035,0.19190577903723058,0.02343185472929233,-0.056141197771272425,0.06295307079623001,-0.14703644520242426,0.11370504821834344,-0.002508309886868998,0.011041748095908315,-0.03242758697174027,0.025461179052160075,0.01612047036123264,0.0004015512290970755,0.012264671300197033,-0.00088855142480937,-0.01022558157139919,-0.007479702000057201,0.09672976201169926,-0.03087725045420316,-0.005107267815886378,0,0.846707027930052
17052,0.179762262534537,0.015900869849807,-0.043894996187775016,0.046604163461888365,-0.15977728309804962,0.109852934700589,0.0033280494748142387,0.02297095703923811,-0.02000797434868736,0.010441178676259084,0.013591367825070682,-0.012939427132785954,0.01310564928695739,0.009917155837435193,-0.00014431642011831388,-0.0002830569997235094,0.09645853127063723,-0.029473674050492865,-0.017294563686105043,0,0.805748411880971
17059,0.2011056660043304,0.0171645370506381,-0.048744717041957195,0.05735858952326002,-0.1648258685482561,0.1159905217843795,0.0038632699280268567,0.019702581681995398,-0.02739481468661661,0.012162538627797375,0.003940409056369904,-0.01924547010146302,0.012415596130736787,0.0025471543841224043,-0.01360263046302755,0.005579163063130429,0.09999139415459277,-0.0323995027098277,-0.023952456373385795,0,0.8819868813139139
17087,0.17436081171377424,0.039590658711259503,-0.03819648576138772,0.06145144136826451,-0.1434793474036839,0.10752422355184231,0.010741380392537685,0.02517973020386028,-0.03407487335464428,0.0019363792292824216,0.00975959758202099,0.005163463762435293,0.02602213455404974,0.012348957431061434,-0.008805583959998656,0.0031493887390117246,0.08222273266307757,-0.03806744622981774,-0.011464528712301619,0,0.8335391653243116
17152,0.1743651922766914,0.01997220780245153,-0.045090187120974144,0.050395771503625064,-0.1655547110805601,0.10640014819733018,0.013763665647722034,0.015332390422537647,-0.02419715524123257,0.02288808741823858,0.027181043017095553,-0.01626284890291261,0.012234065057442026,0.009564008396183871,-0.0016347685782514786,-0.01085878284664855,0.10581176708966651,-0.0334491103908516,-0.017023080838892205,0,0.8719789918293076
17182,0.1761626840982549,0.02272937309754683,-0.0451792095482777,0.06422030204793046,-0.1581376132001254,0.10952811365572822,0.004138817196072283,0.03141147966344472,-0.035011138094379626,0.016878076802640366,0.016629669567887747,0.0027265342988261067,0.020837284055853268,-0.0019587380693497263,-0.014504701802202969,-0.005027036177698937,0.09441069598635003,-0.014020825607053422,-0.02474185987355584,0,0.8582541528431785
17240,0.1959521501277717,0.015559633888098945,-0.05072454198536919,0.0577367165088996,-0.14937702158868318,0.10773331077109961,0.008313821290360703,0.013481231679000692,-0.03152449542834579,-0.0025166992032806383,0.02076866933010116,-0.005636196666846815,0.026964491130894323,0.003395686354225888,-0.010414098880149015,-0.001140938328092502,0.09531107125746505,-0.028925368454408077,-0.02176716676442145,0,0.8472433096375144
17263,0.1804377574704175,0.020856592379153785,-0.038425212789335576,0.04791738821863635,-0.15722607688496282,0.11295610901811848,0.0017651261479335184,0.03258732011997091,-0.04159565206400312,0.012026932541977588,0.01758389075087751,0.002886548554215782,0.014757855651148014,0.002298665796168356,-2.6444063626907406e-05,-0.00560747054914474,0.1033183956262219,-0.03313643298639851,-0.012286661809649118,1,0.8376965334219605
17425,0.19437398382281745,0.022516720455786753,-0.04584889214250978,0.05103331627042997,-0.15480282023744824,0.10471103804766675,0.00987395939478035,0.023333495481064094,-0.020505443201606296,0.016190192038800483,0.014815750311188838,-0.0019401206531479722,0.022601443153151476,0.002560210957230765,0.0009100809734049532,0.004037773246679329,0.08898105602748858,-0.029675405151362768,-0.018559977760156846,0,0.8272716793267217
17469,0.2041082637703923,0.03685104768820324,-0.0375356030770145,0.061576007697914534,-0.1570985426408508,0.13064584953282377,-0.0022689579029700987,0.025496080199351904,-0.03708211430272944,0.004551625896170373,0.02341190795025693,-0.007304003758229994,0.02180980513811492,0.007455977132330903,0.0010770652397502146,0.005465097534944044,0.08868751472880428,-0.03447487477426263,-0.01075269464171801,0,0.8976530336068329
17591,0.1914667385624452,0.01110751059107299,-0.058557206530015365,0.04689664066523372,-0.1421353921507074,0.1006519792730783,-0.007694302418978579,0.01898071375140461,-0.025247349705765167,0.007197967383309995,0.013535831785327907,-0.003853018300258589,0.008373961155741193,0.021230745525206814,-0.013078872437130379,-0.008894961334093832,0.1024163047004975,-0.026932103935569152,-0.0009497358020331321,1,0.8092013360078698
17624,0.1859201934139171,0.0231946165885968,-0.04720213952007982,0.041787485422895565,-0.1482407609357391,0.1112594398848411,0.00021148734234387932,0.024393973255249224,-0.024641459095328683,0.00847359751604471,0.012572882869315008,-0.003204218622416498,0.014075706102939012,0.021832349042130893,-0.011021144268497629,-0.005743128503333197,0.10536982746114539,-0.03253149454232194,-0.017966619082049228,0,0.8396425234691848
17656,0.18352454383648875,0.014265378791674848,-0.046501673550086775,0.054781130433224426,-0.16251303403172684,0.1113580162091154,-0.006629376533441811,0.018421856468157607,-0.025741357187165474,0.0018417236459193275,0.022631590816553068,-0.009393586811045785,0.009483555381073676,0.012347294740842073,-0.008729010944311074,-0.005709857548278182,0.09484768665951535,-0.03517672715208874,-0.014833356933698881,0,0.8387307576744081
17685,0.1904085734907827,0.026865480013613274,-0.04113525472929535,0.05300195800419665,-0.15342111077458973,0.11728261318149112,-0.004158771001155919,0.02087531594073944,-0.027636995289420502,0.0007745068519523036,0.023959032939195306,-0.004814748485039139,0.014529848795065034,-0.006813961094044304,0.007085020011123831,0.0023209484591451978,0.09483249073924462,-0.025382753127887625,-0.030148793857011063,0,0.8454481767849931
17690,0.19375521175041996,0.015416769096854984,-0.053044440111809185,0.05383662293000089,-0.15202182640184278,0.11773196833922325,0.0054094827973487246,0.011909279384082323,-0.032559670762277323,0.00913364046227041,0.013349142709305352,-0.014984896561285288,0.009765407645821162,0.0038660902849452002,-0.0058757763715063934,-0.0011276559277523905,0.0901592345406424,-0.039813598332590475,0.003111980213997753,0,0.8268726946239763
17759,0.19644597719039417,0.02994554068392933,-0.04761721142596834,0.05437595017993419,-0.14925094356588392,0.11072101764969085,-0.007344779218890609,0.014212399536251736,-0.02922560081433899,0.01237383091121474,0.012194512607528674,0.008088180940819053,0.014965190954479618,0.0035809704940862356,0.002067650018684721,-0.002413651903311973,0.0974583479857177,-0.021225415642352287,-0.011539849270307007,0,0.8250470209937841
17814,0.18350895712653859,0.024524093295868347,-0.048460990049662075,0.05205535314101507,-0.17268051115464592,0.11583872829603797,-0.0038490924203546414,0.011987422552651639,-0.028741821099100708,0.01769235101989348,0.02331868910156329,-0.018748877646977368,0.016674358932225426,0.01006334354702816,-0.005200179171550251,-0.01014548710235,0.11391210408301246,-0.025477637500309642,-0.010578007055434387,1,0.8934580042962195
17841,0.18749506440055538,0.020042578345151822,-0.03783956499191371,0.04738400609344534,-0.1592044008300133,0.10469704135622941,-0.0004973279656635214,0.024107525831874796,-0.027732891065758287,0.009697909248085735,0.021277822167744473,-0.005171719314821924,0.012900991957417212,0.009486003378701218,-0.012265194806324192,-0.002924273104315955,0.08550199708926069,-0.015441595592816654,-0.0051781639019418835,0,0.7888460714420356
17864,0.19822623765593503,0.011844047383623458,-0.04482952187046862,0.05212731569647304,-0.14373029684829963,0.11254948835419741,0.008127419622423108,0.010740452910962548,-0.036427395121588,0.015421254698031697,-0.00386338153613629,-0.014867101368980893,0.024194845369425667,0.005766178622539802,0.0011069137362319703,-0.0037098797304769573,0.09098213160575898,-0.037469581758235115,-0.013183438864091226,0,0.8291668827538794
18020,0.186483018682507,0.017019013997963347,-0.04953669451093876,0.05310956936355448,-0.15208696675629632,0.11019673180968105,0.00606702287081824,0.012585778469618107,-0.02856919737587491,0.011309527179540452,0.029976909768272008,-0.010225687503071606,0.011148162393119958,0.0042574553734695455,0.0002028508815550246,0.009622756711511514,0.08439524951027115,-0.02761184361576895,-0.011806041809081477,0,0.8162104785829138
18030,0.18160835575013143,0.033747415345057534,-0.0500496119805063,0.05231489805034125,-0.14920547929308622,0.11439663841422322,-0.013855883512726116,0.027096710944147118,-0.044156733516679016,0.0024439936151618735,0.02433777633391504,-0.00921877390559163,0.017028422086797095,-0.0036888549156907477,-0.00991309327725874,-0.009537187170947523,0.09593763994917401,-0.031032300604767096,-0.0034268211590576633,1,0.8729965898252596
18044,0.18726238758987485,0.025806856762476554,-0.04246099798352087,0.050921593619018025,-0.14435023642485623,0.10746734215524724,-0.00017295715457875749,0.022497865050603815,-0.025614433606688882,0.009164257128928257,0.014908968554353204,0.00720656661476875,0.017548145048989917,0.002584653462283662,-0.0015878330702331122,-0.002804211521541142,0.10373787408260868,-0.030742354548390215,-0.03097724015844067,1,0.8278167745374028
18045,0.1961109602904799,0.016879150083091564,-0.03979784716616371,0.04128234168247901,-0.1632256672424283,0.1261973576662533,0.016910114160052635,0.023598737975564343,-0.03168978405322767,0.021057815984604177,0.0076196052787879465,-0.0033186439483311146,0.019710228339886497,0.003544580820043119,-0.016605272119668654,-0.005897086631713497,0.09523123346838192,-0.02868693755098669,-0.014279199256556685,0,0.8716425637187007
18068,0.18825051635997173,0.02016791873697818,-0.050318794297554155,0.05181022354202052,-0.1542550579902754,0.11138448878404347,-0.004993249524876218,0.009733509280693546,-0.02904062116562849,0.010852316054111978,0.006828408341682024,-0.009939195693880484,0.028905641355503272,-0.0006823995249890251,0.00145270950947106,-0.002863426308481941,0.0902949717314953,-0.029394800955103724,-0.009676904948248672,0,0.8108451541050091
18070,0.1856439963339395,0.03796127617620644,-0.05278157578891328,0.04988054885758106,-0.17212115102979145,0.11309310572231743,0.002041134226215314,0.014721695608914198,-0.01791071594177508,0.006599626323493107,0.010144620048522714,-0.010185469549487463,0.010877548078393386,-0.00246380415713445,0.007695436289440193,-0.0030105878528939524,0.08400354324044511,-0.04234422193645808,-0.022383457683313287,1,0.8458635148452355
18086,0.18492265111340472,0.01733065184147066,-0.047300323514743406,0.04862839519646237,-0.15512328701024172,0.11302810006390637,-0.0028038750059241743,0.013281146390939793,-0.033879480335625836,0.014454864121975245,0.011767776693547215,0.0013007780553200448,0.01990796535022651,0.0019438866396022422,-0.015279957041408703,0.0027121336369729104,0.09579329372597818,-0.03859920702165843,-0.007692961331247519,1,0.825750734090656
18230,0.1810197848882944,0.02527019532302959,-0.05231697938529484,0.057476822585214665,-0.16598195022312526,0.12184360459840324,0.00934331205449067,0.012559408826179235,-0.02983114992151912,0.0028672555463586233,0.0024014602324948764,-0.00040935437570587343,0.007728264999987006,-0.0018141271037197427,-0.003782213321613271,-0.00492145125227415,0.10069665632593221,-0.016325885709220386,-0.01726429388642017,0,0.8138541705592773
18354,0.19333672635203505,0.014718081150583387,-0.048124489200054424,0.046923535610254315,-0.15467922595179315,0.11821320156890058,-0.006306981058139674,0.027515009890999576,-0.02541853094190307,0.014743230570282208,0.024082377785684436,0.005095926116560516,0.021074327886376202,0.015093986155758082,-0.021501316013576435,0.0015906534666510009,0.10261377372303505,-0.027321462071998336,-0.026934524677789045,0,0.8952873601923745
18390,0.17081481708403964,0.029008508819107867,-0.054459340620328846,0.061892667448747836,-0.15989475367862171,0.12959601993151046,0.006902611113446581,0.02602577493816851,-0.0211855156407643,0.007004773861191527,0.013063860220713817,0.0021395539268741237,0.022797786733994945,-0.0030337140537066926,-0.005993169405354102,-0.005184850635847212,0.10433836831547344,-0.0320835887330025,-0.018842879893554442,0,0.8742625550544486
18428,0.18059108296563278,0.029063799442634434,-0.05937532234007851,0.048478600292624976,-0.1494961125020152,0.1244650172393648,0.0012461473315671498,0.018551828940635923,-0.013304693010364974,0.004702399938176801,0.02163019320579167,0.0024218542545366884,0.018891473452158622,0.011128160099731764,0.0040501183212854515,-0.010116445244511062,0.1005935882262252,-0.03362468790286258,-0.0068064330368646404,1,0.8385379577470632
18433,0.17524671444522938,0.020107560607593077,-0.04380679626333117,0.038216712942242735,-0.1542371088765827,0.09974910884020893,-0.005785294052325827,0.0228129087477731,-0.027045983607101746,0.015585290929126059,0.007732945478986927,0.006583746466999382,0.02684858657536894,-0.005346510461073162,-0.0023903952633547963,-0.004232782568593772,0.09883420028615485,-0.035746336962335645,-0.014543893020408432,0,0.8048528763947906
18529,0.17575399564620384,0.012931763672646604,-0.04275639608234192,0.045189282649219,-0.16723907986108083,0.09494609371576374,-0.00910082426100434,0.030899255533018546,-0.03592433829389569,0.007082442074390037,0.008534428359542656,-0.008262066414378781,0.023476645562095857,0.0179921618440497,0.0050980225213680935,0.003286670746215593,0.09846168903754507,-0.022493912143967298,-0.0044875944426159475,0,0.8139166628613436
18536,0.19256337156656278,0.02613080533256621,-0.05934468208701148,0.047385017924377104,-0.16484014609725425,0.12195933453389982,-0.000299384713583591,0.009277110992639356,-0.039868796282375045,-0.007577030180885157,0.01585933469844961,-0.0017384714516297322,0.012312944071387577,0.019159231924586396,0.00013565146233212097,-0.02372804068738654,0.08243728249215972,-0.028238379503033328,-0.01880246172720023,0,0.87165747772932
18585,0.16754075735856494,0.012528069589831395,-0.039754338200111976,0.05606248385018776,-0.14211144667744083,0.113767853733913,0.006586017511876877,0.002546011036839325,-0.02618985674310693,0.006358078792446883,0.018943931650491557,-0.010399409532471721,0.01887672256429747,0.006299831339598987,-0.015428979507368441,-0.017464101489659066,0.08851311446552823,-0.028852218859036754,-0.010719847639724153,0,0.7889430705424962
18590,0.1787103635471144,0.011710391583114585,-0.04570775408559548,0.04238444985902541,-0.15123303402623875,0.1030132036918468,0.0057653114346879406,0.014687390591657091,-0.03411766499335842,0.00016882099447046642,0.014024344630917836,0.011110703928359954,0.013980169275128384,-0.008911612319085037,-0.008504671016356232,0.008688476590277546,0.08975931321846005,-0.044542106031801816,-0.022510852527409794,0,0.809530634344906
18650,0.18502238777791372,0.015552291453766616,-0.04634980224144682,0.041378470535526145,-0.13111462564776322,0.10510603709858667,-0.0032533439809442053,0.020194121947790276,-0.02746345705036464,0.012081852632249195,0.011291241027105908,-0.002638142155629334,0.009052232122723314,-0.008499943571918698,-0.008133847242638948,-0.013395028922810479,0.09437846304016914,-0.02123100134076861,-0.004883442920727436,0,0.7610197327108433
18741,0.17818015256086803,0.025782581575181394,-0.04221151918896804,0.05118450698794108,-0.16402279588324042,0.10730350075593416,0.0015452162306324596,0.0089807309969163,-0.02201450988989433,0.02152506305646004,0.0025679988644510205,0.005281942445088904,0.02019819318616329,0.0026032462977488464,-0.002063770257543562,-0.009738741598778201,0.1019085252700702,-0.03502886731733363,-0.020261353682919633,0,0.8224032160461335
18762,0.18947695913759535,0.022590964816386845,-0.04163385786841434,0.052692301234054224,-0.15180402011923363,0.11339627163043521,-0.008532970331330698,0.015972353138286266,-0.03586142345126548,0.02086843966158673,0.021388327537761667,-0.003133421831031029,0.006499788470137837,0.002251702693366244,-0.017124610400341037,0.002988553247103582,0.09664691028115445,-0.02595543953193853,-0.017480585560116085,0,0.8462989009415393
18838,0.17142189052175924,0.019145977349787693,-0.027262118956823917,0.054461015413324466,-0.1596271754076644,0.10833573062371468,-0.0005277515647715981,0.02471460840318178,-0.018902174952700863,0.009617789950022262,0.022884454935442663,-0.017266110910816125,0.019100414575277593,0.0041281345319515465,0.0021232883124358086,-0.018445421487638062,0.10454464432798995,-0.036625415677683806,-0.016524134330166026,0,0.8356582522331525
18858,0.18164276136193164,0.01646908359834218,-0.04602520071504394,0.045436099994738646,-0.14586358090474366,0.114475392138005,-0.005430056105873359,0.020224708600114865,-0.004339058852212413,0.0016201467940451142,0.015832870548839223,-0.017860988764366485,0.025300697747098828,-0.0033604647775291774,0.0066523720912692605,0.003016358229617043,0.08134131664068853,-0.035289012989633675,-0.010323592003917574,1,0.7805037628580106
18879,0.19313397143612568,0.029208773509241906,-0.053953007260225276,0.04155658749892037,-0.15307824601112513,0.11763690665804408,0.01023360547857221,0.008011158037841436,-0.027851343883288866,0.02486093353320435,0.028053260602528107,-0.005137399942743419,0.020829035908745644,0.008207597142323261,-0.0019167692669825374,0.003103635446006445,0.08585103730237667,-0.04052592934529164,-0.005887574273386079,0,0.8590367725369731
18939,0.18400994658634892,0.031097533077148087,-0.05078291008936612,0.04172850739349977,-0.15671194174124384,0.11037193017159856,-0.0016114821405251608,0.016275519106712,-0.010670174887513194,-0.0047698005761885555,0.014453650745856738,-0.0033225695023714505,0.024071935855112223,-0.0005014022513750963,0.002635708142724759,-0.006581137271920775,0.0951237455646611,-0.03310282582654732,-0.009346889124983444,0,0.7971696100556971
18945,0.18451444848976095,0.024850825045034438,-0.04788394238958569,0.04844324467256516,-0.14822887779408833,0.12126219814980752,0.0032823071814652625,0.015845195092003377,-0.02172453272048701,0.0026955977257336313,0.019604447236964556,-0.004613612441501738,0.018123214070020568,-0.0020389364780551617,-0.0025508574497767546,-0.014756397054588087,0.09083817102853273,-0.038186255873220436,-0.009212773551643598,0,0.818655834444835
18969,0.1764871796032329,0.014682387768220492,-0.04115053616117479,0.0583240199066103,-0.15082208552270804,0.11629049243712075,-0.0020496022713726793,0.020044703985847134,-0.027853275743620124,0.004443132453600436,0.019674988600936406,-0.014633533477196571,0.018967511402966437,-0.004078429074424632,0.006060948920811972,-2.0075885472396905e-06,0.09851311448267852,-0.020701400834282898,-0.0039746373948213376,0,0.7987539876301737
18978,0.18218238072998227,0.01894271111397937,-0.053320906693624125,0.05838813407499597,-0.16994807628900968,0.11420289281468227,0.002532955991564131,0.02423883917876295,-0.021071174865181598,0.0182467086204392,0.006488410835767981,0.0005816520247135488,0.018886518191951154,-0.00378001649290598,3.2409869837403306e-05,-0.011298986837020604,0.09186847461966699,-0.03129028592901651,-0.0071830158027826295,0,0.8344845509758844
19024,0.18370430851473463,0.025274261761881127,-0.05627051656237443,0.05304554588173262,-0.15617377667261376,0.120963920798549,0.004817471250928207,0.003948271481449033,-0.029139061098301822,0.009242639072750152,0.008935042050617117,-0.0005659233472593724,0.01650962259978455,0.005907240430409243,-0.00848180135911923,-0.004154454362744665,0.1005934602559781,-0.03564855459061139,-0.023684939582664932,1,0.8470608116745033
19038,0.18584337827574063,0.022163528916838787,-0.04683265147458967,0.04082923382842634,-0.14794706204672137,0.11147047604011281,-0.006528993103560014,0.004598333123123831,-0.03063448787074243,0.0017728215668129173,0.018128331300966836,-0.008017823155830885,0.022113281054158863,0.019737927407626647,0.001514388034024734,-0.010902182864894002,0.08986708617973378,-0.033010060506193255,-0.01979448918147317,0,0.821706535931571
19114,0.1827775268727281,0.02349852285007477,-0.05234175208897366,0.040882179735259504,-0.15749483197817454,0.11344548721597718,0.0064139646320572775,0.01522942893061158,-0.009967470116673389,0.014042490970473121,0.025633112091053616,-0.00730766923432429,0.00250621604244962,0.011201809072314946,0.004109944106893047,-0.006447623556133508,0.10198253635107438,-0.04097879451642905,-0.006594178446055868,0,0.8228555388077314
19115,0.16918750866148702,0.024445399417872035,-0.046017696482166574,0.04339089249629526,-0.15911698595287058,0.11157953844190621,9.508523504946855e-05,0.03144223522405549,-0.02387801418731126,0.02073284622981735,0.017295629814104107,-0.004457917343205864,0.021842026159887083,-0.0028015432144222322,-0.012603404926389727,-0.004373283015215938,0.09206032381765782,-0.03358497760171909,-0.012264931995566008,0,0.8311702402169991
19203,0.18784595913194846,0.020984133270085824,-0.04711174321741281,0.05797668288702926,-0.16500403353019277,0.09878687078937173,0.007761026244201567,0.01256384157558078,-0.023239641301549263,0.007054412741743048,0.020609947998413848,0.003306136399247919,0.02270833811692785,0.0007608143511540397,-0.008029249178368964,-0.004494128818397295,0.09135966209601151,-0.02825139235064255,-0.01677710057141201,0,0.8246251145696915
19228,0.18334297691881785,0.008166993495854974,-0.05316526735801479,0.045061320775175086,-0.16054958030293814,0.11752127835796095,0.0017452029415038273,0.009649081039476246,-0.02592260773267299,0.0011262218785638334,0.011402332409619947,-0.0022435949885438807,0.02809760255025936,0.01214956611275229,0.009279253339104248,-0.002413234617621614,0.10081170577143095,-0.03163202850397944,-0.002082751639338991,0,0.8063626007336294
19231,0.1765394116289951,0.020973503525847894,-0.05440676042820941,0.045001701559920226,-0.17052630254763806,0.1242147138793101,0.00021726110729008524,0.012786828764047953,-0.017985369081548665,-0.0007881958649484543,0.014100593081550936,-0.008961747606188012,0.01756355334758455,0.004387957217862699,-0.01355363547257192,0.006997742604265719,0.10663996658109165,-0.03213196509461173,-0.02186109175995209,1,0.8496383011534353
19250,0.18522925260923273,0.01005673645044146,-0.048840526905618374,0.0486805362428382,-0.1641684001275914,0.103333100675572,0.006966755197787977,0.008114365360157251,-0.02641525596083635,0.0024834691819677437,0.02540044694248328,0.013815909996955065,0.006599772273704507,0.010105631178332044,-0.011776139084074285,-0.01477161726489276,0.09786123806619904,-0.032862241836624145,-0.0224315248425964,0,0.839912920197905
19292,0.2004520613823927,0.015291942870685167,-0.04543802447578207,0.04159145762011382,-0.15453587170982297,0.12275888969482994,0.005702841236084385,0.013369674943110825,-0.033974513556780404,0.005995030161616757,0.011785447092849921,0.003052374922900211,0.022854491283632553,-0.010642023884244721,-0.0003405182717869638,-0.002578136795817742,0.08206784039201422,-0.0321421281504054,-0.02799805055667566,0,0.8325713190015465
19327,0.1777809982363276,0.02607056294194848,-0.03692684130946881,0.05053394944777032,-0.15584437620586525,0.11275495476932948,0.00352582121297194,0.01846713807815348,-0.02895917369892111,0.0012254873124985383,0.01150604851404854,-0.012330885814979443,0.017502737586044557,-0.007999928232785726,-0.0022187022378270978,0.011768381246416073,0.09448681872417687,-0.03102310534369614,-0.019052858560353644,0,0.8199787694735831
19377,0.19593636996388114,0.02606091209287141,-0.04548701799250843,0.052320827400490745,-0.14803451596184042,0.11687446131928662,0.003648404673144897,0.015100485650345935,-0.036238319407932505,-0.007220739381110074,0.017946836517399804,-0.01287716947463296,0.0042697125671935735,0.010262803684776335,-0.0062076635838874085,-0.000783938783109915,0.09938460985641004,-0.021714491265920902,0.0002602629728935985,0,0.8206295425496367
19416,0.18522770962751098,0.01286367114678294,-0.03906222212959627,0.04867365441367064,-0.14680659440497207,0.10927864905711393,0.002095968366076914,0.027200182195420853,-0.01881395084649593,0.007931831511459845,0.02611786243701861,-0.005707608577799996,0.028981039948860095,0.004825882681278127,-0.009547615852897203,-0.0031645535349576247,0.09353163380415883,-0.024527155073481362,-0.009298685388419414,1,0.8036564709979717
19453,0.1897993794495731,0.017951279769000475,-0.03611856668315185,0.04694637941907362,-0.15985018047577637,0.10383354159999046,-5.3315454651579345e-05,0.020149652249003825,-0.027737893677649117,-0.003960981406945782,0.014840800514025958,-0.016185890011143404,0.014073142034046611,-0.0007976172435926827,0.009569687128700316,-0.003726540824940981,0.0943004580911194,-0.03205861802422645,-0.0212397312275862,1,0.8131936552841982
19516,0.176013248989067,0.01528349259785404,-0.05026729816364893,0.03659458204453319,-0.1742094494924569,0.1163533158474221,-0.012013039631419052,0.028467252452893426,-0.025463754105633486,0.018111055581973803,0.008788976176115015,-2.357483376624477e-05,0.0105937294805436,0.002249923874762919,-0.009118607046185855,-0.005313251221188854,0.08941246677222775,-0.02813671378575219,0.004052263636048888,0,0.8104659957334932
19530,0.1854001479177828,0.021444364921414185,-0.03456950273431452,0.06111919267946491,-0.15578491054998553,0.12961619319150688,0.01694096047950874,0.01632852923372245,-0.03236757143110145,0.012577866973869515,0.015863112757070624,-0.0025622950340394575,0.016633318633493512,-0.0032670670132468878,-0.008191759842928846,-0.007328600433795525,0.10337657546490214,-0.027099493260883643,-0.012167218407789535,0,0.8626386809608212
19555,0.18429633797846667,0.018118470460335837,-0.05205622997276121,0.05004525788314758,-0.15756047441684726,0.11465067674662653,0.015608533683989591,0.02016750325165548,-0.03157785349831939,0.0010834395684539862,0.012710633356116215,-0.011519973020915125,0.01289572404924883,0.00950554415752933,-0.005771530991042897,-0.0009686253141939869,0.08775631186723373,-0.030591005640813247,-0.0161525997236046,0,0.8330367255813015
19739,0.2068951536101662,0.008554406201183728,-0.0530954040275331,0.05755353213646065,-0.15027306921756556,0.11773819045892636,-0.006560076127088277,0.023756305880671708,-0.03668560610404755,0.015144788773203664,0.01383554246822524,0.0025636931090478165,0.012266710108342507,-0.0008064671255945994,-0.012144532520400035,-0.005134333189075839,0.10003114067625532,-0.03883901681863177,0.0041129970329750205,1,0.8659909655853949
19786,0.18202650532563103,0.026734464117546042,-0.045332944982881734,0.024199125493561294,-0.1608866757040335,0.11128932617258032,0.0006410829798439949,0.008981059023351026,-0.019959646616396928,0.013264302493025664,0.01269105223741893,-0.019345292339052647,0.0179213974875054,0.00022948492136401334,-0.00018750367440689233,-0.0018424938192743948,0.07577305833763683,-0.029691618171055915,-0.009980703738452874,0,0.7609777376350194
19796,0.1860026501205233,0.02611693854001397,-0.05300858955129345,0.038918807938025324,-0.1388929799995286,0.10681755030244859,0.003370017678035524,0.009185272687575952,-0.03218570168037766,0.010671764972980597,0.011274730971903875,-0.0037011473034633965,0.016820723223594725,-0.0037477333751611444,-0.019298059329598067,-0.00435444083143845,0.10130089403459704,-0.022123584839077316,-0.011140981966005901,0,0.7989325693456429
19815,0.19327056358525196,0.02264417460389893,-0.04560782153481314,0.04341539551909959,-0.15031041328505015,0.11033362047563848,-0.003158234872155412,0.016104764484567113,-0.017488629996014422,0.01580010385025253,0.011438594388717565,-0.0014531498976128026,0.024887102556652614,0.0011403237980477721,-0.009628511743855568,0.011076371230459115,0.0851031813830531,-0.026054725270193688,-0.023610301627025314,0,0.8125259841023593
19826,0.19084928351681907,0.016746600935601177,-0.04537167798475321,0.05321768141359363,-0.1696675061771887,0.11686467619622694,0.008942602573119865,0.011279402057057642,-0.030686461682805397,0.012809136828269677,0.012310861433675829,0.0026628943451141706,0.026070594156631523,0.0036219096769848883,0.0023023196900266046,0.002085472181181862,0.08512613296687294,-0.02518951925096856,-0.021548450375167366,0,0.837353183442059
19874,0.18730847676614426,0.022808459647250184,-0.04840426626708698,0.06659568105204339,-0.16250998456012722,0.09989411238514391,0.01009359819485328,0.0038195175748830124,-0.038773878137572194,0.005358590799244117,0.018694311541222964,-0.0010385205674888045,0.022262081109175155,-0.0014789940908726015,-0.0017739326040277208,-0.0053028545740915894,0.10157154969712184,-0.03952871057976477,-0.033131261565277036,0,0.870348781713391
19973,0.1683528642768149,0.023387529777774627,-0.0384778910400359,0.0375584062100257,-0.10451207551685106,0.0963775024625585,-0.004358721998656486,0.019409681480553546,-0.034883068463176264,0.007993501234384217,0.017758600455192817,-0.004324830528671483,0.010769506323204305,-0.006480006468190425,-0.010478754619074764,-0.010544102576269164,0.09527208529983171,-0.024865484581607627,-0.010502618536536617,1,0.7263072318494102
19995,0.18207257933841328,0.01166109084907805,-0.04684916451150233,0.056027939859806135,-0.15092777327756263,0.11180228428507749,-0.00705689822252292,0.019454488257618297,-0.03602190393826467,0.009930445887883145,0.013666884008487274,-0.005875932878708445,0.020313579091136715,0.012714338287162593,0.006990308877491003,0.003622177946850346,0.08925375282123398,-0.027448145369755258,-0.019028301653441437,0,0.830717989361996
20184,0.18551006459326844,0.018259150612846088,-0.04191837703555018,0.041451490339671354,-0.155061178453199,0.11642581522807181,-0.0010349325894817368,0.0159618919613472,-0.028692117358734292,0.0019651998344380147,0.0205761020781887,-0.005632220992420143,0.02274747965746526,0.015573941240159693,-0.0004632989627655595,-0.005123910821572844,0.09414477762236623,-0.02996580728661047,-0.010716013103857851,0,0.8112237697720148
20226,0.16944770959317165,0.033756762126259256,-0.045324905919029226,0.06011431917809692,-0.14910526550263584,0.11520887252041342,-0.008861927004839792,0.018519730175319958,-0.033729265776818715,0.007734072563632153,0.008826663452055438,-0.010515246343369259,0.015025017120243726,0.013374288303787549,0.003127174322892257,0.007247691945880542,0.09583798075034224,-0.022037085163171453,-0.024433980113416135,0,0.8422279578753755
20230,0.18168529532927272,0.01564363184104915,-0.037459348992443325,0.03117729778080411,-0.16064793636886102,0.10265858052057529,-0.002805094873736943,0.022806303930607365,-0.03739387552807256,0.004944764776060863,0.015117658182075949,-0.00042223221313857925,0.01822219893532188,0.0009962153954362054,-0.016727354329379808,-0.009123608765669174,0.09081174047683653,-0.03801829293350056,-0.007825255036930994,1,0.794486686209773
20372,0.1841792241502669,0.015380521210514496,-0.05049285455716429,0.04967007390505449,-0.15517634079094647,0.10311607209567343,0.01118228412866858,0.02046492790034595,-0.03757624987721616,-0.002930566927555286,0.018736637343422267,-0.003669327435750241,0.016306317741502003,0.006010373937007984,0.0027067814508148196,-0.0029590934234077844,0.10243864899278955,-0.02536922638524616,-0.029809178070307443,0,0.8381747003236544
20386,0.18556429872392555,0.03461520369511243,-0.04446882576122553,0.04879137502405604,-0.15069906555035548,0.10768311613449147,-0.0024905768767739525,0.015074078121433491,-0.024219333747983265,0.020044959299722605,0.021168780083441266,0.003612680740009559,0.006836154256862796,0.0037008008024327606,-0.0014096147928981753,-0.0004923924367856624,0.09555687656817624,-0.01688618362007201,-0.00149563582876695,0,0.7848099520645252
20416,0.1767921309832939,0.014376440975323597,-0.033689579594313894,0.05058682532026693,-0.14623124539476642,0.10538358150659373,-0.0001505652550506448,0.023394719373000653,-0.029542494231185584,0.014730352202351046,0.006616265609947903,0.002229560436222745,0.02739629955957189,0.003499016133490805,-0.0019596665703686534,-0.004000936445978142,0.0934665350997227,-0.02978725831715192,-0.02502745036118186,0,0.7888609233697831
20437,0.18670729430806396,0.012949761055873584,-0.04168617950629236,0.03727559230491076,-0.16307696051154347,0.1155053333733666,-0.010161286753563608,0.023566022844560237,-0.03397141435269213,0.00017136181630391232,0.02471020476462333,-0.0013705955111353156,0.013115343777407008,0.004678725852838893,-0.019254028824420785,-0.010747837467617882,0.09378140163659263,-0.04168221076862238,0.0042095672298500175,0,0.8386211226602789
20576,0.18741167741032264,0.024541087643886926,-0.04852969047915986,0.051944852111416896,-0.16968894379188937,0.11823482572429235,0.00897336065301509,0.027304890871677794,-0.023031651126208082,0.012269789971603157,0.014895024139782423,-0.007403658682418945,0.010073668360547442,-0.004392605744375724,-0.01273830375162433,0.012327526540116356,0.09582004712451472,-0.030590746550053043,-0.01799169354201842,1,0.8781640442189236
20616,0.1845237940490377,0.011989246772235751,-0.045847977933991806,0.04944936774754507,-0.13918119715895777,0.1006558523207045,-0.011548282538845912,-0.0056551324518043225,-0.016195163118284554,0.017688787465797516,0.01072396165514771,-0.013928998744227103,0.008117443254369725,0.011722450667247029,-0.0029260486512681654,-0.0016562981089264979,0.08292619898237567,-0.03083928132207853,-0.014507086405194398,1,0.7600825693480397
20656,0.18652972293287104,0.019494180073949863,-0.046696108820210504,0.05121407698622551,-0.16155308574878766,0.11407400259107488,0.003954953579421055,0.002052493200071352,-0.02795839861914843,0.011734507672221537,0.013309995905557167,0.002257235271305715,0.017605558057007295,0.011857012014582247,-0.006791737244025374,0.0038648469671146123,0.09723375820313242,-0.0374180935289594,-0.01022819599582464,0,0.8258279634114907
20701,0.18861922115778937,0.029105318555544903,-0.03886501279008653,0.05993250149299351,-0.15667772830565782,0.11929139086792226,0.003979068781780067,0.016690615315007717,-0.029795658898444977,0.006769712385215306,0.003494817032857373,-0.007383723775535602,0.013460105660808129,0.01056724692634144,-0.0002347493125955754,-0.007040360860380699,0.08429217794879804,-0.031797090649791505,-0.022427635938052602,0,0.8304241366556034
20707,0.17992663801437087,0.01709775328917424,-0.04228911794921865,0.059910788037019436,-0.16313335018774242,0.11115357358100392,-0.011892782530284697,0.016650869964545362,-0.02842662795811997,0.002608363958859136,0.01959019145534595,-0.00467329149408337,0.020637604742638798,0.004385054362322421,-0.020032075858804302,-0.007482055991255643,0.08816293129666111,-0.028702636097389832,-0.009775376833133367,0,0.8365310836019735
20751,0.19191954292843366,0.027648314151028537,-0.04376420466738308,0.056320859039076916,-0.16347771183822052,0.10379879668104723,-0.0021742163277842577,0.020908165293215403,-0.034373847844109774,0.011651725842663597,0.0016648765132110952,-0.007342859777438198,0.024336410927972483,0.012610330930655599,-0.0038826249914071928,0.004683667432930819,0.0983560647622029,-0.03131077981387074,-0.020098192867701727,1,0.8603231926303537
20785,0.18957827468709107,0.01754147123210773,-0.03850302463519093,0.05983829411492035,-0.14551973804675003,0.1127407373660861,-0.0023999470986298017,0.013819030578050461,-0.03286494277407726,0.006938811007099744,0.019736067744805016,-0.0033622472405098478,0.011867061698582312,0.0012095008495183535,-0.002793190800259597,0.004969083801070435,0.0988147868669478,-0.04497188379120057,-0.010561137217970015,1,0.8180292315508674
20799,0.20014376676487267,0.019143257255124998,-0.05237200525175565,0.05016064477638962,-0.14601266702972313,0.10823848093720051,-0.011198804765435413,0.012396788354419272,-0.03812052546932061,0.0119692532965012,0.0174410365201773,0.002967617766628037,0.01997724129379774,-0.002700213270914555,-0.006946653628360288,0.0032031079001652745,0.08982370451409376,-0.03596575474290628,-0.014914645119664905,1,0.8436961686574512
20808,0.18348203558383275,0.00647082601055673,-0.04517100040818643,0.04893419677026125,-0.14840156300826077,0.1118169981530981,-0.009156964917623833,0.007479073440012158,-0.03657716662286915,0.00029320228711145056,0.019571617733480002,-0.005651907064770119,0.017542237234514056,0.00048609709357112297,-0.002848130421007036,-0.007884484834478525,0.11700081518822981,-0.02535570868519841,-0.019527064173703305,0,0.813651089630765
21003,0.19218785047472256,0.021037414428213688,-0.05046750396160111,0.05271136731500768,-0.1588694165373028,0.11111963560855104,-0.0034297192597927766,0.01881410995779432,-0.03120711319900388,0.0041285353600887635,0.007155260739792146,0.0012108022881742865,0.015464660077654721,0.00947184985781301,-0.0004019543302121198,0.0044619487430208465,0.09798712250966496,-0.03303761332123467,-0.013238189711058768,0,0.8264020676807041
21014,0.18998367998321544,0.017898487030937296,-0.038578841814188226,0.050298936950734355,-0.16602983283396,0.09648651423672314,-0.002380728004898498,0.015252470865900558,-0.02450323531859341,0.010746966055182577,0.009385237510703337,-0.0002664257544997273,0.011320724813633562,-0.006418122564447695,-0.006667851260586616,0.004409557193565737,0.07852867913855141,-0.02295621475525969,-0.013448868244502855,0,0.7655613743300841
21032,0.18033940251660488,0.04093395964664272,-0.044741441298906136,0.05496171197203038,-0.16527987444311015,0.10068123238712412,-0.013298600660720169,0.0072056939637874145,-0.016842084062822928,0.022566796692175917,0.01261973350217327,0.0019060613451373806,0.0044522495641112665,0.0010545779019676686,-0.01479909548003143,0.005300133585136061,0.08187695420880793,-0.023598762171082758,-0.010582346222248495,0,0.8030407116246211
21114,0.1909161971369739,0.022210731572238775,-0.04364902704959251,0.04679706345103496,-0.1501511240985713,0.10544583276986795,-0.005830793245848423,0.03176128822723166,-0.022120918213788764,0.010367465088860462,0.001135468834253165,-0.01555743488030288,0.021884965342419845,0.00693363637404723,-0.0032401023802685904,0.004704235753066125,0.09831746824757338,-0.026589250382652873,-0.014626223333102708,1,0.8222392263816954
21251,0.18073552575423155,0.021578343764555117,-0.04380279211812618,0.04503673253060439,-0.16869798516067347,0.11526408451996623,0.0032097379100212552,0.009408718068490968,-0.017896192135596865,0.007242522829045728,0.022224190410392676,-0.009964311287519722,0.007716614999230375,0.003899839262509716,-0.006993911294314687,0.0005292331826123693,0.09405408787317754,-0.018526270845471336,-0.011895255943781102,0,0.7886763498903213
21311,0.16285207524379428,0.025948541757379838,-0.04578812514682385,0.026251530779907488,-0.15606332379976007,0.10606631659622516,-0.005434668318410847,0.008632505886943908,-0.0262921146275461,-0.00401736523806273,0.007969585473932218,-0.009369568838184066,0.03219703131875515,0.0016340664624361952,-0.005000428327458826,-0.004503352944257805,0.08954817073176315,-0.02440614645134625,-0.026241390992492737,0,0.7682163089354807
21339,0.17949530847788225,0.02450216834431658,-0.03668387929620024,0.04076596496949583,-0.15017582998365164,0.10756211301563907,0.005121140740373164,0.001606476069596276,-0.02694790870126774,0.009679340921700334,0.021491596400211317,0.002289560275581775,0.016318786478157998,0.0096640035847622,-0.00867042787645263,-0.015575983675379022,0.10133613430830557,-0.045857930053428794,-0.016489173547759653,0,0.8202337267201621
21404,0.18807983688598381,0.023999835697372678,-0.05132056506665232,0.0351221232193535,-0.17073428516098246,0.11721230318913976,-0.0005699560421426185,0.021735473830255866,-0.027755612118317168,0.015238750978387084,0.01631370411796692,-0.006472675014499383,0.01698068203686597,0.011327760931853195,-0.0063223509602287654,-0.00911453048137712,0.0887250917241775,-0.0295963294937613,-0.00709654091422809,0,0.8437184078635456
21490,0.17461309079445714,0.017465234065686196,-0.04539388664716343,0.04234607580292805,-0.15174395282142428,0.10439408489208883,0.0020049825042241344,0.01508182562566953,-0.02366980717419859,0.006258759143933549,0.015432414189438018,-0.006251069575803975,0.02897872715955631,0.007800656615455855,-0.0017005885795046984,-0.0018227967913828878,0.09434396340849159,-0.035570940604897544,-0.006520347942037078,0,0.7813932043383417
21598,0.1762211355914601,0.017942172177142352,-0.04748870638336066,0.04915077597842589,-0.1452641979832177,0.11263254946185632,-0.01139127888948498,0.014281694359182273,-0.030295523311894716,0.009397846879288957,0.0290881538215146,-0.007415326804417194,0.019997616014382453,0.0034034695097707717,-0.024109680184633372,-0.005891451512499447,0.09414814557514656,-0.03238953800278373,-0.015996957023262776,0,0.8465062194637248
21651,0.18054934867715935,0.02732520849047857,-0.03874909857796295,0.06805199111084718,-0.1501585219965943,0.11167728867550278,0.009833669896461228,0.010101217234082801,-0.0165592174969192,0.017953638089926168,0.014920502452682149,0.0016446188433811156,0.017882181098447483,0.011145001323973435,-0.02271667496859365,-0.01826059025727496,0.08650197421940897,-0.01968916881508595,-0.0038802978612703575,0,0.8276002100860526
21714,0.18389476569227692,0.027811848583342114,-0.04009744683389005,0.040729297689279964,-0.16559739468054024,0.1028136098321384,0.001260654339588261,0.024816341917360093,-0.02686877546180639,0.013404155297256791,0.01281722330127545,-0.007254933932584501,0.015619760066101903,0.003233278237640836,0.0021030543675317607,-0.0008031458963163041,0.08485032457809895,-0.02377786001616388,-0.013728814456238855,0,0.7914826851794317
21729,0.1783081065610006,0.021369412374981796,-0.04080331924230591,0.06082040702613525,-0.15371318612919174,0.11683454198321767,0.003125707302684744,0.021405630102392527,-0.034336195499047074,0.009708442900899788,0.009202853138585551,-0.01253038190338458,0.013472377856915258,-0.0038043010004014098,-0.007483199541147732,-0.006548433762892648,0.09083039100613749,-0.0357830871392076,-0.006608498481120788,0,0.8266884729516502
21738,0.1901384716743357,0.025992738127798655,-0.0564382928660537,0.04850913449696657,-0.1484816434040103,0.12163818962820074,0.0022678891446569088,0.009605096364481456,-0.020665653671969774,0.023917207358245818,0.014317332987124063,-0.00753844665785716,0.01739927221039201,0.007445230166127079,0.0008198910482112194,0.003512887354180326,0.10209581622308625,-0.02879328443481601,-0.008910095712385664,1,0.8384865735308994
21739,0.19253384426110326,0.01943696025924463,-0.05542475205922135,0.057813061404244435,-0.15887175503131884,0.10987244784095306,-0.013318487732487033,0.02281658625236432,-0.030448585404226566,0.014358138329943286,0.015373847466522365,-0.008428331203947946,0.01936132369248512,-0.007058782302477127,-0.007897280219481153,-0.0166193110795336,0.09224884331634393,-0.030268865684595275,-0.022131975772399958,0,0.8942831793128933
21789,0.18708673300122897,0.025940477252801155,-0.05921587368475018,0.04980797758428982,-0.15437301926257227,0.10786890689627816,-0.0003717354432435199,0.02388339363025301,-0.031440837201616084,0.0034844293377238166,0.01238864736184491,-0.005861803961870697,0.014475831798031826,-0.0032029645083249693,-0.012299333298101366,0.014409186414313673,0.09661338547288499,-0.03084695081044833,-0.01412502985096027,0,0.847696516771538
21917,0.19155284864445896,0.010496378173778015,-0.04823649793231195,0.051305539246368756,-0.16133101620082307,0.12398309565617938,-0.0013076633033960233,0.022217848089268976,-0.028421213699500583,0.018456115543239397,0.016726858789333925,-0.004391266037808403,0.02121907569295312,-0.009411553900851813,-0.024156293800828236,-0.004674107251447728,0.09045749716614669,-0.034688484382787425,-0.014565099636596933,0,0.8775984531480794
21922,0.1855936897990898,0.008527707445592884,-0.04283030196698639,0.06475939825013602,-0.1537484112532383,0.09945660093303267,-0.001136121967853534,0.013800132247062514,-0.03600108216503533,0.006736682832696948,0.011223219319442304,0.0012283275137089057,0.016661489652550314,0.014424834807232794,-0.021625756010939412,0.008262814863348917,0.083189872713164,-0.02528879028611302,-0.01490397123559412,0,0.8093992052628182
21996,0.19200584043195434,0.021258127536025143,-0.049688200150349617,0.043796242079184554,-0.16456884779892794,0.10910835203019927,-0.0010141271113491281,0.02191144165842318,-0.02996749106971174,0.022217408148408963,0.01475682092611043,-0.013208780877158287,0.010693657526405368,0.014347803169901632,-0.012954228268242291,-0.010565087380897573,0.09287416212042474,-0.022381617949975,-0.01610454971836074,0,0.8634227859520099
22061,0.16983160840915254,0.027465954631140363,-0.05118156633297882,0.04600885553454842,-0.1570984378932255,0.11394832531044154,0.011000375383568751,0.021067536458330257,-0.03158903946954385,0.009209308955035108,-0.003104690196833637,0.003813664948649566,0.008129227570870904,-0.002922331316052846,-0.01634885548147886,-0.008356804932043022,0.09582460670277626,-0.03525768977297657,-0.013312697661877612,0,0.8254715769615244
22101,0.17568796013229598,0.014898637951176595,-0.041721908438569745,0.046060957097863106,-0.1370730841860284,0.10341488109564295,0.013102513450048679,0.0187105399428238,-0.039784274950460406,0.007522582562741994,0.012621007455821596,-0.004509069917694696,0.015902828773893533,0.017023313288621465,-0.0055003287985499714,-0.004468190354579895,0.1036194880799165,-0.0315600740428623,-0.011127233542517921,1,0.8043088740621095
22178,0.1860905785243941,0.02006667979494777,-0.046528640772043856,0.04880891554461631,-0.15358518083257142,0.11474378293012963,0.011459584209956445,0.010415255627683057,-0.027286864409719693,-0.006544681377519195,0.01191545950969523,-0.010455375455679377,0.011998119287714866,-0.0013290451107663796,0.0034235073604812123,-0.017337369906156988,0.10526911743415941,-0.03444966996257518,-0.012361101320627028,0,0.8340689293714372
22244,0.1930345312978579,0.012669341426534472,-0.05013949158913485,0.05044366462388002,-0.16624953495718514,0.12709023423333796,0.0023440285988927533,0.024654466579750574,-0.02143794180097348,0.0164186122400254,0.007875540674175964,-0.009493785211094249,0.01756762110969442,-0.00011701576422718908,-0.01103958018483598,-0.0011389546387882848,0.10063951485514182,-0.022859754096657237,-0.009274692772881893,1,0.8444883066550696
22293,0.1800798274324075,0.025478364116647605,-0.05550463582171648,0.05395186235461132,-0.14384183762236072,0.11681356423429487,-0.00254960887035898,0.024415170027672902,-0.03392782386345177,0.009683997930121055,0.018043097385500147,0.0005671328516395201,0.019458890237939883,0.0069241162933911405,-0.0042458286918245275,-0.003511064080623512,0.0834596710657892,-0.019969017207268,-0.012066895898899158,0,0.8144924059865183
22338,0.18374438936350362,0.02002586200111226,-0.03747944462781039,0.04588041139621461,-0.15873232796984238,0.10132860131917776,0.009297859708556044,0.0009566857561045511,-0.03689088182883463,0.014669562819541274,0.013324809148409913,-0.006449448664676977,0.013033479352050832,0.00997180717403687,-0.004327190244102804,-0.0016553626306960974,0.0934627640735222,-0.02103932100932801,-0.015363822642074428,0,0.7876340317295957
22454,0.18543099746027625,0.01901257377556568,-0.044053127143053386,0.060891473761604975,-0.15960081226081452,0.11771272241939883,0.001481362517101874,0.01395970163417055,-0.03644934822314697,0.01769654279356446,0.015041861569250898,-0.006572210797359702,0.012605059662235064,0.01639528826475841,-0.0024515254690669805,0.005172159999189906,0.09529840676014618,-0.031655928095705325,-0.016852814153014106,1,0.858333916759424
22616,0.18113657563711874,0.0162008578657694,-0.05005269086656178,0.05823103519277183,-0.15495218615760778,0.12366101916398498,0.01650962591554258,0.02187944269955748,-0.023729694170762372,0.00018712420527518245,0.018893055001914325,-0.01633034582542397,0.023293135936112007,-0.007127373110215408,-0.009934053521539738,-0.0035551332252378477,0.08358147393331834,-0.04426943669502586,-0.009484654978488395,0,0.863008914102228
22646,0.1796705414612158,0.02121460726869128,-0.042894185922673946,0.05929454499718581,-0.16419018684599207,0.11943611690299216,0.019080616300371042,0.016670954429905373,-0.03419532404429749,0.007515928777791276,0.012961960181309346,0.005394590232309567,0.021891899971004783,0.011735812321088768,0.006859272116817583,-0.011496046230774116,0.08562146551640022,-0.02497732283621782,-0.002613184159275848,0,0.8477145605163143
22678,0.18654614053233304,0.01803674654920159,-0.0442280440573954,0.042024061343842775,-0.15589462963975673,0.10705659443985412,0.011949368335895208,0.011115274079113018,-0.019571227612004104,0.012056237634298436,0.012614373069004583,-0.011914213510131662,0.009658737165540861,0.004503787320612708,-0.008339065949323014,-0.009191560620469958,0.10553673200931789,-0.023948511378881897,-0.01767952502511675,0,0.8118648302720938
22731,0.19580033849728112,0.02215967085278408,-0.05240861309041559,0.0513511913326193,-0.15645913829460875,0.10416937689831524,0.008545541954303246,0.022329192441429942,-0.016172244510711867,0.02280628033648685,0.004771186621592938,0.00377290878368097,0.01688602568877546,0.009812188815403116,-0.004555072015165597,-0.007408943778598541,0.09181987795885059,-0.026772889105894006,-0.004025102773054198,1,0.8220257837499714
22783,0.17214289176022562,0.02883500425216928,-0.051259924109666705,0.040996059139893466,-0.16068640665579897,0.11396046566519884,-0.005913119908381696,0.010637132504094645,-0.03926204179573544,0.005945405747043038,0.006439660265507835,-0.00010663541652809046,0.015207918564385053,0.015723323143935205,-0.0032346107515079958,-0.015624853215864062,0.08326758877196413,-0.03791136529952565,-0.01109661541976668,0,0.8182510223871924
22785,0.17818650227103147,0.023066099986561263,-0.03992985696889748,0.061374246873220316,-0.1511970365681811,0.1253440668256826,0.0014229234634144145,0.021423365451873438,-0.03171523711869778,0.004402102403876681,0.010529502088728838,-0.010987480990733448,0.022213853729861857,0.0067023818943279,-0.011713266448507472,-0.0043685858340131835,0.09713485385492646,-0.03456491522629382,-0.00893186415595233,0,0.8452081421547819
22807,0.18345178491052833,0.026218777758700688,-0.04968203467902422,0.058685903606404244,-0.15946353817275657,0.10619839160362175,-0.010696427887747344,0.028372003030642915,-0.02789121501090633,0.008021160433094216,0.027542888560450726,-0.004964046216698142,0.026705057335645033,0.002210476383093072,-0.008890931422428723,-0.0026634631039683786,0.09942222010601666,-0.03907316486928537,-0.0061842109911965345,1,0.8763376960822092
22816,0.1921037971715281,0.029623951480316615,-0.04388365103971924,0.0590158972467958,-0.14904399254146253,0.11615488668137271,0.001983262770260689,0.027643707082529372,-0.02418316702319974,0.005422576538628438,0.012030604754427021,-0.0084451422735182,0.008398720483809288,0.012856297340532164,-0.00988475334997655,0.0028438422193704568,0.09748091218783132,-0.02251983285175032,-0.016742643902144853,1,0.8402616389391734
22955,0.1989458185094472,0.019549762339825714,-0.04023431015925862,0.05103362890328384,-0.1432065384831127,0.12388233511620315,-0.0009937572076291932,0.02928943851678592,-0.02719548042762593,0.01874308708087676,0.006083861421588286,0.0026868143958103654,0.02996307943213897,0.0042779272056271385,-0.020464784663182377,0.0007741495473537309,0.09326797345599941,-0.03405404442576379,-0.0035763423942465366,1,0.8482231336857596
23081,0.17748349812387648,0.013137476833613208,-0.04746223363776152,0.043417644751580935,-0.15947858540180193,0.13203055301122132,-0.00042484798233866224,0.02093146038487559,-0.02926227338260275,0.004128682662667119,0.013951150259481484,-0.00300887289619132,0.016122174266119463,0.012563010366452425,-0.00356856798414925,-0.008587022741357917,0.09623599110150918,-0.03245171498543757,-0.017473666742328555,0,0.8317194275153666
23154,0.19623888913814708,0.022874610962384235,-0.04782053581893947,0.048632687941298464,-0.14917100964096422,0.11156201235743385,0.004354903801517193,0.0183096938709406,-0.031116984882507054,0.009912139664257198,0.02174507997498264,-0.0008064172549240922,0.023865926218983948,0.013408258957474899,-0.011062152123146443,-0.0032883692140192383,0.09044186456607593,-0.021704039561603827,-0.000920175907417075,0,0.8272357518570175
23413,0.18150096376528557,0.017033247498660767,-0.02479886631597781,0.06680774782606566,-0.160270971781938,0.10172476520219854,-0.005010114711955437,0.015091048905696852,-0.025113606468082115,0.00845791924684357,0.009754703847539889,-0.013668619981974512,0.024328897364281933,-0.0025619291093723832,-0.004004927546235695,-0.01864796216870478,0.11007099596226219,-0.03608099534172589,-0.00816142211106044,0,0.833089705155862
23508,0.19219917843156628,0.01566062205123588,-0.05582718229605388,0.049661631077931534,-0.15215900559275847,0.12439211357313612,-0.0031792523865161884,0.024971018390648983,-0.03270121443401556,0.010663675364618902,0.02034741214829792,0.011651726116472182,0.02201118641356721,0.007076464449630895,-0.01795243529445534,0.006423935032118955,0.09182234121188702,-0.02494897487364236,-0.01931708644439666,0,0.8829664555829504
23553,0.20494313695789687,0.013453426021481238,-0.04334890268743067,0.046361298746536446,-0.1533322328235355,0.11318254395507646,0.0008427421177207129,0.021972770154110945,-0.025049885678431603,0.013317284261300718,0.014111750210083226,0.002623638825564099,0.014991227505138954,0.014374049527398586,0.0044870596128092745,-0.016921459261673245,0.08646318815358339,-0.032769623618502754,-0.01572465783696381,0,0.8382708779552385
23635,0.19475848387935774,0.021442173306180645,-0.06143696265627172,0.046099173780202535,-0.1517068313993511,0.12167963535337507,-0.0021706793183098004,0.022203302671207785,-0.03472649895089364,0.018180882375643307,0.012304114393277355,-0.011243967573643902,0.014462385398248748,0.005627537867952729,0.0025551231516891927,0.0032014508445547987,0.08419390357817243,-0.029781674515544518,-0.03618580183507472,1,0.8739605828489517
23639,0.1792160501976415,0.017801801392775783,-0.059516431624783234,0.05016050594244458,-0.14862253244952145,0.11598631204818925,0.004672150084014936,0.013709455157264756,-0.03422719362124773,0.004925158970928795,0.0005663058352460334,-0.009745226486343187,0.016297807072665645,0.00594068795739687,-0.001180534852182438,0.00029972582898842026,0.09026669264267409,-0.04039032160060515,-0.01835340054150409,1,0.8118782943064179
23656,0.19463057388521857,0.01760540310572781,-0.03765790371782218,0.051075796283852774,-0.15040545622594043,0.12178130462260743,-0.0007295909637671888,0.024357115341053663,-0.02906010076754668,0.014011745443602765,0.01202512099836128,-0.007917789790395839,0.019240090991433118,0.017707165860567156,-0.007848533201574763,-0.0010026820843542258,0.09531642431380077,-0.031994377775774574,-0.0030860571253098945,0,0.8374532324987111
23660,0.18098667082973693,0.035720166007799044,-0.04226220167741011,0.05465258397767558,-0.1672481491402041,0.12161820359932565,0.004248985416816203,0.02319333396798145,-0.026788348128715344,0.021682247202446953,0.01153682965753289,-0.0026307125918413688,0.01587776382222248,0.002121250642143719,-0.004858993606877524,-0.007848135536124652,0.11290518917509544,-0.018749200856229543,-0.02065403293560947,1,0.8755829987717885
23710,0.18432822985715655,0.014617242129000596,-0.05309869695944755,0.04943059195749049,-0.1622888693972269,0.10790283784496651,-0.00879065841211812,0.013132088709124065,-0.02906887779336719,0.010473202873787276,0.009048496576634351,-0.009085514304738163,0.0009444183067669695,0.005302746126603556,-0.02394416493441682,-0.003223716535410893,0.09121709797782498,-0.05183124810920891,-0.011093553078744607,0,0.8388222518840345
23840,0.184596918278802,0.014496746400844644,-0.04434710545420723,0.047478336216953354,-0.1543457164685805,0.11622238922345056,0.0013463340903779291,0.026991215490488774,-0.033769016437108355,0.00873439802078944,0.01825731441971429,-0.0019907337568275387,0.01611959608406666,0.006372478724394608,-0.0083321670341376,0.0015510549084752892,0.09733505064665307,-0.03237295109986694,-0.009453222432487597,0,0.8241127451882264
23879,0.17850553601155758,0.015894639147283823,-0.0450383978487078,0.05371188571742921,-0.146704964462361,0.10791136577442237,-0.0002674305591331459,0.029097165662204764,-0.023164083447608348,0.014101760882494666,0.006930626324484427,-0.0016896081203243089,0.024649484664798358,0.012516544797029298,-0.011347117910111346,-0.008363215907139496,0.09574967728046345,-0.03055197113645358,-0.004867837914372423,0,0.8110633135683794
23986,0.18262114695531384,0.022571406931192646,-0.05191449605794779,0.052429081748615866,-0.1470266127702629,0.11928918902692118,-0.0002889429431713901,0.019214180911733263,-0.02847539864656323,0.01637305143993563,0.002781603987527965,-0.004079471966813343,0.010799815607305594,0.006367923961805427,-0.0028970456800521947,-0.011417405354085416,0.10105446690090117,-0.02687027075931411,-0.006944182654415854,0,0.8134156943038788
24055,0.1974783466679105,0.01507230171371848,-0.048069659568838595,0.05122714780485595,-0.1523211863441265,0.11446320967075599,-0.004733556315075433,0.0158446759428689,-0.020838526390136742,0.0014742940732270751,0.017196439704275545,0.0039787665539307016,0.03499451109635589,-0.005882040460503443,-0.00589089842018239,-0.014722245545693586,0.09817836810088598,-0.030469369954417964,-0.014678599851922108,0,0.8475141441796817
24065,0.1873364762781167,0.030298684815993068,-0.048064436868885646,0.0445230957150435,-0.14100328852169802,0.10993241255898245,0.004891309329290516,0.020095779431858956,-0.023710985631498503,0.00794689422965294,0.00950946605957038,0.011284025533786298,0.00630634479778478,0.012322153223921299,-0.017673125744653982,-0.016341017628538537,0.09653648385991948,-0.019381505157103504,-0.015026410476800946,1,0.8221838958630995
24072,0.1807352066981017,0.028059019140478217,-0.05819327156359058,0.05064442997204592,-0.16558441891449388,0.11863046548723781,0.004195087297849442,0.01629234269596381,-0.03433659058664503,0.0069190631994191015,0.011073774496173246,-0.0014533171986370619,0.009407351341624876,0.0007846093612332897,-0.0074618332412195705,-0.0079618196213476,0.10416127402539464,-0.03665306491127868,-0.00847868732608465,0,0.8510256270788191
24090,0.19004058903772467,0.01742721394450648,-0.04932439000907021,0.04479144680942215,-0.14008939048442817,0.10506324740464176,0.006622765215474776,0.017176853407878175,-0.04221400088460001,0.006619299918567693,0.003749412900324701,-0.015177833610039087,0.0032198710380054243,0.011161587221416061,-0.008524086508494908,-0.0018739821187480782,0.10118361388780182,-0.03712636789201917,-0.012989956803255574,0,0.8143759090964189
24103,0.1919442642058923,0.030509726959210427,-0.038952286434925265,0.054373318578162314,-0.14969973695268082,0.11545882269377254,0.00913486908095702,0.018838678297844486,-0.02893342944214075,0.016993183313746607,0.013594417852763798,-0.0040376221293563965,0.01136349487264241,-0.00043319873076519183,-0.01789390932233086,0.009154818785136546,0.0896910205042196,-0.033779266176396754,-0.010920533132674898,1,0.845706597465619
24137,0.19164991041193624,0.003692445156198208,-0.037535421088751755,0.059259953781832825,-0.15342532565218803,0.11671124415870474,-0.003632933946843688,0.016870607902295887,-0.03191444491835609,0.017619579447651895,0.01712000495407829,-0.008503992339198662,0.024379888911750212,0.009805227338631489,0.002910619149846863,-0.011981471805988752,0.09596097186346537,-0.041171961001655974,-0.012238541606993052,0,0.856384545436368
24217,0.17914692106324706,0.028794885154010255,-0.05021127345930423,0.03943701965454175,-0.16524329885556252,0.11694460185098927,0.029169945172745737,0.028378830482869842,-0.032618786402460846,0.016529879325175363,0.030386813472234098,0.002973095641265898,0.011468868702726502,0.010077016465516451,-0.01092568679708627,0.007132668819901355,0.09116234224094519,-0.03344341404091743,-0.022913816083623476,0,0.9069591636851235
24270,0.1691393569696631,0.01467005497745027,-0.041490001967886186,0.03957365660722544,-0.15469893899512474,0.10146943223810102,-0.003454102086283929,0.009733621725376614,-0.02614833369233996,0.008191426932303493,0.028416106599375997,0.004085147505446831,0.015667709612210194,0.014334530800409412,0.005658620547408958,-0.006079075310833375,0.08539518629553701,-0.024527640173008326,-0.012370236222435604,0,0.7651031792584204
24337,0.19011745041555866,0.021463360147974987,-0.04660253764992919,0.05468118569935248,-0.17170462588268565,0.12090117881433012,-0.0025933543685486933,0.015008925556057198,-0.038310535717391875,0.008033459594061331,0.026406309369185983,-0.00458908817993065,0.005986028435034128,0.008707720367240096,0.0013434130783588193,-0.012713644924841259,0.0990191204332914,-0.03048470233257253,-0.016721950678554583,0,0.8753885916448997
24388,0.18474269310603283,0.017889746244209928,-0.04257868482940865,0.05278789694179803,-0.14764078275994894,0.11922554446972906,0.008342334868245323,0.02381621822855335,-0.031708435608284104,-0.00014277727992238894,0.02314105252721072,-0.003822621199299031,0.01665289845670648,-0.0015118941193848169,-0.007941298876824134,-0.002806072423500768,0.09486281474756343,-0.037069718684516306,-0.005670780430527062,1,0.8223542658016654
24407,0.17378567801671943,0.031108525662922087,-0.05241104142336513,0.04766577056680509,-0.16662986755508905,0.1130418642930551,-0.0009045680006002475,0.026622294347826477,-0.02823053364181744,0.005870249708727889,0.006612454591531497,0.00280408171387657,0.014817813330314534,0.0051717133724032615,0.010172562086022303,-0.009590616774106811,0.07969057170715373,-0.030311031397624047,-0.016837027886442205,0,0.8222782660764029
24418,0.1900445562919114,0.023395874447165663,-0.05005528482781291,0.05354949181153903,-0.14165429542480065,0.11445254863803087,-0.009934113452956464,0.017382606494021364,-0.014273191998584891,-0.0002628912944036851,0.019540534478166786,-0.01630873912191418,0.019705197760735035,-0.002928374280798458,-0.0017950604868530238,0.012622329576431132,0.08686274142461821,-0.025476608180854864,-0.003921877645530096,0,0.8041663176371286
24439,0.18674674948256487,0.027352867495378064,-0.04056295671485607,0.06931682921580092,-0.152260299462269,0.11541591428750785,-0.0041938097146988354,0.022396842608612865,-0.025446880616773908,0.01008730336631152,0.004022247659051143,-0.002108981788558511,0.013271662131909898,0.0019497122042643658,-0.0009951088977292546,0.001867319441257797,0.10488925012125516,-0.03714093833586116,-0.01737863274469247,0,0.8374043062893536
24529,0.17590751025785423,0.020136255197869848,-0.04336398004310819,0.04604107550053673,-0.15435985318232542,0.11645014110528369,0.0008515775941993947,0.026008938300239367,-0.02634641654553365,0.021056237464457242,0.021394071275412825,0.0013990374087148652,0.02003292901100785,0.004056685030388896,-0.01213120053155459,-0.010871695611395284,0.09128233332462497,-0.03537531435413194,-0.022613765814142702,0,0.8496790175527816
24612,0.18034083093978892,0.014354658220004016,-0.04023301247872591,0.03207323762321202,-0.15416377587052152,0.12224867807829505,-0.012307583970963437,0.04007719969105542,-0.03723119191449669,0.007776683038282638,0.0236097012779291,-0.013877921020362814,0.016144724985099345,0.004464186770417736,0.007609799369184473,-0.00864607062311178,0.08827426950791191,-0.028055368773049684,-0.015708542587407073,1,0.8471974367398195
24707,0.1819217586081663,0.02791029736761525,-0.042964666859900684,0.05621379374631989,-0.14870384052417912,0.10831185615397418,0.003961833702961726,0.006432001597852119,-0.020270935910960765,0.01281771101866295,0.02376483743635686,-0.0004826746184107512,0.015162196137255174,0.0012234346987284612,-0.00805227670892438,-0.011539488331418988,0.09982545213460801,-0.01767030282669855,-0.02920697023935921,1,0.8164363286223534
24822,0.18494794946702678,0.03052931092404493,-0.045157907594806444,0.051987301163779524,-0.1575839209089842,0.10854241092676618,0.0006564892376855494,0.010697303316590488,-0.0267960930158146,0.01667067742644252,0.01747157944355759,-0.010094230270820195,0.008338391231210879,0.0031401692059897816,-0.009356876088722023,-0.00026767883172631226,0.08988896278097369,-0.03807294786617087,-0.012704273617718675,0,0.8229044733188312
24838,0.1889162590226199,0.005579590295244984,-0.05084362677343333,0.055197592639438554,-0.14310230915076538,0.10694609921858089,0.0036653518475293825,0.01835469820259807,-0.03898201789046304,0.022090338668664212,0.009480091855762388,-0.00023365103898337575,0.012449402684810332,0.0005505601268216315,-0.007878959731016473,0.0035219993763466835,0.10381955658524242,-0.03235469232407693,-0.012892590279684207,1,0.8168593877120822
24857,0.18417704940680277,0.01347363875323956,-0.044977075204673075,0.04159957902205371,-0.168151031219463,0.14017846985074672,0.00752488869411594,0.027174775858573627,-0.012131258629343477,0.018681554581856823,0.008499262922714029,0.0051120626862635665,0.03639769021365599,0.006780922169397223,-0.013395020230802022,-0.008523331887274343,0.0847719134293368,-0.03787052663802452,-0.02023010213430663,0,0.8796501535326439
24867,0.18376028959235988,0.005795605873379594,-0.04784020036823417,0.038174463125191974,-0.15415906076516028,0.11770807490380328,-0.010166560968094084,0.02527746252269792,-0.020075934093271717,0.014868963743834816,0.009710056458889687,-0.00290437316984374,0.007267424310394974,-0.0038893896215280786,-0.004494779557375596,-0.007701274509136687,0.08909950513134055,-0.015697033170252696,-0.0107320298481775,0,0.7693224817329672
24901,0.1934216881793404,0.010934848802373364,-0.03919264076463087,0.05687920744339114,-0.16833188964692616,0.10365216369342789,-0.005676506356780695,0.022375080230076817,-0.025759980985470287,0.01701784472967383,0.008905762656547878,-0.0012273129966665758,0.018336453423545826,-0.0007151429238528723,-0.010008271518079773,0.005978707399970863,0.10063854456453468,-0.031795033564100475,-0.012242949718322411,0,0.8330900295977128
25045,0.1947026971344298,0.01838728487545785,-0.0541587209690053,0.04823783639841679,-0.14459041211544968,0.1148315421342177,0.006202626725753447,0.00994699437572567,-0.022937107964196467,0.009986386744259192,0.016581182632434778,-0.00804921016982979,0.015253351680010949,0.0007396200769751348,-0.006166310876235082,-0.00981144553490488,0.0902310042498466,-0.029867185020003476,-0.011975603530404756,0,0.8126565232075573
25062,0.1753014859789934,0.02848169837877032,-0.044776361138909655,0.03991067110819086,-0.17237194967433084,0.10792800936560751,-0.00606463598318771,0.02208248926580672,-0.028798978703977875,-0.01726363595667648,0.01047770196613635,-0.004951408365253584,0.012248350994965683,0.0009014444942815378,-0.0091662442711872,0.0019375699242758322,0.09296766452893351,-0.030515833344678674,-0.011546793057775836,0,0.8176929265019396
25165,0.19424955174649217,0.01983073029825604,-0.05200298109341411,0.057621945229748464,-0.14873015989477428,0.11070725742646358,-0.004340056360921816,0.022458656572737226,-0.03565849554540525,0.0072845834906645765,0.01830533690886153,-0.009887158357345471,0.014117850128664568,-0.00022214716250670692,0.003392033650642035,0.005238851271957651,0.10251662985806548,-0.017866149381372765,-0.017090688384319052,1,0.8415212627626127
25174,0.18318977355748653,0.011128345914275844,-0.05439045232628179,0.05515509951096829,-0.1447452249416944,0.11939489633399714,-0.006592500645480459,0.02276940376384059,-0.03544272805134091,0.00957098230397722,0.007534334956268981,-0.00018057768286853073,0.027184217879091362,0.008150444744059092,-0.007798789821400742,-0.0011102238704355683,0.10654095484071716,-0.02672608158488538,-0.014965069985649709,0,0.8425701027147197
25290,0.1874979358373004,0.029157571398721317,-0.0594948338966782,0.03730278403692349,-0.155532700520608,0.11045774187586001,-0.00939281858496477,0.016600151083471473,-0.025823435818982957,0.009685730580050652,0.021770801841544715,-0.006967528704255898,0.020423923942261855,0.0026422426685169193,-0.00978532011464492,0.0009714873164538366,0.09779975058049928,-0.046004250614811414,-0.008270421499387998,1,0.8555814309159381
25378,0.1668572079934937,0.02113383763036656,-0.04746953532077735,0.053938076155433036,-0.15368123362214825,0.11225822448396292,0.01239701670722336,0.018541408607004435,-0.03673803702441902,0.007374090013004945,0.017721818423605387,-0.011737823511545184,0.009833117217962263,0.009305581817553569,-0.008880267444651806,-0.000597628085840531,0.09212297852242511,-0.04088982933864653,-0.017135403507885574,0,0.8386131154279496
25435,0.19679945307506713,0.022323752672178527,-0.0431963317008599,0.06819907623845241,-0.1586533217856031,0.10895129783360759,-0.005421646662687081,0.025582866046536083,-0.0378502935467018,0.00797645232231935,0.020502011777626946,-0.006460427109734444,0.022879040840725687,0.016332443896674258,0.0023307241438672577,-0.009955297180652635,0.10454809009254781,-0.03513048621573612,-0.014448876979412965,1,0.9075418901209911
25438,0.18539365451245987,0.018125715600409188,-0.04654637351014527,0.05617287969560651,-0.1493810695003726,0.10998537907530274,-0.009742170830847786,0.017399034105853188,-0.017789408465684393,0.001136027774472258,0.012388506242581292,0.0002713018464309495,0.02369900675571798,-0.002045566098359653,-0.006904857313863151,-0.003879202988089853,0.10105531241204337,-0.02562610727021058,-0.011910549538749926,0,0.7994521235372005
25468,0.18917934490646274,0.017068788916637528,-0.054713948723009165,0.0521045622613218,-0.14591927301324126,0.1083523067336985,0.002466416481809861,0.020704996305533147,-0.03329985883801085,-0.0033939322207592326,0.027776130980382212,-0.01686345496201364,0.016346944379830725,0.004231110261364208,0.0007718986457433821,-0.013271365046402184,0.09799920843104676,-0.0370680073070862,-0.02068287176152915,0,0.8622144201758826
25493,0.1750004654257338,0.01953920891491978,-0.04886318325734047,0.04491343514001496,-0.12988174984174147,0.11750938806811458,-0.003558470607170331,0.039911521380926795,-0.0341649852881372,0.0009087182296565406,0.01037160221287389,-0.02437496394849196,0.02837623970299501,0.0002504313202242947,-0.010869725286586474,-0.013060614479810585,0.08970679993757905,-0.04931279030848241,-0.016069128559917576,1,0.8566434219107172
25560,0.17268748173987417,0.023129089408215016,-0.04372356233864005,0.04565194368069922,-0.15549909055376826,0.11887135625964881,0.00036172623689186744,0.01777997820363848,-0.025504248532633257,0.014829895831200377,0.01853719152917467,-0.004164729610629663,0.00993582084788752,-0.0017087677510467933,-0.004885776563763803,0.001268533788905323,0.08803574114356921,-0.0283855286251465,-0.006298586490680308,0,0.7812590491360133
25584,0.18168013129772564,0.02847274736803349,-0.053714989625669625,0.04039803856984898,-0.16372711628774722,0.1116638192410239,-0.008830058611144956,0.0181743489454875,-0.024589908332344566,0.009423684701179802,0.015302118457720325,-0.012476499324819578,0.005753480848773636,0.000638886908780276,-0.007719311918272833,-0.011628912324168465,0.09402056292010458,-0.03054855793982306,-0.014746318881916378,0,0.8335094925045848
25614,0.19307904360541783,0.0072574277100600085,-0.056664564649854816,0.04362307924992711,-0.15067647898166672,0.11895795269723479,-0.010024843573245349,0.023925414973856397,-0.03940772286431344,0.008959898669008953,-0.0010173659063347123,0.0025592693525229313,0.01573050078752517,-0.000296652634497859,-0.0010347789944665827,-0.013724077668262837,0.0843276052134564,-0.021964226407340536,-0.018926985116494266,1,0.8121578890554867
25627,0.17305333621946387,0.01591085843694035,-0.03973770988558936,0.0427210097822876,-0.1648235414113806,0.11275118242612982,-0.002858990419691103,0.018434647436793485,-0.016895048526743776,0.007680610866874631,0.01259647673106281,-0.01756159134426192,0.032000553369181624,0.007393295868889494,-0.0008683748981710557,-0.009597816149257863,0.09562565069087665,-0.02748876783531937,-0.012123920917839618,0,0.810123383216755
25662,0.18165962910249936,0.017862345257932722,-0.04872277385105642,0.04012122923607403,-0.15181296339463085,0.12590677950101953,0.005171615176342061,0.018046863458853965,-0.019287349030136576,0.004459387087693238,0.025822165316888575,-0.0006494995599714207,0.020000199109635255,0.004466963319939588,-0.008019531914062778,0.0031162903668043905,0.1009361159781717,-0.028933897317974938,-0.021100725683126927,0,0.8260963236628143
25728,0.19574966949823863,0.01480885963988348,-0.04370937177713703,0.04246792672808749,-0.16426192676277354,0.11654545437635201,0.010900455778907983,0.018232629215408334,-0.03247040291364473,0.012164456688658376,0.016609524370052066,-0.019391547871780372,0.015126827858679257,0.010551183773071104,0.0046705147621682545,0.00331544932172141,0.10503041935798973,-0.0233266014159575,-0.025464130746363046,0,0.8747973528568743
25776,0.18733551918955535,0.020237773660512298,-0.05796734633352595,0.05075185443186884,-0.17874811462965295,0.12220969484544637,-0.0006097993623773639,0.0204221591745792,-0.031444276022332206,0.0070964723801704545,0.01147934347661092,-0.0013759954413263308,0.023164701060774857,0.012009287985711815,-0.003198785140837141,0.007711493796937546,0.09468487925908227,-0.02023256508058031,-0.009597449385562779,0,0.860277510657445
25906,0.17492945079466174,0.020715262949733547,-0.044371481996319254,0.05277221313035427,-0.1586174329590263,0.09325285758571462,0.014901675411362007,0.013015280691842539,-0.026791931226190033,0.010917557310205115,0.019133732817221857,0.0039459728109600255,0.012506609134015008,0.0010005510396780188,-0.0022431080545140176,-0.009480585027028563,0.09552678247742329,-0.0298664229119475,-0.017600234079336814,0,0.8015891424075345
25973,0.17911789912762938,0.011420478368456652,-0.038266360448356705,0.0508627543671619,-0.1649944567383412,0.1118982410212037,-0.008692598237923402,0.026856695408907026,-0.02455802662487524,0.02395094717776403,0.020382684514865836,0.004370693795012421,0.027096149737858195,0.012106881371396084,-0.00836164054289717,-0.0026304252106818054,0.0918917017424872,-0.018757882793623434,-0.02069444485096298,0,0.8469109620804044
25992,0.1702256489923228,0.02631326899576413,-0.054516290041627856,0.061341981904327096,-0.15432076384347923,0.1064618320093467,0.00020018774601768765,0.02284067631254022,-0.029145632275167498,0.012434062188712406,0.020236757761962276,0.004601515330603354,0.03052555681283505,0.00383291264476919,-0.01514793444168629,-0.008991804101647202,0.10312026725865964,-0.03193340227360703,-0.014956928793037862,0,0.8711474237281135
25993,0.17952483768188032,0.021927262582450778,-0.0466241430953888,0.05196218370722343,-0.14028929004685406,0.10614919721618381,-0.0036411785113823945,0.011855671862490605,-0.027616243550349546,0.009806213657252875,0.003554717022690082,-0.020730614826139908,0.011761211036787922,0.004272432375393352,-0.001532393837858815,-0.010324749922664465,0.09054314097938591,-0.03151348037394534,-0.020728907985763368,0,0.7943578702720858
26064,0.20637465161788746,0.01662451385431063,-0.05927084314259928,0.05119918223930067,-0.15232068615661556,0.11633642820941514,0.008811373529321544,0.015982255857571813,-0.03555362139991258,0.02099697894207354,0.023642132491240087,0.008021345673940843,0.02152373885812526,-0.004828574101045022,0.0008820488309791327,-0.010403671268417802,0.10005204534490907,-0.03466319747085703,-0.017295426421158364,0,0.9047827154096808
26066,0.20061978782972648,0.028265155609339218,-0.057225364689086594,0.05247679883806617,-0.1703061566847516,0.12038021480827131,-0.007785958083316997,0.016017711945143523,-0.03116305096545338,0.008138958371487637,0.021799885873782034,-0.009670469125266782,0.01251935657932097,0.006379620237911469,-0.006091273457379228,0.014996273214457505,0.10368621906338887,-0.013820417515237337,-0.0011597713590816912,0,0.8825024442504688
26073,0.1896731012858338,0.0226143002743744,-0.049282213111464745,0.056805466540448886,-0.1532671739527127,0.12044668866057032,0.005064888722754566,0.011030247297366494,-0.030801402086413455,0.023882682323997362,0.01795032970510822,-0.015771692466007275,0.01123840899620812,-0.0024404695453487464,-0.007982461781439465,0.0004956750754742311,0.09509504617554576,-0.03265152415206423,-0.008838694212380909,0,0.8553324663655136
26172,0.19111997495742553,0.019368479618808675,-0.05827228423338666,0.05021681011674636,-0.14245111621675674,0.11367272564802379,0.008044385055777226,0.02015041746527251,-0.0371737712736627,0.006059334064355139,0.023695412908873732,-0.006578233072480377,0.003281088151728716,0.007259565714585206,-0.005664607542561023,-0.004211474297498633,0.08674599382912491,-0.02538782767889779,-0.008678596731587091,1,0.8180320985775528
26244,0.19920016078839103,0.020022500250722667,-0.04315173715300523,0.06293663504319875,-0.1562972967691923,0.11223607871937359,-0.019080053227930365,0.01564515216492992,-0.032080654456738,0.008146544334646783,0.013781613762209495,-0.0019107306537788098,0.023595877374134214,-0.005697569510123168,-0.0069875065202713625,-0.004219574345032211,0.10346829377435099,-0.02508432575785802,-0.014505449974984302,0,0.8680477545808712
26331,0.19229555951282107,0.02526417081710261,-0.03568953321897893,0.04766459268721223,-0.15424495849577688,0.11002155280213413,0.0023392172322557665,0.025461841639852215,-0.01210634891451801,0.008005831087588556,0.021174933125506324,-0.02623748647854174,0.04103788511974249,-0.004602386410794093,-0.006670749504476969,-0.0023018547554614455,0.09649963457265533,-0.03771721458550734,-0.012908397514329348,1,0.8622441484752554
26339,0.18034515602798545,0.025248438693580684,-0.04130337326261358,0.04582933454748172,-0.14507586865861735,0.10184563872621517,0.0037928500665807166,0.020336385360690167,-0.03019940758166171,0.016222465068169344,0.017459032226192255,0.011567044443581647,0.023748367661223218,0.018409621254904293,-0.0032478093613571932,0.0008608603593624144,0.09609757214012891,-0.039688913769574855,-0.011237422384583886,0,0.8325155615945046
26424,0.18764418957542833,0.006606451265543092,-0.05306654550490882,0.03500717678812119,-0.16072825528580695,0.10448353925400898,-0.007188639921282287,0.015335205978659885,-0.04141340465405934,0.013252237101039545,0.014351646244659896,-0.007715785516451276,0.027543707535226968,0.010360821068073331,-0.0033537326559477496,-0.0032953489348510876,0.09689981968759664,-0.030343690985485772,-0.011392714802444304,1,0.8299829127595955
26461,0.18640811092985585,0.004465871826359394,-0.05069062114554976,0.0583814722635562,-0.17446228817415696,0.104321693933258,0.007823672086822449,0.02185182355699661,-0.015384456516501376,0.019104454765262572,0.010910095973710036,0.0037753721105922176,0.017553973622542865,0.0036443499231488645,-0.013996146556702676,-0.0013695722773873693,0.0784114176776245,-0.03263984868509919,-0.00854642630994676,0,0.8137416683350737
26470,0.18975408268778524,0.025783913186461265,-0.045062541754336015,0.05147738430222204,-0.16716061335454113,0.10102853652701806,-0.006128692124950013,0.011466639168345776,-0.00890662065627101,0.017359112362371903,0.012784589420276481,-0.00531032579129392,0.015976877229943277,0.007964248391745372,-0.009159936468000706,0.005969695623934115,0.08829402266176045,-0.034881549215898165,-0.002049819284954776,0,0.8065192002121098
26482,0.1806251119922903,0.031199715947280292,-0.05744368234681331,0.045674295460371786,-0.16939841212618445,0.11739298204958822,0.004923252048339416,0.019787481323234282,-0.04370643856833873,0.0029465397110838127,0.015379559396601869,-0.009041298908855463,0.013600192503515617,0.011967127315743823,0.004696187515621872,0.0013879282065294024,0.11158856689265395,-0.021876903778015624,-0.018228312903109525,0,0.8808639889941717
26487,0.18101255227422364,0.02371259695602341,-0.04423934073700995,0.047030139098011195,-0.15661441736742582,0.10965934906647433,-0.0025001236231446816,0.007396929942411445,-0.02754902738998076,0.0015477457675419223,0.018414927182970026,0.0036087243663513137,0.01835800578785362,0.0034431979569648223,-5.463340840164718e-05,0.0035683595246197275,0.0947691307947606,-0.030239276188385927,-0.01984431083970738,0,0.7935627882722622
26517,0.18280378768531597,0.019273473507309527,-0.060319983132726566,0.07091846943579022,-0.17078283250579662,0.11987043506408049,-0.011638494105282575,0.01478470663884043,-0.033749019725301435,0.028515647871104784,0.019823479442352538,-0.005227456056467734,0.019872192579352757,0.017203663564872174,-0.010061783396053887,-0.0003448163316886352,0.09105366377083352,-0.0316201400043919,-0.014439137187155848,0,0.9223031820047176
26518,0.19565114795976085,0.013904658296661125,-0.04050151464251599,0.06047268745765116,-0.15526724761580127,0.1133971963310134,0.0036324184444527104,0.017779781353807412,-0.030357232557753282,0.006261784344837305,0.015285953792177032,-0.01621453421183116,0.010848983123595465,0.006415957962601607,-0.002549050871128563,-0.006698760172176073,0.09127801953398514,-0.034908592147715176,-0.01504410834082962,0,0.8364696291602943
26521,0.1887655937727594,0.029296157889065335,-0.03791289569339756,0.06114822395838125,-0.15623132972223625,0.11099321336833108,0.0049598139370934215,0.02090437725218733,-0.027989804824868233,0.014831933378790685,0.009804163463398425,-0.020399199997115026,0.015613061577225824,0.0006185703400898896,0.001597832250197537,-0.008304116411993844,0.0971782382354515,-0.02941141145004436,-0.015004962769351888,0,0.8509649002919788
26574,0.169113977220902,0.024980857093364995,-0.032772849613970985,0.05282039428038222,-0.15323496288670843,0.12504600184363548,-0.0019891603062715956,0.015861834268677894,-0.012857878603004129,-0.007479819497382792,0.01653941329650156,0.004354570517092334,0.02511517793792886,0.008720543160056883,-0.020365804313737967,-0.015501414458090211,0.1048366489089886,-0.027324404819019966,-0.024240937869244188,1,0.8431566508949611
26585,0.17983441628415633,0.019544411733014105,-0.051712327567855286,0.05069783885615048,-0.1625359159815608,0.11105378612337123,-0.004690276361043589,0.015242100444712157,-0.040453250965298816,0.020616058360808574,0.01275616563573218,-0.011181784636587014,0.01923597819107201,0.005390279573940475,-0.010681130695634,-0.006119458059979688,0.0923145984702208,-0.03115663612285406,-0.01272374923841313,0,0.8579401633024047
26843,0.18701048639602555,0.02221906824433551,-0.03681155184723074,0.04700722262539881,-0.18016744223151962,0.10563735393388748,0.0014616059401594105,0.02632009943514269,-0.02221465964582468,0.003472193151009203,0.007065455913491867,-0.005917788903698918,0.018050333421886028,0.0025622210964886907,0.007136884185148451,-0.00867553804885569,0.10164794955310019,-0.026368998619295328,-0.012912137276394495,0,0.8226589904688933
26875,0.17496355128739824,0.02719928180922906,-0.0501300197318975,0.06045548562592028,-0.14580803109919388,0.11034492741573353,0.010933242838824832,0.015965435274081074,-0.013233575619986948,0.016818737894548925,0.020753867355430312,-0.0010698112103730538,0.02736603120012158,0.02135682688015097,0.002943916839330681,-0.001111068177502659,0.09440162473358839,-0.027550152041604204,-0.0017833626790974195,0,0.8241889497140136
26971,0.18516163381450043,0.015420487689579602,-0.04462547598231779,0.059564699086833754,-0.1467094272678401,0.09215547344638833,-0.0010822670686126085,0.020994894275902697,-0.02661264791176969,0.018208228641421947,0.0188217183802499,-0.0012582477188629127,0.004997811225329354,0.010085175190906386,-0.007481753312320638,-0.012963232035318633,0.09427785653846345,-0.015973484637404507,-0.008040561142491843,0,0.7844350753665146
26991,0.18985712264831164,0.01413584689501532,-0.04205545839706611,0.05395513107235411,-0.16301866068026558,0.10461805692361185,-0.0045387956252641295,0.006744985822566322,-0.028430841507183547,0.012055205557374892,0.022215543037092226,-0.005300325595831474,0.008564778472649833,0.006551165092504515,-0.00926347294738223,-0.028958202227643243,0.08797539907118412,-0.038563850652840646,-0.012937732915517372,1,0.8397405751416591
27192,0.1862821558065397,0.02105355683452931,-0.050915408060651784,0.05247830532723895,-0.15252579498351776,0.11571547174637309,0.010370287884144635,0.016692428347572872,-0.022146145129877542,-0.00012522996693075256,0.01119544748332473,-0.009945301643836092,0.009163361213197954,0.002262059154349582,-0.011661600570020846,-0.009061330040531732,0.09567045515475013,-0.039058121899663935,-0.020038853646360627,0,0.836361314893412
27199,0.1786682206681363,0.009523400366664382,-0.0322028835867206,0.04408241697437035,-0.14813937296656998,0.11301889905169654,0.006755354837340579,0.002634699316728295,-0.040162874205355026,0.012819830306008069,0.013154652971633424,-0.002869809722049339,0.021759459720182315,0.011619815106368338,0.0019471970919847483,0.0009683599400449875,0.07680449955419079,-0.015852264366682137,-0.006071834497396685,0,0.7390558452501229
27260,0.1852176803296138,0.025919989701274078,-0.046127249342317725,0.05335146948866289,-0.1486295375501428,0.10161153686328465,0.0028013103845692154,0.014828456834481413,-0.029807499110751114,0.0047190422313837565,0.017931178547183034,-0.0058806689640523435,0.01786433271210393,-0.0036066543531250825,-0.005748318407075742,-0.006417634316067403,0.0967183570421832,-0.023722044048562093,-0.014618567597464698,0,0.805521527824299
27333,0.18232768146445325,0.012150016432188115,-0.05938537035987959,0.053053867308890945,-0.15021812367363688,0.11157304159512771,0.003680850836611073,0.001916244381275713,-0.022605032843936525,0.010545923446354058,0.012871778765188023,0.0022021407937159194,0.025112784999261006,0.003582531948624376,-0.012731383583774151,0.011657236517481897,0.09447566451259061,-0.02504052139109679,-0.015390885702777453,0,0.8105210805568641
27358,0.18769000937351674,0.020024659166264114,-0.04530949408298318,0.043901099717213315,-0.15844195394772703,0.11492621750615382,-0.0017694651618551625,0.030397237240287974,-0.0319881366840802,0.005007047729063975,0.02105341700751166,-0.0032800189437316345,0.007430362440000403,0.01101445057179183,-0.01286430528766743,-0.0023520363746814747,0.08186595710211186,-0.023713684030402745,-0.0067639393744227585,0,0.8097934917414673
27459,0.18582010489840245,0.01995494507163223,-0.042124871789334474,0.054738564994697696,-0.1694048636921326,0.11011051629444706,-0.003969934760149871,0.02161815646621471,-0.0336744994826298,0.006682726495278108,0.01571558437287687,-0.0021192742604565938,0.019368244609241178,-0.006043695667828493,-0.00472639410630069,-0.003990667658928657,0.0915685707429882,-0.02660261631421349,-0.0028652031869341077,0,0.8210994348646873
27543,0.16840756161455603,0.022209334598630222,-0.03790541966205286,0.043997661383709814,-0.14581358677148681,0.10537642386476939,0.002149786033613855,0.0060343855527760495,-0.023353259311049843,-0.013750125478361361,0.021248769417492406,-0.00924103493673664,0.02699236619021682,-0.0004267400329057428,-0.005671507824340435,0.0014444159750640951,0.08852907518782059,-0.020666083400856117,-0.022399459573529294,0,0.7656169968099684
27554,0.18957531608506248,0.0279853498143374,-0.045099245058498556,0.04711624881628195,-0.16149972069353508,0.10324003181683837,-0.003756422094723591,0.005015426516263257,-0.032231326967545305,0.011134496203807286,0.02044989808946319,-0.005282238665702136,0.013766932332958835,-0.001586204170485443,-0.0002549837164048919,-0.003492866122598831,0.07843294935528221,-0.02418995634823629,-0.022035079016534863,0,0.7961446918845599
27648,0.17429040379222943,0.02036607143508363,-0.04851588634626726,0.05974991109675472,-0.15030761454081176,0.10938295093882704,-0.0017893512954873928,0.021982663416398072,-0.011847590060189752,0.003684855354437423,0.010102009978108912,0.01214221331948758,0.01877767526687186,0.0051668343162600645,0.0014751492012758047,0.005429705796188268,0.10235851198957416,-0.03902478442481526,-0.01590357947059642,0,0.8122977620396648
27741,0.1790691514942696,0.018342475151112567,-0.04054745032669132,0.026265584344738926,-0.14929249930523125,0.10233138536440642,-0.0017722080321421092,0.009680925377315549,-0.031919821835872574,0.012160644996168783,0.038258173971296924,-0.011775703267529258,0.02099532462540707,0.0048707391648018464,-0.006053110972797588,-0.008866278295279055,0.08838872485874803,-0.027124902891061353,-0.01200562499262251,0,0.7897207292674927
27816,0.18337651939940106,0.011979470464950697,-0.06774480100762709,0.04957597281453752,-0.17646391253177032,0.12089555279262636,0.0001199837162745403,0.02545189278727589,-0.029113489540217488,0.023766733328412094,0.020326024399594654,-0.013164090754715519,0.010069800581943804,0.005706580557608589,-0.01115188208447521,-0.010972745469021914,0.08811523751260954,-0.02286717140359876,-0.010748506033187081,1,0.8816103671798481
27822,0.17727765911908547,0.007878757268852751,-0.04505741075926768,0.06089372070378848,-0.1662724327560478,0.11145079973352094,0.012171329741565632,0.017370117338597824,-0.026004493290318703,0.0011422832052115387,0.019878011230010244,-0.003576879739726778,0.007864205699022879,0.01111681131638437,0.0005001603102604523,0.001870661165786065,0.08626533986481168,-0.025585037920271895,-0.020260963730307814,0,0.802437074892839
27832,0.1863801961830159,0.005316465035068285,-0.04516449702857679,0.03951900204276074,-0.1696477009080254,0.11023700271914928,0.0025089371712132013,0.005136285646245182,-0.019027766491952206,0.013162034615504373,0.014176495666714643,0.00022583113912727018,0.0063418132959480586,0.004770837889019986,-0.006852434704127271,-0.001186730881578513,0.08841635499465074,-0.033027683892526936,-0.01670767213146455,0,0.7678057424366693
27962,0.17931771615889358,0.0167213173067855,-0.042976684887845285,0.05710377083498848,-0.1506894559014579,0.11492740961835782,0.008148430998566112,0.013970961582257703,-0.018505725692674682,0.01748503413917783,0.010127302786148535,0.0018505911994723023,0.020790350503203686,0.011317532006150056,-0.0094245975006087,-0.010562284072305516,0.08025729476936436,-0.024671309509014392,-0.011848290416510865,0,0.8006960598837833
28103,0.18950092687892378,0.015672766530416053,-0.058353370934867824,0.05290974398702899,-0.17375386381084948,0.11725092829953758,-0.011141179854062776,0.023497929244768206,-0.027756231628926792,0.011298586778723488,0.026544995300491262,-0.006898466680926796,0.019080278227763196,0.012931396815500986,-0.005550724948390144,0.00034295142787571113,0.09841674668773112,-0.037597939714819235,-0.020823807754110583,0,0.909322835505714
28142,0.17978841559013875,0.01704012579941133,-0.040435856294142314,0.061953316985075224,-0.1541984736134457,0.11020455469970165,-0.014251512737054816,0.024465892417289373,-0.03919303984754735,0.03341707066596418,0.019277166755995938,0.002996706698225513,0.02404200559158967,0.0029817019567662103,-0.011272906413656903,0.0046166090267160224,0.09945928288055315,-0.0390884228243729,-0.007652812758347647,1,0.8863358735559946
28178,0.18492906424012753,0.022853639849319707,-0.04809632782249034,0.07202475143242959,-0.1593710545910173,0.11206263122948665,-0.0014388573131980196,0.012584297054542856,-0.03361464623370076,0.008266599945467136,0.00501551850147073,-0.009509359857682411,0.009342873027193195,0.0013629489704818434,-0.0024309467291142935,-0.0021446584944031432,0.09796579323117915,-0.02875173742922768,-0.010006235781342817,1,0.8217719417338751
28201,0.185738619073838,0.0170044034485227,-0.05657473539123601,0.050027714945039485,-0.15712453960491657,0.11138155421046386,-0.0004970665347457206,0.023659748208224467,-0.022757354370502438,0.019386338098056493,0.016903765127649698,-0.00867138528520663,0.02621406652674645,0.0026755018202650233,0.001745274304266738,0.0036794616014978643,0.09769385728139976,-0.048681342080981,-0.024876833334883653,0,0.8752935612484426
28230,0.18273512723432928,0.01795319273401546,-0.05658351495371219,0.0437345181880878,-0.17422319364327918,0.1065392897883019,0.005160925230132598,0.01742806481754239,-0.022527399651762797,0.0007512635746238873,0.017080116813615695,-0.007341965227201595,0.02015779934321927,-0.0005916028539756438,-0.0058320221827746635,-0.00012355098021856064,0.10525439425710219,-0.032921005262200646,0.002700793447830238,0,0.8196397401839259
28390,0.18742052559312744,0.023246302767616404,-0.04233145827960694,0.040354804739157785,-0.16194967555199485,0.11140349661714548,0.0034501561441954817,0.022590479683071506,-0.026405463788778928,0.017894275075840942,0.0064379874977914696,-0.016914512529067026,0.009802344980000982,0.005922280048009031,-0.008808171435274651,0.0042706167879715245,0.09088763950725633,-0.018856831690392338,-0.011282640614763681,0,0.8102296633310628
28450,0.17574588400973945,0.02310070425577397,-0.041993195641520424,0.03757200560963507,-0.1496751337472884,0.1142666809224915,-0.004580797987110075,0.018454118344526708,-0.038643944728258675,0.002309057624458441,0.019919093603251448,-0.009345652362537702,0.016515398301532883,-0.0030972298027424766,-0.0078017708869302805,-0.010876753482287189,0.1062907912590992,-0.02647576448744105,-0.018481627157752836,0,0.8251456042143778
28524,0.1956330662126612,0.03082948063942685,-0.029165674320462583,0.051837393909917866,-0.1459162325175799,0.11852896346884295,0.0006097671464918443,0.02227403184098922,-0.019516271869859804,0.01740564811721665,0.0010075311702841471,-0.009623271515329906,0.01694882061830392,0.004823550688510247,-0.008599660378106236,-0.0042599792050155615,0.09791203546517878,-0.038577947067835766,-0.026000559450733686,1,0.8394698856027472
28724,0.2026422665069407,0.019032233655367038,-0.041492979019333104,0.047031113099869036,-0.15490786755340216,0.1266184236516783,0.010572287299640161,0.026131549801404426,-0.022152240510155623,0.004367909584937885,0.012858807833653313,-0.02014479721378014,0.014824023481506939,-0.003711040497256429,-0.008636761963799264,0.0036361464667416295,0.10433619047266779,-0.040795742995833884,-0.007989431868629103,0,0.8718818134765969
28791,0.19085300512507958,0.022695779714947975,-0.03541007602415716,0.04721044052444083,-0.15640176893415914,0.11559413042811247,0.007914374858464418,-0.002230978312754606,-0.03348904528978908,0.0018721820344785062,-0.0018975104719656318,0.004950663900516281,0.016151332341520216,0.0038383584704983777,0.0017396294962999958,-0.0057094257949300955,0.0832633752972021,-0.031593242837297086,-0.006760289033974845,0,0.7695756088905884
28807,0.1815940988680206,0.022177485674708286,-0.04497647079667813,0.04727045773764522,-0.14837698236395389,0.10215856483967073,0.0026038925861040763,0.01990761729171714,-0.04112350577955473,0.002208049870659013,0.013089729168980695,-0.008419955554494048,0.017964720852309952,0.005798922417013819,-0.023808202776158503,-0.012091449052929313,0.09598237106780877,-0.038552822267535695,-0.01149477096882664,1,0.8396000699347692
28939,0.17600213604548376,0.022015885164450664,-0.043825736245927054,0.044165212929014076,-0.16146756704354395,0.13064863506294258,0.015590632985178432,0.027286671061485888,-0.03844609309323651,-0.0025377585616969717,0.009617354707190218,-0.01494868138584788,0.017818969896343517,0.015044574950240213,-0.0052989018491781245,0.0009688204306046104,0.09662799212214486,-0.0240943898115053,-0.022073347669199887,1,0.8684793610152145
28953,0.18445769855722424,0.017159893230970984,-0.036240227458192206,0.045210659724102154,-0.16347087862333803,0.10577807926870378,0.00026229869709004227,0.02322214508113042,-0.040239573800564386,-0.002907465223345513,0.0019025822899115241,0.004395228027317208,-5.329180185382082e-05,0.00118648827919631,-0.0009678385967085638,0.0020846375805273366,0.0902882380127879,-0.02715364126089484,-0.01876348338925516,0,0.7657443489031144
29042,0.18547640999185597,0.01411957656540052,-0.05080214750882764,0.04989425285161896,-0.1423712496787109,0.11976641490114646,0.009719624151998825,0.027425649682364925,-0.023918704456215745,-0.0013261275959595815,0.01834381439256556,-6.16823041730008e-05,0.018171403259941894,0.0014798898216864733,-0.004457635959248144,-0.011411590818883167,0.0957088336380176,-0.02169009635530929,-0.014183376750155333,0,0.81032848068408
29098,0.1839373770855292,0.02773209415119421,-0.041018325962457546,0.05128106067968897,-0.1591726103237624,0.10851712910496311,0.013773051200711218,0.022304492776131595,-0.01661358550084875,0.010298038250781206,0.01485040244833368,0.005327690931422134,0.01502390327558292,0.01242286350033475,-0.014246462717631865,-0.009473745801821868,0.08378772025705307,-0.018064977089051096,-0.011443596259274305,1,0.8192891273165739
29145,0.18221697414815038,0.03031340140037191,-0.044683923097620065,0.045762349925169074,-0.1601391533843624,0.11999694530724601,-0.012298948351797949,0.007983846495948636,-0.04030785605277624,0.02013226513099257,0.011382898722144959,-0.011914952656680017,0.013930947469241926,0.011448146146088722,-0.0007422872334871551,-0.004370673797588375,0.08574429455613446,-0.03793022223346372,-0.027405559399644366,0,0.8687056455089089
29290,0.17842373053642138,0.02791397939032079,-0.04852765176621888,0.04465139736281847,-0.1388766445517822,0.10624482438973035,0.0027965450967235876,0.004727594904587018,-0.017450246236217295,-0.003104210422447588,0.007842713778641404,-0.0015810059805392586,0.012257058834264138,0.003954381279945639,-0.0004310804363870476,0.003823951978415847,0.10277392102540377,-0.03435099028096031,-0.032155294837022515,0,0.7718872230888475
29430,0.18371832324183215,0.019581590589329265,-0.050989891468937336,0.05258586898894555,-0.16006592483515303,0.10681453867856856,0.016014914259049568,0.03641293104085181,-0.026120623302957818,0.016487561737480692,0.023304345283795137,-0.01135519197767738,0.01933876103130308,0.008320350976374883,-0.009306639728106917,-0.005136785751358939,0.09648694637215718,-0.027277446071896565,-0.02238848508797297,0,0.8917071204237489
29469,0.18642992351396492,0.02240894305124425,-0.052579533798573025,0.04458470199045629,-0.15839664721562843,0.09676956643072791,0.0026892606566089675,0.012086631679807752,-0.020904478377159575,0.021983683623743325,0.01620735050605573,-0.002248499618820818,0.012898005703600956,-0.004441455367451324,0.000147753930089072,-0.004602467587118667,0.0937540828343433,-0.03319353650999506,-0.01022308360520552,0,0.7965496060005949
29471,0.19942096411031107,0.028711810277070413,-0.04825554077075897,0.04646977113217427,-0.16469656057688314,0.12351296835673517,0.0005153050967268858,0.015794525538753375,-0.04520724491532362,-0.0031960733052170094,0.014724216374388813,-0.0031272671519917933,0.018174428490212995,0.003424288681549542,0.0026428826456620963,0.0025321277675947654,0.09578300209598233,-0.03587864300665996,-0.012854637597894184,0,0.8649222578918904
29472,0.17410977537433886,0.02411763247548507,-0.04246747541669502,0.05578898483463769,-0.15724384604780461,0.12634705087183548,-0.0023842641431858712,0.013451836017635105,-0.021222285577918706,0.006968676307616733,0.01390706944659665,-0.005977393267945626,0.011740558910484514,0.007202919413266715,-0.00689463459413907,3.315817589455804e-05,0.09074936876669219,-0.0303393256263036,-0.004148883009001744,0,0.7950951382774778
29537,0.1908506725604147,0.002331859525715023,-0.050845084414178544,0.046828659935694204,-0.16052249344262037,0.10221178726799127,0.00697007533544361,0.014788478508459107,-0.031379841811412644,0.011921599519959409,-0.0036602769895939338,0.001662830689798038,0.014728564936567793,0.008109388315742696,0.004506120511725445,-0.004438927577954586,0.10110595293800649,-0.013278481443358534,-0.011564064295638709,0,0.7817051600202751
29652,0.19191648067601,0.0291549705927521,-0.06285582395194786,0.048940278578488726,-0.15022893928514233,0.11693168332536154,-0.004122946587151062,0.017389701903657795,-0.028324701289251953,0.0027208044499398383,0.017387487905432285,-0.0038004873688524438,0.024115522669521952,0.002976339175200371,-0.00870422967701687,-0.001778279391854023,0.09377932610840477,-0.037191140078511556,-0.008302420452222608,0,0.8506215634667201
29674,0.19828642986855677,0.012493954666775463,-0.043710247198414126,0.043898964177727685,-0.16548594792900248,0.10213670518531848,0.005066233678383604,0.016875791362396086,-0.01768981353431297,0.013523234943212809,0.014952393899912474,-0.0033914204808686353,0.00678424430388831,0.00042639817613520454,0.0031933668847250666,-0.0015591046409228278,0.08442892076024561,-0.024649417752734968,-0.00816355889086677,0,0.7667161483344004
29730,0.18947388129267984,0.027929110023415665,-0.05409986314386172,0.04538020980190263,-0.1580422989075371,0.11015387962491137,-0.004831955045238305,0.006262775628486365,-0.029611869293044157,0.009140432357854012,0.0030332576158421877,0.0109047827744939,0.025826152589420937,-0.0021502503181097797,-0.002188735202734181,-0.0049129730863786344,0.10761937969421718,-0.03869812472552093,-0.0063693426905794305,0,0.8366292738162283
29893,0.1839654965542055,0.02618459857306504,-0.03919431945487001,0.04535845865486014,-0.15645360393337218,0.11024035387955272,0.015128283987059619,0.017063560880988583,-0.029083999301346482,0.016321333981098675,0.008183223301394737,-0.0013022060207400442,0.019412935559489645,-0.008197666281942004,-0.00641876585034091,-0.006845309037532323,0.10655407741209777,-0.024686200871599707,-0.02122774064315094,1,0.841822134178707
29990,0.1840606765789027,0.01839609584438994,-0.047757955389510984,0.03988880886175252,-0.13743287869615098,0.10795003857923584,-0.011250956817294617,0.00824440834924251,-0.03722742213253183,0.015000186777311287,0.01977799988967788,-0.005710233635640383,0.024174120284740575,0.0045107261348561346,-0.02381992461946198,0.005416003575774641,0.09295576050942517,-0.03175074936717212,-0.016138834420368887,0,0.8314637804634409
30027,0.1873462404677551,0.016081307807533095,-0.042063860909023476,0.050992098939335984,-0.15702686635238858,0.10616061175412084,0.0077581263004510475,0.015432970162617882,-0.013963088609115121,0.020999513874131057,0.011703409068267903,-0.004555571921707752,0.012247957566654658,0.01355154338303424,-0.013139422830986174,-0.01179617111491102,0.0940161777138927,-0.0327564165920685,-0.01147747685379976,0,0.8230688322217949
30137,0.1691513503776347,0.006119238462665718,-0.049297614559584785,0.04392868683707521,-0.15102368629202234,0.1092481040747854,-0.011843766695419424,0.01102981058757624,-0.023432460494157443,0.012773461007521924,0.006717264508499905,-0.006188948275933867,0.00919648448036178,0.006153255953284463,-0.0018480159009618305,-0.005239204220281065,0.09655307349110719,-0.02861917265268432,-0.018496968447899255,0,0.7668605673194568
30189,0.1868969376675114,0.017555134550512858,-0.037769546469690614,0.06064331756653882,-0.1573593477380403,0.11007522550105081,-0.0013951949746173246,0.01895246078243464,-0.02699007943089532,0.006241595667147881,0.020129775231134583,-0.0033480091096757133,0.019506902194843755,0.00195710114002664,-0.02051190018230905,-0.0002879170142486596,0.09239826301773961,-0.023137780181387197,-0.02340687618682917,0,0.8285633646066344
30206,0.17709554480575881,0.019025625729463137,-0.029991795605147746,0.05187115826442631,-0.14337098476575966,0.103569161361128,0.014413464946456962,0.018769330473306197,-0.027991809600040825,0.007042058083440813,0.01298873858891526,-0.007776246858921925,0.014597355395063849,-0.015870288555519654,-0.008922368196326696,-0.004478805774726594,0.08872824667606778,-0.03531406179235292,-0.010432921999566885,0,0.7922499674723901
30280,0.17586325314600226,0.01575818739329516,-0.04280729446196379,0.041738853158391126,-0.1493829910922315,0.10650322689219313,0.008059824508504676,0.024206974479372298,-0.03561177908612984,0.012700539754936636,0.0017694351302215193,-0.004631776962875989,0.03377201245335361,0.0033008617316985208,-0.008854215371729205,0.0007869419575200802,0.08737806923246713,-0.03379779210699071,-0.012487385800209553,0,0.7994114147200867
30445,0.1887508392374168,0.02960894153771931,-0.056464473777575394,0.03969388185006753,-0.14405513364703915,0.10795975952682302,0.00806740236122879,0.009864382597259443,-0.034177335226362085,0.011915184263944825,0.01699594173995088,-0.016700056542639452,0.019247238159630937,0.0007963892454468687,-0.00787084955798153,0.005084306592292044,0.09794939248833325,-0.038154615028555224,-0.011659205776838816,0,0.8450153291571053
30469,0.1812016380396298,0.030304371388983856,-0.05758368911801172,0.047733478966500216,-0.15581811904276027,0.1129994724278242,-0.004563011427242091,0.02021255265705632,-0.03570481920789531,0.007271778530216784,0.015194262003885704,-0.002637489465635045,0.008317742866866321,-0.0004836341286503496,0.002627408418841922,-0.00975295158602958,0.1008635621250112,-0.033884471683151784,-0.021170028381827077,1,0.8483244814660196
30476,0.18911889534097218,0.01883269158269025,-0.03986520091048085,0.055658354934389115,-0.1546570307300599,0.12661209802437637,-0.007184631965953862,0.012664864160883195,-0.03536201194509546,0.004848596263087408,0.009307696086360057,0.0008919069301631384,0.018635478977154802,-0.0026672547354575312,-0.0013726537679087704,-0.00887653361572643,0.1060356381889638,-0.020738821066839462,-0.006949065538433117,0,0.8202794247649957
30484,0.18286738164987118,0.02536370060956478,-0.04902419208953236,0.03960838574398405,-0.1355578338521165,0.10138170132166617,0.005189292887885815,0.010581013636360928,-0.03396611860165362,0.011379289023695012,0.016432133445816764,-0.008553399721638308,0.010278856274402736,-0.003403555237365616,-0.00855256056238701,-0.0025352992100148423,0.09075901445010243,-0.03319822372015366,-0.02863504435577842,0,0.7972669963939902
30656,0.17310109171436788,0.024808607218586447,-0.042477996307130755,0.04908939411903834,-0.1484132746124429,0.11046446498095719,-0.0020645715370394774,0.020347216996732132,-0.029072385002762817,0.007717650635794926,0.02432239729128828,-0.009761473773685251,0.011339174556126427,-0.0021279279189509058,-0.010799602066511232,-0.021272591627189728,0.09196922716552584,-0.04107314786635221,-0.008189984197475634,0,0.8284121795879584
30710,0.19298404289851578,0.019912041036680213,-0.04605272628650806,0.053389972534268026,-0.15785942826741567,0.12041370224672175,-0.001376299039837347,0.03211543354907091,-0.03795678939610889,0.007596486830626411,0.02157407268664552,0.00044452232420324773,0.0072842327242369515,0.002223895586485472,0.0013670338193131463,-0.005129342157792705,0.07823157347915696,-0.03326542868545202,-0.029585425800196817,0,0.848762449349236
30719,0.18462564962793476,0.019333522891432846,-0.04164812250832657,0.05064057389028462,-0.15766167923752566,0.11376100364540287,0.011363539003620691,0.022642352695749136,-0.03330423682468643,0.0032165238404658642,0.004041721433504755,-0.012912256476507676,0.014999722048157598,-0.006190563233733525,-0.020034825050387662,-0.011715561383348373,0.09670414811116101,-0.025259596400519373,-0.011594887321175857,0,0.8416504856239253
30731,0.18173625478641098,0.022722015381246734,-0.034595799960013864,0.05987835524661552,-0.14781223606212548,0.12117465556622346,-0.008943390820013232,0.02718675914045714,-0.05334217380677056,0.006266199538899275,0.00036146085659528155,-0.004849566726919241,0.022579615622197905,0.00656912648686972,-0.016153743010002587,0.00395718504453002,0.0932689944388408,-0.039381377752075286,-0.006142802490175761,1,0.8569217127369828
30881,0.18595239156945859,0.02733593018876737,-0.042268532350963776,0.04325973145869479,-0.16153905194142976,0.11006116227905628,0.005166919620889084,0.009555296295298483,-0.03996822360663598,-0.0015136359746205654,0.017868466306321808,-0.002270535533138573,0.02010656192296739,0.012243824576627944,0.006651509292186484,-0.0013809683111606597,0.09119931052449001,-0.026578449369675093,-0.006594453425078675,1,0.8115149545474614
30946,0.18939297956420678,0.02131083119675338,-0.04747618231313727,0.06040344158935005,-0.14750833913815972,0.11031489241257407,0.005183083609301635,0.021558160398048712,-0.023228502369865154,0.02026372226065972,0.005145016375954165,0.001331065479683317,0.01653173648061806,0.010136670253420925,0.004367231743019389,-0.013114063549745297,0.08800910996223028,-0.029745270419394402,-0.01815563887489101,0,0.8331759379910133
31009,0.178110940625881,0.011139714343024786,-0.04982055884675057,0.05635278860219675,-0.1523816754466117,0.10779225137975791,0.0002328388440474432,0.023226599393553756,-0.028889156447713494,0.006717307558814135,0.018380917822404325,-0.011106626896392883,0.01138055206648258,-0.003303729908452046,-0.0073797147155183415,-0.008428273060428709,0.09261327347155834,-0.03569292277238212,-0.016367037356680283,0,0.8193168795586512
31054,0.18050956511531482,0.03044988701305528,-0.04494392147104839,0.05138534381141667,-0.15348892045260853,0.1061372589139598,0.01073979135565089,0.02379327914419964,-0.03963363669510172,0.011368004275562988,0.005831051961041886,-0.011852834177249421,0.012992589635975875,-0.005024177887821783,-0.010798634333440544,-0.008308439124618833,0.10694828599311669,-0.0315961934947151,-0.014818659945208262,0,0.8606204748011071
31112,0.1828708683602277,0.026594901322918318,-0.04167842507389019,0.04306741776358859,-0.15937641838390937,0.10646343129136779,0.0022235594389307814,0.019027322446651992,-0.028678807887021672,0.019493979709121718,0.027164548184915732,-0.019382714157899564,0.02383725785443314,0.0005065381538324826,-0.009562729445567223,-0.0016052768650996257,0.08274801275714169,-0.029594346600065265,-0.014514617311566025,0,0.8383911730081489
31152,0.19384054186978245,0.0322854898987768,-0.045655639711714706,0.04756795510623214,-0.15318007923038557,0.12347070683272843,0.015180401871180247,0.022647250419118716,-0.02890860512079162,0.023638837980411324,0.008315721350522814,-0.005259109705222336,0.015702311043489386,-0.003694870838019202,-0.00785685902884642,0.000196884714590089,0.09639801682977019,-0.0385936453408387,-0.018342189040061525,0,0.8807351159324827
31169,0.17727785184816178,0.0184264939363298,-0.04717211637385612,0.05034803056929129,-0.15031447036922566,0.10694592564222784,-0.0016764768083804987,0.01782790325814259,-0.03281917224781238,-0.003781850272324571,0.021925909543704738,-0.014550475650672122,0.017428919630653145,0.010977576073986473,-0.019210388329363958,-0.015589842726606724,0.10319912039534863,-0.031137848673162036,-0.013137761723975704,0,0.853748134073226
31213,0.18825548962893265,0.031102163318045495,-0.05871051773114526,0.05982785414598405,-0.14469279922404135,0.11240560583890336,0.012024157416241783,0.018515034447219175,-0.03743418469678005,0.008226906778921513,0.019508466558766643,-0.009820908000507939,0.0022484461894486116,-0.016276828548767535,-0.01760423391552211,0.003067991557526709,0.09460742276774484,-0.02097180346336613,-0.011729390190065702,0,0.8670302044179309
31243,0.17845807377965178,0.020617880098953944,-0.05013320841925354,0.07185913587383712,-0.16362269384791428,0.10195336636158588,0.004196388649031111,0.021110449117236994,-0.036105319265360716,0.018039617790932504,0.022597563684934888,-0.008106768545018492,0.02471835138826729,0.0022944890501601766,-0.006040632667220603,-0.005718586514991214,0.10280469573686649,-0.0359004874518323,-0.01644950336652371,1,0.890727211609573
31275,0.1774425545339413,0.02148159174168121,-0.04486343715603867,0.049933296987418184,-0.15289612652557544,0.11167976051314388,0.013112308681009493,0.029231504160766246,-0.024085421365583712,0.00891594622410419,0.018659532101672847,-0.0064562688275979436,0.018459696386383364,0.007780310820336404,0.005676670415174269,0.0011127924717077137,0.09702298506365917,-0.03324513893376772,-0.021898528627240357,0,0.8439538715368021
31276,0.1790938337533975,0.025779825661882184,-0.05131296589780459,0.05834559076153432,-0.15088706375500957,0.11171764551189438,0.0016408283175704556,0.01881307194753341,-0.01904439057161214,0.012335564511601003,0.0017454651139951628,-0.0096264356967318,0.022531517163031516,-0.0025556262636680827,-0.008561765432929894,-0.013431938050071387,0.07985522699997184,-0.0314599759223683,-0.006776338418426659,0,0.8055150697510342
31302,0.17435245928367143,0.031354635235977986,-0.04548708759805306,0.0589133777846748,-0.15473617398695544,0.11186219057115446,0.0018685856733584793,0.02901364483313078,-0.02802715612866304,0.0015830919400563308,0.014263906965004184,-0.019237017434146738,0.01828444984043124,0.009868829081930541,-0.00221151710055395,-0.004145905959050549,0.10762171037251429,-0.017168924519639826,-0.00995856410978479,0,0.8399592284187519
31309,0.17337346326317368,0.022171375669123427,-0.05064311035018019,0.04445022743235881,-0.15315394777744207,0.10661918118678994,0.006063297073057698,0.03631122207332658,-0.030048823508024437,0.015767104546934106,0.015984237352846827,-0.010721513336920679,0.014005253186700595,0.003830423202318659,-0.009494346973504462,-0.010624918037959164,0.10271589981390736,-0.032948446837601,-0.00371801377854079,0,0.8426448054007105
31405,0.19433301753333027,0.018122626624508222,-0.047468184557474626,0.03867094705621578,-0.16169863040043725,0.12520964349244232,0.006798290340333494,0.0047997290245297124,-0.03247246024517378,0.015872240367324764,0.006478510553282165,-0.008164812609126559,0.012792666561901794,0.010802154767339868,-0.014123326946267636,-6.777449820616997e-05,0.09335066993489972,-0.028860855045543882,-0.004784158817494854,0,0.8248706993758329
31424,0.18861608255404136,0.024842007372732334,-0.04581796632870115,0.055826475060690516,-0.15077368184482312,0.12057329726679648,0.007038643539507753,0.028707884561722855,-0.045375025030684274,0.002994675170061711,-0.0016452820983537768,0.013770259903253854,0.03173385950066072,0.004042452527392325,-0.0017051086782254366,-0.011695791334082795,0.0975409333585369,-0.010247159749628303,-0.01208624588276838,1,0.8550328317626641
31466,0.1831878629584005,0.023644043849927746,-0.059457666613508674,0.04823177489383347,-0.15360048224943557,0.12821002582711047,0.0110868411049766,0.012861481897964273,-0.03546903388113816,0.010748677870309649,0.0031259611480072068,0.0035729881564233435,0.02271914964308795,-0.018882294695617488,-0.0033904848486262184,0.014792557361572645,0.09040339147947243,-0.024670227584891465,-0.00012509923962662138,0,0.8481800453039304
31481,0.18508411980209175,0.02551882998338245,-0.043514206094484795,0.06744629627235067,-0.17787472314977967,0.10367950025300787,0.0031286840631918086,0.028297152132406956,-0.023209990856171106,0.02213019167090515,0.006575245235852177,-0.005002791685710549,0.014397776162919092,0.008405804471541567,-0.019455626381759402,-0.003270744737839945,0.09535251053378085,-0.030548968520931922,-0.011848302345241242,0,0.874741464353349
31522,0.1909972434423237,0.028758740634881305,-0.046461003202178705,0.044879224413669566,-0.14346714607116087,0.12092426763055172,-0.0018018314725559694,0.01861121531800075,-0.024418579784620028,-0.004321030151958294,0.01458024551118072,-0.0035517358152162217,0.02209430972454519,0.008117043215572686,0.010002794334625973,-0.007818297902517684,0.09387064836091977,-0.02584693814379282,-0.012025019530015515,0,0.8225473146602875
31578,0.1970215837093888,0.02136780293348681,-0.05544603313338028,0.0598173834301169,-0.1421098742462704,0.11537301033839456,-0.0089890378633126,0.026193120354821093,-0.021376633642176034,0.0002159435960855533,0.013521607348046423,0.000985692964431102,0.013570011895160746,0.0006409432739182918,0.003216063288842034,0.00442093304002524,0.10498858450576262,-0.015636373905588034,-0.011208430782059116,1,0.8160990642512667
31592,0.18330215216631346,0.02534366243243962,-0.04599629098299137,0.05553535637979247,-0.16437970254382633,0.11491888349424831,-0.0018779636328787445,0.016690311334081685,-0.03741485336580651,0.005479267619798355,0.020755179463941887,-0.015213343598353678,0.013386718638412046,0.009373671231464452,-0.009683321819218124,-0.005932202714327688,0.10453775238168127,-0.02802737879690269,-0.0018208570976139592,1,0.8596688696940926
31655,0.1829945013052134,0.012917750329339601,-0.036972530125557415,0.05526768542038946,-0.155650363599903,0.097142763105418,-0.024181828575079868,0.01492966824575492,-0.02746258068258651,0.005380160642678739,0.008158556147257811,-0.004268404739986785,0.01773873811643261,0.0007975039623964989,-0.005737108382848843,-0.005386315636377567,0.07535399945420153,-0.028009968537625225,-0.0286394638180285,0,0.7869898908270763
31732,0.19103608389182428,0.017867902653555614,-0.04531585550648385,0.06031090611559742,-0.16644067029757342,0.12260179256202892,0.007633827498959438,0.011761044154027301,-0.023915385350201834,0.035396922975229804,0.014856942102233853,-0.006411544450260606,0.020534131159763644,0.007023734106977504,-0.009276304862758905,-0.00504281925269398,0.10024060009693785,-0.01421062943198129,-0.016045441823944382,0,0.8759225382930339
31768,0.19664285461568862,0.026822245961300374,-0.04831424367623343,0.038017028797202056,-0.1637730688554186,0.12221387197139515,0.009627253766340252,0.01879077280400342,-0.040996913210079186,0.005153503388297243,0.02028591294837687,-0.007301053585859904,0.012681586680432172,-0.002835083017195935,-0.007197411528273365,-0.0014230948678271534,0.09240403801742221,-0.030838235365593665,-0.002398243295069823,0,0.8477164163520094
31772,0.1950078516125354,0.017004589062460433,-0.033984284680182754,0.06307947971373726,-0.16209976210209354,0.12384654683499417,0.0018036146261625706,0.025731297527844508,-0.033966841277392176,0.009888694118106495,0.015641985165780622,-0.01431954067970659,0.02225575228661834,0.013374399902405675,-0.007165235109868168,0.00993929732056424,0.10458195257288509,-0.027160392014583874,-0.019428589204894337,0,0.9002801058128163
31850,0.16964023538476408,0.03524395040741964,-0.04433375595874603,0.062744263308235,-0.16628873333160832,0.11626604251050228,-0.015317969848772301,0.008707167052728984,-0.033145083073934045,0.01472796253102899,0.012741941047771096,-0.009501768554968365,0.017047209317403594,0.004515840971312636,-0.0002061589720745455,0.012041958991066389,0.09697337585535623,-0.0291266516335868,-0.014353352829293958,0,0.8629234215805733
31866,0.18031826854689853,0.016822204373723355,-0.04995785861806769,0.04017476052338296,-0.15060197312301896,0.12111101951627623,0.0016685085680043055,0.013179484733894568,-0.03237977511934825,0.006838959900081038,0.011458464109908667,-0.0007091084703548261,0.02182451383568581,0.012856354972770417,-0.00851912256963972,-0.008141796920313887,0.09571726793712905,-0.020423660187465078,-0.00637775504469083,0,0.7990808570706541
31880,0.18506331558303837,0.018710725978091307,-0.04805301931873866,0.040345903693699114,-0.14641049462064815,0.10500455233218182,0.005892200415673317,0.029366187023538926,-0.0390810002134913,0.01856755960740189,0.027548828792385203,-0.014112087768175319,0.021929141773151,0.009855144146086582,0.003830395199195964,0.013317999098160945,0.09435034323218643,-0.027069634527840458,-0.029375023312734977,0,0.8778835566364197
31971,0.19304218275722107,0.024691203213924436,-0.0421290412084628,0.04197429830339604,-0.1565511530697566,0.10914274508988,-0.0002446364065150522,0.019442498325508692,-0.022884384493659298,0.010016346690761437,0.008611240527797279,-0.005228354565554038,0.019857516235154936,0.010919984468578897,-0.009717645533662257,-0.013159631433679493,0.09830392231669081,-0.03107073539310805,-0.014010439195275106,0,0.8309979592285863
31994,0.19511708642077238,0.012157543029035475,-0.055389984069464805,0.05704709162601597,-0.15888199706284717,0.11253914549566318,-0.002757322585420075,0.01637772211795623,-0.025709418570647194,0.01982151621195078,0.007719671148396117,-0.003954419060232107,0.013611320740269387,0.012257156205933229,-0.002077494820760333,-0.00821641912704685,0.07797575635550734,-0.02022949161747044,-0.016052154274368482,0,0.8178927105397575
32088,0.17071635178781916,0.03155305062889197,-0.057146632161073074,0.06631870145194216,-0.11664904690683671,0.10726068201385118,-0.0021563393131734613,0.003623924781286415,-0.023400163737954945,0.007436878257692878,0.010261276174990343,0.0011808042218882562,0.019437858425592206,0.018549987807941447,0.008456446735544791,-0.002694586736903709,0.08917804842133431,-0.022840542172715222,-0.010943663073021314,0,0.7698049848104536
32148,0.19005270268918126,0.025866395095152404,-0.05174152828313245,0.061760879142340463,-0.16732199022708194,0.10706772686502078,0.0035524714283304685,0.02394433629236526,-0.0264384138189043,0.009293642007748064,0.007401852219417777,-0.004910572799029632,0.013746403930162248,0.0035704824897884076,-0.016721255396153285,-0.0011914119731335298,0.10368330958966228,-0.012416861302239847,-0.008584943102096398,1,0.8392671786509408
32158,0.17384586224263374,0.015284356981046987,-0.05755303301015664,0.04628388162509709,-0.15823116394278475,0.10293604120699232,-0.0072424353693486265,0.011778549980582857,-0.02672654406408995,0.009491983213091203,0.008666749468899419,-0.00537551876395745,0.01450720028278667,0.00890805823619738,-0.010191460928599046,-0.00672252818687959,0.09443669659461364,-0.03480473086210766,-0.014662315306106287,0,0.8076491102659713
32165,0.18419766613505958,0.02817789740005683,-0.05044356852511927,0.04382176413997096,-0.1616704828897212,0.11774012810433104,0.006950394199470268,0.02252162053199057,-0.02453558538069533,0.0017832848965952022,0.0196281672436581,-0.01576655542310128,0.009686206455318916,0.0007619986715779812,-0.024401845941907932,-0.00786335721705834,0.09237247833593537,-0.03274292932268487,-0.0123538111168041,1,0.8574197419310571
32172,0.19278798293541813,0.028102626496548565,-0.050148825365506085,0.048278683757196024,-0.1400872686507478,0.13689135588522744,0.0044780226582021125,0.01189749238910426,-0.020369984108720242,0.00946125147169188,0.009358104884024903,0.0024012903117722343,0.02536076015294066,0.0029976433929184824,-0.013997766175125093,-0.00046613953402096787,0.09485218463130868,-0.04165057133132298,-0.00886842048760611,0,0.8424563746194027
32217,0.1854771622084443,0.019659360284547518,-0.03816561718176601,0.059869447228181834,-0.1601244659024449,0.11530507108345314,0.0034346365833064036,0.020781706873497396,-0.026429759397460697,0.011473234846879482,0.026252412044982038,0.004390972368040381,0.024832060383826186,0.003914423346395918,0.007442015623246165,-0.008988202395131269,0.09703892899056189,-0.042403821212659135,-0.021613219527057886,1,0.8775965174818825
32242,0.19252927461561634,0.012295524347311636,-0.054176359486023215,0.04775065718869654,-0.15549986574826316,0.106687154291618,0.003239825949162494,0.027442841110852878,-0.0327109434002001,0.01273754517065327,0.01983209813451939,-0.005722648848963079,0.010733552005585607,-0.006833886889322459,-0.006097809876080918,-0.016385128035239394,0.09252696157374987,-0.03451461454711477,-0.01879192966723673,0,0.8565086208862098
32373,0.17555424358957766,0.017006632722725384,-0.04871782202774461,0.044194369379148474,-0.15965110914117744,0.1119208843466109,-0.0011411193006209959,0.004902757152388554,-0.024297682675845717,0.01176628946174601,0.015410743263432763,0.004230366812810428,0.03116874180910028,0.010761155314660724,-0.01751786062017376,0.008908563131749984,0.0775553512316194,-0.033273871349976614,-0.01442157161413843,0,0.8124011349452481
32394,0.18530068071044561,0.019453028669786182,-0.047136383359566006,0.05042234836043178,-0.14765079713992338,0.11167309565655278,0.007673305659385639,0.01784250253515063,-0.02191392383464762,0.02002295828333853,0.009053197076429823,-0.009395775614690198,0.02183984046250706,-0.00510171075804799,-0.008886554448254499,0.0017050720712394813,0.09389969858568892,-0.03350647468356753,-0.009916283227210599,0,0.8223936311368643
32435,0.1979356503338662,0.014983622781149928,-0.046708860572204164,0.05600938288478265,-0.1593365960902893,0.11364279146005336,0.015860107355535006,0.015427585847950991,-0.031982752638979685,0.022392594405022597,0.02903059633187273,-0.0066715489059011104,0.0020749545436138926,0.01199771531924511,-0.005492948305198456,-0.0032430419993511143,0.09881442610803196,-0.02673936717294473,-0.01072037313113321,0,0.8690649161871262
32543,0.1860025786747267,0.03631521851365457,-0.055660620185462924,0.048698615310356914,-0.14709844124474536,0.1255739054257323,-0.005556540876002882,0.028065046057565577,-0.026605162871485538,0.002798092527230224,0.012495365054854103,-0.0008291260816735087,0.02199728502226374,-0.0009265038343677363,-0.0024752981427937095,-0.016215513166494812,0.10104058079859835,-0.0377572820059391,-0.0086771898266922,1,0.8647883656206402
32566,0.18556699997577702,0.02606949205059366,-0.02931601138476659,0.035723246765064595,-0.1540759160327728,0.12032087803028914,-0.00454813373381205,0.03151879735212895,-0.03314908728485776,0.024391975350657902,0.010325847911699992,-0.010304015900279375,0.03661001525062277,0.007543760992019371,-0.0011423827021860866,-0.01229817184062633,0.09773987042389776,-0.024088608868796796,-0.019419255798591526,1,0.8641524676494404
32574,0.17277506849198432,0.022392148891713475,-0.054873754487670554,0.055450500832032915,-0.1579970066881185,0.10334586493991446,-0.015992181149500115,0.008419564206275102,-0.029430906740445146,-0.0011821997457976726,0.004091090929337153,-0.0017785328786140862,0.00779880381974484,0.013185164982648974,-0.014535499875956554,-0.009868531775291818,0.09094815902722067,-0.038804076850049135,-0.01445563892754616,1,0.8173246952398616
32596,0.19050172969627543,0.016497319500240117,-0.05333330885162241,0.04541693334372747,-0.14836533914270125,0.10629502974519214,0.0016973377416206494,0.015715760465426002,-0.03017113760956288,0.0016527620247070004,0.006303159975845498,-0.015590365596238172,0.009902000073228,0.0035363288751238562,-0.004744808932224362,-0.007178186689178923,0.10272410608986379,-0.032750647935887285,-0.012108180441084975,0,0.8044844427297502
32772,0.1989572986356185,0.02495822523562123,-0.047215462235782234,0.06155278510781604,-0.14797650255039954,0.11619946928045347,-0.00676699508532339,0.02990935666738724,-0.032163742753144334,-0.009448563545798021,0.010925958778970539,-0.006850920533293892,0.0049189342185205695,-0.008897861037552952,-0.008756021724746243,-0.002709671364159766,0.07989876362442677,-0.031935155571586674,-0.009004202739260133,1,0.8390458906898616
32995,0.18959446715676848,0.026446441505413608,-0.03910385148365075,0.040317468414478565,-0.1672130218810228,0.11213940723264405,0.005655382602726342,0.003083052870700835,-0.029132799566288857,0.013123968521632801,0.004526345373061827,-0.013475808508732987,0.011405591436803857,0.009807076625030752,-0.02086248059158416,0.006864981289608319,0.10437094944130493,-0.039975550942086185,-0.009028945275811849,0,0.846127590719352
33052,0.18437907074190674,0.025169186066971837,-0.053650468857477415,0.04951969367995275,-0.17006591611774866,0.11436161880116626,0.005001196100071001,0.012116493458178937,-0.029797190389182243,0.010061155525391142,0.014570553702961425,-0.0008764088689117575,0.026147595477946654,0.013191803656990563,-0.010048487908774656,0.000617758034993537,0.10036392421735804,-0.029084041160802633,-0.012015297186298146,0,0.8610378599530844
33453,0.18984979456542395,0.015128701428262087,-0.05370470455496083,0.053796761151872166,-0.1554158325751843,0.10449380021587451,0.0008971777724439326,0.014579115289782296,-0.028105665576909064,0.005364445894549077,0.013953168678132382,-0.002231477199183831,0.02364166187322592,0.003141991432240955,-0.0023509004966459743,-0.0020996044077384144,0.09299253998312498,-0.015091752325945363,-0.02508336685170629,0,0.8019224622732063
33502,0.1783859166718474,0.023716916496033566,-0.04458301570448679,0.05140048280074651,-0.15111105512582806,0.10029203776267807,-0.0005131472775074257,0.0330294888255183,-0.03087450074284303,0.006775987888516692,0.008985926705792938,-0.009267840140880987,0.02709734998117444,0.0030372312905600236,-0.005834623157062666,-0.015518440522976478,0.0869911306207353,-0.027726389644835245,-0.02320119229785698,0,0.828342673657881
33521,0.18539386543323633,0.018963402229841102,-0.05581192951422188,0.04213827311351729,-0.1470867823502591,0.12044149838029962,-0.01694984530847195,0.01630089413075735,-0.02713136879732532,0.015754559241556592,0.0195523412188167,0.0011026049256705008,0.00421172568387702,0.009859470927342153,-0.01328237508487711,-0.018140084795670086,0.10161614169723701,-0.019938212675249478,-0.013761182334243251,0,0.8474365578424699
33522,0.16939436059644897,0.016809022906225674,-0.03227322799511117,0.05292015657727564,-0.16395806138985125,0.11891991934589359,0.009044709944883426,0.017850472589180266,-0.026617845470924037,-0.0032274679923157174,0.01989069706525936,-0.0055502072273622225,0.016334029528213206,0.007809657787737514,0.002540990353627281,-0.012197422687565115,0.08234910204097841,-0.040252236755117625,-0.012150185551732893,1,0.8100897738057034
33524,0.1880185739962879,0.019827496710221566,-0.05181235994266046,0.04805776554705295,-0.15250288994175742,0.10230961840995811,3.3526317362519667e-06,0.019793742912517724,-0.024740238284321387,0.00016746454124880194,0.021218033027455875,-0.010560037864588343,0.017389042401165553,0.01175943231265477,-0.01247912851030618,-0.007056051064479762,0.09846444115375233,-0.04122129954307028,-0.02215388976036967,0,0.8495348585556054
33544,0.17732068572469017,0.0195182470355278,-0.04563808713334103,0.058865387665677796,-0.1663407573589514,0.11681812006639102,-0.00033499339928377554,0.01625761912964868,-0.025242437216572676,0.0015877063802206747,0.027656087291899004,0.003371685119804662,0.01794353074054407,-0.0038569905368130253,-0.005421584184159946,-0.014047915481922192,0.07930035368696034,-0.0289285015012098,-0.0027091253370201277,0,0.8111598149906382
33701,0.18932542565450067,0.008562035991245462,-0.04216712701142947,0.05210367759655595,-0.15667509699008084,0.10654606342751637,-0.005188966340298045,0.029374518288431208,-0.032799206720479736,0.0167388690036305,0.004319508294026422,-0.010203418451090285,0.018737826390926943,0.0036764696005828577,-0.0014426453479439625,0.005401370573541921,0.09189466690922746,-0.029258429217752617,-0.0043666144152720915,0,0.8087819362245328
33782,0.1716443037677269,0.009639180204020359,-0.040517095041153146,0.04017111010500607,-0.14745766929810836,0.11578692662830956,-0.01210669796967127,0.006428089286965315,-0.02671662502379728,0.01502921307534121,0.01157021718316214,-0.0003820863289150145,0.019757375563299266,0.010458515824288934,-0.010638672245282931,-0.007240598481085218,0.08114658916313809,-0.037573215860282894,-0.01918710515715902,1,0.783451286206713
33835,0.18318408882799334,0.02567890473612432,-0.03982313913371398,0.06503226788095037,-0.15980239309498512,0.10555576843450326,-0.005963715537091118,0.011468698564323513,-0.029336544500739175,0.024498513715813703,0.01854851239306541,-0.0008369859096019267,0.01712910331676489,0.0027984878110124123,-0.011967177397549099,-0.007564706490959734,0.10254103628682151,-0.03813136098796574,-0.01652406094509625,0,0.8663854659650748
33861,0.16624537025593916,0.014721930788199104,-0.04527623103460371,0.06509433057151356,-0.15063123441932064,0.12002721019636699,0.005075925436054735,0.017084533110559838,-0.03072048305367731,0.006518978944511433,0.01880521967056312,-0.012331872170580058,0.011821794774673043,-0.00700564391951136,-0.012554030824152542,-0.0017113034644224937,0.09511231483395541,-0.026441142346539756,0.011784984705797747,0,0.818964534520942
33864,0.1913101555384798,0.014993197176114484,-0.05886319359164983,0.049298579991509224,-0.16876125071771653,0.11195823392039755,-0.002644769033871313,0.009568049758462824,-0.02568658174802617,0.010530380265479927,0.0030385244058348305,0.006319248326726635,0.018717749070177744,0.006331193861113653,0.002560300144522312,-0.015977720515790866,0.09677822994274622,-0.03454452281122922,-0.004463166086501092,0,0.8323450469063502
33913,0.18915955649290736,0.027333544268318074,-0.05678966683711187,0.0533810635607234,-0.14786955678752078,0.09888265703552754,0.003915942321647654,0.01489750808515447,-0.03768342715837509,0.011970072372387536,0.010467078948493932,0.0014153435264019042,0.014465241054944419,-0.0026685341074721433,0.0039120060316560085,-0.0011979952673377534,0.10728599070562875,-0.036294664869633404,-0.021734532976566086,1,0.8413243824078082
33987,0.18938408551662692,0.02869250036268402,-0.05038052388731101,0.0638578493592432,-0.16424063442022122,0.12287835938492177,-0.0016536918118113023,0.012626360710787696,-0.020981651921087738,0.0022097736862764557,0.021915788124621208,-0.0045149653270231006,0.0184021041356267,-0.002139136201603854,-0.0029691572827780857,-0.010249819683273908,0.0941911732409978,-0.02802072553443191,-0.010958790601929554,0,0.8502670911932574
33989,0.16827553745032892,0.026051084797888598,-0.05117287685636416,0.06051226046582892,-0.16749354181964626,0.10757554933977363,-0.000925114170838125,0.02237666779989838,-0.014902592063988068,0.009223697484752618,0.010210509827061435,0.006536617941406072,0.010365074884713336,0.001341233375284591,-0.006753947201751613,-0.006043501171308348,0.09072410519620913,-0.0333044101084832,-0.01967127638185294,0,0.8134595983373784
34075,0.18796674190177945,0.01875795434787335,-0.03994547435514543,0.03903891690630505,-0.17544109199180757,0.10724749432732024,-0.004048851635708324,0.01692241710256651,-0.033051340854956736,0.008650310919811253,0.011865654617863592,-0.011268227474747887,0.016108192634871416,0.005266281012544951,-0.014169278540517624,0.0029517153969339173,0.09141259258438206,-0.027214345392586776,-0.015381503052744704,0,0.8267083850504668
34082,0.17562320426370256,0.02778463042202607,-0.045141745816838955,0.03885997806820628,-0.16570315778615177,0.12249724708959574,-0.0055969568130972685,0.02303887641678583,-0.02438530771768768,0.009396434631529976,0.025131001829463,-0.00041153169781532015,0.01449912081599462,0.011929375303781449,-0.00699844162968944,-0.00035308150160685354,0.09245259949615751,-0.016944599044941902,-0.008488228182080839,0,0.815235518527153
34150,0.17488489391759657,0.014687505488367256,-0.0424303955559299,0.05466344354338051,-0.14573072762557113,0.11445560712034619,-0.006510151952083622,0.022619832497828285,-0.0181877071998259,0.00023747323331728258,0.024215503656672105,-0.01653398324629721,0.016300679579895404,0.011413216718571569,-0.011601246807990852,-0.012873960676521013,0.09500129750559964,-0.01441366364184151,-0.008727542443742286,0,0.8054888324113783
34220,0.17589600183268173,0.030512512054726267,-0.05345357529692754,0.04974004830614719,-0.15582825761750319,0.10393149884474698,0.0029500774121490577,-0.006054034547171459,-0.02143667941200398,0.0027702319987972356,0.013765241181996048,-0.007714334896039061,0.010094560929186026,0.015004246894053459,-0.0071112866574375485,0.019644581442814894,0.09187197121955917,-0.026878783360125932,-0.030350803678440598,1,0.8250087275825073
34285,0.1997796605135208,0.005688284362113817,-0.05480922874879578,0.0507670225810715,-0.1577079525895235,0.10197090375129589,-0.004134779048236587,0.036621145968707906,-0.03612540119830317,0.0012586215481384501,0.003584732615040936,-0.0021355439726595806,0.00839507205941708,0.007914402145658878,-0.005998659819053874,0.0038543868208182597,0.09166898609601261,-0.03876457535436001,-0.01336125437917968,1,0.8245406135719083
34293,0.17422360433114809,0.021938343269128177,-0.05218528940594396,0.04994958667888155,-0.16364486365792272,0.10919566059013464,0.0037403298442424348,0.027579160283355046,-0.024655194980282368,0.014655290560380582,0.016918612518723525,-0.008330667876851532,0.014501356250129304,0.006034008679054397,-0.01804900910072306,0.003292973580173354,0.10691481113992417,-0.0238224817583442,-0.011883995505307441,0,0.8515152400106505
34376,0.17785041661979042,0.02853327227401796,-0.04104001313958634,0.04442514417946575,-0.1603511841244655,0.11114661421494747,-0.00943765623906031,0.017807261142274666,-0.03382941158321059,0.020875018104525557,0.008586002424206872,-0.014446980624841323,0.02513393311090474,-0.0013965939891079937,-0.0009657469011363697,0.009598762523699393,0.09762191076765855,-0.04203291237903961,-0.011159280057245475,0,0.8562381143991848
34385,0.17282613411504194,0.018679953102179174,-0.052111077542482676,0.04354861947035402,-0.16731556201569497,0.11608035179973988,0.01011102789315899,0.0204563868967607,-0.028857050624580417,0.022407573008994496,0.014449721346020484,0.006768903505511849,0.0185309876865535,0.00545588122800591,-0.011780191000534533,-0.01027847389947126,0.11066280881074836,-0.04008165198998672,-0.0024430151982950186,0,0.8728453711341149
34397,0.18781608012851406,0.01929062049991068,-0.047017932496328005,0.059116428242134644,-0.14820165682401956,0.11000957415640747,4.90624920905753e-05,0.019759046434615343,-0.03346906616501541,0.017044190352458594,0.012145878704400653,-0.012696829644987365,0.0023070956258392766,0.010498439617756395,-0.00833370600706764,0.002736109951301093,0.09734572996793207,-0.026332038291988092,-0.0036138671819372593,0,0.8177833527847042
34440,0.18695453765743403,0.023841687751501316,-0.048504544816112015,0.0515637995028176,-0.15629699845052983,0.11761062291674698,0.01093599932296606,0.02737713584337278,-0.03318531130581195,0.005997236478796343,0.01288026421129565,0.006739790693437633,0.02546496423976444,-0.0024056916860207707,-0.00277684581678037,0.0022094235146232397,0.09657676256035722,-0.026463924426715794,-0.01995470511038061,0,0.8577402463054646
34471,0.19522373424362285,0.020640839410643395,-0.05328001280325031,0.047144689961515975,-0.1603720405861345,0.10822853538274846,-0.001799834409084254,0.018354506012698002,-0.02540317949040835,0.021644033365869425,0.025710434320471424,0.0012535989831933148,0.020976461422399638,0.005049321722375256,-0.0147610882733915,-0.009450563660565596,0.08523178275637477,-0.029715458272718476,-0.011260689121365188,0,0.8555008041988307
34547,0.19239916275381677,0.029121445013665023,-0.05166963042966058,0.04817493467928809,-0.16145213978662853,0.10477419532979616,0.004757981653644875,0.010169457680704633,-0.03749295643313265,0.0018153964388314407,0.019146228523549105,0.0033604751155254,0.025494511641321965,0.006766548263531991,0.0033249687454669054,-0.003615931330386689,0.09789659024839527,-0.031449623718094205,-0.012085493241283293,0,0.8449676710267235
34556,0.1716064785868003,0.020846392146149827,-0.035981416319307805,0.05541427908555845,-0.1771269309561719,0.11360986255332961,0.005354116381204288,0.01666693390460977,-0.014014134275170584,0.01592528962665546,0.01495598318732787,-0.0010199388809306186,0.011191843545137956,-0.0004443389344283852,-0.002199398917513836,-0.014469290746450867,0.0886995601275781,-0.027036560907350602,-0.006663411924207535,0,0.7932261610058838
34672,0.16956198553178647,0.04072745076399234,-0.04810095709534082,0.03630765890543976,-0.1606798985314785,0.10555899339957088,0.001998323851648055,0.012011819279774455,-0.034342141803291336,0.015578800406380421,0.0191551410492545,-0.006018008731038324,0.013778214191447423,0.004320268501887786,-0.01489507562905173,-0.009963400025150611,0.10172194690597063,-0.03249091397848538,-0.021374663651062314,0,0.8485856622320517
34883,0.17618810888753353,0.015885105209401413,-0.05542477348724351,0.048891849694953624,-0.16544602281038015,0.12968708838959767,0.013501601678880202,0.019017001207229885,-0.03705549749488685,0.017587521399617008,0.005443169137795962,-0.007293467389795733,0.01591672873261054,0.0038230169863564738,-0.015600823053941178,0.0032022657853973805,0.09378271464850446,-0.03924577152070436,-0.012342154207676604,0,0.8753346817225065
34887,0.1869081935159394,0.00521371760845685,-0.05039736190330458,0.036721470256643976,-0.15472526228214462,0.10575501961592661,0.007940154528321284,0.022833577186755674,-0.03200139975402288,0.020715021309738138,0.010271311987245372,0.007362868648045352,0.01786120111492095,-0.0012383811238810471,-0.00915261880472403,-0.005373677966974161,0.09513056211821884,-0.034087506963563406,-0.02290591556033232,0,0.8265952222491595
34899,0.1705833423019225,0.016179449797628753,-0.04694009507333791,0.0430201918556731,-0.12810040620003588,0.09868179831768091,-0.004790665263444911,0.005277521461687167,-0.022032472194604122,0.00405737805506986,0.008259162827772979,0.009069027085437716,0.016735969508486822,0.008463174822211659,-0.008356348395154525,0.0015097360662541042,0.09029381342320186,-0.028502625748372337,-0.00651972219605394,1,0.717372900594031
34917,0.1882391522296655,0.020063168273556725,-0.05014411402721811,0.04618006243688275,-0.16978991632722423,0.12522110801530056,-0.011555461402983705,0.01022960459605805,-0.01560551644443472,-0.003920200044232157,0.024545718355534245,-0.013775770485155703,0.020961907627776315,0.015771915797650013,-0.022294409416002144,-0.010119965817898344,0.09915907722349927,-0.04035363482194787,-0.01081821613537065,0,0.8987489194783911
34931,0.1699571084227219,0.03115637891177786,-0.03222855051713261,0.03860583848118782,-0.16031822390621553,0.10529906204874726,0.0008717799986583889,0.024925213933237916,-0.04378572571391685,0.009832060730823298,0.02213353022146159,-0.013564000428546353,0.012586951204517768,0.005502645448858888,-0.008310669877410626,0.01176269336313622,0.08961330913138305,-0.036720444329558205,-0.003337897479290805,0,0.8205120841485829
34985,0.18313997623886838,0.017437826861233588,-0.04437814555185814,0.057507612200863735,-0.1580178452373373,0.10389841132715756,0.008432392468392955,0.019691875779141114,-0.03547360064142072,0.012705378245605876,0.03225954082381106,0.0013576394541435458,0.019598772491744437,0.01068820329780321,-0.009055395352631168,-0.008318132007920673,0.09324021100811614,-0.02957221212111875,-0.012513005766883153,1,0.8572861768760515
34989,0.16658681901793518,0.02246679965357093,-0.03531698851767716,0.05950002047301271,-0.1466660499328063,0.10946257484580121,-0.00011908157552202611,0.028832772923118144,-0.04097750952064352,0.014374194551126051,0.010063781221119337,-0.008251575419742986,0.02345050651160402,0.011226395540410689,-0.004993198696715248,-0.013120311316867184,0.10159981584016786,-0.025761275218579117,-0.024911821602525884,0,0.8476814923789455
35008,0.17959407018611492,0.010853203955850906,-0.05192938790635047,0.05691854211746612,-0.17010093560884418,0.09356379492782094,0.003849150967582365,0.01746170908388131,-0.03888604837138132,0.0230153149727529,0.0095880996706964,-0.0012552878624531255,0.021444354028905866,-0.001441492834104086,-0.0013567223724511943,-0.0017631473397558292,0.08377460634299504,-0.02915047856729519,-0.021482100812889468,0,0.8174284479295917
35032,0.18272752164436729,0.03444341675586204,-0.05219548316824203,0.04887610855497114,-0.1608495764364319,0.12162191061447822,0.010698388368059034,0.027274969458099547,-0.022687966630856794,0.015036689112821126,0.034634931868883584,-0.0018794297105900728,0.019845503013452347,0.021686982265035074,-0.001960040323889132,-0.0004210123278338108,0.09567689838125114,-0.029541940911774773,-0.011690240647776589,0,0.8937490101946757
35054,0.17826017739294064,0.023717146512782478,-0.042933134622304615,0.05804942544862749,-0.15139804155655895,0.10824522709998186,0.009376532274770392,0.024061529639559234,-0.02804230957905571,-0.003921595980779771,0.01393473275911284,-0.01465776018247053,0.007700475081481553,0.005246239214495879,0.00904901223046222,0.003961644097706665,0.08196011197209953,-0.03465500083724417,-0.014068510338985804,0,0.8132386068214204
35056,0.17110709341458594,0.022999676225769195,-0.054617770299841176,0.05861685924225998,-0.16149987516804848,0.11822542750585949,0.01082805072837319,0.016143075727439775,-0.02254279694698289,0.010933987069431685,0.007207362614899625,-0.023047752529327146,0.018241980359430324,-0.00026069918033301987,-0.013688280092014086,0.002825922712627021,0.10513908785773146,-0.029342971404389025,-0.019097438628185973,1,0.8663661077075295
35109,0.18192969981185367,0.022538426576927416,-0.038006286533346936,0.04652558959218196,-0.16435303251812367,0.12484841851045972,-0.001298493031602793,0.018205295831220637,-0.030670857246780273,0.007707807498335769,0.01453288058831923,-0.006471824475642441,0.01618576018024394,-0.004689109571802329,-0.00958317881019593,-0.0021660442035469096,0.08545732559517784,-0.02011238660369639,-0.009298141440448675,0,0.8045805586199065
35138,0.18052224681098542,0.013824043083227256,-0.057208753769997026,0.05308962719403486,-0.17119102395907607,0.12356203488536066,-0.0012685027507440966,0.013955079603691365,-0.018318829534757424,0.014754122509174359,0.02070505772845369,0.0006013951294889876,0.0246899585354378,0.009532584694661837,-0.0076814659270823295,0.00558739788524248,0.08817241022886968,-0.02276279531049102,-0.019466227595018242,0,0.8468935571357946
35149,0.16776251409881446,0.017395789238149696,-0.030862766606573153,0.05885722418264113,-0.17966383545805203,0.10677345896836433,-0.009554649570443515,0.016615733604019994,-0.018045234056829305,0.025112175906607744,0.01733087564644859,-0.0052329777922408985,0.021918745556208624,0.01006936316529604,-0.009938386676972359,0.00338861444252972,0.09718392556278736,-0.005540338223403648,-0.013137818302918774,0,0.8143844270593014
35178,0.1755487970159129,0.045616542586736926,-0.03711908723681408,0.04911840642616753,-0.16867942242277653,0.12170091621458873,0.005995097014424909,0.019704499966456936,-0.0326238143237441,0.026698451990696703,0.009565348406629853,-0.014327922844981952,0.014026692239095124,0.008141160057691306,-0.008719039792198442,-0.005852375302151711,0.09324000367033998,-0.029353596226024667,-0.0162922888901003,0,0.8823234626275327
35182,0.17930220767833294,0.0307759676202482,-0.038605641426441406,0.05374832149129123,-0.15860088797315944,0.11413969716784934,0.014737115798338273,0.01776553091629819,-0.00608822803314249,0.013373699579377401,0.001563209134251796,-0.00948678439969679,0.009623143712623747,0.002887756837037812,-0.0060452722703199305,-0.00039295162900997556,0.08459378966632222,-0.02859082111615225,-0.013560778596226914,0,0.7838818050461204
35207,0.17823711503910614,0.03037341385497291,-0.05046815156879615,0.044088297445020325,-0.17144531570217558,0.10737600930652008,-0.004888145344574144,0.020901579126765935,-0.019910501601019984,0.02064029509318488,0.008757732353987389,-0.011338522513024711,0.006511892034241022,0.007913491678712015,-0.008128690051445394,-0.014018943573372265,0.09722801074644895,-0.026077778928574297,0.0021620087746782256,0,0.8304658947366204
35215,0.17399417937975797,0.010478790182079492,-0.04149764409924724,0.0404618667401161,-0.16749161418283745,0.11541621984665495,-0.005507314975059774,0.019175311070529513,-0.022662216848365,0.008632195325907505,0.013372666729745863,-0.005231510587529662,0.005268188272161895,0.003455691073503076,-0.00386638181788226,-0.0030988959763801087,0.10292136386478154,-0.026602357524302615,-0.013652084078033418,1,0.7827864925748754
35271,0.17250344520813152,0.023206928161620625,-0.05360702030140236,0.056830514631688506,-0.14079885519139154,0.10638297650800706,0.0060160918867115856,0.02046200128530039,-0.0440715750694671,0.016267216565186555,0.00033219029825509613,-0.006786936227760933,0.016169854608649985,0.005032804505664981,-0.0002044119334986365,0.008693188855686939,0.0935891050732728,-0.021454174384458492,-0.0039750377119105755,1,0.7963843284080657
35294,0.18518526842362176,0.017573263781948692,-0.04951353464723643,0.03676487748485201,-0.15510985514685907,0.11056220780354792,-0.008680665819552503,0.02847289869603669,-0.041167436822941175,0.0006493911234935754,0.023681248455935323,0.0024420397760425983,0.01855364083202266,0.006166466761372603,-0.011658384577971706,-0.005117053505914151,0.0998640172609816,-0.03439169397649179,-0.0017587406800484019,0,0.8373126855768707
35455,0.18409499083888153,0.014287229855389421,-0.030002109138006758,0.05201768430926754,-0.17271482997653712,0.11606250857352929,0.003839431737198265,0.025468344161690335,-0.018392096445646298,0.017543923840782096,0.0032234142168023885,-0.005194745126466054,0.01890872343636479,0.00628874871178397,-0.006153463348744469,0.002268045615357057,0.09456215828134579,-0.012516218318246007,-0.0257008471248053,0,0.8092395130568445
35548,0.17268945721481552,0.011153307534720108,-0.03341999823634715,0.04515813444850699,-0.15630119422929792,0.10366957017177732,-0.0015412848353708593,0.012074336519007588,-0.020365624524552567,0.01670873795381734,0.010881793977175347,0.0010660410062057384,0.017804279894733443,0.020365628994767824,0.014157990690500123,-0.01351510452907775,0.09161959641313801,-0.0326603333533452,-0.015222220526227946,0,0.7903746350533848
35616,0.17949864205681412,0.030311364322362117,-0.04920635944823716,0.03435533354281279,-0.1407256665249982,0.11789174494740289,-0.0032928870013747558,0.035501038002164,-0.03443638771778216,0.011044282866623923,0.015013290319410033,-0.0056503128039907,0.03180563638970715,0.002923037657888565,0.009151118914097318,-0.010791658899101967,0.11168807212403961,-0.03952991586960581,-0.015012705373072944,0,0.8778294547814862
35835,0.17778315222609198,0.01704412943251376,-0.05338518228831254,0.05341348865419392,-0.15977917147780557,0.1088732226812395,0.0008828298273135865,0.0171473404407341,-0.021625006047048645,0.013400838621001505,0.01571571392066354,-0.0021024946217698794,0.009425542501669775,0.009529789029585107,-0.009264023246841375,0.009223739967219665,0.08813630078981989,-0.044557465863513876,-0.00819731429952545,0,0.8194867459368637
35876,0.18246084185553826,0.0213663332879864,-0.05841173130603184,0.05002517527756445,-0.14600654761124324,0.08877885994245419,0.023108669331742177,0.015236408639342905,-0.032260169676853745,0.009037751952000104,0.02853385455151239,-0.011995145755601677,0.030872619670285494,0.0033891222065176646,-0.004734041241013101,0.0037528706692332658,0.09502857220414772,-0.022208734560771333,-0.006581256828147759,1,0.8337887065679878
35887,0.19909120834282337,0.027230766116524138,-0.0409597241334418,0.04626172468264429,-0.16396744114383152,0.11024231619737064,-0.008186150206612128,0.018287982691369702,-0.026057698568143182,0.017826737222576074,0.02961699328244924,-0.0014185954502820507,-0.0023903200461139803,0.0028277641412697723,-0.010089940037060617,0.0037269464479275185,0.09491733593348728,-0.0262545399942034,-0.009649202599030175,0,0.8390033872371608
35929,0.1636919209921201,0.018316180211100853,-0.04214100255760222,0.038927749997339355,-0.15917120596430037,0.12351570737403422,0.00318388348402933,0.009011266084291536,-0.03665902243018522,0.011836728359514426,0.025601048576015584,-0.0013404456690559706,0.02028457903236827,0.004800928042718985,-0.0017160409095764973,0.0055178336872247465,0.09007110707027291,-0.03278452595157968,-0.01212952452891436,0,0.8007007009222447
35966,0.1841531707068215,0.027552687911168786,-0.04392234885099497,0.04636869564516409,-0.15693221833825546,0.10875440990525935,0.0022476143385097894,0.017700417900921837,-0.0288984976195288,0.005998601388433096,0.01293320183635726,-0.011836581866913654,0.01461812827840043,0.01154047825175146,-0.008926775431467813,0.013788894389667869,0.10482820663299235,-0.031903860785245854,-0.02160522853115084,0,0.8545100186090052
35976,0.16593937482837637,0.015118042308981791,-0.04106077525353649,0.04153667969489681,-0.1514839226134416,0.11444456588597747,0.000654184393224209,0.014854006398508188,-0.03271725015900866,0.010128726729313461,0.01668218235873775,0.01268740602024084,0.01987322440989475,0.020518867984103854,0.01404306413516335,0.00991208568589497,0.10214688443433965,-0.037354023803161204,-0.01982967456456545,1,0.8409849416613668
36044,0.17308834580442503,0.010521782091708828,-0.04456139950990533,0.04773026854651858,-0.16668635555626377,0.12459108660939877,-0.006929148574568737,0.022924466371264714,-0.017891972239849948,0.016590790870543784,0.017535717603098553,-0.0017682961799596367,0.009393983626793872,0.009779528542808176,-0.01231441915238968,0.002074481364002879,0.10221310330318262,-0.02678595042428413,-0.014453549776276279,0,0.8278346461472433
36096,0.18096011416798477,0.013781605382464182,-0.031540189853684134,0.05630857826203825,-0.1671182826784808,0.1194240719573843,0.006660903247363723,0.01386358758476226,-0.03318595410667016,0.00397723758666164,0.01115782130892462,-0.000381141314129568,0.010716947179513872,0.006667561108489485,-0.00359962349283879,0.013033279237647535,0.09900848416895303,-0.021091562443908814,-0.012059921687256007,0,0.8045368667691559
36124,0.18699874424212917,0.01746233226539677,-0.044634500405306775,0.05079978660527652,-0.1512486965810638,0.10602506060905936,-0.0032545224981465957,0.016855559550510275,-0.03955669567590678,0.01138615984248382,0.011588045869395158,-0.01068498108362853,0.01517796280328983,0.0021255879670704267,-0.00859412901587847,0.001854536060290741,0.1022098748293707,-0.04562696812409894,-0.016241423027083632,1,0.8423255670553863
36191,0.18002784833164895,0.01092223236474192,-0.04418037788658731,0.0414581419090328,-0.15764440592213685,0.11643126213939523,-0.002500895705755518,0.02426593217617408,-0.026374954568154207,0.00732187386592795,0.011607485443850147,-0.0005667393036594066,0.026078450038141198,0.0035014858031374415,-0.016404105983814397,-0.0012879457274284384,0.09194758758132585,-0.028265573287486735,-0.02639307766097596,0,0.8171803756993744
36317,0.17184980987738255,0.03092732010968821,-0.040838101581903215,0.03317249733630153,-0.16679513380968017,0.13594845282116597,0.0016819757780020413,0.017407862853397366,-0.03525591845034746,0.013111013579152639,0.009115811680044937,-0.0008221591557178465,0.02081828749392539,-0.005750029356679273,-0.00011736147097522071,0.005200652622409273,0.09171110791734435,-0.03267728690826981,-0.002716107240085728,0,0.815916890042473
36344,0.1823179461793198,0.02416705955218695,-0.0447689585353013,0.04873045253278201,-0.15404733560019632,0.11367767078171502,0.002069072443246299,0.018926282279627595,-0.036816672779730636,0.004154883686951409,0.011781779803303586,-0.02174774335020826,0.024834588403902423,0.014116659036910253,-0.00619190353776201,-0.0025101980788181273,0.09972008764854956,-0.029760877581008045,-0.023743748877261554,0,0.8640839206887811
36356,0.1802022962880789,0.023843563574815176,-0.05481515243395424,0.033419380021230835,-0.15304720816832612,0.11211327255166388,-0.0032408246686099723,0.015415510521837721,-0.03503651936123231,0.014422544920975977,0.015242174196047792,-0.011719599163289981,0.02709131337646906,0.01178427931857974,-0.011089958292904132,-0.011301532321739211,0.0928997940459624,-0.03191979548159834,-0.011388108618294639,1,0.8499928273256104
36447,0.16773464719295855,0.025981493961522075,-0.05604817244123809,0.02633858999687077,-0.15922030486391195,0.11204700497518107,0.003424620579443235,0.011331838602366168,-0.030954353417926767,-0.005517268677226881,0.018466354963577784,-0.015882899752481465,0.024754322715265432,0.0020087492160889325,-0.009488047835705,-0.008258044379077003,0.09948258342023163,-0.03211579658439967,-0.02402691055331732,0,0.8330820041287897
36463,0.16926079359411547,0.02003783199565751,-0.04174281819791818,0.043371219752646614,-0.13277547224157465,0.09877562386212196,0.002990546139306344,0.010672362828334529,-0.023455637013204217,0.0138045312211158,0.017626133437171322,-0.00016985327096867054,0.022371650901482812,0.01066517148092834,-0.008162284394682721,-0.010716771001898282,0.10167280946611043,-0.030423457065592293,-0.014683625453218524,1,0.7733785933180487
36491,0.18772605317928492,0.022111280344540858,-0.043657480932125146,0.049912753493745,-0.1579148227117828,0.11867724464620241,0.0018696429000234652,0.033399490138685026,-0.03387117104983247,0.012028565454884958,0.012394312649223048,-0.011976388014162415,0.006029258571257058,0.007009868603376226,-0.0048606531661726125,-0.005803346283631724,0.10512727212274725,-0.027058757006104283,-0.010980202798687944,1,0.8524085640664696
36535,0.17242847794668406,0.008571066195674763,-0.03905935318975855,0.05462222729910746,-0.1621445958519486,0.11830139791948407,0.0090258898349811,0.0150566919526332,-0.021020966666090712,0.016275509248496883,0.011601439694248258,-0.013870960864370088,0.01837649939636341,0.0011427522435379866,-0.008144289814268898,-0.006263706022844169,0.08772438478556961,-0.036792651594443025,-0.01795737570970135,0,0.8183802362302062
36564,0.18203287875463406,0.019833645126918382,-0.05952891878138328,0.05061675371652104,-0.16866529160350105,0.11450380125742986,0.006116625089830779,0.022161901659432503,-0.032068690036849395,0.014842254597319504,0.019614128516214822,-0.0032946482572633424,0.012395321171377304,0.018578320375796514,-0.0025565263350274922,-0.005421820923112944,0.08830641398431033,-0.03544430245446994,-0.022386627745536056,0,0.8783688703869286
36588,0.18390335643337927,0.02282671774751628,-0.0476514025294814,0.049404612085819026,-0.15213403742158152,0.10025439400832499,-0.007950039194914275,0.013949254732322601,-0.02112796521049348,0.0004698954758589108,0.023400346141838266,-0.0034993235511126923,0.010384010605931944,0.013912536269689097,-0.007764111049211164,-0.010103391371827317,0.08741964482322813,-0.032446956374487336,-0.009545272074996199,0,0.7981472671020139
36625,0.19722692291905877,0.02373085658946618,-0.053126900548007866,0.06552142723181671,-0.1472074403237254,0.12250291103001844,0.0020345212813026765,0.023899706606224685,-0.02850978824341196,0.010719546584677364,0.018810915905376112,-0.014064557620464034,0.008711747303035207,-0.007846091160353659,-0.0003097699685046082,-0.00582867953742495,0.0969556266261895,-0.030677758950881578,-0.013192997227340436,1,0.8708781656572802
36635,0.17269472778219913,0.017813848466955433,-0.044045295169242396,0.049894904129306555,-0.16735994750559147,0.0991822726454669,-0.004525207387431361,0.01704535923743564,-0.021122464497338143,0.013275324953036204,0.01271851736986318,-0.01960301009493677,0.018849306112043863,0.011203255313450997,0.004937783598530499,-0.0029640832375498684,0.10075247998779364,-0.028736025721578476,-0.01739150511041858,0,0.8241153183201692
36673,0.17865954772693593,0.021034494318634345,-0.05083203163837389,0.05509333225396019,-0.15121028694281521,0.10525104916005211,-0.00011917472188656235,0.01970407997089291,-0.03676318023146345,0.0005822617494525656,0.01783875479597712,-0.006296916048181028,0.01867586614165277,1.4354450856106248e-05,-0.00039530264478478713,-0.00803454071588762,0.10776412367781495,-0.0363755185779974,-0.013128484620981182,1,0.8277733003886001
36788,0.1738807352774526,0.011445406622518993,-0.056486065162327154,0.04964067385140808,-0.15757736905571362,0.10413699476448014,0.007923316456057112,0.017999495553842466,-0.01969270334468645,0.006196720940106984,0.026408034675105288,-0.004799458677118289,0.002842911314168247,-0.0007923579204866782,-0.008047520844765331,0.0018312486048546557,0.1070811709098068,-0.017036634679044534,-0.01074911020031195,0,0.7845679288542554
36790,0.18322032401864105,0.017998014438235517,-0.034814731089685066,0.04530375760436678,-0.17149409130666132,0.1088521579470393,-0.012028486451110673,0.004310504147108607,-0.032238320265398086,0.010880296528116359,0.015535068391302802,0.0031591798078938423,0.007338070214166597,0.012960121291870427,0.0007511534541032548,-0.0022748609214602636,0.09405633149831173,-0.032060834974597024,0.00615491629216308,0,0.7954312206422318
36857,0.1830518641426994,0.03169480393020551,-0.04978037842614012,0.06253354126583725,-0.1551070265100794,0.10304159164203486,0.00594210557641011,0.008395424321397739,-0.023625919043505826,0.00972377561436116,0.012615252722447986,0.004886087530188323,0.030494227720844466,0.006271084200697504,-0.00410009486550645,-0.009200376424551902,0.10386525409369653,-0.03315349167105453,-0.009921822204805912,0,0.847404121906465
36962,0.18011208548837085,0.028490345361464667,-0.05813156622001531,0.04650080513805246,-0.15736928416369497,0.11701307566729306,-0.005076403726798614,0.011329752556005043,-0.02476105407485418,0.006229092221198425,0.017031949667654957,-0.009954237560712214,0.018725538958484125,-0.0029065167834942886,-0.00907218214052042,0.008228528373517,0.09811951246550378,-0.03504408039719682,-0.0026639099099733123,0,0.8367599208748044
36968,0.19190370630473053,0.024687167737637575,-0.05437733973415172,0.04592655841194215,-0.1646679411828484,0.11347100373495764,0.009259950163349889,0.025403686600609217,-0.02993033556542051,0.006263782820684994,0.014827813813959853,-0.010175719873090525,0.023913116699334765,0.008940320070243616,-0.0013558785395835719,-0.009674462473784994,0.08561601528140542,-0.032152111422216884,-0.015542919625206491,0,0.8680898300551587
36987,0.18655491062821106,0.018048991222038888,-0.06053171889718541,0.06867292749008971,-0.15520279809736007,0.09916470037819246,-0.002669539881401028,0.015681253473026666,-0.02495123174040498,0.006397867385032982,0.0051639604158295735,-0.0030506566868740387,0.017401176729013108,0.016307134785590434,-0.020339281983045666,-0.010090114351047268,0.09770977481570665,-0.02894005598176746,-0.014357603584784806,0,0.8512356985266023
37153,0.1818161027591224,0.0238560718516907,-0.03375009729889388,0.04312069366365003,-0.17098111453041323,0.12386256467260123,-0.004612243985312385,-0.003058719796515948,-0.03304298865784352,0.010973917207924,0.007591894753094009,-6.147942321683422e-05,0.013672063805619711,0.012818307051978938,-0.0035957303664130766,0.006727601398200339,0.08543439525061751,-0.022640451635192287,-0.016463006025485,0,0.7980794441337851
37231,0.18124123512796547,0.02824618197089005,-0.032713340290688564,0.03946856650040905,-0.14829730365676394,0.11009633758413905,0.012415953086823134,0.01801688684275813,-0.024322552006302185,0.01324313605392055,0.020956342543472586,-0.005382048819965762,0.020629028116635157,0.007964726643642806,0.0023156368077955633,0.006655616767035637,0.08900021920250882,-0.02123604930551842,-0.01701189358632525,1,0.7992130549135601
37446,0.1832117327093902,0.02885093991239083,-0.04012556764603519,0.04625530068895256,-0.1708472983239503,0.11368522440439008,0.00271783953547313,0.019046639055935514,-0.033073462757822275,-0.004249273535268478,0.028950744246578584,-0.009442850604601743,0.0166908346272286,-0.0009531205158543503,0.001018548551497864,-0.0011771639153667407,0.09844042700521348,-0.019062518667831745,-0.01963415651809188,0,0.8374336432218735
37538,0.1861691912431949,0.016651707056305906,-0.03920051714541945,0.040500992978757915,-0.15617664628133732,0.1106201142275001,0.005129168494224433,0.03129697155095478,-0.028698155030816675,0.009062820115038927,0.021658433022785854,-0.005527974735371572,0.02094469175047252,-0.0003732297706841166,-0.006877684486512112,0.002915969860946187,0.08303808596915986,-0.03610268427161835,-0.011316311212375267,0,0.8122613492034763
37570,0.17886671599338688,0.011643636264203597,-0.051007884057006625,0.0449652925127454,-0.17048704550797114,0.1080452591172227,0.006035069666657878,0.02059486659666582,-0.029470500383878113,0.019325325801472268,0.014382287161910748,0.014218543311521909,0.015105976460908796,0.004821073833073144,0.00040430617762143915,-0.0036864248790563097,0.08969551287982817,-0.02151016385171641,-0.01576976563795914,0,0.8200356500948065
37815,0.19369207443699243,0.028726151864056866,-0.049578902444763005,0.05538160893958699,-0.15732851811384083,0.11544011364089943,-0.0021308002790274964,0.024772621302679317,-0.014424701418619396,0.010776820810322914,0.016137598622194473,0.00028007819129526566,0.013939250739311498,0.01086236070258382,0.00707228568158514,-0.011331166350287405,0.08779153833460852,-0.033681953536688715,-0.00958925252785952,0,0.842937797937203
37846,0.18799752465160932,0.024998472106291438,-0.043889585638297736,0.04765483786552658,-0.15789889350737257,0.10460027088559276,0.002454499379314236,0.006735966954770301,-0.028279494764620373,0.014039230197824043,0.016959533544768243,-0.0012541914180327987,0.02299921470439902,0.005778740769529826,0.004043212186802987,-0.007997924626825624,0.09404528108701093,-0.03650137835055188,-0.008492599904598512,0,0.8166208525437392
37878,0.1769937951618399,0.006803222500836498,-0.040308146746746314,0.051541018150365034,-0.17810203945965572,0.1144056801274401,0.0011423167890635458,0.013083640407475063,-0.03162940792778419,0.009774413296763611,0.009607191568296189,-0.010076753415610967,0.024122627483550187,0.0027787400753458906,-0.012653098627488668,0.009000772252664003,0.08199513419216478,-0.024766943884497676,-0.017396729152412166,1,0.8161816712200005
37911,0.1881680691613388,0.015712747567221668,-0.046047780835315674,0.04581374682944359,-0.15238014459849356,0.11090547782686246,-0.005803808149579154,0.017691333541209917,-0.038110189745091644,0.011265333376676023,0.010590936849267013,-0.01939644542114055,0.02643147973126214,0.002674907618306234,0.011419758262025842,0.0015497599151549594,0.09781644392144746,-0.025318165964217102,-0.01325869519081302,1,0.8403552245048668
37982,0.19751783399209455,0.01879587216039997,-0.03988686420016073,0.042244951034627644,-0.1645009954117075,0.098706316762601,0.006307093684182309,0.02981825854022385,-0.030017097236456597,0.01233247176345665,0.017175357681948004,-0.004491885783586854,0.012341278860055909,0.016245650223235004,0.0011725713975729675,-0.005732011160419747,0.08791841145699972,-0.029585849378518644,0.0032122294709399928,1,0.8180030001991877
37995,0.18648651939553085,0.019849016201916925,-0.03312688887449878,0.05668884728945546,-0.162109765167005,0.11065940513954238,-0.00010454427748210338,0.03208883107762791,-0.026915353958775035,0.015363450692597532,0.016634354333620382,-0.015344448364528194,0.010741738923590784,0.016932394456807647,-0.004396124940364472,0.002988417349059848,0.09570592796237856,-0.02873885859053042,-0.018130200148776882,0,0.8530050871440892
38375,0.1689567076458863,0.016716543648290432,-0.039656768392566114,0.04450478234893279,-0.171823044292317,0.10959218523577849,-0.0042835935337783475,0.028587439070194308,-0.015697438591134663,-0.002628624217274997,0.003824345919465153,0.0036050111695225223,0.01456599056480895,0.008311865226535764,-0.005057887668071446,-0.007803598778014592,0.09066922508904583,-0.03235683818881037,-0.016069484224339,0,0.7847113738047671
38506,0.1914947682878195,0.028298615038400567,-0.05532432830702458,0.05161346948023697,-0.17223787906263938,0.10894674484828648,0.010856148275571458,0.015467013691227962,-0.03224002868785453,0.00899888929844058,0.015593303046563416,-0.005567128170919998,0.017474941442686458,0.019838241847320113,-0.009133032411748697,0.0018436140740673642,0.08716576543202723,-0.033288410972475896,-0.005062644786282563,0,0.8704449671615937
38559,0.17842723800891747,0.0356733384956691,-0.06618612777985272,0.03305697821624901,-0.14494790728188975,0.10393875139614897,-0.007817214467816856,0.018393459972519417,-0.03776234245964514,0.019083455563495985,0.01908020373376718,-0.006876496713432707,0.020321389471415204,0.006835839115198838,-0.009154206254554952,-0.006577289971462704,0.09609340201921238,-0.02199938401727646,-0.015158890972239646,1,0.8473839159107645
38563,0.18659772018859086,0.012804405522476477,-0.043675875155265595,0.029140578311055657,-0.1636142409006462,0.12875895699126907,0.005851342339223671,0.02176460611351634,-0.028639338564148523,0.01802975222572674,0.017799140474527814,-0.005587627365681577,0.017947783181924155,0.01813024352638066,-0.005536638907407471,-0.012139599618497284,0.09168951072132714,-0.025993328461602343,-0.01389184249788952,1,0.847592531067157
38639,0.18176637131058204,0.014844252471452058,-0.048529004412012654,0.0625219208402718,-0.14566883883477788,0.09980426970434852,0.0062187964795662925,0.017867260727218833,-0.037077637997241744,0.021317763473148437,0.0019019409351459108,-0.008618843604567087,0.018733055046999954,0.018201409037333922,-0.003898525471833297,-0.0047675885728722545,0.09413527707989805,-0.021094255503214476,-0.022069068137161543,1,0.8290360796396468
38752,0.16922010987074287,0.013265568947075573,-0.0343861077010765,0.042673827380405614,-0.1679257095651605,0.10978664364486082,-0.006864060834562362,0.015546980180281942,-0.03391358876987701,0.023897676772457636,0.017413001857809855,-0.004345490162452237,0.034530282170898735,0.01209700514644776,0.014625133720701554,-0.007067187568240091,0.0972025740100032,-0.02420679216708892,-0.014784057489515669,0,0.8437517979596588
38771,0.18985212796841566,0.021060826518567947,-0.044943189248024755,0.04440529435846404,-0.1663643606723573,0.11550882033180224,0.007734813364666988,0.013391926939756486,-0.03084711537104927,0.006047359444204816,0.019342990876303503,-0.007027919827249158,0.011457713231976906,0.005692014471718762,-0.010711169738418411,0.004317388874674028,0.10220919087597856,-0.043436924172190416,-0.018126603614082668,1,0.8624777498999019
38922,0.19746598845757876,0.01998153819797215,-0.05072493894769104,0.04187532046272014,-0.15731802234250322,0.10167778134381233,0.00804992122647461,0.019726516724320454,-0.0338656704956968,0.012818166110438595,0.009600014755517637,-0.0026647855289704428,0.007625549139637547,0.00022344942837977097,-0.003669777958353325,-0.0027947495806276497,0.09388823465174963,-0.029115251877136678,-0.006142505592885939,1,0.7992281828224668
39033,0.19323101909720153,0.008009061554973867,-0.04136314516949163,0.04762729078107318,-0.1627897355993764,0.10645383794200944,0.003192306529718327,0.019530085971627746,-0.03688429224063627,0.023283121258020987,0.01608514276871943,-0.004925660336942222,0.03175886877171449,0.008687738321198237,-0.006863852038214664,-0.00437315516986756,0.09075518514880505,-0.017010750614847633,-0.01949551333135805,0,0.8423197626457967
39063,0.19886294406611768,0.01691997677455303,-0.04497245373342868,0.05248305680163423,-0.14404688705918267,0.11164066095544194,-0.006808345553600076,0.015595984940395083,-0.01923277248064791,0.018778651316040153,0.009552621417550112,-0.004978075638946222,0.019640997492031707,0.011982220279870483,-0.007356631556977513,0.008909567199734182,0.09516321588077047,-0.031235400667343753,-0.00702272721517742,0,0.8251831910294433
39110,0.189827049493455,0.026714027170668352,-0.05197985761743821,0.04307882766309454,-0.15790857940164488,0.11247412769423033,0.0014795123835554486,0.013307839626588934,-0.030601234850626127,0.022126410617958045,0.0029167868311565617,-0.021281911407938028,0.017523939025513142,-0.009271719149289322,-0.011540967056214636,0.004188865203808808,0.08676291490729904,-0.02031829824302302,-0.006022742879124046,1,0.8293256112226265
39257,0.17787753296179687,0.01792246044918923,-0.047972829977525715,0.057298365653535334,-0.16410110119019758,0.08976672331786568,-0.0014773049519898871,0.03324974814213046,-0.016015672940549463,0.0303566078652546,0.007052192130978322,-0.01093920363655925,0.010721580094957679,0.007081375491001341,-0.017886377665073627,-0.008145196472144007,0.08252013393943995,-0.025000692648351204,-0.011080747214406881,0,0.8164658467429471
39271,0.18439010210494872,-0.004176016596468595,-0.04814217599461214,0.05935592774543613,-0.16030805270303888,0.11088627692404589,-0.01139155556589802,0.017077234478856014,-0.03864711075419986,0.0252556286594593,0.0058621941350089305,-0.004521226866638436,0.016757472710523368,0.0038103805846767132,0.00972655186765181,0.0009934416570464694,0.08314822875057608,-0.04292566746132981,-0.004217914275407841,0,0.831593159835823
39318,0.1874691665902559,0.0007489170566272556,-0.0562231644544299,0.04668944909238692,-0.15519080500364105,0.10477633605948995,-0.006385233878431599,0.023712251503148683,-0.027776725773817824,0.014995526703728508,0.027608250572443822,-0.008221427840958206,0.017184777961512934,0.006519241340772346,-0.01045436663582939,0.0023833217421202948,0.08572786961572092,-0.03166008441631083,-0.008071654141147043,0,0.8217985703827734
39439,0.17248846751203753,0.006501794371983507,-0.04456962137347034,0.05330141892206145,-0.1560014910530364,0.11217412584504723,0.0016232565381145503,0.005384833623729756,-0.03583455058044469,0.007221257144631849,0.01720746988775545,-0.00722572912253278,0.033281154456751574,0.011791248698761927,-0.002226339180603534,-0.012127265576217518,0.10888329402438225,-0.027105927369233323,-0.002025199028997917,1,0.8169744443097936
39545,0.18341388558173083,0.003611488487972976,-0.038655336567640496,0.04629235631303274,-0.16493650561363393,0.12227643534524175,-0.005989981325271364,0.019961614010726953,-0.02588106382982209,0.018770775456775707,0.016312097650186375,-0.0035545660466677303,0.0072586520038802225,0.004044229305752182,-0.00044602630160038917,-0.010607485249372382,0.09886954732119144,-0.02779279780260489,-0.00599623970414246,0,0.804671083917247
39615,0.1911922317694145,0.0028694105404888214,-0.045835241028774246,0.0392068051344957,-0.17225860625252432,0.11030798834825122,-0.0004592546076741031,0.017942973109325067,-0.04347400195701786,0.009718675994755639,0.01946650408996986,-0.011600803365719344,0.015387721174663945,0.01606832060981375,-0.0025462623834258354,-0.008897820292387285,0.07732508484518417,-0.03632178147613501,-0.011782182546173813,0,0.8326616695261945
39664,0.18599273835545327,0.02226475952740712,-0.0386086593916601,0.05949861159111145,-0.17141796781255403,0.12664239183020515,0.0013309416961408537,0.007946203719520732,-0.029439792232974455,0.02943982905508642,0.027809167792109613,-0.001756007877071342,0.017493307976092137,-0.007869613853714078,-0.005875297393786794,-0.008254935032832129,0.08968239361727039,-0.01969685374574876,-0.0010785063127813528,0,0.8520979788135201
39714,0.1864651625023904,0.012870066599650442,-0.046304092518138065,0.05467987500872116,-0.15974581292538084,0.12450800420285046,0.004209498701264341,0.026700784750263048,-0.03258214687818286,0.012139160756957059,0.015847667255999637,-0.005096978891724937,0.01494534126455539,0.011844189870486622,-0.012580659185757796,0.007445791138986577,0.09911717638464888,-0.03145128343651304,-0.02641727248078987,0,0.8849509647532614
39723,0.1919018847050009,0.03099480559699156,-0.054537879217030745,0.051177299417370606,-0.1596303037499941,0.11570714662074282,-0.006000640356450187,0.02327003896126792,-0.03406414547771787,-0.0001655538590306174,0.011039986207162211,-0.015598252122928851,0.016074083601505466,-0.002864465949560694,-0.007659362131899412,0.005525957775543392,0.10338366878524685,-0.030708136976207293,-0.021151622096863887,1,0.8814552336085154
39729,0.18423458742518498,0.014756093125068833,-0.037838325132379114,0.0467683438149724,-0.14653740625481884,0.11826280088468001,0.005694791639763637,0.012339653725701547,-0.03519837483307579,0.0014814324710827533,0.01363584927148006,-0.009249451351891046,0.020450333724316913,0.013381640161698825,-0.00044892750512165333,-0.0015327491645559077,0.09456205689718872,-0.027812090623493612,-0.01362669749169302,0,0.7978116054981677
39764,0.18890482262068933,0.03294998590163733,-0.05256732716475266,0.04668952510053902,-0.15659568219134423,0.11764135488631364,0.005902998588277928,0.016325082717716533,-0.02689250661555396,0.003780377562081503,0.010672011310856643,-0.007979321017282147,0.018101583798738673,0.011687085785759315,-0.003327596617538534,-0.001316799628966555,0.09704430132897736,-0.022242045316558465,-0.019609581891427377,0,0.8402299900450112
39845,0.18502739018640163,0.013307582012958962,-0.041914399248907795,0.045289012507763717,-0.17061315798240356,0.11708638434837011,0.014403466291682723,0.019993819011205973,-0.025202549648196317,0.026115944449030194,0.0065869622946504855,-0.01006858547079343,0.014774466710014592,-0.002429127712515437,-0.014230036220993607,-0.0023345892380461776,0.09211925640662698,-0.031706780818909416,-0.01889853329611866,0,0.8521020438555897
39886,0.19930671455191937,0.0068195981909560015,-0.04994729852371214,0.04261312416991265,-0.16013998137609325,0.12303044751061107,0.014577771507579915,0.030970851252604795,-0.02715454084154721,0.02498624055715704,0.015937398841907712,-0.010789043340182207,0.029653949184743046,0.0010325910248702723,-0.002579201516258055,0.0027294237410606043,0.09075419395649216,-0.019073168310515552,-0.017744125465947364,1,0.8698396638640704
39915,0.1758298653540847,0.008064377439115221,-0.04899981004790959,0.053499564895731995,-0.1564056578681768,0.12323639188681262,-0.00938375797947973,0.01767792350413972,-0.037273001653669695,0.017889953294247484,0.021275853155390583,-0.0007780003054134853,0.016888779324307667,0.014101312258007067,-0.004008472640547195,-0.001532570916518134,0.10394107103084851,-0.02646176500765956,-0.009435891021813296,0,0.8466840195838731
39916,0.17827130277379494,0.01102388640081424,-0.05088849970961909,0.04787077108793657,-0.1575914626775303,0.10490897446443798,0.004075196575688864,0.014633349254941433,-0.023325620059351397,0.023754268055432664,0.010267736046455448,-0.005393724847228805,0.0076397920233053,0.011800405441829871,-0.015541927724769651,-0.005754929404205242,0.09349605572882157,-0.02023348163289635,-0.016451894162524645,1,0.8029232780715844
40056,0.18130982075301846,0.020337749414296443,-0.040274530455559954,0.054223151720871915,-0.159746505091362,0.11125620143441646,-0.002914089304167334,0.02435518500609395,-0.029743262002690216,0.0032731941428546245,0.020403466892286448,-0.007470109439145711,0.029997777527222554,-0.0036735109389199033,-0.011396102069185201,-0.010973752412514057,0.09003577078057007,-0.01961041982012852,-0.021014041275017104,0,0.842008640480321
40137,0.20117027003714683,0.019467700046840994,-0.04017755373963966,0.04918147362763468,-0.1552825199535478,0.11228079940734026,-0.0024687481403660627,0.021574584132018782,-0.03255577921565797,0.013471685856433218,0.007261057979457065,-0.001680266024494558,0.01611422386204067,-0.004177266045550229,-0.0030262547836178814,-0.004488604501272641,0.08982779142285283,-0.02720993461177961,-0.027782996731667904,0,0.8291995101193597
40461,0.17713954007076477,0.01756773794438791,-0.03304745413407963,0.051640599430251066,-0.15673411521801167,0.10967882155770847,-0.0062049141270628435,0.023432460454218804,-0.02978318718917533,0.005430396623458995,0.026084294058806547,-0.006836559155278505,0.028735064519560906,0.0034157242019359365,-0.0003927420771435853,-0.015292362456955044,0.08992952882877078,-0.026539929085526166,-0.011633758968787298,0,0.8195191901018842
40557,0.17175383690580945,0.012048847011472283,-0.038177916961018236,0.047317806936277546,-0.17464012407416216,0.11494795725038193,0.009013192098926898,0.019244565345452918,-0.022699340460658784,0.02030418367887015,0.007411133658664711,0.002483896950827169,0.01829862425713754,-0.008000580170700315,-0.018862791555357562,-0.00945042828336585,0.10341641168598914,-0.015907220942368423,-0.006706966670226847,0,0.820685824897668
40572,0.19745682259945377,0.009487957856236679,-0.045436784055651755,0.05113357515755596,-0.16834034440022128,0.11064923334568508,-0.0038848615279601754,0.02167348861197481,-0.022214803643281118,0.023340200370410583,0.012074269937274488,-0.00892045207203133,0.01576638730581506,0.0015630872237332916,-0.013216484171771885,-0.00598022432637342,0.10424341863509959,-0.019881928149677097,-0.02262842379428947,1,0.8578927471844968
40595,0.19180060883172162,0.023191410526334572,-0.04378974291885373,0.053129012464357084,-0.14747809314390184,0.11849799841976351,0.0029885350349509493,0.017136786469023328,-0.023320088033277953,0.02209894455783672,0.018843033002527054,-0.007855167358526425,0.00943970831581977,0.017349736074979298,0.000685192803566769,-0.007522103874543447,0.09597481277778735,-0.03796373138281262,-0.025308695341586297,1,0.8643734013321703
40647,0.17549677863843546,0.022269355239705486,-0.06171756423420572,0.044885233280660644,-0.16674332394246774,0.09428132298095881,0.0046051032783316365,0.019658668100406014,-0.0351109001393942,-0.001601691818129386,0.014848122653477139,-0.00145228472285328,0.02272470576145773,0.0112196139442865,-0.0061040109517535865,0.005015787285903319,0.10299909107785675,-0.02253842214718501,-0.021821500726593456,1,0.8350934809240619
40709,0.1859509093478958,0.014698657957507862,-0.04767972001555856,0.04469848192286229,-0.16473482449985688,0.1225084912672724,-0.0012900440615014018,0.022147892054153157,-0.02723900431101569,-0.006815911863135146,0.01650315069133381,-0.012510890652330768,0.018035940227004506,-0.005903005148126208,-0.007676155623130092,-0.004144553436129729,0.10371751757606307,-0.0398142232080642,-0.0171246232606646,0,0.8631939971236061
40741,0.18006497612164804,0.017627013587296434,-0.04237646268294619,0.049295628117967054,-0.16934927966494248,0.10226813467679938,-0.006820190627400333,0.015434173576654883,-0.013003482746714576,0.02381888725200828,0.032529020864183675,-0.005086872061635097,0.018016808200392392,-0.0014469194158281313,-0.0014866186475853964,-0.007690056492490566,0.09721796063287075,-0.012459471475770775,-0.020116255416735118,0,0.8161082122618696
40953,0.1749343570118962,0.0154171395210112,-0.047502825460934525,0.04409048343931898,-0.15500641093906875,0.10869481185541985,9.602044760924252e-05,0.02252028702317319,-0.031586510621840154,0.035331832209161466,0.012844128055010789,-0.0019456336457709935,0.026528255163900717,-0.0030454098548471247,-0.01979551940962733,0.004330742674651946,0.09201542812996227,-0.04157020923087983,-0.013689781962915743,0,0.8509457866570003
41030,0.19024076025672296,0.020722633916550222,-0.04838746093393335,0.04565081946305875,-0.16689313483711693,0.12166605216860484,-0.001243338171827192,0.02226347166427918,-0.042307811537077855,0.02897844311521331,0.021755715355139666,-0.01866609279281337,0.02703607238444709,0.002138546343905836,-0.005994771782101748,-0.011109084818748009,0.10006571933242686,-0.029365119956423442,-0.021966739086854387,0,0.926451787917245
41171,0.17924026139342938,0.02559711039759877,-0.05027598687811926,0.04833707708870123,-0.16077251181735097,0.11526263271440562,-0.005762493921022968,0.015519448616404847,-0.02649375520719264,0.009610710985973926,0.015264332382113449,-0.008300642281681883,0.005904150522674944,0.009632845409542418,-0.0036998790446225545,-0.008075025265790832,0.10315564735042962,-0.030158483255811004,-0.02248844958080227,0,0.8435514441136686
41206,0.1793237807435205,0.020254114556132446,-0.036221946286465724,0.056813849133639995,-0.15693701243539288,0.1128100472002506,0.002827724221426877,0.01615716574015754,-0.023158176199799044,0.004270515887705385,0.01070538117108364,-0.016032221253872405,0.016886736225079586,-0.0034213515316083632,-0.00838788872163331,-0.004055463120048426,0.09585817856773614,-0.01995974282338977,-0.00496614756472169,0,0.7890474433836643
41283,0.16331972295661892,0.018904123981891306,-0.05080282749749235,0.04473557606978704,-0.15428042300734204,0.10167701105179665,-0.00013640722288009858,0.01938792001496587,-0.023793377342053078,0.017094635997667116,0.0078566889511162,-0.012273239503521905,0.023803352253234957,0.0119835668102921,-0.012731931960376777,-0.013546075979444275,0.0928408017931819,-0.024885272814504797,-0.019772945891751485,0,0.8138259010999188
41313,0.17981921878887444,0.021780143155622926,-0.030982371412500178,0.0444471384601849,-0.15153022145239947,0.11487089763874249,0.008327166947538378,0.010524572528925202,-0.01694182248940945,0.014784101714336507,0.01801096664004086,-0.009697210874328415,0.01083657555542691,-0.0007178680635137686,-0.011575980476960224,0.005952440946053239,0.09996145407064629,-0.038435340184957596,-0.014175215091763999,0,0.8033707064922252
41383,0.16792141311965417,0.02350380949449588,-0.047757110851109646,0.039378423401196044,-0.16169065859813808,0.11020475352399374,0.005535141760006251,0.01598607121923549,-0.021597968928910905,0.004503397840916364,0.012391294006071479,-0.002056344444795496,0.026283645914632586,0.004956051263069686,-0.010351999835604553,0.002483928449325287,0.10482042790246425,-0.0286146020447366,-0.020472529146147958,0,0.8105095717445044
41415,0.19216764637344197,0.024143648002870163,-0.046498181920748324,0.06080462645550854,-0.16098938530315005,0.11524819633045953,-0.00797634783546165,0.013266894976353392,-0.0243681833061568,0.009809794125892784,0.01314758398713445,-0.008540789020549775,0.015423315412484383,0.004345780713024528,0.007110821990933079,0.0022259827478408245,0.09008698981211982,-0.021212864948965363,-0.010382936162215119,1,0.8277499694253105
41459,0.18404236760897907,0.019563393718101188,-0.05025230624684302,0.034380101794125394,-0.17951500841119747,0.10744354534433646,-0.0049172186699081855,0.013152708353290462,-0.035935945615869845,0.018413600784455197,0.019118515883887827,-0.0069723170019837626,0.027197184990731618,0.0052389015736517995,0.0019675058206786262,-0.0036074211943137747,0.08827031577143214,-0.011558940938930663,-0.015759189497221635,0,0.8273064892199381
41468,0.1920681333410526,0.024442216352361514,-0.04878251976590745,0.04916237378615979,-0.1500957946933497,0.11224843912487488,-0.0024096149742324374,0.012508262400433214,-0.02707630546969429,0.004750954773290121,0.022251272268315046,0.007985718725723508,0.02690167914483918,0.011066917251037896,-0.00841324123263553,-0.0033966074095960054,0.10108761181844343,-0.02718918717814375,-0.009555960371939325,1,0.8413928100820297
41478,0.20738155365942335,0.01730709150190505,-0.051585002498584144,0.05493913900324665,-0.16670279140978325,0.12340437225034594,0.009651195635236877,0.022669120340736135,-0.0329082030482394,0.007679533111871098,0.012013089487941955,-0.013925208016123883,0.021819902421978087,0.0021176623465373134,-0.008411883909869704,-0.006292219762672664,0.08605807670142777,-0.02545913504183117,-0.013089476159285546,0,0.88341465630704
41584,0.17493171993898246,0.010935646407527984,-0.03482510664782363,0.05717820716611543,-0.15382503232704092,0.12322620534265298,0.006059590659616342,0.01660806807058871,-0.017952163235796865,0.011650358377205542,0.02791142440069684,-0.010624551130487318,0.00850333271785761,0.0077014911345489896,-0.02178164353309635,-0.0011917385807893566,0.0963025115408487,-0.024927379745153605,-0.010722760283634933,1,0.8168589312404646
41618,0.17898095384346094,0.01796190872580672,-0.04911993558893989,0.03991873872399962,-0.16120600028666718,0.09206227001550986,0.004196204128277624,0.016271299878822514,-0.035541899510690325,0.015152946821580799,0.023569913280150304,-0.005364487266997572,0.006520139934487293,0.0012356220579502748,0.0030106599859508146,-0.0021225550439659875,0.10726536749280399,-0.02554730522505706,-0.006216753141746127,0,0.7912649609528649
41646,0.18681656344861894,0.01794710013591901,-0.057618181811109365,0.05558434511147386,-0.1542495404047944,0.10670201788985711,-0.005015637085241722,0.02679827421988552,-0.026012782592523466,-0.004293863901877228,0.011465694299339897,-0.0031105329416838655,0.02610015515800274,0.008730106021455446,0.009019104173615629,-0.0017184060882045004,0.1007638220778012,-0.031153577525250095,-0.016651972637598645,0,0.8497516775242526
41658,0.1808578797125475,0.016823577025071475,-0.04127200773328409,0.05325884688689753,-0.16347166522929132,0.09516207175154488,-0.0005969976209725857,0.022825848299774795,-0.02597703489415289,0.011533567400292708,0.017405053188546717,-0.005718771581945193,0.009730331982864127,8.040995515965e-05,0.005348990478338982,-0.005690103320109222,0.09543414330260623,-0.0310223650013468,-0.00970427448861886,0,0.7919139398533656
41763,0.18831775769143566,0.016987418654671023,-0.03800990820189374,0.05206708985325595,-0.16493450548456579,0.12041770325092695,-0.002877643916509285,0.01845478512622073,-0.0263522374024357,0.015459582904211004,0.011314991207132464,-0.0013633071809506184,0.028416992555871684,0.005728740573924452,0.0020816940689472496,-0.010434732204371437,0.09476840032287362,-0.035304687392084456,-0.021592902004786692,0,0.8548850799970685
41784,0.18946873305783402,0.03554069397958638,-0.05333589849149797,0.051082272265529916,-0.16848683573707887,0.12042419609726841,-0.004055965965195678,0.018664986285323888,-0.03187006192885408,0.020776642334366612,0.023178797993071917,-0.015500321995567683,0.018984806748810257,0.006590768061461831,0.0052016614100636365,0.0014034619841956969,0.09924677755536024,-0.03506901816959462,-0.023782685764599878,1,0.9226645858252616
41794,0.17993493762127488,0.011914804011666726,-0.06457412457590561,0.044518305357240044,-0.16793805746650395,0.10430299400401827,-0.006707969731470888,0.02554583232353206,-0.029045901659344578,-0.0007664980327802231,0.010930761691589717,-0.0004018113233409759,0.014279527646386585,0.009921185866712244,-0.001062886276057205,-0.005880927586005675,0.08428769900416572,-0.021807143081544716,-0.004903561484658352,1,0.7887249287441984
41985,0.18182306681086502,0.02768391964268418,-0.050095638853175084,0.05535127063975782,-0.15393855821994887,0.10310230458065257,0.003228726439200667,0.0164270391541404,-0.031858858454995614,0.010660598079521895,0.01447404569344989,-0.005477491698245497,0.028657389258089368,0.00592053056773841,-0.0007716067549180678,-0.00023985048663415672,0.10123476822531803,-0.034470587446938386,-0.020879097221718414,0,0.8462953482279924
42028,0.18329822665051196,0.037059437444012286,-0.05205590967840075,0.04637306664587085,-0.15604793561085387,0.10699262066641183,-0.004451336269449643,0.01589509902621374,-0.027144489225061207,0.010592632904582271,0.015284375974766813,-0.0006401606100774369,0.01819206996318352,-0.008042856858388875,-0.005513791852762227,-0.005394822762947934,0.08617050684207045,-0.04235029291782572,-0.012535624183416253,0,0.8340352560868076
42045,0.18471813111144297,0.022084461555178885,-0.03539730643530615,0.05013402515776994,-0.16043452285946647,0.11553922200378916,0.004783983543438354,0.019146898217419585,-0.034016553039021076,0.009581182765479559,0.00958321003907603,0.00012212052367387627,0.004185034760814939,0.001025194156730282,-0.006038623741473028,-0.005083022293453573,0.08375977797711945,-0.015139331931017417,-0.013206225008603545,0,0.7739788271202743
42062,0.1716208092517782,0.021271007224289942,-0.04729755778611674,0.05655557404000556,-0.1615359602767733,0.11639494408000495,-0.0010225155866328446,0.023078198145887158,-0.025863960142202328,0.006968469571812166,0.017570138031352926,0.0060976277103101375,0.010078887657042833,0.007110311580161695,-0.015054673862493451,-0.003596798887593869,0.10231540005649867,-0.021587846869814385,-0.01461925487892098,0,0.8296399356396921
42201,0.18317144881944103,0.019484817428898273,-0.049293241567236044,0.06312783442623437,-0.1520996188383011,0.12198194186030098,0.005763086119481966,0.025129084516574862,-0.041360850372336624,0.017894838112441795,0.017213579533047724,0.008255113245458884,0.01549762925873114,0.018181150491437283,-0.004483348792525027,-0.007977564086162669,0.08719477533749098,-0.020705424371971943,-0.01282678999438377,0,0.8716421371724564
42209,0.1854922733290542,0.026568950009753886,-0.02785254991531421,0.05215654798491575,-0.15587769961029546,0.12028193017546869,0.006951861956891813,0.01248547446763676,-0.02517349067911394,0.014009051140419677,0.025016863802349663,-0.0124393449207334,0.01758757003851633,0.004557417555449139,0.0036811402631378772,-0.0014432803315068492,0.1003462964802311,-0.03194351761750127,-0.026193234938802126,1,0.8500584952170922
42225,0.18847224932136733,0.015720217417712477,-0.04178998933442472,0.048283998964526384,-0.1591295684460834,0.10847583810817747,0.015456971137789214,0.019991254123060725,-0.03572651165388874,0.001327277854585768,0.019793262499576872,-0.012469020893809232,0.017916060860724226,0.0065619604125199005,-0.0008593366075398527,-0.002762761949675863,0.09361633065748595,-0.02178948554805796,-0.011029373689579762,0,0.8211714694805858
42276,0.18317659180221327,0.01889605391258886,-0.058622695560031475,0.03847432385277253,-0.14818011840498244,0.10936079793804428,0.002958199465548393,0.02796112353775502,-0.020188122571079672,0.011994506083068698,0.003827160931406144,-0.0087806710430054,0.018905477334794755,0.006015455601402735,-0.001768932997180286,0.00020062994334065808,0.0956627054039752,-0.030350379684694704,-0.014923227126603157,0,0.8002471731944877
42318,0.17386967667410805,0.026138679228084258,-0.052817912181953516,0.061099905973922834,-0.16002420649647978,0.10882803733471436,0.0013812080273811612,0.0187560907052653,-0.029886054679352937,0.006251994475742928,0.009367243302034043,-0.006514274866029205,0.01964016980176369,0.008028919132586148,-0.007042942501548439,0.00016736952424384002,0.09086441098502726,-0.041303432867751226,-0.021228774198970426,0,0.8432113029569593
42338,0.1977295786964516,0.014989878067744914,-0.0501303673438624,0.05230685171026529,-0.16512878902505265,0.1242540060803978,0.008321626185354888,0.019907347975990433,-0.030602172479076345,0.011731274061643995,0.016208932771109505,-0.0010971210571188075,0.021398046629837787,0.004525664566723103,-0.0026942907792696174,0.0026203300872356915,0.08448036078649702,-0.02386546337435316,-0.01277144749357684,0,0.8447635491715618
42430,0.19250372549465208,0.012520747798589457,-0.052020844177831815,0.04541332590027606,-0.15725152105955476,0.10782365421991719,-0.005029852990535969,0.014014825049953595,-0.032114665648752455,-0.0009432036166983019,0.024355664820307772,-0.0018818001808544424,0.020188573709565224,-0.0029281712925789834,-0.0105074182567739,-0.00945915640478787,0.08472690717800105,-0.0336728887101933,-0.029629346365211254,1,0.8369862928750355
42444,0.179590039820341,0.024924477087555682,-0.03654462916644536,0.05198139539877985,-0.16051408581891125,0.10862779744059563,0.0068054568014784865,0.006388787340412572,-0.02726453331227183,0.027091132478411186,0.017099802459959998,-0.013554920883751282,0.021417487946257693,0.007269991327821055,2.4946434595824326e-05,0.004000030120344593,0.10575602449100993,-0.02566044660513074,-0.022332671853642603,0,0.8468486567877166
42478,0.19163416999790475,0.010151101743778621,-0.04374771524305729,0.056875902193255945,-0.16296425508458134,0.10540822196644208,0.006049257609129842,0.029901601624815498,-0.01784347212142419,0.010446625970660704,0.008035014129399087,-0.005185133653003334,0.02299181597845784,0.0040503736434963555,-0.003974052041585746,-8.90261898319103e-06,0.09534142537249539,-0.02479161245533523,-0.015530633865987008,0,0.8149312873137935
42480,0.18725159786118228,0.012282175492746891,-0.0444217957738601,0.055962056219201056,-0.1576444695010296,0.11644647144610962,-0.0021376260162555547,0.021622181436317143,-0.020362561070495316,0.014294946785040443,0.01133986429888464,0.002580865684133583,0.010713508935367076,0.0017882971119487544,-0.02188875512929829,0.008932493683542564,0.1062336087563323,-0.03407517621515525,-0.0031013563253320282,1,0.8330798077422324
42481,0.18396261694806598,0.016793882054886158,-0.05166399669787089,0.04148130498114524,-0.1534604182384128,0.12122425554339707,0.0016332944142276433,0.02966614196247367,-0.026904653639618352,0.0032439793467766106,0.005514137758134879,-0.010924760611472349,0.008689769167080473,0.014538765799085245,-0.004813369675713527,-0.012135105319974901,0.08875405100961319,-0.03240129115565644,-0.011415134624705585,0,0.819220928948311
42618,0.195069652922375,0.018925675059060426,-0.055999470585991896,0.05867508817758311,-0.17150883046481374,0.11867670905321873,-0.004027561971674306,0.0160109025827116,-0.040916702632527904,0.025496445847479156,0.007304835881446835,0.0003514954994831917,0.015205965863772328,0.0018529618635788646,-0.00459776327896146,-0.011736264107991846,0.09865468630117384,-0.03279508739032132,-0.0013942186344512166,0,0.8792003181186168
42683,0.19285644979448052,0.02152990943350361,-0.05171026831840386,0.049235709230481296,-0.15275639811083,0.10419908114858356,0.0029822002612878737,0.00828499279821831,-0.016929697906871714,0.01978248742870684,0.02220717637227581,0.00547542122050763,0.01112927881632138,-0.006781231362215077,0.005409883957371323,-0.005055873078357183,0.08134259422204519,-0.0214779507768384,0.0031538814282350155,0,0.7823004856655346
42686,0.16895705681121753,0.014854958805980319,-0.04201462410601113,0.05776991780434044,-0.16606799656234947,0.10898305472230939,-0.0004221854886911785,0.017872735877175357,-0.03060549893138783,0.021941297379181726,0.020655757210347413,-0.002045529036175532,0.026768272975284123,0.0007544558021839983,0.002309187359840019,-0.009430570520716618,0.09458093020523506,-0.03671460383978039,-0.008265656261158256,0,0.8310142896993657
42774,0.18935666482184044,0.015660947238521686,-0.05599324020177525,0.056208933659537254,-0.15565638739320922,0.12318465972984115,-0.01210812183277106,0.010144673213705368,-0.028059183679702854,0.008579646981407337,0.01991972765268582,-0.00648096614226784,0.004160532097033604,0.007775685920607922,-0.011500834926674005,-0.0019944613808435857,0.09331811354125333,-0.039470569664842955,-0.014310157972895914,0,0.8538835080514166
42887,0.1879326650947772,0.027677387200388665,-0.030106860023473,0.04799336110906737,-0.14872281350599467,0.09316509826616672,-0.006864360198060114,0.016014733352444403,-0.02335142522193234,0.00866286207895392,0.02204072147185472,0.0002905886277269586,0.011780356646706387,0.011563492214230947,-0.011197595354518381,-0.010511755382750527,0.08916572512496856,-0.036208981478389045,-0.00842950061930572,0,0.7916802829717097
42957,0.18324986273780086,0.0171433631272227,-0.03623602901456306,0.05699123566380804,-0.16290229551735796,0.105551468168703,0.000361595805687036,0.009376618155434727,-0.031170740308185105,-0.0002969437517050944,0.028013605564359455,-0.012354010095149427,0.031171652232890493,-0.00040290502196246977,-0.0017658670719244928,-0.005493379944120664,0.09472069092741392,-0.031948096840785485,-0.007895641319674207,0,0.8170460012687482
42960,0.1941124047792792,0.02561207400305757,-0.04647605356708255,0.04174941900187214,-0.16582408725760803,0.11210224227009188,7.70395218089391e-05,0.0182897464706661,-0.0333599740740166,0.02013641172334299,0.016658653980147656,-0.001025367354340948,0.02095351933149308,0.0015313226302994443,-0.010839486918092035,-0.0038436428440211047,0.09354800746140868,-0.028235805769039557,-0.02474115598408218,0,0.8591164149417507
43097,0.18809053061073439,0.02526459619292849,-0.05205610264408152,0.056062387923361046,-0.1677477980005928,0.11260327613476939,0.004231557307707963,0.017821133140683624,-0.027058649746074716,0.0016974248521010313,0.011321288214742202,0.011173880043941103,0.041996984552450295,0.014207778250361666,-0.014718989519690001,0.0051291865760557855,0.08652854599941659,-0.03172862880142718,-0.020840371767539657,0,0.8902791102786595
43178,0.16491359047332152,0.007513410907716477,-0.049929996715986184,0.049209576664233895,-0.1582067497327717,0.11838925193143207,-0.008198510715350226,0.020394643494335347,-0.03616968941066859,0.012580617420770301,0.009721307176874945,0.010238919701023787,0.03243056054111859,-0.0012008163652823167,-0.005563799172522912,7.280815025124105e-05,0.0894179991956808,-0.022047877937457005,-0.015179801940786743,0,0.8113799276475847
43243,0.19537879818663934,0.01835639550549044,-0.047685213058702866,0.061598352634798195,-0.14362110127980196,0.10568080181395939,-0.011398294755583406,0.011709065425400914,-0.013285899261196702,0.013498415340983528,0.019213868299836966,-0.01162070288122242,0.018147324506210778,0.00859179733260301,-0.007629820136072301,0.002616605291346819,0.10275554455271534,-0.04101467095274468,-0.01119537802845024,0,0.8449980492437593
43287,0.18313633636362134,0.0292391850758476,-0.039425051327476875,0.051802766123033354,-0.1627792125656473,0.10370731867516278,0.013835897367477711,0.019142759457754826,-0.018155291686142574,0.011384521919387627,0.013073825539424629,0.006838838697822481,0.014981142136407574,0.0031427848662972224,-0.0034634860380025117,0.009970839975754337,0.09658985773204846,-0.03999276311434193,-0.0032743986565510986,0,0.8239362773182023
43296,0.1770515143262465,0.028753958992811576,-0.04978714499483065,0.045077323616006804,-0.1569315028307243,0.1028560509789543,0.010942443676648119,-0.004331043275827884,-0.02350695587052049,0.011033894544470133,0.006589872131588811,0.0018101798137333217,0.0210740164197919,0.006535464670605561,0.0009936172805305049,-0.01121571284553682,0.0955057382692834,-0.03733109948658752,-0.013512095402747448,1,0.804839629427446
43442,0.1689892286555115,0.0198961320182285,-0.04762601230754073,0.04640821428721331,-0.1460854601184266,0.11467777858029916,0.007823805659997077,0.01019720149978765,-0.020956365121157308,0.02022094655757258,0.017629062753118856,-0.00982331410122955,0.010727587695327995,-0.0015459858572033202,-0.0043563176905061386,-0.005573478179310347,0.10957320538042874,-0.03144006158393389,-0.012717809602760397,1,0.8062679676495537
43506,0.1851955915823931,0.012830060820393915,-0.04285838481544989,0.050424287863841025,-0.15406097808196198,0.11566429366761752,0.0004151332519242408,0.012419837508088673,-0.03104929862097931,0.00819215337528517,0.012770680194528285,-0.014964956096197697,0.016688382356672315,0.01319950517512578,-0.0073872650176627554,-0.005171139988754625,0.10329575909709755,-0.02921709531638058,-0.02046798769435864,0,0.836272790524713
43741,0.18657036734337154,0.0200595122285923,-0.05185444067866223,0.05862566193751893,-0.16764769999882698,0.10021648449580041,0.000423611738489898,0.012424031400293365,-0.030965385760641107,0.01923832893198001,-0.0013082055783303914,-0.01940692440615475,0.01593813437834975,0.011093310866210694,-0.00016743546821417372,-0.0031606932907361036,0.09357822678395544,-0.04250571012965589,-0.018221599443489236,0,0.8534057648592732
43757,0.17889106447011965,0.023013319418836085,-0.05801852256373822,0.05321838855212917,-0.16840838218001755,0.11865965504496251,-0.006258825414049141,0.012517396275580477,-0.03867955030326709,0.0019462743405990982,0.026739814927802415,0.006185818724743952,0.01800937412763497,0.007814823351689036,0.004565046685184386,-0.003627738549299874,0.08985980544194691,-0.03423649825682228,-0.013690061757565899,0,0.8643403603859887
43767,0.17474436890805192,0.034051997666280816,-0.04788379170233465,0.04799940471019021,-0.1760033971419503,0.10092153627575201,-0.0003994501709201042,0.018625209493410823,-0.02558154652932711,0.020609257697536437,0.008169187572735905,0.006671139482622175,0.02203803166535209,0.009083041558037228,-0.010616511699471977,-0.00878347308498807,0.09117100152609003,-0.014303767604864258,-0.013020898443029831,0,0.8306770129329459
43877,0.18420053814427148,0.02085933655501573,-0.03776479473750745,0.059405804234381424,-0.14967196907697738,0.10826496142308685,0.0006445279151109971,0.021281826425796773,-0.03388393585145422,0.0006523538118101991,0.019589772316832097,-0.012200532276989489,0.020497003801544577,0.02012823386448129,-0.00934685824606497,-0.011215990327153636,0.0976173428336875,-0.03378345161777413,-0.015368920918247939,0,0.8563781543781881
43912,0.18300301512231087,0.014948677898799518,-0.030793998768236897,0.04035227815044656,-0.16208930292741772,0.11185750647502157,-0.0016053551301722783,0.010032370016075801,-0.02587964205408213,0.0004660610563175273,0.007849064311555591,-0.018586992732737333,0.02053256498198312,0.029116421364144187,-0.005225313783640617,-0.0036000947672076666,0.09371345099620136,-0.028406218620014828,-0.009997367280724706,1,0.7980556964370903
43971,0.19303360628102903,0.014204716641369223,-0.04281013813010742,0.05267549142482856,-0.15315524477100437,0.12239962665896514,-0.00020601642984984815,0.01998543854631918,-0.03301976129680481,0.004740235010728935,0.01691563628881023,-0.010605266279626015,0.018006461181683107,0.007605586044276697,-0.009308999538855858,-0.005500678337052631,0.09950015716934682,-0.03259277738177867,-0.015611035038456025,1,0.8518768724508926
44120,0.1929250128494557,0.031187968872760697,-0.0580842116788693,0.05195237775973003,-0.16336985861970993,0.10570160915202241,6.767077877321765e-05,0.017461222707564363,-0.03347772915938826,0.02845748949277911,0.01718005956995065,-0.004513480674474146,0.022794706596497308,-0.0035419215898617666,-0.00893761690463102,0.003888787498590092,0.09429028618894954,-0.03083108128686223,-0.0164490395847252,1,0.8851121309655949
44160,0.1854274409959743,0.03379648500775636,-0.0573785538370076,0.04057189090945132,-0.15766343793641266,0.10577099701503336,0.01311530175985229,0.01840231536602511,-0.031150483037348912,0.006716192687925517,0.017633563284155735,0.00415572915313145,0.029998912385778145,0.004917008097136393,-0.002457477888748816,-0.010849220167452395,0.09634672627044115,-0.04443107608559274,-0.00886300394580381,0,0.8696458158310281
44161,0.16967680250444517,0.026080061028749643,-0.04351036941294087,0.05852146071032691,-0.14903735512570665,0.0940967291128877,-0.004010445532815071,0.007234484383912093,-0.03270655375538079,0.002892528932616332,0.010286884909386607,-0.007632097021146865,0.01767073108176014,0.0003968765070445735,-0.008072104093775916,-0.0009170643713731808,0.09113399414209482,-0.019102701359890374,-0.0038379778340364777,0,0.7468172218202902
44195,0.18904761570549405,0.029771727404754023,-0.03904316999979445,0.04680474714174435,-0.15795051381167555,0.11473168816910849,0.008425532834356802,0.03129562032905596,-0.026327674314833103,0.0028358838806176894,0.018081235055694728,-0.008856742528330831,0.024318848622225827,-0.00053844738746891,0.00941922593127724,-0.007420809856533136,0.08153062373041835,-0.016633324589094035,-0.00804850209944962,1,0.8210819333919271
44294,0.18525858258069033,0.01695075807756771,-0.04083642539749892,0.04344818403720285,-0.15811982304203773,0.10897016152870126,-0.00330765056298811,0.015129709086713985,-0.029065067616408223,0.023445872015840596,0.009823572789310384,-0.0010942687801013492,0.009537194325856434,0.005741909070183171,-0.009320700783588856,-0.01411596356019462,0.0881553853340869,-0.031744876034103975,-0.01198806016675867,0,0.806054164789834
44304,0.18142564559857524,0.013841734641744204,-0.05726287402590792,0.05779570490374544,-0.15385451052954352,0.10781678898820003,0.0025498200803728385,0.01896821148935828,-0.028792515459216128,0.007883288138863976,0.016235850832157565,-0.0028382665523065363,0.021543765419205566,0.0014864793268471025,-0.006709663050330824,0.00817153597189005,0.09698647423380605,-0.030730771417024048,-0.006325974381275791,0,0.8212198750403711
44442,0.19896717246617265,0.008299133665184776,-0.04387633606671212,0.05919701633426396,-0.1573815646057777,0.11539390488212678,-0.0026192638752092134,0.023616848484865005,-0.02516797420776868,0.0205959935350811,0.016231299297800768,-0.0012834088620953443,0.012064459979050042,0.005858969423457576,-0.009351834943815258,-0.007037691930002846,0.09921340521002833,-0.023466914030935933,-0.007976159727873258,0,0.8375993515282214
44524,0.1933421446661188,0.014593536451672409,-0.037782814757469356,0.05814372463215497,-0.16489168157917203,0.11618113047217533,-0.005192684829481015,0.020255354315092126,-0.028590343217812147,0.02366386350067086,0.012605572773451033,9.15691480811367e-05,0.019685888867304262,0.006550400756120791,-0.0010301427007167014,0.004105673300786063,0.08832805427689269,-0.026314838110121166,-0.01028655991404213,0,0.831635978269335
44546,0.19045477867439248,0.017172762514932747,-0.049260499261558975,0.05303726994471363,-0.16743279013407197,0.12005537524896523,-0.0023437994088863208,0.019589222596940868,-0.01754846342964714,0.010455436937634817,0.029998629086969063,0.008351837864015815,0.029366851767534206,0.001091114679109927,0.007811214822248378,0.0045220562478145805,0.09778815138754889,-0.032968478827392914,-0.016637190608242557,0,0.8758859234426205
44648,0.18242992342575426,0.021477876103563217,-0.04001866567536111,0.05882969671815629,-0.1507634330874859,0.11968295568854186,-0.003969612271494517,0.005445401170433993,-0.04389571738656904,0.01282615775970942,0.022986445352821405,-0.014524091116195383,0.02274237247031414,0.008026000823528556,-0.009072620379831142,-0.005973687778558767,0.09568871195665844,-0.031123872513386764,-0.007853049451768696,1,0.8573302911301329
44677,0.1939421169099741,0.03182507054643968,-0.04326721748011799,0.051592890201273514,-0.15404531957952242,0.10680580476967627,0.0003588316711193129,0.007209582406154281,-0.028895627141384668,0.0007072155197445664,0.017118550956800302,0.005195052292036795,0.00537510968780442,0.006143960284117949,-0.0005297657152645211,-0.007793810184860569,0.09832162644875418,-0.01842312717660087,-0.0168170495003331,0,0.7943677284719795
44927,0.1956568486134202,0.016813209277634623,-0.05229840017302627,0.03881399264378104,-0.15017616709651774,0.11982869429225439,-0.003521899201351175,0.020194209769172074,-0.03378438300865016,0.0052106345140687646,0.010973653740675937,-0.007319624964864263,0.021678613314462167,0.00954567893141063,0.001554242574289054,0.0027328906144328735,0.10122885392565652,-0.03280298981879847,-0.01602578475280329,1,0.8401607712272696
44946,0.18251534424774668,0.016131921085070288,-0.0466234165291256,0.05555943794696358,-0.16472759182601387,0.11953591770461278,-0.007605682223822282,0.016923583630732895,-0.03088512746464728,0.0033150337042361596,0.00928336115724846,-0.007757554241714277,0.02124715413328151,0.0009378543825534861,-0.00516071794641999,0.012206715968306435,0.09539010310489968,-0.032147083042340575,-0.01597149617463147,0,0.8439250965143673
45022,0.18493333526048095,0.01407808200407996,-0.052388194327063375,0.04163148946989386,-0.15837439367970949,0.10858598253947176,0.0058585816339508864,0.03331482811153043,-0.040247189749191586,0.00892982448877183,0.017189526949872296,-0.017350370411593992,0.013376573238254657,0.020042822039597768,-0.003481219984200111,-0.002039941263494048,0.10351739684899612,-0.034230586172109695,-0.01873189316068971,0,0.8783022313329525
45062,0.1798032513259344,0.012039238882915347,-0.053623491961097634,0.04824581665788963,-0.15825373647144084,0.10213462819655206,0.0011107407497058842,0.026434189710981083,-0.027902990415458687,0.010786589090534645,0.010566269808637525,-0.0063817187941332424,0.012113980120905983,0.00404910527543022,-0.01065475795612448,-0.011207184863023746,0.10026655175917935,-0.019806860165123095,-0.023242706951649997,0,0.8186238091567178
45128,0.16627458019723826,0.01070278219414353,-0.03673602240689501,0.05008903390724042,-0.15816817138955944,0.10148270250990223,-0.014168157963522537,0.030524930985451833,-0.020891254045143602,0.02306624864256842,0.016055123266643326,-0.005298650257478998,0.014687865831590688,0.010961637717754937,-0.011333829854837984,-0.002924002637558352,0.0941409763900833,-0.02811958773278526,-0.007604295649098258,0,0.8032298535794964
45187,0.19118393717536913,0.01555785880519514,-0.04116155298175661,0.04920966706420704,-0.1678884673221788,0.1049449041840761,-0.004113520317671022,0.028026880569847885,-0.029972761236173,0.014908157667338605,0.025224231563951628,-0.0001612825303645157,0.013339080137911895,-0.004040424344541355,-0.00408190098307503,0.008644424464668777,0.0887329873851789,-0.031441332019992566,-0.010008163641250161,0,0.8326415343947482
45260,0.18050933909540037,0.012126057489730571,-0.03131891767909304,0.052936293137193176,-0.1708710901108714,0.1222777648209317,-0.00031730158667993166,0.02771234379374884,-0.014252949944249025,0.003273798628312144,0.00950319837986353,-0.02302941615443128,0.02025998097300878,0.008485503492142506,0.002718208688075141,-0.00621025590404617,0.10684078284784858,-0.020886373616389838,-0.023458214146242242,0,0.8369877904882582
45296,0.1925633547840618,0.017045027782580446,-0.04774956671179454,0.04612301734277025,-0.16627519467391397,0.1374878606899359,-0.0029399518141559537,0.022915362186924308,-0.03418509865598612,0.00867072297886624,0.004510427012075509,-0.013655812529457096,0.010794787934047109,-0.0021249881247903525,0.004832649129526448,0.006965750651844822,0.0923678615943422,-0.033571801130576284,0.0016839669964359592,0,0.8464632027240853
45419,0.20576585504442566,0.01633655966550795,-0.04769496790950015,0.053287464802719196,-0.16980627804153975,0.11710817316970344,-0.0031706767747681722,0.0322073374000438,-0.032555945350801335,0.027473925481499496,0.0023008437444975364,-0.014911956619104536,0.021250771707010885,-0.00392606255381342,-0.005383263636629415,-0.0028870037924563986,0.0810012290691546,-0.021417627963459904,-0.003966880781581546,0,0.8624528235082172
45438,0.18599177777239442,0.0014694445208757229,-0.042563715268008326,0.06646072198344433,-0.17810242198037676,0.10981885347072406,0.013981630651805016,0.03653971293540689,-0.035242331117410826,0.022393466353102607,0.01748782596799754,-0.012611126822954963,0.011242867157671884,-0.00015694247827747142,-0.017273871772900545,0.006092755170277617,0.10069432680165062,-0.04047384519225571,-0.002888702656082151,1,0.9014863400736175
45455,0.17120199175809322,0.009207939992494283,-0.04647836703098639,0.04541897879749235,-0.18024658537090396,0.10009809398098012,0.007030292426404985,0.016610136650301283,-0.009769529537497115,0.01991771600170767,-0.004996940500987481,-0.0029334840887210935,0.018229906050352646,0.00965017715688331,-0.016107890929169415,-0.0024198000114832256,0.09500465984840306,-0.004757019400331538,-0.014349414661182478,0,0.7744289241943756
45489,0.17466229633028713,0.028611699499119236,-0.05133124863710818,0.05006804617593822,-0.1692910656041804,0.10089028426219497,0.004962512805014627,0.018357916512278718,-0.029082759946494712,0.021431924790153586,0.020034770182225714,-0.0033524438444674062,0.019812545758110603,0.0032052915802210586,-0.002547009053191775,-0.0035072041600513124,0.08986642462620326,-0.03630187697579807,-0.009887108454442923,0,0.8372044291974818
45513,0.18135447056103857,0.03497150816067711,-0.04465744142851872,0.043621444631681223,-0.1484808821004522,0.10028359949963604,-0.008692991640838012,0.015791986586796522,-0.030053084520495866,0.008049901285370063,0.011094916679725906,-0.004355230353745443,0.031497364301776055,0.00028067824887232317,-0.014674784118266105,0.004855445047794458,0.08963291549183562,-0.04818030182777605,-0.02425636718476436,1,0.8447853136700607
45527,0.1805469494884834,0.025662951052571447,-0.04710308160338386,0.04230078331333366,-0.138609343423405,0.11295993467222325,-0.004866846135514721,0.010090421332542135,-0.04347099425535184,0.012298918139795155,0.030015465812946358,-0.000257993699442303,0.021388202709883897,0.017105385301046945,0.0014062230467196634,0.0030440686034057095,0.08706673961725497,-0.03232792617393308,-0.01082165093399259,1,0.82134387931523
45560,0.17744393744468234,0.016901861432884333,-0.04174915959238383,0.04455236152641552,-0.16023217592473554,0.12753027946040002,0.010470373021193146,0.028857121630426582,-0.034466537204187644,0.013264255615085667,0.01850971371386639,-0.006357566169432669,0.01798998711577163,0.0037195701101739092,0.004540930853273259,0.0009209844700617577,0.09247292763792324,-0.03373730564436989,-0.01703739992114077,1,0.8507544484884082
45577,0.19353344453434373,0.010329364189960307,-0.03982159473777878,0.04895961374092817,-0.16233108174806044,0.1145963376914844,-0.0053113489840822415,0.028439933374261348,-0.024506037455136947,0.010517901777268204,0.019265117054257035,-0.019852453639006194,0.01298241663160131,0.002020511010778848,-0.007190891380615416,0.016632304276464453,0.08821518832140127,-0.03558764598735482,-0.01987171906607639,0,0.8599649056008603
45683,0.19286310136151177,0.02669367294774609,-0.05087649334531488,0.04026653019099874,-0.1569059914548728,0.11607581700235797,0.0073588228463484385,0.007207674425431243,-0.041603470415373066,0.009144971305521906,0.0035113307175666662,-0.005650977658442139,0.014773256513307109,0.00015857786097012196,-0.01407013649388184,-0.004483203919007804,0.08653784196087055,-0.028054486664055238,-0.014164507956843823,0,0.8204008650404222
45704,0.17585034925830184,0.015862733628197914,-0.05351104724202247,0.04714404231547135,-0.1616224025216422,0.1143469088437438,0.013827109646290907,0.02385815998425433,-0.03287679643127756,-0.00048262478621027523,0.005440922268285398,-0.00047010847703118046,0.017248528216924432,0.005913462219411717,-0.0004409061705738136,-0.009938615626946656,0.1099519255137903,-0.036674355694450364,-0.03059107170082341,1,0.8560520705456499
45706,0.1878388797587927,0.01941624992548313,-0.042789950513871564,0.049622966256899166,-0.14464190028313606,0.11183093690547252,0.003814333986811595,0.017308212282627133,-0.028864957637462187,-0.006564939054627502,0.007915125264472618,-0.012120598805897949,0.012556112776029417,0.00340982788894953,-0.0014355345098562608,-0.0037845508650771356,0.0944298161392088,-0.02813319535246069,-0.0006583168381053441,1,0.7771364050452413
45940,0.20475629284339664,0.029105022872939715,-0.04101471706609347,0.040902209468318844,-0.15835496346095587,0.111600568031367,0.00027378217589176874,0.023842166634731043,-0.026627449342469075,0.014735570619904121,0.00518110125391268,-0.004320560481462655,0.018948794666895755,0.0023807159742908657,-0.007478304304506704,-0.009548705567015758,0.09599466723658238,-0.023374914609603035,-0.008868870353971154,0,0.8273093769643085
45971,0.1931022377646324,0.006544218410131361,-0.038806307450335135,0.05211486041374535,-0.15668579989274045,0.10762803211870488,-0.005785005982082307,0.015518317549101924,-0.03543101605293866,0.010882453502180211,-0.0013831641717990534,-0.00806240796621882,0.010552048162448757,0.007537351619195595,-0.008823128146227974,0.0017972159289716782,0.10540381857491919,-0.018455925563738484,-0.013125697427796337,0,0.7976390066979085
45998,0.19249148977174343,0.03253405505674261,-0.052252091391198886,0.05482028155374137,-0.1487889224626764,0.12261227886821228,-0.013159821741105164,0.01453728696207546,-0.023505462225851127,0.011632965915521681,0.003214633468767868,0.0014880104646127622,0.011850882722033731,-0.006422576824578376,-0.009806092679914887,-0.010229251034539878,0.09634034946640617,-0.025713609070554606,-0.016049249524804292,1,0.8474493112050809
46122,0.18606263100259413,0.016414801191802445,-0.028906620500501756,0.05579214657318991,-0.16544690463832468,0.10279652486640929,-0.0013655050246719536,0.014782657882331341,-0.024406890440827837,0.009877608560426122,0.011136806753564139,0.002640011728967037,0.011852375466948114,0.0020010000003967267,-0.002781520691946857,0.0009183993047224516,0.0916463417114167,-0.01864575975197537,-0.023404837156603596,0,0.7708793432476204
46127,0.18680542004626788,0.020687131091203792,-0.041781850059735365,0.04766541149692353,-0.16239630050956447,0.1065272504008311,0.010146534350212625,0.009018352098421344,-0.025148879168559325,0.0044403560649014405,0.01617460273280621,-0.005739080046307457,0.016218934315928704,-0.01121029789275655,-0.004913113644982783,-0.00782504092840066,0.0930731626918584,-0.03279874031003602,-0.015161122293975603,0,0.8177315801436732
46130,0.18899422385885298,0.01740897909417136,-0.055112991556446965,0.042229952686885286,-0.16407373994256458,0.10669460948990157,0.00041199140380702374,0.019446125022233786,-0.03111898754459566,0.017340119169090108,0.009372384461106338,-0.004504467695018479,0.023349505638131873,0.007415345568782805,-0.013098991350279553,0.003456241145606287,0.0837841279426465,-0.02982386897127824,-0.011038112580121533,0,0.8286747651215209
46237,0.18205173626282373,0.02483376114512121,-0.04717969909469353,0.0509322415527368,-0.16378465920376767,0.12008165426564923,-0.0001710229312463108,0.021047911568597436,-0.028376751891639525,0.017166578975144883,0.005044407939020561,0.0007556297384195347,0.006564042430817186,-0.0028831498118508,-0.009580047361080282,0.001476747889726066,0.1019451539331004,-0.041594365478842085,-0.01571017335418282,0,0.8411797348284601
46368,0.18500892901406432,0.02510476972011995,-0.03824424126117946,0.038333885800871575,-0.16222510244363286,0.1145624195331371,-0.0056113390762167785,0.01681208316220117,-0.024603401486168873,0.014521681973585353,0.019207492607001313,0.003403762919539977,0.02052751938090695,-0.005476220977249316,0.0015057911776428813,-0.0046431651007810566,0.09505673316925659,-0.03139595564873393,-0.010730776133749101,0,0.8169752705860386
46682,0.18000084267496333,0.022222343408369517,-0.04948017060997675,0.04943860961094679,-0.15160528774907497,0.09951056794060031,0.0067681700737989466,0.022598957273883457,-0.032200177800942975,0.018900942455894562,0.029263532312102155,-0.014906250656052273,0.013033488678247789,0.019177776107583692,-0.003655508921989754,-0.004078773873125453,0.09277192607870899,-0.036864664590067056,-0.013139656317524345,0,0.8596176471338531
46697,0.17845233141500724,0.028372443527023793,-0.03514911636989668,0.056730443615164966,-0.15477117193601705,0.11797177200743263,0.001726767046341399,0.0322180043014961,-0.014940931841882492,0.009402962041708022,0.019280584464189846,-0.0013733109257861222,0.031837570044313264,0.007775904760758291,-0.009312815812435657,-0.005860876658801936,0.09257663798921721,-0.02431061018387199,-0.02081631311003351,0,0.8428805680513782
46712,0.1708022126575253,0.01974496254110882,-0.040569968277273896,0.05225514034557906,-0.1683367162527396,0.10921272409455998,0.0007985584015349201,0.022259091560941937,-0.02774177368591601,0.008227987717511409,0.020160396860316294,-0.01530492594507921,0.017922861963251283,0.00640111640782154,-0.01466702675728453,-0.0070904699117556045,0.09673561936002711,-0.01244066712780659,-0.008301693260195184,0,0.8189739131282283
46740,0.18363556018763644,0.021845839586627117,-0.05482765367744366,0.060621393068801085,-0.14397511661958273,0.11073430755559603,-0.0034667410133690573,0.02809315136683421,-0.030102299579515848,0.0054969404623601776,0.010343356156370876,0.006193220465754393,0.018164521317916456,0.0021137839868658704,-0.0023621757489672443,-0.01578232876218498,0.09952943086176716,-0.03714497681240032,-0.016209593165349916,0,0.8506423903953436
46813,0.18017601446585263,0.02250870852365773,-0.04198057649028093,0.051424757068009024,-0.15175244574165306,0.10837161999333797,0.019292136692259827,0.018933394003197088,-0.028191472698621125,0.003009612384174259,0.017299206025723213,-0.00919862304086027,0.020307007565859885,0.00410422038925039,-0.006064059550346359,-0.009721147260738854,0.08642784267996852,-0.019870291769815612,-0.002752132136744055,0,0.8013852684803507
46828,0.18660379586954215,0.0401793115454218,-0.03164424980958296,0.04327651541683371,-0.14829499035536933,0.1150940986183606,-0.002272462036510065,0.028832790945046028,-0.02184323188265967,0.024146377943023257,0.024490669549363988,0.004685188316243429,0.026844927117051318,0.005633472371563478,-0.0050148582275945305,0.017560137673559763,0.06640064946662422,-0.03753240932064972,-0.027210442945778335,0,0.8575605794107783
46863,0.19008045882689234,0.01925376157793444,-0.04640806819663744,0.038858950124339535,-0.1410776360853939,0.10472137736487366,0.007220143385861225,0.020384084331357778,-0.03280632211108428,0.015747017255571687,0.01911858967394249,-0.011737049691886233,0.017103527692887158,0.007127024955572536,-0.01202763717751692,-0.010579051904757905,0.09125901311092104,-0.03663230026916528,-0.013314386799721249,0,0.8354564005363171
46879,0.18174004076861955,0.02794161039378732,-0.053262619935502194,0.048820683667025654,-0.1433366158360706,0.09693215739775904,-0.01145551539796554,0.018436743969923754,-0.036668775979392644,0.0017013726495862126,0.010270279119639092,-0.005309216688169459,0.03521141954763218,0.009073126172967926,-0.0027986166879319313,0.00943555791086111,0.08997100480688056,-0.025923374886307467,-0.020283344459414442,1,0.8285720762754367
47052,0.17564443863456705,0.01754983471474717,-0.0330965442183551,0.05814044884666557,-0.15725310977601756,0.11075771282885609,0.002000626090795764,0.0086642583369218,-0.02542512308641993,0.015615353032703196,0.01599218898026796,-0.018142216502248877,0.01555762598257638,0.011914159844693052,-0.012889306112722031,-0.0016170528821014918,0.1001275206918214,-0.019894448497629235,-0.014918264675191549,0,0.8152002337353013
47066,0.1671357964168712,0.018750977915811342,-0.03934968672646914,0.04387596187161417,-0.14693748529446785,0.10356054727764855,-0.0056555265960624565,0.02305776130991699,-0.02134213115332662,0.0049275724412107145,0.006023900877664194,-0.004215304778802985,0.018786162277501187,0.013188992312460726,-0.005735050662010605,-0.01480422192356704,0.09333235511440735,-0.02859504733691738,-0.0116950004267244,0,0.7709694827134549
47100,0.186085047928837,0.022958197374512924,-0.04382154130250926,0.058846207695457335,-0.1468590751468371,0.10518715210359317,0.001083225103710068,0.012408441784078406,-0.025102959326198975,0.0041484401118825585,0.007373228941992416,-0.01382913525972336,0.027953874396409804,0.007636951728367018,-0.015310990597297626,-0.006437377544496929,0.0920814737956012,-0.0405311011661476,-0.01804872644519391,0,0.8357031477528467
47145,0.18747011649204315,0.026980318906303653,-0.0510885048742221,0.05993397896243536,-0.15609835887378246,0.11802412147503023,-0.002369459754072191,0.008610056071242607,-0.03633324988662135,0.01818935776519613,0.015132394395883724,0.0012663030762134434,0.030885298036836546,0.010191931908105944,-0.007484343549004508,0.002243733730533277,0.09146350733916875,-0.027228491531163586,-0.017721842815999988,0,0.868715369443859
47166,0.17495097376144944,0.013416923323531064,-0.04627088874123947,0.0419042593103179,-0.1628378161577807,0.10907874995631466,-0.0023181244570986198,0.01933255064379701,-0.030504933030468882,0.0019043002415944186,0.022147663749870875,0.0014290682069382076,0.01047234563034831,0.012691830523295342,-0.013646439870752732,-0.005087673240929251,0.10400883319581052,-0.017869005374507398,-0.01535796718006542,0,0.8052303465961103
47186,0.1745295363489988,0.009790181147749002,-0.04660472082016802,0.052978554322123936,-0.1573243196902245,0.10760307734960489,0.005085622883868712,0.015620671408282652,-0.03596245770441102,0.0121297320157673,0.00894002624295255,-0.00897950087580341,0.005138755010342537,0.007207638156821029,-0.009003693580300854,0.008467974896090164,0.09445189664130835,-0.027293275577832423,-0.0155607512220478,0,0.8026723858946979
47227,0.18329709887650977,0.019592692398212715,-0.05130099193482821,0.04797381162627133,-0.14807223992003643,0.10241660896596265,-0.0026333565973706416,0.015671878045374767,-0.04043568369365028,0.01426142105697768,0.005977274552131877,-0.0049974311656614335,0.02926127384840456,0.024834642445258338,-0.013257585549947612,-0.0029816105580608328,0.09410382642089968,-0.026926132195918162,-0.01457128402486934,1,0.8425668438763463
47254,0.18891068029703623,0.01967411061597868,-0.057131587918965054,0.05222397594422154,-0.14683435416422078,0.11828651926318108,0.0035140803382567626,0.022382798513494624,-0.03946653131967889,0.012112802266056153,0.009784243284350258,-0.001846725244862349,0.008777097689995877,0.003381971345488872,-0.0034954272564951387,-0.007290968134380975,0.08349339780642395,-0.017250857827310957,-0.013471595133788731,0,0.8093297243641869
47416,0.18050721113839113,0.015343196662175684,-0.045320036210206145,0.05571735704266516,-0.15600315850234586,0.10659862038461532,-0.004406038615059088,0.021533726522209987,-0.02404504721693027,0.015512719944540277,0.013219515319034765,-0.014430110270452188,0.022647484539072327,0.004971289513773357,-0.005000217445027716,-0.013724922554284168,0.09558717419529668,-0.025538425025107416,-0.01507198471758303,0,0.8351782358187706
47542,0.19546177788189778,0.024863284927527096,-0.03496704818567807,0.03520937867589237,-0.15312170928658977,0.097417590244517,-0.005842446499238441,0.006784210757435385,-0.041030517573180325,0.004299341333615591,0.016913572265453147,0.0032499056998073817,0.013682061363740188,0.0074520345645138035,-0.005735222535764077,-0.003985300562230144,0.10498781973575594,-0.021031623156654227,-0.016653258620113458,1,0.7926881038696042
47559,0.18370007328469817,0.0030968985285526112,-0.040280058159734324,0.05974192303325426,-0.15467122308724027,0.10976401762768459,0.0122083836349489,0.01610925633287435,-0.0177983407279427,0.024541485656728774,0.025824194634792554,-0.007282453689109357,0.02430762764834434,-0.0007449082906417071,-0.013092823559486924,-0.0025188891094061238,0.09574513493344243,-0.038400595570428436,-0.018413266922690998,0,0.8482415544320018
47661,0.17567215434442718,0.016446588622947306,-0.041828431511850506,0.05098433328102311,-0.15121001578936036,0.11723787641074106,0.0032575218330234616,0.016679903200444084,-0.030764934279678375,0.012687601332565468,0.014262076637666782,-0.004591655915370787,0.02756021411754075,0.0077534237074665755,-0.008340375506656157,-0.006348883045742185,0.09278461930299059,-0.029061476933484612,-0.02252712433899713,0,0.8299992101119765
47685,0.1669481626962044,0.03319196044681254,-0.04290389515645841,0.03659658207176237,-0.15432108425206995,0.09970840789597728,-0.003951425021700468,0.02990279844708018,-0.03210020458504244,0.004218023853861078,0.01623008863243822,-0.009774418408218074,0.020210883172124147,0.021871826152097828,-0.0026870422788403433,-0.006187406624321329,0.09198515511836139,-0.031154994950918766,0.0014803059830795222,0,0.8054246657473687
47703,0.19023527067648688,0.024776905725142084,-0.05152814419393949,0.05598441809418304,-0.17072604476090314,0.10278658325649628,-0.004967448810952029,0.028737839711581895,-0.03112942060910531,0.010994218136506735,0.018701586913722416,-0.013863615381810862,0.017628594445746958,0.0031734748505945903,-0.0030037978706154256,0.004884184450593134,0.08897185509504353,-0.034256029367125435,-0.016444127247643325,0,0.8727935595981926
47751,0.1971776148954152,0.025144864590219262,-0.03735503379068958,0.03634835387485655,-0.15026874194146414,0.11600073857189232,0.012979475261190166,0.020442797578856805,-0.023058743999910997,0.007531750901410262,0.008047283589139982,0.002058090403230032,0.021610549148684304,0.014162376925108437,-0.006114902680842577,-0.01061588200265513,0.10308892875853652,-0.03287523410339066,-0.01293468718553779,1,0.8378160502030307
47936,0.176845882477309,0.023847485227459334,-0.04542568971086163,0.04197268258943029,-0.16190591122574804,0.11550186917494777,-0.0020995721268584192,0.028611718235563095,-0.03935618088021263,0.018862068416685907,0.02147429437575405,-0.00014985753994018998,0.01029242054208077,-0.0003299547400568615,-0.006622525283162442,-0.011771886968616911,0.09548473096262462,-0.03576021275278793,-0.006719416643174586,1,0.8430343598732745
47951,0.17149129335793037,0.00798411092591073,-0.03645119212498333,0.047110028854888575,-0.15857706714369785,0.10987310796968662,-0.001521521833468243,0.039126129861011966,-0.0226262115082202,0.013558724829620426,0.011380635963682146,-0.0041705304162199565,0.012099178237451139,0.004674501486157675,-0.016226210639256836,-0.00969370670599116,0.0923979735238977,-0.02364680274139642,-0.02260783737664031,0,0.8052167655001117
48006,0.1785505975520004,0.011914402751026665,-0.053874681953012094,0.0532160778676841,-0.14583763215063922,0.11720783534764771,-0.0064809824344048556,0.019385026693962453,-0.03015197291246025,0.009393632549863258,0.012993079790512077,-0.005932053338626969,0.01548759319238284,0.006014836101914714,-0.009461542672545575,0.008985237489756076,0.09313447821947184,-0.0306928273499161,-0.02050577584518411,0,0.8292202662130113
48080,0.17583302105950815,0.018555515250872248,-0.03222678544659001,0.052118743328744756,-0.15147237667207733,0.09590474486317399,0.0018390649563067578,0.019414575340361357,-0.04053131949019341,0.010990361951152376,0.021295567924534544,-0.007823962444684265,0.0219668150369602,-0.0038625023145207127,-0.007778980832259159,-0.005462613533154488,0.10081923202504449,-0.02795819024190616,0.0009479389147176086,0,0.796802311626762
48131,0.18378152595098388,0.02596775354029628,-0.046397135665733176,0.0490265486705678,-0.150999790367824,0.10577124706574119,-0.002903715290755896,0.018343283944077658,-0.028552185266239823,-0.0008522294588058665,0.007006356328874926,0.00147531930223805,0.005451164258247747,0.006588969813518257,-0.008826733533897747,-0.0028827906648524275,0.10541062884550703,-0.030023302589105228,-0.024235354985697035,0,0.804496035542964
48146,0.1745493414789716,0.016340569791435583,-0.03609584371178049,0.04887662750941041,-0.15107862777770967,0.11222043338251365,-0.016134037377533047,0.021834370654989745,-0.022912184264799754,0.015417840515205634,0.01904316965621055,-0.00821772134685476,0.015191625802473964,0.00783844227842173,0.007711928275103221,0.0011082051386390557,0.08269645212180154,-0.019724934026235725,-0.02191937370123258,0,0.7989117288113228
48283,0.16896922522360297,0.011294063848237872,-0.05202397120355932,0.03844526042812718,-0.1651357371280601,0.10706885668392672,0.011288241074040731,0.021155096204171654,-0.03760769487766595,0.017175458159546138,0.005413884230492264,-0.00592150809372382,0.017590138255984513,0.014183554647170886,-0.00548945683634618,0.005030602292704248,0.09078315323595049,-0.027122467757726417,-0.002360362507241534,0,0.804058732688279
48360,0.18211887809996644,0.01816004589175302,-0.034826880073281496,0.04552840199768067,-0.16044371719345438,0.10559896966813517,0.00558326406321683,0.01744921068887246,-0.033156612190311574,0.012168758837072009,0.0236279728780514,-0.014211422453695537,0.023860189121699554,-3.7772827356671675e-05,-0.011561660023515935,0.00458247787109614,0.08205436805400224,-0.03692017790543469,-0.020902106753366075,0,0.8327928865919623
48405,0.1882862864897182,0.030833481395294147,-0.04261145313688354,0.06207969589976331,-0.13981405542148045,0.09609774541401798,0.01068135628920916,0.013320422615920488,-0.027047024073519502,0.017076780068075274,0.010400779128107924,-0.002657002695813097,0.015274956556287845,0.006152022184924234,-0.01403143669368763,-0.0024718310776636675,0.0973797507260334,-0.023602531450501434,-0.014795836131868235,0,0.8146144474487695
48523,0.16892838895848153,0.02028649070161433,-0.04940546704109909,0.04902328621875628,-0.1559819872502527,0.1287230030163945,-0.0038169218768351726,0.028568267285353402,-0.02753773743013813,0.00917392821752212,0.010036325572880063,-0.012699893592091704,0.020346226302271148,0.00021616644727244505,-0.011733544267371127,-0.002368029612549116,0.10492684781552734,-0.03176417693278518,-0.015614349619927477,0,0.8511510381591229
48527,0.18776918248898533,0.017348441879428685,-0.04682612517709307,0.04805914000011071,-0.15948560533398642,0.10804127426751864,-0.0031128419438304455,0.010394399563912882,-0.021016375409194984,0.017855265872421564,0.011688270969528512,-0.00047593414848981757,0.019685174810810956,0.00013289263329435407,-0.0059123529767749474,0.011751787414653657,0.094985306183786,-0.032286620920889825,-0.019717560191785888,0,0.8165445521864967
48626,0.19669014220347752,0.013920047451634655,-0.05180109325646156,0.0479746851836748,-0.12537506630315895,0.09873436932687428,0.002656495577850072,0.012288327591505445,-0.02663165195889781,0.013201172424522248,0.023358834907509448,-0.0017930695183297832,0.026004673398832227,0.007009904257118207,-0.0076742604022615535,-0.009965334139924578,0.0907967016254923,-0.038878149931132984,-0.023686233707892853,1,0.8184402131665512
48637,0.19133707321676263,0.009700349403185234,-0.03702777609829875,0.052758696968650445,-0.17727706771523838,0.10402356360173909,0.0012455277458996482,0.016094612283996293,-0.023747550689166314,0.018465762456493846,0.01424830339893279,0.004241975398988275,0.007171164299237685,0.01780024467383399,0.016582914082673934,-0.0063192145675738135,0.08654386284996446,-0.024995220660881393,-0.010873698515344263,0,0.8204545786268612
48879,0.1811969525604769,0.020603030213910568,-0.05261265595554791,0.05854489926794597,-0.14689505077714882,0.1141824439433488,-0.004799382259569613,0.024104693424175233,-0.03484056622314223,0.006099394492118117,0.01186737809101542,-0.0216665341184144,0.017155883317022898,-0.0039742180627481095,-0.010332549385824863,0.012130948345939897,0.08925093024092011,-0.02141741771666205,-0.009243414848364011,0,0.8409183432442959
48900,0.18973716672398824,0.021507009260864757,-0.05497128589015335,0.05172649701843181,-0.1477488911534747,0.119473869234837,-0.002270085799302999,0.019727844661607454,-0.025840381957773894,0.014026103188987683,0.01716308204792913,-0.0007378863692170547,0.021871164291047112,0.01286710689557803,-0.023485978423085665,-0.00010126527083710639,0.08857812591284381,-0.029718033721824803,-0.006512783560330961,0,0.8480645613821155
48901,0.1870744358470208,0.006588098288174397,-0.0307255804625091,0.04701046269883242,-0.15573289777047503,0.10958899173989164,-0.0007720236738575307,0.028394223173769086,-0.03719629870002137,0.009892297549785118,0.017830769131113516,-0.013472210930448193,0.025598852533830468,0.007669583220424139,-0.012569972075521869,-0.007832307402411929,0.1003313803667467,-0.018064242730140248,-0.021380098255389664,1,0.8377247265503632
48984,0.18612081673373054,0.02244735796577492,-0.05069002717916654,0.04472013727002487,-0.16055491899086197,0.10468021787655449,-0.0021539177499211976,0.01922438139812008,-0.020064963745923557,0.020596629769878794,0.01793147107735944,-0.009561858978143907,0.01918289260832679,0.004517246834696122,-0.009085537992077047,0.003939537632296249,0.10136533596232725,-0.018619391128452678,-0.025918813758778133,0,0.8413754546524146
48996,0.19039798551186765,0.007973603464986526,-0.043651774350897524,0.051531410299778264,-0.1569603236279446,0.11401213054900376,0.011637567663078024,0.005999984804143287,-0.011315211977510252,0.02439314713812996,0.03424666056835299,-0.007383021944201838,0.018338149055625495,0.015659697782984126,-0.0023852131073201998,0.004503862153731862,0.07936576305369437,-0.015289694067484679,-0.009244452593674126,0,0.8042896537144095
49082,0.19313142950797715,0.014411681729167873,-0.03758649644606361,0.043549076286417666,-0.167104532709179,0.11099217227378003,0.007963748898095098,0.01758182302579331,-0.03599994636002313,0.006214691094369572,0.012259147435071152,0.0019172204193251218,0.01918814561258783,-0.0008790295103687786,0.006236333479391364,0.002714980902457747,0.09129374365644422,-0.029032504671921727,-0.024854791959368166,0,0.8229114959778026
49128,0.1833595135393158,0.023589207129357873,-0.05535378714573418,0.05286824222827578,-0.1594248609075038,0.12569056657533223,0.00539964132893572,0.0207940052457414,-0.01983520567638627,-0.006730508798519504,0.009002082316201969,-0.005773359657490242,0.022295251998890406,0.00418944937850417,-0.02440816837157291,0.0022779066234443522,0.08092530606013999,-0.031739222288077615,-0.00661918067763066,0,0.8402754659470548
49156,0.19108731219347097,0.013336927644110513,-0.04279198061874451,0.04196213505801997,-0.16398647686389684,0.11564689711148889,-0.008231710871939435,0.02224693913376751,-0.02942563423520783,0.016191877598461725,0.011247578347912785,-0.008756774272151309,0.020692252508163957,0.013162736729651216,-0.001072476996819841,-0.007615731781031137,0.09169062766209665,-0.03338689851139665,-0.01641473144985469,0,0.8489476995881864
49319,0.18106856036285693,0.015017224542220204,-0.052730358475657525,0.05018502174221746,-0.14956756084246492,0.11433049839416094,0.008070461152571201,0.010605264446677587,-0.036981553340933795,0.005012245225386082,0.018501530458642532,-0.003104971913979392,0.018906585901642882,0.005777291049511108,0.0032146721926007947,-0.01522598343946378,0.09489294551286659,-0.029472620459809164,-0.021204587251999998,0,0.8338699367056629
49361,0.1921411645659838,0.011319615999658162,-0.05462365451387886,0.034769893268988855,-0.16770441505653041,0.09942522819732942,0.016745105635887728,0.010535109409992431,-0.024539165043902952,0.011654268351378885,0.016687057283813426,0.0027119378237017546,0.022096923801101117,0.005206737009807261,-0.012912885215486095,0.006008574760812889,0.09094852425310211,-0.02312032159405328,-0.013714196329771867,0,0.8168647781151813
49432,0.1861211794236236,0.014065607550692161,-0.036621153020802454,0.04435848173204253,-0.15634907185778482,0.11496577448748181,-0.006474043382286304,0.02784616736454765,-0.028952202429586172,0.015351039720831967,0.018376598374909053,-0.004410004121203492,0.012258648747966663,0.0036558363368655866,-0.013309078672659779,-0.00808385517666497,0.08385385627670236,-0.034630213259018335,-0.0273994826395068,0,0.8370822945751765
49481,0.18056877634944782,0.03953442737449569,-0.04889168185635032,0.03617366735879255,-0.1641093642767136,0.1117693838451954,0.0200639458384409,0.012187934187048626,-0.012588625034085015,0.00974913323037504,0.022385970108973162,-0.008903215343667902,0.012176239622710685,0.019690383840992972,0.009649542282391172,-0.006259404184125135,0.1063121189220507,-0.02331186403221258,-0.013694383756699773,0,0.858020061444769
49621,0.1984343091166231,0.012265543922308334,-0.041673987021753844,0.052896667047251,-0.16170041039462996,0.10875870456237825,0.0014972780274857694,0.017520146821534275,-0.03476301446519184,0.017219094864191948,0.024164114140472297,-0.01456854342831471,0.004985475145019357,0.013353922726337213,-0.007574792488534903,0.0009619328962710427,0.08656024028830876,-0.021933035104606476,-0.017221005828385337,0,0.8380522182895984
49680,0.18510914629209557,0.018420511612252156,-0.06327380307746368,0.04060029395102256,-0.1521467709630687,0.1135220020513327,-0.0062278811463487216,0.025133567730324397,-0.05331353420723131,0.004898517652301097,0.01711725827944371,-0.005882722520425693,0.014011816779882273,-0.0019056433121107746,0.0017733274658692513,-0.0034093627913842923,0.09936262822653623,-0.022470390159491455,-0.014449036607581307,1,0.8430282148261659
49693,0.18899647179332793,0.013694813813045197,-0.06101565171671701,0.043709148462340974,-0.15914785984499194,0.1169393148924445,0.005198020808188156,0.017744140100925017,-0.03745844446773655,0.018068924596030295,0.008299391785170794,-0.005554367934690483,0.019077083736274158,-0.0018339744862692607,-0.012264404459746603,-0.003677714505708947,0.08540978237301725,-0.018723724386621284,-0.013608360434794787,0,0.8304215945980411
49749,0.18757278456373747,0.02820325558210961,-0.04877214055073195,0.04205543823036056,-0.16026376138164877,0.11142676027208341,0.0028922420686872934,0.026960895070070382,-0.034336365713108406,0.019716197085617473,0.014605846291577004,-0.001369304084832625,0.009244538574302455,0.0076643448868263875,-0.010222937090899453,-0.0064867375698575555,0.10070839070492345,-0.03369984137908822,-0.012747236454881926,0,0.8589490175553444
49779,0.19205722368394218,0.021758688763008165,-0.04307928809325041,0.05310623409928569,-0.1638828032650844,0.11060495046003412,-0.009862500579737608,0.013799334843771535,-0.02679073583287587,0.009278357350255841,0.00801614802343595,-0.010875009198931333,0.0056811857965991894,-0.008465840095804934,0.002919239216929061,-0.009229997891787104,0.1022646603460236,-0.03142097508403388,-0.017153780205694306,0,0.8402469528304851
49806,0.19251493473748216,0.029059326506253032,-0.05312748661095131,0.060675865142454787,-0.16629951236273277,0.12129475084686976,0.002489136491679847,0.004058148340703053,-0.023339063359204233,0.013514452223335435,0.021013240766393115,-0.001584378378688593,0.008123723759545154,-8.924532924824189e-06,-0.002942389612504852,-0.005793922669670557,0.0945736579204885,-0.02305012616830453,-0.019453285282340374,0,0.8429163257125268
49877,0.17898152547993,0.02382853690441624,-0.03631192435200791,0.045299160618154456,-0.16643758707425943,0.10701289447236417,0.002824556299363025,0.019612413315806314,-0.03740016697120925,-0.0009121896732548644,0.023250038408605532,-0.014444521642011994,0.024802561876326356,-0.00038960281875684505,-0.004252525723291975,-0.011037768980685194,0.10991881569924945,-0.03247322315981781,-0.005778672253786732,0,0.8449686857232975
49907,0.20345166913472076,0.026028537968200427,-0.04574690642704137,0.06119361628801779,-0.1479973829143424,0.10520256212628439,-0.004940962622049762,0.02537977415094836,-0.03825935751825429,0.01996456576715811,0.018243262378501712,-0.01147274474610119,0.013322061005923662,-0.0012740565041949124,-0.007391520451884809,0.0016878045786601862,0.08989434550675024,-0.04091297452953794,-0.0014344521793474927,0,0.8637985567979198
49937,0.18371234262370845,0.012396367797513075,-0.03359859624999153,0.048874045843499664,-0.16011809199004567,0.11260306710015897,-0.014776018483074646,0.021254568534710215,-0.04217513044932344,0.006564239822317566,0.00553674767248663,-0.008150024429315726,0.02322765221995455,0.011023064831912814,-0.0027500320854676624,0.008640929661722212,0.10257991732868312,-0.033777589924292105,-0.01620762209480993,0,0.847966049142988
49964,0.1743723325223589,0.014788013835228727,-0.04388158880216517,0.0686576650437944,-0.16868332843454406,0.0958086661143016,0.003996918669535766,0.02813655372522581,-0.029258051024780175,0.015535168163130421,0.013455463789307365,-0.0013489874830884686,0.007021846165155195,0.005765871647017145,-0.014403567350916148,-0.010720722160566427,0.10489735411050648,-0.023655454302181432,-0.0039152214804536335,0,0.8283027748242573
50008,0.1974268370555527,0.011813155781393133,-0.06338727209640349,0.0486593609119146,-0.16184101910249946,0.11893045362061253,0.006629940658472284,0.03219600314330125,-0.023041226212054705,0.025205184210727465,0.007840389132296075,-0.004680049415856378,0.010717265765382376,0.010504029836392165,-0.009999042804568056,-0.005710306755696595,0.10178026095337087,-0.03150088295413433,-0.034154732813151005,1,0.9060174132237795
50021,0.18945527011966107,0.010449829606592857,-0.050660449745674026,0.05607519666962361,-0.1582245688036293,0.11961701839545139,0.0018987026041512867,0.035640543481390355,-0.021224069356243883,0.022308102608834042,0.024753631415598474,0.0020391756764766094,0.018979311718691914,0.007300099623259019,-0.019944154312777015,0.003525309152747369,0.0906001264349644,-0.02429632176016225,-0.008955466570085962,0,0.8659473480560148
50054,0.1863333670374999,0.01697403305152076,-0.05861955003177019,0.049585832166189725,-0.17465907628503188,0.10895483916010179,-0.0048127988462238,0.010573696620700014,-0.03497526384478916,0.018927055436374487,0.02341333713260807,-0.0056532957907758025,0.01623475496276879,0.00819261567718473,-0.0029753284320098946,-0.0060548050827962515,0.09248659043203285,-0.031505262191086326,-0.0057343218592808345,0,0.8566658240407452
50096,0.1785921352955587,0.019766280010151124,-0.042017642362315,0.05647819002195032,-0.15472908584929387,0.11632455492302131,-0.0013619425459794607,0.0014368116417704851,-0.02217355266896588,0.0087430039436565,0.017378309245221015,-0.0058025348958203014,0.011558374210339601,0.004929135968629166,-0.013293605224991751,-0.0034451053654178457,0.09117936118808678,-0.025873751152737087,-0.007449272161635591,1,0.7825326486755418
50203,0.18415659372885654,0.01788977692295031,-0.04511375825293931,0.05240601475581945,-0.15983508682986378,0.11964838890255529,0.0019107701207450025,0.022679845579234137,-0.03687069080281169,-0.003676037738959421,0.024273590016169796,-0.014645495478791275,0.013123176687468522,0.00926888943311761,-0.01785536475775763,-0.006485637422954008,0.09229068906034628,-0.0264616837217256,-0.016296774084937706,0,0.8648882642980034
50228,0.17461105920926379,0.025613743886749515,-0.038891303265963094,0.051924985803749206,-0.14249861694005522,0.11371963434736196,-0.0026482546317182364,0.008596677769068651,-0.02554376542720934,0.007848781211768957,0.008319012370410288,-0.01082636164286856,0.012604182917460967,0.009868573723597299,0.0007691435396070998,-0.0022683417873724365,0.09744487294197535,-0.029723837769072378,-0.006283137368761345,0,0.7700042865540336
50234,0.18023817091771774,0.015392219854193227,-0.050226086754144694,0.05200145304595287,-0.15632349157005196,0.11292330756651864,-0.009050597190625757,0.0109159309586424,-0.023328108501368693,0.006639858931224497,0.024956816176926282,-0.01136424997468894,0.0028009026597600566,-0.00039652523649597385,-0.012402386354442014,-0.010169456396187932,0.10327298848454582,-0.03265539804969672,-0.02448178022709573,0,0.8395397288502799
50301,0.18066360138022153,0.0224018800431928,-0.03427476853943639,0.039396101225976275,-0.15927901242506493,0.11092237330261621,0.0028231163569918073,0.0177092290884527,-0.03937741536911008,0.007044895805751985,0.015462015465847414,0.0008443552779793109,0.012510777658072646,0.007841241115588331,0.0015362783612454755,-0.004075984784032198,0.11379224872561353,-0.047252576451600144,-0.015218548964625744,0,0.8324264203414194
50308,0.1820579560648155,0.02211488085535926,-0.027707717780977692,0.0515325582130789,-0.16832434330059748,0.12004554456373984,0.0027154224979567183,0.009218119020995954,-0.02572470379879423,0.008290287090149907,0.012841632833848033,-0.014343492169367028,0.013477696725295293,0.022772615987327143,-0.0072123887235964745,-0.010784522729236332,0.09157226616178714,-0.038755673966059806,-0.020653540903165075,0,0.8501453633861478
50438,0.19440893286159872,0.015729901757554367,-0.05177145391372211,0.02721962574810586,-0.15243900277928735,0.09795609934316997,0.0042308290326355654,0.02072484084586692,-0.032992650254991665,0.010341823243369307,0.017964644748077085,-0.01104019123840858,0.01608084523442065,0.0024487737389109806,-0.008254018660181698,-0.006656863880767545,0.09252958173436092,-0.029298642648289113,0.0031134657364867515,0,0.7952021874002051
50558,0.18216662699925945,0.020903238215390203,-0.05866728388494869,0.047269078974130824,-0.16282702825408482,0.1123073521725481,-0.0016714198816900336,0.030601480209964203,-0.027665955435131857,0.022020745160578944,0.007936284017942285,-0.009566178795643244,0.02143403075916968,0.01355105571877229,-0.005098610149256946,0.0038947611146808604,0.1011680903324874,-0.0285026805482177,-0.01416351005323851,0,0.871415410677136
50755,0.18621669280912045,0.02285114300537872,-0.04614373701899705,0.05060074731745583,-0.1468067439411939,0.10854734144640309,0.005638498994398448,0.029132256219213646,-0.022950523416556495,0.011637460851995482,0.003747179699981365,-0.01855596304242488,0.018783020498297102,0.0070528536585956,0.005411975781578393,-0.01568901221833695,0.09048035938769865,-0.02291245204847315,-0.01616850338124581,1,0.829326464737345
50823,0.18628813083192616,0.023011578620864656,-0.04621245858437993,0.045047342241592146,-0.14835507487266555,0.12329407061126776,0.003107730755430293,0.012926204169177813,-0.02106064140317357,0.022356693884329776,0.02218917916745374,-0.005170389689821369,0.015683881258850778,0.00179235336738304,-0.016613587148389484,-0.0053047323607050886,0.09610630468850141,-0.024393135972584457,-0.011236449463215569,0,0.8301499390917126
50848,0.19072101785652773,0.010472257544384049,-0.05493556205426879,0.049449737141139274,-0.15322956607863422,0.11231293271790518,0.005861201827578165,0.02109471747024517,-0.028421126042750804,0.010347063510741482,0.006227131287835441,-0.005101253505245219,0.018091678486077872,0.004426525202600913,-0.0066267293000511806,-0.0064565354729327245,0.0944101925043032,-0.022563348969859405,-0.019372677766606644,0,0.8201212547396874
50866,0.1839042994313101,0.028282332027757193,-0.04494522672470036,0.039781618505542994,-0.14589899113393537,0.10004916700998756,-0.00563145509359415,0.007185091031949833,-0.029896490654851105,0.006588535086673011,0.01108761252592505,-0.007123773142533306,0.02241159784161092,0.01701224095909111,-0.0007686758325595952,-0.00156309937340184,0.08562162407622334,-0.019452861705873147,-0.007222541811610271,0,0.7644272339691303
50881,0.19413732184104202,0.016704380187151997,-0.054257777339019916,0.06685977978386023,-0.15309111073073206,0.11180132945181004,0.008102447947726901,0.02004319709420414,-0.040785016234351726,0.01626076391581808,0.008131913956748482,-0.0032047105422356196,0.024205073608657222,0.006513617504029571,0.008280865072793573,0.0039570672779751966,0.09385033515039186,-0.016252761596207824,-0.007963329630955581,1,0.854402798865712
50911,0.18575539807246327,0.015408863397971422,-0.052184728468675654,0.04684115608249693,-0.16124216870172986,0.12117727570602962,-0.003681246177309878,0.02522859530148043,-0.03053677663065572,0.013845078418830517,0.012425167393505217,-0.0023657167448792073,0.019782072597552533,-0.0010049968570688497,-0.012890593703256091,0.0043898412007607295,0.10047119231843622,-0.023934450732147623,-0.010259245466917899,0,0.8434245639721677
50944,0.1800110485901878,0.025104476979484674,-0.041985658574444425,0.031475092996386865,-0.16393298856114596,0.1210703744306954,-0.006718168831251566,0.01894922599823922,-0.01701207155653074,0.013424328581136204,0.009327210678885147,-0.005853937752696158,0.016008494004376064,0.008158366118939095,-0.00650691106946232,-0.002679324138842577,0.09347606747971458,-0.02908746169651693,-0.017468473093132757,0,0.8082496811320685
51014,0.18435344412834678,0.01662268582828154,-0.056280035569928874,0.0583894625139804,-0.1548925775153299,0.1183550247460701,0.0011397581869374816,0.013151897516040689,-0.025335344707812762,0.016184956447057162,0.016165593429923155,-0.01147479109713931,0.015149042921914681,0.0013454407569371961,-0.00029627585792261775,-0.0017722586005375737,0.09294311268908803,-0.03664770469075649,-0.018053211598106765,0,0.8385526188021115
51096,0.18755453623595722,0.00780082301536923,-0.04206182305671779,0.05179557731277998,-0.14330944891373418,0.11603919143179456,-0.015474796114900265,0.006225906243396981,-0.03191116817274952,0.009544135250351627,0.008488991124489703,-0.00775308179544416,0.022141183343459356,0.01138114913497696,0.002045385083306223,-0.0010011291816396642,0.09211131122811242,-0.034491208306016465,-0.0164042071487778,0,0.8075350520939741
51206,0.18564716869775022,0.019557269988699374,-0.04370035311726726,0.049331064322100326,-0.1486488826722727,0.10384647424343105,-0.0024230929515452857,0.016130780522207372,-0.031003849472278255,0.02212880301251909,0.019082568592470664,-0.0027334361656954674,0.019770611995399916,0.005666834538265922,0.009036101868098207,-0.009981810429682679,0.09588843661222135,-0.029502439250152453,-0.008268321341578436,0,0.822348299793636
51209,0.18699091796185524,0.016285861601492518,-0.04674521458357735,0.049756300770321726,-0.14843477371940725,0.10654606694638039,0.004163861660077766,0.015874902198675166,-0.025663797474408674,0.00044776665419618935,0.031136259087693047,-0.018027356120145492,0.020570887014864925,0.008778622242767887,0.006669113557377871,-0.004644333561389451,0.10092690033425133,-0.04674657067124275,-0.010079404389777204,0,0.8484889105499023
51256,0.1965490982268988,0.01401610570636236,-0.05363345185062591,0.050107439295859646,-0.15827411115404647,0.11994746437758165,-0.010193719334522082,0.01775354295895968,-0.03270710586039887,0.0033198782935765668,0.0121039197918817,-0.00725853050498717,0.018682164187625184,0.00013444338212000717,-0.0059741320728930606,0.0074365595390378245,0.09498846444334133,-0.025461565780829813,-0.01408035733911919,0,0.8426220541006674
51308,0.1817484503010389,0.04001233854793973,-0.041911823019034976,0.050935840564143256,-0.1638683039145974,0.11680666561009682,0.005452771104243678,0.021302041881965068,-0.03637382802928734,0.015712895455912437,0.017329403748526123,-0.006121662690634069,0.016230646574581422,-0.0005413113976765177,-0.020800774861478608,-0.012621209900557198,0.09380962372064584,-0.02361444768482955,-0.008737106818884588,0,0.8739311458260736
51318,0.203159798024058,0.01130534636500355,-0.05954472405847327,0.05239940905218896,-0.15762887107145826,0.1204817304412215,0.001662721332093374,0.0248402920692824,-0.02228232235374758,0.01861273803039473,0.006886969770693628,-0.0037499655599168937,0.013947520167815586,0.014123439518202822,-0.007819762560961193,-0.011542775436182706,0.09460931373599311,-0.02965377043864409,-0.0030180799223176844,0,0.8572695499086493
51347,0.18484012030639732,0.021655445337109284,-0.03867102312570268,0.0631918967396984,-0.1657376463732307,0.1166538813749368,0.011226436112944225,0.020549961901011257,-0.030308770227743507,0.011943668650635935,0.021266504370915967,-0.00427247627334031,0.01574367117965838,0.011595364303128429,-0.010831266258310003,-0.0019645904955394203,0.09351749991768625,-0.030001592412015464,-0.010581070443802876,0,0.8645528858038072
51361,0.19349140449470686,0.023261229469811805,-0.05063199737563562,0.05045608242857334,-0.16231043111050902,0.12289966393162229,0.01058361450233319,0.02276306177801037,-0.04245694139178063,0.010253635548625089,0.003805510336796674,-0.0069050022120015,0.01898748328009776,0.004918053739102206,0.0004918147602246608,-0.0129486437801941,0.10183066746526755,-0.03301316666009897,0.0003908166333730972,0,0.8723992208987648
51385,0.18544184076779285,0.015031138938291467,-0.037596477434179654,0.04655024479930844,-0.14327866796176175,0.11522612529813825,0.003337668144543493,0.029492908363636737,-0.023054178083345086,0.02870962665865463,0.010525002379327362,-0.0052813968647449595,0.025346930574329723,0.004389289018939447,-0.013156036135869563,-0.001683537163322011,0.10358620997924677,-0.029313201991125797,-0.008412268127057445,0,0.8294127486836155
51394,0.19235724104940813,0.023406568515886596,-0.04450977137656173,0.041926599725796626,-0.15445550141214692,0.11220474868853635,0.0018337572466055546,0.020804129293279874,-0.019667876622489013,0.0027465748332881974,0.01818088760469748,0.0021852138967862816,0.011085038658619487,-0.013771711840409175,-0.01388347664105234,-0.012834147218206998,0.0875414431174771,-0.03304183354416932,-0.012919278400940211,0,0.8193557996863574
51418,0.19849337483800938,0.02397778344575423,-0.053768275702698876,0.04385336954629006,-0.16363917350884366,0.10497805097932869,-0.009004444517031926,0.01629323926256239,-0.02754020773211416,0.0042227760138839,0.02667928605087297,-0.00918839084863551,0.020830691003910225,0.007713534173237368,-0.016676020400725727,-0.0026845598611206635,0.10304459756683237,-0.03304079088559679,-0.013313626712004183,1,0.8789421930494531
51538,0.1854916701448948,0.012687720143998776,-0.025840360418919812,0.058550549173267324,-0.17798274899411679,0.10817719547650348,0.00021505427551091218,0.01834626184935841,-0.018355638644843995,0.014134694029553061,0.010442753079721381,0.002047920797727712,0.006378170833807394,0.013419111703010932,-0.006586357472359448,-0.0008333848800712678,0.0907756525207603,-0.02406632673273408,-0.013305494684321188,0,0.787637065855481
51584,0.1914791875978988,0.024825757050262104,-0.04802874337116591,0.03986732525212503,-0.1594771833600885,0.10336080361795794,-0.0036482766058557334,0.032828170325740196,-0.022068809015237792,0.00939988722728998,0.01886617363806205,-0.007528656517395829,0.030377111633886372,0.0029197591616186612,-0.007588511627390578,-0.002524452205184042,0.0907306150659346,-0.025283638563663786,-0.008697318642418557,1,0.8295003804791765
51650,0.18448797371953135,0.014831522407849317,-0.04375083799391851,0.04177000559071106,-0.15703342238019774,0.1066218244076664,0.002619098862399793,0.015825471545421053,-0.03304481730958172,0.006953525409142525,0.007539575742158829,-0.01617097795282082,0.026534590933697744,0.004951528923515351,0.003861330839538432,-0.005965095070776561,0.09059352283351178,-0.0196968669922359,-0.014887187692467411,1,0.7971391766071423
51744,0.17743446497549906,0.02155846506756212,-0.04355507386052683,0.057177809773548326,-0.15506329409145167,0.11875158849229965,0.004781859574569472,0.013798609763216823,-0.033721797407363224,-0.002140610955334334,0.014185403487571972,-0.002179434037649908,0.0202520501838148,0.0049955574038156435,-0.002364269608804856,0.013190987464835774,0.09020507676953708,-0.024366900288059434,-0.003852369968686533,0,0.8035756231741475
51837,0.19104571573477327,0.017053568019213972,-0.03947860223217704,0.050347048034496,-0.16147269377446555,0.1154889935524694,-0.008225863969975787,0.024460133725770307,-0.016630827550741595,0.0016475306874527936,0.012725617739595393,0.0038286206632102654,0.01937257521848914,0.014799844006065245,-0.02007826368377227,0.004426270314533962,0.0889817972836748,-0.02395230005408715,-0.01682107658601033,0,0.8308373428309743
51898,0.17391663526033463,0.019790550737138767,-0.04001683362171043,0.03692225398442595,-0.1493119634782881,0.09933201152924925,1.0730080349015287e-05,0.002440474755498111,-0.032419066234063515,-0.0013380840360286723,0.020562856088706147,-0.008076529334937393,0.027461031917024797,-0.003933939885778732,-0.0003747324698910394,-0.01299011565004013,0.09623494325504317,-0.029223530630983353,-0.015510761712201322,0,0.7698670446616925
51905,0.17809750515395564,0.02236974672983986,-0.044057240882801114,0.0476465807778072,-0.1487849942278466,0.10265134637576644,-0.0038315506918898223,0.0140504935836651,-0.03169990099535542,0.007161291940094944,0.019837866826143788,-0.007412479978545551,0.011775074925239118,0.01559399270708764,0.0009236926620827549,-0.0037963279725765856,0.08872211070106575,-0.03127924529602037,-0.02400020433989964,0,0.8036916467676833
51956,0.17835907963554165,0.0251654193348962,-0.054691270469832895,0.060050095430947185,-0.1520722063633164,0.11896328312962576,0.0005190585189196339,0.018321127434232243,-0.018266856582322105,0.01763704083178411,0.02012804493450031,-0.017804785037999,0.020848992035109242,0.0040304599152748265,-0.0003662886488035611,0.0064516627106614086,0.09645525539617046,-0.026939507348787754,-0.014026793829670006,0,0.8510972275883948
51968,0.18315940698016245,0.022381034311728092,-0.0473724132206022,0.0558664421692353,-0.1556453080383877,0.09469163317075992,0.006798018732784284,0.008681876169951626,-0.0396665228783174,0.009728689777607671,0.01094031073508052,-0.013406532167136305,0.03621487153107476,0.005427181323919684,-0.011259963965525683,0.004065303307866497,0.0949787718659152,-0.031088223988011626,-0.01937572511368663,0,0.8507482294477535
52110,0.19107580132025803,0.025672613823234706,-0.04221879608415026,0.03660291727978872,-0.15553236124955097,0.1086090850338761,-0.005441287687237433,0.01215750825564278,-0.02820543712024405,0.01708789253497896,0.012509708834655794,0.010984167646166868,0.021065727407949125,0.013461168487263765,-0.006008554258573119,-0.004929250000001043,0.08809762144710782,-0.027173641162428132,-0.0018736256133706033,0,0.8087071652464783
52159,0.18604509491942112,0.010133591906642413,-0.05006287352627232,0.04049587647748175,-0.15016077693315164,0.10082553403642698,-0.013026891876355213,0.018193963135993994,-0.026761745314730006,0.008657804313420897,0.016428190741413152,-0.010630396414752037,0.015271058112597973,0.006775623637297246,0.007723431196452461,-0.006229254055572044,0.08608909911102322,-0.024295343601751045,-0.006973634169708998,0,0.7847801834804645
52327,0.18670350783246917,0.01795152395264221,-0.027858570258520777,0.05858670387248909,-0.14045446709847967,0.11158510985965196,0.0038967121172991414,0.02890657930995021,-0.03221143453948993,0.020593323063937585,0.0069650108172424965,-0.0031425386102432746,0.017333125752072836,0.0027705885949570537,0.003045968650993528,-0.004094400995368384,0.09384812582714457,-0.02756529006912904,-0.014404777884508788,0,0.8019177591065897
52343,0.19308406916270407,0.004905654930975336,-0.06002319887411581,0.05420345603917407,-0.1673584276503151,0.11363278179485424,0.00459834777596338,0.015768206883404582,-0.028749871453006216,0.005004571367831828,0.011942795589927039,-0.006402485173342501,0.0156421942372701,0.01263885935863301,-0.005601677182207128,-0.009644264460909702,0.10950428324679544,-0.027298282157068407,-0.014503226844556953,1,0.8605066541830549
52354,0.18536737287070232,0.013104825067696908,-0.05087132707539034,0.03346458655680865,-0.15188374042150196,0.10920744390445271,-0.01485039852218662,0.018321975034599106,-0.022057361460459796,0.009241403697412564,0.01436970733258113,-0.001090285500837436,0.020796572223560315,0.0018673771804290367,-0.0017039992432160386,-0.01780998766483679,0.09432394834807271,-0.013435358024718527,-0.006882646261605216,0,0.7806503163910682
52371,0.18898937137037336,0.012089427037910825,-0.04622190651295201,0.04985830221934007,-0.14502810305312053,0.11856639583607104,-0.00042100279591507914,0.03462290433235786,-0.023491421209051008,-0.00044844710432072674,0.022726940389578093,-0.010263336003645127,0.015651676352930473,-0.008007366978527124,-0.0102261363183042,0.00786794603565034,0.09980877471976234,-0.028891920554007623,-0.00510369461164058,0,0.8282850734354584
52408,0.18192041010585389,0.019765326819113804,-0.05296265653899306,0.05281941138960704,-0.1609266496526419,0.11585261786606213,0.004843575174961425,0.0015117255387717874,-0.025439999843529248,0.02066947709131817,0.014641123452962517,-0.003332743527498831,0.017120817283645513,0.006854643561870728,-0.0041799632032773325,-0.007652484921486811,0.09214656297605803,-0.028500992063115075,-0.011294104020912377,0,0.8224352850316796
52411,0.18514020400273712,0.028762399327901377,-0.051970772407599265,0.05486617092225064,-0.1572271787690857,0.10767600575444619,0.009916800853699967,0.030043012753058044,-0.023110588515961858,0.011512896123607697,0.01612368196275756,-0.0035339073061962448,0.02128487661164972,0.008539782363931958,-0.007752438242724199,-0.008374331970073902,0.09464908930818161,-0.013117958305329493,-0.01092453400155157,0,0.8445266295027442
52415,0.18344721770213637,0.014410500067834554,-0.02839474151979952,0.04633813689039437,-0.17508728198569,0.1176685598748785,-0.00885745868196531,0.006092662746888417,-0.022761625039391636,0.003736371457648993,0.02926505568999145,0.005028421376061055,0.02958979984337737,0.0036394198958234255,-0.005471969986002231,-0.001506678527273352,0.09638736277238077,-0.027005999800920628,-0.009514337683537278,1,0.8142036015419952
52436,0.18746200978639724,0.022773627965271784,-0.04338007679518606,0.05296723699401022,-0.15925854031612724,0.11165366619235935,0.0035047946402913172,0.017639442460699175,-0.02068225096276721,0.00806603988021429,0.030355175615244076,-0.003829700471567566,0.010120886185248241,0.013729991647313654,-0.002927748316404447,-0.0062881180610982745,0.10011695664420023,-0.03755255149178028,-0.024487309162151524,0,0.8567961235883321
52445,0.1792118822916055,0.036071609299881326,-0.05500033949542616,0.030750282611931645,-0.16044369047746682,0.10912744387970637,0.0052071741742129325,0.016257611042706736,-0.031821373138019325,0.008866501116413142,0.01777433481730383,-0.019240436367565387,0.022313398296468372,0.009675582605416356,-0.007484776840596999,-0.0169684024204239,0.09729693231789135,-0.02402391786535838,-0.0136608212650711,0,0.8611965103234657
52471,0.18770150464121846,0.02186727996040489,-0.04784473497407069,0.053167458972356835,-0.14638153961108966,0.10433179971003395,-0.00444676071532178,0.01500237463054151,-0.03351994121901364,0.005694295433473228,0.014631145536960485,-0.017341231459159837,0.020737814903671836,0.01779365966698949,-0.009588551550382182,-0.013646312353418219,0.09010688614034296,-0.03321339650666446,-0.008030503285973543,1,0.8450471912710876
52713,0.20006096779444624,0.020960987824479728,-0.034184457526358854,0.06117786208656583,-0.15125747050207738,0.11399936575635777,-0.007281131330605641,0.0225732729769313,-0.030276188362592063,0.021456217978196152,0.008797813463414125,0.00024172793605185485,0.02815985897852548,0.014549102743261162,-0.006778969435874817,-0.0019281125733147388,0.0901147805331687,-0.019342875783000996,-0.02192260296864736,0,0.8550637665538702
52769,0.17440514554330158,0.02277352892598157,-0.047271614974070446,0.05201799849581167,-0.15708417910110362,0.10871443013326916,0.004426614093695129,0.013077064447535511,-0.038802541618641634,0.0027975688384090217,0.011608154846916763,-0.014642630154253098,0.014901143743884689,0.007470149746481953,-0.0029835992561064117,-0.006191479780615977,0.08869970698686029,-0.024889100990965106,-0.004045530029280104,0,0.7968021817071838
52849,0.1756827631824268,0.020223286568011083,-0.04706463790550164,0.048574588541946795,-0.14692001154798537,0.11409586447357656,-0.005590032615924936,0.016509062321676888,-0.01989320319658065,-0.005793980009028584,0.016689389823827953,-0.014065325957292901,0.018208769037755968,0.0022894390663813803,-0.01299676316135842,-0.017823385303284013,0.08073293221302423,-0.04226814934726739,-0.02857876165477838,0,0.83400034592763
52864,0.19185331769785266,0.015174079801179697,-0.05526351507500157,0.04541164172733665,-0.14974598124699512,0.12516044534849077,0.0032884748671636902,0.006708545912381981,-0.028559297556836408,0.0009390935788871159,0.01922260196858043,0.002269793405255256,0.0049341829599536995,0.011690979427623156,-0.006084124243560292,0.001330062087395469,0.09226094208498584,-0.037720396574245314,-0.011743968093441836,0,0.809361443657167
52943,0.17335628948117612,0.014506372704753835,-0.05472036873484124,0.0472945608144398,-0.1434091722285633,0.1016180354224147,0.0008982072041195219,0.02280092671147618,-0.02127986797602679,0.012323078978812255,0.02204332367716374,-0.0036470735092203623,0.014747599619957438,0.0026579353815159253,-0.0049701458521897585,-0.01343272978178154,0.09257405485089613,-0.03043646217016645,-0.013612654691344815,0,0.7903288597908599
52965,0.18440321578048416,0.01789697912079386,-0.04689396038519082,0.04467552957736122,-0.1521565183633323,0.10960250596421478,-0.006390779471620994,0.01999172223882366,-0.032519793098787164,0.014209806526539045,0.019053338768092763,-0.008920739829269728,0.014040188200222403,-0.0028313834278826,-0.013701537232078944,-0.004768225950279575,0.08512526457168983,-0.029352158348033227,-0.02263090263738757,0,0.8291645494920846
52976,0.19405362852568286,0.02725137151899668,-0.05144012692086062,0.05666553872448726,-0.14293921902737294,0.10698469188495731,-0.002957190577503663,0.023540522124386953,-0.031970046861059524,-0.003455777571156921,0.01815793907879339,-0.0027491323016146678,0.029096114680780796,0.00015926369179709445,-0.005857588342655731,0.006817366467082429,0.10054872582044641,-0.023868138342566753,-0.011254235500961276,1,0.8397666179631633
52990,0.18026208530508706,0.023285477785269314,-0.03630373598986271,0.04727976859654578,-0.14881099842687068,0.1081141940200821,-0.006307587998517041,0.0324627596867012,-0.029349353269542584,0.0036237517690027635,0.024137187136229605,-0.013056170138758426,0.021673898746912654,0.0005552784201572534,-0.0051821475224377005,-0.006359981166954639,0.08548342169679392,-0.030125782095550845,-0.011791690593483539,0,0.8141652703647598
53005,0.1986380328801762,0.009352600412745373,-0.05133033463992039,0.06237777212988248,-0.1539506930718165,0.1052164936497947,-0.006670518558399485,0.013213527494476683,-0.014105880649307255,0.028416963551383855,0.02388388501291336,0.004960998815233106,0.0141910569414358,-0.0023111685810605644,-0.004228469177901254,-0.0002755197980890374,0.09575586632389302,-0.030513473289191875,-0.01234320433702215,0,0.8317364593146431
53040,0.1796429505578994,0.005757249559508896,-0.05207678381602622,0.04469545931718049,-0.16274142000178793,0.10772220295647852,-0.0050677537238873575,0.017364339486204944,-0.027563370721164306,0.014552364582903566,0.0047035399644594555,-0.003284303396752494,0.014617455425719851,0.00208541926378019,0.003661507144537932,0.0008308996351854352,0.09174954881952947,-0.024581380615792455,-0.014184666311012192,0,0.7768826152998111
53184,0.18614995212141003,0.011601019057427688,-0.04031007529104935,0.047956744248686844,-0.15370592703108876,0.1148547774033567,-0.0005218374682916797,0.011189990405300268,-0.02661246582447271,0.012183226063735524,0.012473173114173388,-0.003897541614992381,0.031314093935764904,0.010164276417178871,-0.010819316541976922,-0.014023559592184294,0.09615613586345116,-0.029681695687638936,-0.01607453578318588,0,0.8296903434653663
53239,0.1672773746135839,0.016897951574753652,-0.048678241362469496,0.05894858051984067,-0.14783805373280798,0.10685507334833465,0.0007017614941827686,0.028344435574406173,-0.029780038089416157,0.017670244569992628,0.021611929931612508,-0.017069254065009747,0.010849912297484563,0.009708643488204102,-0.013226384612218397,0.00795253806451995,0.08455336024895799,-0.022472790173716572,-0.010919470020156107,0,0.821356037781668
53263,0.1750123121446112,0.0125441873167357,-0.04751834574053339,0.03937336113033176,-0.15054666051825452,0.09503826995528905,0.0007408502915109359,-0.008563863222172686,-0.02678912494050334,-0.007580390618965957,0.009740850634782175,-0.006018865979407311,0.022832701328089042,-0.0003961127235962243,-0.012218053618008361,-0.00622004813780998,0.1019724020415806,-0.03459611756235069,-0.02785609248181951,0,0.7855586103863524
53281,0.18087414972926702,0.02066957650273256,-0.05289883675934035,0.04865900972607818,-0.14289748054388351,0.10354120130481638,0.016919320029291005,0.026856316721249947,-0.031316112581887684,0.015052244528854267,0.013383835337131415,-0.006142748531629476,0.021347742639126553,0.0014427642713211516,-0.0006725466850352224,-0.0053101708774046154,0.08646880955694407,-0.02729491695167529,-0.01201896836630666,0,0.8137667516439754
53352,0.18248776824782284,0.0206262904845707,-0.05254285192543941,0.047968684223394224,-0.1718289904765551,0.11055939440752816,0.0032486736164206117,0.021447292399677655,-0.041989070261873235,-0.003377979449302431,0.016229415522018748,-0.00441227984433273,0.011941933090685483,0.011924395143126173,0.0002849621386345321,-0.007898757145206825,0.10101282942952168,-0.0345303214263449,-0.020955287583815593,1,0.865267176816271
53357,0.19610982409354408,0.02446998811337593,-0.045257234695815794,0.06574295625506785,-0.15954397993597455,0.11511986897666533,0.00896543878958247,0.023939660213005674,-0.036053634973135594,0.01274173596085614,0.008746938580199785,-0.012988598958561049,0.005517259051279872,0.004839790570544129,-0.011724029629181124,-0.009050915465272471,0.0961627281916006,-0.03536044708549245,-0.02189029388578324,0,0.8942253234249381
53590,0.16855200199312542,0.013430664311163954,-0.043122452319887115,0.05312667183980307,-0.13670378490417562,0.10150472354738464,-0.007242094355078385,0.016985335767635272,-0.032202707081392126,0.0003879728790975688,0.01074511408496457,-0.006795148220235452,0.012432421837039059,0.007883681995506181,-0.0022545873108768518,-0.018869923644619584,0.10318755067434791,-0.0328758735957646,-0.012891939863676405,0,0.7811946502257738
53626,0.17281099658205945,0.024027198501400122,-0.053102829778336705,0.03249440361954705,-0.16931986751405284,0.12171817763702679,0.0016601708342862407,0.011065547609119545,-0.015461690866692803,0.009578675714876703,0.010993098414126214,-0.011881847952447051,0.01821437878833187,-0.011878785505304464,-0.0043967823764955475,-0.010718604071373584,0.0937971706626747,-0.028957630414658663,-0.027174737927952112,0,0.8292525947707624
53712,0.19352731552185173,0.029848685424584555,-0.04571884125820843,0.04944466857380176,-0.16496896664777486,0.11123307309522935,0.006461188910504715,0.01562121403210806,-0.02733278356795212,0.012497353822381206,0.0016104448690513605,-0.010003599425917612,0.013812248625853509,0.015529605643437595,-0.0037428275679624477,0.0016319896623374415,0.09316269010144446,-0.0333101510796085,-0.015396266598127184,0,0.8448539144281368
53714,0.19096951700339737,0.014836920122178146,-0.05529239399309274,0.04554980444425685,-0.166809348946849,0.10699664787399665,-0.00507469841446241,0.017205433719183108,-0.028741817799705548,0.011519913158572287,0.013088723446324734,-0.005257776484292679,0.007846954255793204,0.00538096472108535,-0.0014317289532800523,-0.0038185303493063027,0.08863077728167197,-0.015129602860788915,-0.026712872338482355,0,0.8102944261667197
53744,0.18982026437730104,0.03464471560478372,-0.030855404143588054,0.047945501972889784,-0.1552433683217472,0.09770510891858548,0.0031866038421127147,0.015087910281826883,-0.02655084463788605,0.011046562642621145,0.02088883605100307,-0.010768168760433962,0.021994607171131948,0.00901001627839399,-0.0062722967396859255,0.0032907729561598717,0.08397906820673447,-0.020386109958768696,-0.020103707426030997,0,0.808779868291685
53762,0.17937762185165299,0.01244008384252845,-0.056633768820675744,0.05089931941069489,-0.15657405654151801,0.10676422901878793,-0.002763354357463256,0.011412732528075554,-0.012733182190445256,0.016658159434961784,0.017393759513674348,-0.006091778396539375,0.01702558799787,0.011330369593652165,-0.01563102859127232,-0.004073198438158041,0.08709276285931805,-0.032172586449540394,-0.013118173209956212,0,0.8101857530467848
53769,0.18355434055312198,0.022493563174610112,-0.05493845846207152,0.04631893971767994,-0.1515745520910592,0.11888795709967878,0.002888473758423677,0.02711532288258825,-0.029407963288351765,0.015158194930895158,0.012847736498613394,-0.007854165063341424,0.016571583547559124,0.020686358337632722,-0.0049300826807686495,-0.00411161555328347,0.11244709775860448,-0.01955446655747213,-0.02120049675235674,0,0.8725413687081125
53781,0.1852036854885498,0.020580112524318506,-0.04858730918376818,0.05352781264754191,-0.16003632572789075,0.11162277954269632,0.002700606048502776,0.021528586949622244,-0.023248013678099172,0.015874019848359785,0.007770395148016649,-0.011240829532897843,0.01570670581787136,-0.00281045643933732,-0.006598832120344543,-0.008220190841053123,0.09450991300314215,-0.027675009757821206,-0.017244953250601602,0,0.8346865375504352
53782,0.17675818141790584,0.01845574170255922,-0.044868011833998835,0.05045012189684328,-0.15950512585210294,0.10185218789592299,0.0002159594219212241,0.01849852087680091,-0.031830420540912244,0.009768886854816979,0.009856693536238685,-0.005770354430123135,0.008269671139758655,0.0159446182109018,-0.008656051518742188,-0.01140967156371659,0.08576440646578047,-0.03171257031859104,-0.0125848356284091,0,0.8021720311060461
53873,0.17742750403246704,0.02500082010062471,-0.04305109439640608,0.055113825732736356,-0.14729812016219365,0.09833377554883778,-0.003157218113749281,0.0005326492949429606,-0.028029100127811627,-0.004274573321423365,0.02202790555160389,-0.007429596465637635,0.0326403433194631,0.006524631165971727,0.006724509851703059,-0.0027147597951793067,0.09027402636963805,-0.03814103313576756,-0.007892219242029342,0,0.7965877057281865
53898,0.1848277661929288,0.01777171746859156,-0.052064529588362565,0.051183231544977906,-0.15272956158015663,0.10747758649044276,0.002222936585831848,0.017675270938298158,-0.03628462208805511,0.014872569777032036,0.01642495207757646,0.0010809330826506982,0.008860314152950844,-0.008780268435671812,-0.012401427048496078,-0.007971802306628034,0.09808911863848459,-0.04419826621699233,-0.010493529574677756,0,0.8454104037888059
53906,0.17261610768306523,0.01332220853897677,-0.037743105095254276,0.053178510721106825,-0.14594579061122326,0.11441717865379625,-0.006096468401005428,0.007862903350846055,-0.031985916885208104,-0.004714887626396971,0.01621482205807096,0.012757003505897598,0.02212344147279894,-0.0035392600333876687,-0.0032862231695012767,-0.001190494962911737,0.07774094489107142,-0.026997700566353647,-0.010231538141203122,0,0.7619645063680756
53947,0.1831987431624703,0.02055916593224849,-0.042345749935109395,0.03853211819006886,-0.14574049338464226,0.11637067549333423,-0.0034917956065022705,0.012136482462711342,-0.02529392747668959,-0.0026860523565791932,0.020338690607968002,-0.007334115415521609,0.006664096357304704,0.005591500591975277,-0.007779807996145938,0.00021641610264151327,0.0885711899351218,-0.03135851364937296,-0.014978264893900773,0,0.7731877995503085
54000,0.18670757134551244,0.03126904471391281,-0.04018067147579998,0.052789754305017166,-0.1457451380624525,0.11769076961672785,0.0014407055516295001,0.0263714578758554,-0.02140705435475557,0.012347151440035347,0.018462915516661082,-0.005149508940566323,0.022763826403629832,0.008273358879216708,-0.003733757864069243,-0.007338823501495244,0.10080758881104161,-0.02589048103634913,-0.016277606060396372,0,0.8446471857551241
54001,0.1833565292629707,0.030650722473164683,-0.041656882915606375,0.04065453155085082,-0.1475438587934217,0.1140984959969546,0.00459625550470419,0.009411947321399152,-0.02592740192576983,0.01775426581176668,0.006895178573321394,-0.01566466871333749,0.027904187069406745,0.002997297990373822,-0.0026319560552987213,-0.006103783044818566,0.1055908185937721,-0.026639454844628995,-0.008854093326209761,0,0.8189323297677763
54208,0.18101156939759214,0.02175331501011139,-0.042173642161666344,0.04839593374839537,-0.15190887156306762,0.10092633330419302,-0.0014748570676428028,0.009729651172741681,-0.032427929956175314,0.014991549678121932,0.01946145057381638,-0.008008489593702553,0.01135241244256364,0.0011362131915171642,0.005446583733421075,-0.008274851896723142,0.09220975885093628,-0.030924004281194968,-0.009903832447681832,0,0.7915112500712647
54216,0.2011370021056869,0.028275091617243647,-0.04744519267651142,0.05775802657577101,-0.15744974476941412,0.11105012528054219,0.00793740081284837,0.026149045861244207,-0.016342815817169006,0.021046604829260948,0.012112282353481952,-0.010195822736914276,0.016856892477794483,0.000191387453495318,0.0028170098545409533,0.0013684829758286937,0.08484789389548507,-0.03366615272267606,-0.011387465768994753,0,0.8480344405849034
54241,0.18471199476400627,0.02155727821234142,-0.0447713755184562,0.04593539723363701,-0.15304155356518448,0.10405175028400714,0.002078966770119071,0.018898901772995476,-0.025905814972807927,0.0014527606369635446,0.013087549214763787,-0.004177142158463259,0.018656039091463152,0.013075797527565498,-0.009551936855542568,0.009849171941353404,0.09172869826725011,-0.02067305227079846,-0.004841632483519303,0,0.7880468135412381
54279,0.18161203605707252,0.018056275733724557,-0.05445557867794753,0.057269565918429716,-0.1425896627479237,0.1153345280130195,0.006821487869551919,0.013182055263973673,-0.03166528766932238,0.015255345838417629,0.021703487518721795,-0.002677690834499525,0.005783793806533906,-0.005648830284812391,-0.0013916550142334728,0.0024283735021201677,0.09320147984632249,-0.024726158296434906,-0.01278032786495105,0,0.8065836207580128
54305,0.17038031722591032,0.024312917405637836,-0.038930240368139475,0.05276478866302374,-0.14460731891899312,0.11573986728022172,-0.0039405121530042145,0.026257557657118298,-0.027584771957570864,0.00500130163865691,0.02376743815850555,-0.013667378948580642,0.02987671085551103,0.008839158388095299,-0.005817889674955594,-0.006153289605983808,0.09582584081077983,-0.03608513530619589,-0.009111713037530228,0,0.8386641480544144
54318,0.17568277505295926,0.018039020842498203,-0.03806526234952927,0.05260554473803407,-0.14891197303510864,0.10641814419692978,-0.0016114697507372698,0.0201732160139881,-0.02261891916226323,0.011934499187496788,0.005996950420097114,-0.010247208979856346,0.027547898128434806,0.007926120898211224,-0.004838796771890388,-0.015661475972955547,0.09310646972602336,-0.03486330192736706,-0.004465595197725251,0,0.8007146423521058
54330,0.18881116322487218,0.029530466195183007,-0.04002423372043902,0.050049629124363317,-0.15822252624217129,0.11390660188565531,0.008346039793379672,0.012074711470508832,-0.021124078217803533,0.015641519640633025,0.00946596717274467,-0.0009191556905880178,0.022407354770800948,0.005275905216096444,-0.006489118518325168,0.003393525290258625,0.08737733601735893,-0.018949331402849174,-0.017352280033802184,0,0.8093609436278334
54411,0.1652310455170592,0.022567406801548368,-0.037801834517176516,0.042453004296501055,-0.16469796762450156,0.1231608764772586,0.007440577871767771,0.022758266496670242,-0.025106158901593702,0.015822709223805662,0.01420164813212576,-0.0013574358656642134,0.03163214715820963,0.015279157648360887,0.007162922498161707,0.0002738399645109727,0.09290872021928227,-0.02688446309970951,-0.007502000233594185,1,0.8242421825475018
54431,0.18311474925169932,0.013861003439626181,-0.03476130080256945,0.049151131467838505,-0.16725166153366325,0.10836319523356946,0.003966497534729656,0.01366169499166307,-0.014524261114907679,0.01584090903659309,0.008062939079038574,-0.0010670986490054523,0.009286457100101094,0.005035239109821491,-0.009197126255336198,0.0002143318764990494,0.09918031182267195,-0.027222463811705514,-0.014553825499661065,0,0.7783161976107
54452,0.18057598578632772,0.016227134490304836,-0.04850963839926661,0.05650692837173885,-0.1751050810398384,0.104168765661847,0.004270655176029352,0.02402053183886804,-0.028267390391526898,0.017661293867712504,0.013791669899531326,0.005708067411202804,0.0011163542889137284,0.0005685311573789644,-0.006416033107371613,-0.0065480046979765815,0.08940088543554552,-0.03309268728719547,-0.017709844625580243,0,0.8296654829341564
54471,0.19875441188861842,0.01881415162023256,-0.05238678845801571,0.04604765716346761,-0.15237745765081528,0.11818309144895242,0.003631807687799713,0.02096884290803908,-0.02651442990508494,0.009290358414567589,0.022741366671227236,-0.007398280951837905,0.02373973914516567,0.015179336360565461,-0.01639106547694914,-0.010464904469971146,0.10462125925479142,-0.03241779353792478,-0.00844989482836892,1,0.8883726378423951
54525,0.1887353657491868,0.02262357488417087,-0.03779769023435142,0.035441439870043036,-0.162855696385981,0.10800674920216982,0.0011878520185850665,0.007118856044635655,-0.03595017567396096,0.020519174519703004,0.0230923489005388,-0.016396382952132856,0.01673579364650895,0.010944736900835247,-0.014050352680878108,-0.0029907076681351913,0.08954008275747026,-0.02506949530398244,-0.020022649814113794,0,0.8390791252073833
54541,0.178760924562649,0.018194063094100668,-0.047485173821123175,0.03574915897089738,-0.1709732282108583,0.11572324169545113,-0.00419649886322129,0.016352478572486624,-0.0256050738872421,0.014413194846565043,0.015012144101510168,-0.007252724599216893,0.01576711291310813,0.005247144802299862,-0.016842584884590502,0.005741152985759091,0.09276056899233771,-0.03209516876253998,-0.015140571190443423,0,0.8333122097564005
54550,0.16661713102238468,0.014799192503168792,-0.04509609939102674,0.03962871604636796,-0.1526822745180015,0.10928600531430946,-0.00045447564569078776,0.009258304953173943,-0.02209561042799314,0.0068126386726423,0.018637066291347957,-0.011505168370433251,0.016367201758432582,0.01375281242850982,-0.011680785365900052,-0.011109322796808985,0.08732647785344647,-0.02893581468671825,-0.019118192096212846,0,0.7851632901425695
54577,0.18424281582993485,0.034976892829517166,-0.053588289027841636,0.042512321816754385,-0.1571534164334641,0.10893404293947355,0.006829176791455207,0.002309137496075863,-0.016388183156100956,0.008726857258346975,0.01501660534172198,-0.004749613582600186,0.00960964233052239,-0.0010366730796684675,0.007309077164046455,-0.0010211152147002775,0.09012479175157816,-0.022159187773013872,-0.01581012046710613,0,0.7824979602839226
54610,0.20829104746547417,0.02072853156444565,-0.048651696798502404,0.04289086465770984,-0.14910076158831065,0.11721688843143968,0.00780884905753809,0.022514630889716475,-0.025743822203416047,0.010653435386615468,0.020616620434600132,-0.012091542062542501,0.026291561495982146,-0.0012903279286787892,0.005060682111703046,0.0016479811814012386,0.09072797220789819,-0.035242523723814624,-0.016248806181764445,0,0.8628185453715536
54675,0.1824256626250184,0.02639014238214874,-0.0518991961077848,0.04475821796380963,-0.17142854552376838,0.11699391976533056,0.007509409749391176,0.017420439602614596,-0.027860711495478762,0.013092247673134395,0.004815820344455049,-0.008089466084417896,0.01703337985594435,0.002117021395727528,-0.009689247883190423,-0.0015847183362569335,0.09580093626971933,-0.028359543942845154,-0.026196249704731063,0,0.8534648767057672
54683,0.1906298951226511,0.012207746409902796,-0.03700268477724574,0.050600584190874785,-0.16091067990604369,0.11463175315254481,-0.0030493920701906217,0.02948898409619548,-0.03341625246758071,0.005018980837930377,0.00922580599931087,0.003125859554916542,0.020255002332725945,0.002755978631616614,-0.0005060915784487113,-0.009612427684858989,0.09283619161798395,-0.02974751580702227,-0.022369102078138102,0,0.8273909283161821
54965,0.17859229018452444,0.01688187287565579,-0.03896255324267135,0.04292610271310869,-0.1692896809208995,0.11030351099591192,-0.0075015536979958775,0.00456907068729998,-0.03630870312077538,0.006305775348634389,0.012513857188926716,-0.010714553910879816,0.012965591444472157,-0.00061073125271582,-0.009065401710001092,-0.013534547806661364,0.10810656957835059,-0.022708198695065438,-0.01681688335834031,0,0.8186774487328906
54993,0.19227311056076074,0.037998172720744225,-0.05587794053388789,0.057218643452830426,-0.1525784880483974,0.10607840913650288,0.009584805185132054,0.02388654903602616,-0.027543816807113285,0.029824549121005683,0.021012820601441624,-0.00923956271658066,0.007046575198583861,0.0027437234047771528,0.005623355389816626,-0.01308197988306728,0.0854398787896991,-0.03343907158430701,-0.017024906562894366,1,0.8875163587335684
55023,0.19556666439314352,0.01279834455961169,-0.04887444121355253,0.05214038418670414,-0.15751732506053048,0.11290090320478724,0.009690843293060596,0.024187709024882088,-0.03070249428930229,0.0003038470742283534,0.02150950544140544,-0.0025553919128374993,0.010144979596146046,0.0016691760358665223,-0.00627458578632513,-0.0037467468503265865,0.09312853619328404,-0.030677222374170414,-0.019290511947727212,0,0.8336796124378918
55087,0.18712615975347022,0.021602529426446613,-0.060011060428970905,0.042872673952150685,-0.16003718950629373,0.10761824040795674,0.0035417075705227907,0.02165154399977884,-0.024621936340040406,0.011121732985494147,0.007661532610030591,0.0014840944431359169,0.024262636003181404,0.0028560289412471835,-0.008513035077373603,-0.004588876258899343,0.10792352865890181,-0.027743633339082845,-0.007834689030468907,1,0.8330728287334467
55304,0.18897091682689499,0.027927466064600923,-0.05436714121047843,0.05590774003048975,-0.16264642805937535,0.1193018545006571,-0.011340822776647053,0.018821977832432713,-0.03474880333871927,0.012114914918817082,0.0321904020112645,-0.015580987706542591,0.005804796433207905,-0.0030252113066372905,0.0005378206442752458,0.0012712520276478396,0.0931374566145566,-0.014302107203365715,-0.008901959916232943,0,0.8609000594228433
55489,0.1964402715321304,0.027989072386918907,-0.0465604932008423,0.042129132452361835,-0.16494299766460824,0.12197136161813346,0.004471953921694733,0.016176244029432185,-0.020423384437178282,0.015056531230652792,0.019429236996475897,0.0024804987482917873,0.019610373784631662,0.0022975766071478463,-0.004054682198205979,-0.0007008387904488837,0.10070797657892629,-0.03625689304534538,-0.009568327475133339,0,0.8512678466985601
55491,0.18564947740971458,0.018716825621194148,-0.042050276624539154,0.03867442113816418,-0.15401449321655084,0.11958819111722609,0.00346889499416285,0.01911438907763833,-0.028697713721130384,0.014389734475113243,0.017985986359015427,-0.007965938796085056,0.004995369113360779,0.014881286238642636,-0.014425263466492724,-0.008714075779772948,0.08637774002889316,-0.047870781357959184,-0.007737509690853427,0,0.8353183682265092
55501,0.16686110585153333,-0.0003789405222186104,-0.04332326000656149,0.046415428822652524,-0.16357006781336172,0.09887076193230077,0.003832814046355278,0.009664705126634698,-0.02911534856191586,0.006711685193454098,0.02346131226644815,-0.00021981361208961805,0.03248901431361411,0.006748496743843035,-0.0070300758524938405,-0.01264813431377237,0.0996422134792987,-0.02951678793556513,-0.010669220399737321,0,0.7911691867938506
55549,0.18578788094217363,0.01739983604060617,-0.045070966519026055,0.04964796899796278,-0.16628645096065311,0.11223470888873678,0.0007523579613700353,0.023397621700558854,-0.025106587965104635,0.00252032863179124,0.00545396950916102,-0.0024218365608520325,0.013391664711094117,0.014902057824460092,0.0031418777989945055,-0.006262991050998477,0.0825266350728896,-0.020618607957163804,-0.01445423546761562,1,0.7913785845612126
55591,0.18341752219552088,0.017940982038540196,-0.048704368966425785,0.05166574188696609,-0.1610886710925764,0.10905792118681387,-0.0012749987005254075,0.02101990380091557,-0.03460824001352073,-0.0020755371708328233,0.00921751403384467,-0.001504882661418339,0.02296031923959701,0.006648339582934898,-0.024378153788250125,-0.007002510774680343,0.10778257029246323,-0.019321590777822494,-0.02001993558659223,0,0.8496897037902411
55761,0.20150637937589874,0.013109314334474353,-0.047510358207995255,0.05638226039007585,-0.14750478487563107,0.10489059996342602,0.006211225591599819,0.021905458815272172,-0.014027224679532482,0.008258878512824542,0.01565998648298198,0.011308826124368999,0.01357252984999854,-0.005266204191136456,0.005619565011468592,-0.002498194065705492,0.09212649170547019,-0.03754199207448247,-0.015050234689267082,0,0.8199505089416101
55790,0.18583803325674048,0.021699702488954916,-0.027448170380778673,0.05201969344097427,-0.14651815295107315,0.12121117483538044,-0.0031167355584317594,0.03206049640608823,-0.029581946297217134,0.009790705058433281,0.005273707168241018,-0.0036982321553787464,0.0166249672627748,0.00364926952782189,-0.008256887272947858,-0.0051096783794719785,0.09749188479762913,-0.03386580185598032,-0.013514280805173418,0,0.8167695198994915
55827,0.19427120134241344,0.01419912956091752,-0.043757413714179065,0.05765126329983115,-0.15463512704266347,0.11785425890659905,-0.00661563776068553,0.013654329875852807,-0.029050297864083786,0.015618248673756165,0.01928933996425052,0.0059878225593688085,0.018231223527718263,0.005986677690940372,-0.004177446894548353,-0.00330111059955792,0.09095499286391676,-0.03042920560063137,-0.024121911792872135,0,0.8497866395347865
55860,0.17835969014201802,0.02422810748280599,-0.05286215866848167,0.046337797621672776,-0.1613674580363917,0.10215049919541415,0.0012134350744817555,0.02170195091617219,-0.02479383247722422,0.011526900305503277,0.01572520808634899,-0.0013082677411069916,0.021830787871745576,0.013437280645908347,-0.006089016497300135,-0.005559321855340763,0.09527875884563589,-0.03576275892648977,-0.003535016849346244,0,0.8230682472393884
56070,0.1901985385868341,0.015622020613741,-0.05119623509767368,0.044621182468496536,-0.15120111148984192,0.10623255891433663,-0.00491653993424827,0.019029312591430654,-0.03332329991401987,-0.0011567596993924338,0.01926486732642049,-0.00039270647024785524,0.028210507697862187,0.006969870097891859,0.0007041843531240166,-0.007758344147002166,0.10463851418530158,-0.0296858517683981,-0.009531647447419108,0,0.8246540528036824
56104,0.17414403451134983,0.028811646194114908,-0.027503355536284045,0.052194511865831274,-0.15083688911299742,0.10939507741900609,-0.0011759129083206876,0.019567893465832653,-0.021026462984326685,0.007528540650518158,0.013085935307252763,-0.01208714652343134,0.01790868215476338,-0.003913262725286053,0.010780244000994376,-0.02551816480730348,0.09944860646385494,-0.02346547746175389,-0.0137182155124388,0,0.8121100596056607
56125,0.19795763711400913,0.01638806226882404,-0.041893634451294154,0.05017965696351412,-0.1532470884969103,0.11574129312416755,0.004419340193180866,0.01470192216990515,-0.020633038470848863,-0.008078193099122668,0.02145742199909009,-0.017609441588681385,0.018849139473129307,0.00829534806562462,-0.003884739714999316,-0.004436558577916157,0.10653679680622243,-0.029254638825571333,-0.016699997314264744,1,0.8502639487172762
56180,0.17961888566423648,0.026956216471746786,-0.04473086620331578,0.04160901241389581,-0.1662489285406284,0.12652920767446252,-0.004824768123186457,0.02028301060395052,-0.027558857073551737,0.008969491473376813,0.017624710546896013,-0.005966728597748408,0.009309519189368683,0.007571792233728383,-0.010794597627553937,-0.005879617553710192,0.08164074330243201,-0.02361512982083718,-0.0138292905799861,0,0.8235613736946122
56215,0.17375183173627598,0.034891193638598494,-0.053805462675736965,0.04456949434227796,-0.15553943047646399,0.1094707412963856,-0.0023820932691701775,0.020048816184466536,-0.03756115894518877,0.00729340460311218,0.005498935375905989,-0.0057629447073777665,0.01983547456912304,0.005538400910081981,-0.010368680379193645,-0.00858352369815284,0.09345083508054301,-0.034195094086891066,-0.013053112715525058,0,0.835600628690471
56217,0.17668156731208415,0.028915173847455716,-0.04539425769024241,0.03781479579049499,-0.16099227932368473,0.11609083684247079,-0.0027780647114279073,0.012342443690662905,-0.03613056061793084,0.0041864548612602585,-0.007701779369467928,0.00020981630939476562,0.014868567960701753,0.010812474370539485,-0.0027567092792071864,-0.017384575511285652,0.10249834392392455,-0.03900531188124735,-0.017507743126314663,1,0.834071756419798
56281,0.1845529502180354,0.02164510057162595,-0.05493216131379042,0.04704318413361722,-0.16166140486203842,0.11544665909557095,-0.005556046685614617,0.022397944619735422,-0.01865113775321783,0.008183328847471511,0.02299728367924069,-0.009639239114040946,0.018596399344004665,0.016286681259135957,-0.00556670155954757,-0.01095135456912206,0.10039748733995585,-0.0287796181855955,-0.00354128300869308,1,0.856825966160054
56299,0.17899138361300945,0.014516548574422285,-0.05132313839075743,0.056200464817697346,-0.17764128680407223,0.11338263607464008,-0.0016614061830548905,0.029485094728147962,-0.023589269425407653,0.009154413720596864,0.02067596754996761,-0.012027085113773258,0.019396958072828346,0.005052911285977266,-0.008609559484100858,-0.0027131911946290644,0.09295932308389306,-0.02155135140219502,-0.02179882029800019,0,0.8607308098171709
56366,0.19429208232115538,0.020337823380689325,-0.04157690136955421,0.055443108144202544,-0.15552694131726755,0.10055429095742578,0.003212353085404555,0.015785685930179167,-0.03269061600557258,0.014058355675274295,0.013369480002219774,-0.01566931724483416,0.008435391809524968,0.004748528737689513,-0.009224928577841206,0.00617650261136436,0.08795975985735593,-0.03694618380497988,-0.009273220470779673,1,0.8252814713033149
56500,0.18795914124529917,0.026906823210613124,-0.05358910027079472,0.046568078814720706,-0.1622810118471965,0.1276585367584204,-0.003881769991904318,0.020777012775499898,-0.019754170246160347,0.014656263792360345,0.03131997837361132,-0.0006085739263767173,0.026605060163319413,-0.002077976154551013,-0.010643610121902961,-0.008580704424626525,0.10141163105995857,-0.02408095559464675,-0.008090874347949228,1,0.877451273119912
56568,0.1803267941137685,0.025130562009699316,-0.04853487706185933,0.05285201276808101,-0.16436519237824102,0.10969626366250836,-0.022019885294143178,0.013160478097510904,-0.023185740647762704,0.010139757691908731,0.009165991791732294,0.0002509870350338905,0.007018645628278603,0.01592293843245359,-0.002377862376943678,-0.0025978131552636904,0.09610277802906265,-0.02437479258214212,-0.010895318619683502,0,0.8181186913760771
56584,0.18247111430404062,0.02583351123923098,-0.06349818615437205,0.05291505148109196,-0.16430953565725812,0.11807509908335462,0.00830045150266157,0.019890762202996144,-0.027399599727845725,0.01876981261688072,0.017216920541530546,-0.006032375683846465,0.02961826379576985,0.0009438148531902304,-0.0062244320290714555,0.0044411093262256415,0.10069138540645979,-0.031055424921988872,-0.0034545321062567987,0,0.8811413826340722
56714,0.184359962157984,0.02292046545733122,-0.045977875558212124,0.038431019654248826,-0.15748376471011,0.10696392819021036,-0.0024883156733038793,0.008233933997429362,-0.018595309164849548,0.014825103433768347,0.019968544910040627,-0.009826334560191902,0.014108586283793358,0.012881499035641788,-0.0009582213994983167,-0.001995732899814251,0.09177284047674164,-0.019359550861420032,-0.028173520866977594,0,0.7993245092915672
56732,0.18609634769893765,0.01712828608344994,-0.04429414071635716,0.053856314055294736,-0.15476185349060018,0.11393904146804613,-0.005910307280101652,0.012141714496069352,-0.03557046486557121,0.02189495156330965,0.017990006216077718,-0.003986924545014715,0.030446180462808562,-0.0017017899081666792,0.0014503241878907505,0.001500702333361126,0.09425964133238457,-0.023036012403216802,-0.01655772650546346,0,0.836522729612122
56770,0.1925038136772273,0.016087316131220972,-0.05644360796159846,0.027115911195470726,-0.15626471156624203,0.11716391428959269,-0.002298749240879116,0.015709247179618004,-0.024069516460768166,0.015345406910885508,0.028323928971083132,-0.013102114730258397,0.004683709707928967,-0.0010145190930457677,-0.013342358489192237,0.0014658495795075058,0.08821132604795565,-0.027313706814576254,-0.015423234081796314,1,0.8158829421288472
56871,0.18680296569415802,0.00605386829811433,-0.047554244551196126,0.04664769968998867,-0.16543908620124065,0.10888828974954404,0.007441402455897405,0.02863111543682747,-0.034369786912070294,0.018357588516933976,0.010424433724652942,-0.009287838412341078,0.006827285154157044,0.008033469319766767,-0.028163875217418536,0.0011540207913858602,0.0993603255064736,-0.03003836014550404,0.002477302777442873,0,0.8459529585551138
56887,0.19710138222204743,0.0198716892786283,-0.0470767907276697,0.05720106533406586,-0.15081236332286627,0.1288650918845035,0.005885133730947992,0.01606362742891067,-0.03298515352949767,0.01257734783786299,0.00616571438464409,-0.03170398959368568,0.013510319628008308,0.0004049778206479799,-0.01288667352790393,0.011038192952316237,0.0943557142389796,-0.017127608569177513,-0.02164139008894071,1,0.8772742261013045
57010,0.18302368936915536,0.00643944214581413,-0.04246832973553337,0.057819357461419994,-0.1410543473217697,0.1251526206107613,0.0031503884079081,0.019493888453373156,-0.03213526916964976,0.012039461805615511,0.01653724697698181,-0.004327394007033494,0.024241744859056166,0.005231987490934206,-0.007709636858042858,-0.008876434621875656,0.10157136226694743,-0.022370072982238278,-0.007878127987049113,0,0.8215208025311593
57026,0.18528836009553137,0.033953566641493675,-0.05632355476621882,0.03973256769225655,-0.15714691821538113,0.10866027834468174,0.007928598457527282,0.02941660271490326,-0.04799680185229173,0.002695929699970296,0.0154506474910365,-0.0007983724712920732,0.014229870708037782,0.0032645465718365474,-0.020483891336865685,0.00022289748008883268,0.0944534772123376,-0.04014693801981265,-0.007793084561589864,1,0.8659869043331534
57120,0.18136962720072883,0.014404010969865919,-0.04989343696123304,0.06476357196043069,-0.1608682444305088,0.10600798441812423,0.001403161616219573,0.023517842357102945,-0.028897783824715206,0.0205449901164848,0.01656368578655256,-0.012994694861124161,0.004387047888738822,0.0035254519098418227,-0.008964406857876901,-0.008152067762132122,0.08740989793173451,-0.026897535911534654,-0.018084151536454183,0,0.8386495943014037
57173,0.1981775087076884,0.011183935285744866,-0.04361399886872236,0.058489245713032406,-0.1543267440615577,0.10832704979278754,0.0001040552381979891,0.017127676000113043,-0.02498426252572763,-0.0004778938891885075,0.020702440954097383,0.008353621152374372,0.012059016648444543,0.004556559746715557,0.0019591573137477947,-0.0158606931781914,0.09048536255290598,-0.02412608275342004,-0.011545613366507853,1,0.8064609177491654
57297,0.1708254109049786,0.024486427439320856,-0.04780295199587033,0.051889468250345086,-0.15556850160965766,0.11072570851046037,0.008019313697901003,0.02565465305854246,-0.03800916317093892,0.025466234516169157,0.011213367817062538,-0.0037401029401619343,0.014511514649441367,-0.0002789060618695894,-0.008495419412033321,-0.005923630679377451,0.1054670234531906,-0.025171182885640346,-0.02348973262585305,0,0.8567387136788146
57319,0.18656895178953292,0.013853199752393902,-0.048057957586201815,0.04538079331132259,-0.15249625133728317,0.10209638737137434,-0.00198170039458256,0.019483067746326556,-0.028745980572570173,0.003083526984588899,0.008779346225820994,0.007944840646080571,0.010419948989781273,-0.0016223157744261576,0.0020402628437479024,-0.001648398159761117,0.10422030948395844,-0.03501060599023935,-0.017034898233354464,0,0.7904687431933471
57381,0.19004614536033004,0.018093693129903856,-0.04976735698389201,0.06067064202137324,-0.15289943048422175,0.11161693618435149,-0.006782650228042399,0.009960397440467872,-0.0357900546024185,0.00920348246114293,0.010369450335399794,-0.0011591449128253617,0.02270927952191505,0.006606008640319547,-0.012308563060143269,0.0013696527471780723,0.09186575706966808,-0.01660001002172613,-0.005200096631869175,1,0.8130187518371885
57388,0.18570603136236347,0.021727933261173612,-0.04033607999084386,0.03665910578741895,-0.15660101739766313,0.10422620467103334,-0.0033816724488810413,0.019787055858679358,-0.025051219450719368,0.0021047318152250323,0.015444259206408902,-0.0034049893566154444,0.010260602908820997,0.00021146409778788808,0.005175243711828535,-0.005292754663887524,0.09654485784884746,-0.030832950670322025,-0.01861920799770977,1,0.7813673825062297
57407,0.17789972898736264,0.02738761221361601,-0.051721084006581194,0.0442408901623746,-0.16428308585712917,0.12588976416121095,-0.007248744890267475,0.020234003438232617,-0.036555978854965004,0.009409063279526028,0.019983303742461433,-0.0004913159951869774,0.015834455490802393,0.004526544562116924,-0.018353406158495005,-0.0144411646722976,0.09446462185804505,-0.01464836888259247,-0.012668754850376081,1,0.8602818920636396
57567,0.1917611579656609,0.01796232675968224,-0.04799812820000163,0.04686511641454155,-0.15863403785004485,0.10598509438810294,0.0007950073270692964,0.019956158473653302,-0.02868057754448289,0.02254658236554328,0.006889404041959368,-0.003871544193210786,0.01826911508800558,0.005686680717490252,-0.010178470135712232,0.009145558312787839,0.100676342870835,-0.022621886324208647,-0.026022875451713025,0,0.8445460644247056
57568,0.1762944976754465,0.005751397128620332,-0.03966816046051152,0.055910323638596625,-0.15948068306539875,0.12507759789297912,0.003912839858130393,0.017253600039817255,-0.04497861977645535,0.001203508811023157,0.017122833073265745,-0.0035318054192103976,0.025867189010898742,-8.384441348021707e-06,-0.0072432865566215915,-0.018343794405972714,0.09289718119803314,-0.02643268007598033,-0.013109727788572108,0,0.8340881103168818
57573,0.18282914724172977,0.02548820627407956,-0.04524227496437708,0.05128381042228531,-0.16450864977357768,0.10358774797315631,0.0009438610773546123,0.021789198616684425,-0.03147772898212837,-0.00459424535124075,0.006236056576612874,-0.005461729792908499,0.011594423854601256,0.007036839855326537,0.005085099019549069,-0.006193639095607165,0.08350703666642845,-0.03051188704377594,-0.02075101750623052,0,0.8081226000876541
57644,0.18456559107890552,0.019957007302378583,-0.04784448731342668,0.050126479126668816,-0.1567164330573742,0.12318219671419887,-0.007543856384600677,0.021722115669580096,-0.043032543661690514,0.012308990745642975,0.005209994753323852,-0.01055632607601667,0.015435408983589718,-0.0021860209460860826,-0.0021401295874506894,-0.008930260974139386,0.10328973757227443,-0.011018436230941134,-0.00847417421116898,0,0.8342401903894578
57670,0.19148028636346237,0.0289291407426539,-0.04324602748025789,0.054163698529449585,-0.17087742877688547,0.11942187576939615,-0.0017911827015537494,0.019326026214923884,-0.022852279734897236,0.012410613607590089,0.016943991671719665,-0.009427188238805,0.0027271023894944206,0.004849211967118923,-0.01287739085253504,-0.012917349178399835,0.09967237759146368,-0.027397633453820548,-0.01728699556068765,0,0.8685978008251151
57693,0.19813201734003927,0.01253561567526521,-0.0606423167967477,0.05098021600476584,-0.15185180035150891,0.12124927998591355,0.008007004417583572,0.028820333708301032,-0.015236739059274548,0.015462870411744503,0.004189918469080507,-0.016616818035293524,0.009449777468307748,0.0006556820996227106,-0.00158943338837536,-0.0023953399122405997,0.10094575176156537,-0.03104510563224177,-0.009770419761463776,0,0.8395764402793355
57803,0.1966397547419997,0.025978628836551727,-0.03756744438482131,0.03628660890163233,-0.16031882222831803,0.10745425792322714,0.0032532336062650632,0.01459865788490882,-0.02971022844014524,0.011368072868617832,0.02066424105714408,-0.006853709714907951,0.008176721119333586,-0.0003960761116143385,-0.0037246638836097696,-0.017895475154027216,0.08851539855138855,-0.01812938353378951,-0.030726834829041105,1,0.8182582137713433
57828,0.18724302289015254,0.013303970532638314,-0.05719325912460759,0.04778530642317671,-0.14616361158407992,0.11147317073380289,-0.008988057895510642,0.012888297385557235,-0.021484768733479674,0.027383543626264373,0.017951772254058338,0.0037236078641435374,0.02219843678300951,0.004622894056144676,-0.005781104909190391,-0.007322941551826155,0.10573139436509793,-0.03233962706023287,-0.010375729164188724,1,0.8439545169371621
57870,0.1884700363008074,0.023417281134634555,-0.059954731942228466,0.047418463815903165,-0.15672108123782208,0.12130193402872527,0.0004726929243735045,0.023086500380089876,-0.031532780858583936,0.004825313966569538,0.01576126400385962,0.007499927758537472,0.020071563542289325,0.0098087653240835,-0.014276409546897644,-0.0010660749098339796,0.0955641762624798,-0.02324506090514097,-0.006503665527223296,1,0.8509977243700834
57962,0.19628747386566522,0.03235759471331509,-0.04046699823429235,0.04494378311808377,-0.15901868916022202,0.09643111679186804,-0.0031210718250551835,0.02593742298884406,-0.04299615223195226,0.02375208909279799,0.024458027276389065,-0.0005508132396477367,0.006427680450892366,0.0039362505069067254,-0.00968456853738454,-0.003553197207410087,0.087228378962349,-0.02315142878661388,-0.02106989524030714,0,0.8453726322299966
57982,0.19891595893894032,0.01344940581244476,-0.04887122063307243,0.051844280666414354,-0.16057979613635112,0.11156174096851598,-0.0007043181984142634,0.026814896473843178,-0.02715443237921589,0.011082761062461208,0.00403097041497803,-0.004311112052254128,0.010991272455215742,-0.004979390584634198,-0.006159943261387724,-0.003792654474933451,0.0869883741807647,-0.03536348719902391,-0.016362783527176177,0,0.8239587994200416
58018,0.17734795311562834,0.02095951236689697,-0.05621608752905139,0.06179349496147136,-0.1504128394341003,0.09377766710508384,0.003269769833988824,0.006046035512075772,-0.04930981711556027,0.015057600667168347,0.01981339446815166,-0.00027407194286870084,0.02474194102538732,0.013490855401994344,-0.007993983333971872,-0.005616504903999416,0.07323501820939775,-0.025958257414355316,-0.01913733790677299,1,0.8244521422479247
58041,0.18784028878330306,0.026509376422187595,-0.04487387928983302,0.04737830012120352,-0.14979866285802743,0.11848676444175062,0.010764300686591996,0.013041377410019202,-0.0478868166112041,-0.0027651310168783135,0.014447781167432975,-0.00273878407239437,0.019652735681803025,0.011043453048130508,-0.01351740218596768,-0.008663234905335358,0.1000037692801301,-0.02891953588502262,-0.006879537647850527,1,0.855211131515066
58073,0.1671755879700226,0.01585350283890069,-0.05500315181694136,0.04903106261145795,-0.1391569753120778,0.10128110513675809,-0.005681784286378351,0.022907833526375817,-0.03301845980536289,0.031113829914784258,0.0133744110504894,0.0036329069374324385,0.013031316997623879,0.005179178969877888,0.004661542444928615,0.005115150723850794,0.09952976830026115,-0.03687062174948735,-0.0123538479500082,1,0.8139720383430196
58097,0.1830702524015513,0.027082972843142084,-0.03666744166821538,0.04779827199757696,-0.1728654624010926,0.12525487876149632,0.0008333806735555005,0.02425262297262691,-0.03410918661443525,0.015771467477941677,0.0027866331574792503,-0.007891680368184117,0.013007944209413856,0.01441263519905669,0.005774992987789238,-0.004190668774819652,0.09545135058168744,-0.02461576962643065,-0.017984645137630238,1,0.8538222578541251
58131,0.18504608310775097,0.028111936039989217,-0.05362439559256985,0.05122234110824668,-0.17263931487906753,0.11437637989156943,-0.007564194285516605,0.02063454785094732,-0.031753945988147715,0.008005905173040331,0.01680522798166359,-0.0026181732911217306,0.02266566323383358,0.02096604121989518,-0.0046411826967983835,-0.005977731046613481,0.07747098920616459,-0.02529626531840314,-0.020919396315550072,1,0.8703397142268894
58202,0.17874778395578997,0.022942375017886808,-0.03456493876690549,0.0400927776565601,-0.1514064451311203,0.09460289550732046,0.005870401689720893,0.01651455299632324,-0.027499976735702418,0.01749289068049301,0.01517060906004657,0.0007719504548330409,0.0069749705643643205,0.017741035361740414,0.000837402908504596,-0.002468516630566872,0.08300954562161954,-0.023920713254055,-0.017033434903903633,0,0.7576632168974566
58216,0.19916716500745973,0.014682490644903047,-0.03744118899732057,0.053188615420107374,-0.16847601513762003,0.11680162578158267,0.00865639190666119,0.010070685333131301,-0.02958428907275856,0.009878549537881379,0.020799522476204875,-0.007853375265175055,0.016998496749984823,0.001883580685556592,-0.007089407383529005,-0.00262600458118095,0.09885649525244924,-0.029774415161063345,-0.009458221525466293,0,0.843286535920036
58272,0.18771517920171907,0.02030515911473692,-0.045138559626075686,0.04364305627803774,-0.154455154772522,0.10394568256132873,0.00873595787185412,0.01961666677113523,-0.03444752864365689,0.014118349350265305,0.014453151258882597,0.0005315038675624158,0.0210196893461669,0.014730449208624142,4.573830357871729e-05,-0.004193712387091093,0.1002134321874505,-0.026949385521084043,-0.018950519446180474,0,0.8332088757179525
58326,0.18391486980633284,0.020856460999164127,-0.05607606414777655,0.05459558471157795,-0.1511475419161929,0.0892824795223433,-0.01588980704538094,0.004468221082417404,-0.015931526656858003,0.013940316813940043,0.008421473484220695,-0.01991374574258646,0.03164704356707756,0.013239402687342909,-0.010410973820801465,0.0015495847302673792,0.0999796499529876,-0.030256955346712935,-0.008230805934937468,1,0.8297525079689185
58522,0.18051702565282476,0.0032022573052119504,-0.058172441744457896,0.03861389148483016,-0.16566457001470303,0.10255141358026051,0.00811913837710877,0.023095234474540136,-0.04254279511140153,0.029416349627086304,0.016409106404606286,-0.011980071066572584,0.0028994586262255846,-0.002018709258187402,-0.00015472682669595924,-0.013883640568691027,0.10920217113322545,-0.03718422723449744,-0.02080464512123284,0,0.8664318736123596
58556,0.1904669668704227,0.015806628093442177,-0.04550063981229082,0.037851600627239246,-0.15705065539214338,0.1024487953911733,-0.0011779267225859602,0.012757382661655759,-0.04045913848102509,0.01500201535200084,0.028128706824511397,0.00828112350383114,0.026060047724464377,-0.0031251339857131704,-0.007185760893508572,-0.008671838012881626,0.1120992357203814,-0.03264052548217839,-0.010498962892519838,0,0.8552130844439692
58625,0.1896413561009017,0.01824980687494728,-0.06060898074210193,0.04843722422116588,-0.17031835161246484,0.11263749200914276,0.004251621866740125,0.018700141814276677,-0.03002116953505394,0.017591189659731433,0.01547444479342766,-0.005161059295226467,0.01724664377834788,0.012290521172193964,-0.003606107149160328,-0.0012899200004319268,0.09656060920675003,-0.03692539377487628,-0.012089895746840686,1,0.8711019293537817
58738,0.20303731186217616,0.01613557146199715,-0.041901688135146636,0.05617427009505175,-0.17456499629848413,0.11463101692917867,-0.000235695069935313,0.0290320851189564,-0.0227495661415443,0.004431330472901949,0.005769086543653922,-0.010134834897488442,0.011127173288437639,0.013994614590539042,-0.0036604270114821615,-0.00387618236684672,0.09082188091815747,-0.024009694060114693,-0.019270792339557356,0,0.84555821760165
58843,0.19091919766416635,0.017980326006485713,-0.05487688174016926,0.053987437220369125,-0.1512556812839812,0.1286926253804333,0.0037903494100116984,0.016109458806881895,-0.037324890563178136,0.015159291762849676,0.015955306525538965,-0.014910139277110039,0.015009376624897066,0.009101149588004447,-0.007076475676059828,-0.008903135244897317,0.09314453581521563,-0.025351854854921804,-0.0009355600311796183,0,0.860483673476351
58931,0.16853844623349082,0.017630955062541948,-0.03075128618310875,0.052692047787151475,-0.15815242875536434,0.09383933823367538,-0.005229957377946635,0.016357982553426825,-0.03303917942704036,0.008626262571472115,0.016738957001757548,-0.011609983043254076,0.018527640678196185,-0.0034376538298810217,0.013297946599590467,-0.007323314831328551,0.09559963941522004,-0.040487962530889245,-0.024022761653263697,0,0.8159037437685994
59031,0.1649888570483485,0.013945659711997294,-0.05806896250178812,0.05083094894069483,-0.15208265695673642,0.11217453726087845,-0.006332072266572685,0.02864728711191161,-0.02540276189926219,-0.005373585624767017,0.019138306031981616,0.0073291711628228244,0.017345830505794368,0.011135206816414604,-0.007078477615390332,-0.0026404090973549906,0.09093512109664122,-0.04122907708068948,-0.0092377243872352,0,0.8239166531172818
59057,0.1864196920965248,0.01575555189924379,-0.045569925863636514,0.052153160162305166,-0.14979110040181842,0.11041581096461343,0.003888644276586129,0.03511313780097163,-0.015458078065448739,0.013569077943686322,0.01818335901003609,-0.00871952185976632,0.023455764283967142,0.004252844845520255,-0.004833378854476712,0.0016342763700888233,0.0966476663052076,-0.023457696900821647,-0.013727520807843369,0,0.823046208712563
59063,0.18675934106904862,0.00459805106704052,-0.06061484011926419,0.05483790461327333,-0.15048462298505952,0.1108601705686247,-0.008528863547952693,0.022895877985608246,-0.02288447990484487,0.012424923828097616,0.007777048702527023,-0.010575876043355217,0.03184604199444691,-0.0002483377551466137,-0.0060906621476067326,-0.018210328573697556,0.09066951657793201,-0.0353440847894109,-0.009273312046865923,1,0.8449242843198032
59095,0.18833773795724468,0.018308403846303483,-0.037498485319189416,0.05176480358414221,-0.16364206659130198,0.11041367281120669,0.010031928047916158,0.022767170667805838,-0.026736604254971135,0.017270741521667105,0.022051798728113473,-0.00705646129427012,0.02339592553864941,0.008164043264787955,0.0053017489133219044,0.004538555514672931,0.1072070609884219,-0.028168561640298358,-0.010131683877033872,1,0.8627874543613187
59100,0.177637077478795,0.006053576777491465,-0.0547947038520833,0.054083153313658136,-0.16010879217086696,0.10760393230191789,-0.0008495827203279483,0.02877752640475609,-0.02890822194495666,0.010640014097573237,0.004517038255800542,-0.01781957574496813,0.023483269413742947,0.0064933305077886265,-0.01914448979882401,-0.003923822725586583,0.10457035926832638,-0.02048349890508262,-0.0043602332380204886,1,0.834252198920567
59169,0.19317734648809734,0.030679545635436584,-0.03327247648205885,0.05049004119713852,-0.16199905067568054,0.10700417829498726,-0.00818728697714545,0.022926650201869576,-0.029481821478260752,0.022932266322266682,0.023187392342032608,-0.013085767599940217,0.012139521723134716,-0.0036647266835315266,0.0035611352285111887,0.017642164571679705,0.09788620924610117,-0.02096938094581374,-0.0024303629227877626,0,0.8547173250164742
59179,0.1857439765068203,0.013541473503134454,-0.04970535824522233,0.06309780557700667,-0.15650750322596277,0.1139711365260731,0.006402777134721852,0.015643474665082133,-0.030040351158024593,0.017343951901121542,0.018809502788035087,-0.0153771175942199,0.022198631683966755,-0.0022075268915093017,-0.012355865054922548,0.00100552270378843,0.10069270915132571,-0.04414204618127365,-0.00793852873830587,0,0.876725259230517
59283,0.1891594767681069,0.011936853970473811,-0.05400296593341369,0.040166105441816174,-0.16851592268995597,0.11939466375976769,0.0013831733409619955,0.0207199274332364,-0.03721942105497294,0.002950929715763582,0.023997541826379608,-0.008587651831821542,0.016477324618840546,0.010688482713820668,-0.0046421328243182805,-0.00964005031569866,0.09616968491508647,-0.03831183106532339,-0.022116194870465403,0,0.8760803350902238
59356,0.18767782636575586,0.03347382752637471,-0.03780963484839921,0.04800623240429573,-0.16116137322700136,0.11779341174187788,0.007025729086220456,0.009304250150929587,-0.03105218550369421,0.02120412769970806,0.017911267426184648,-0.007120013232604507,0.020283365834957226,0.007984559575752044,-0.0055809898570511884,0.009742528565881675,0.09938011404839754,-0.02751688383049724,-0.012169972738929715,0,0.8621982936645128
59405,0.1641134482057904,0.0191960627749299,-0.04963650809794101,0.05456534792366522,-0.16270429159750846,0.1123328046296701,0.0038578155693185234,0.008520437784241315,-0.0188443130924177,0.014042437657801828,0.011101583542688458,-0.004758098214172466,0.013929566069061722,0.01350776986343129,-0.0029255365400082866,-0.009213976753323245,0.09609514603134972,-0.04065814802996755,-0.02257262507854125,0,0.8225759174558285
59530,0.1853715624901763,0.03151306443431859,-0.04440343116314429,0.060015085747265905,-0.16648434961790404,0.11465329005264056,0.0015959295758810076,0.023070602036221605,-0.02381066230705067,0.00941449144730207,0.020537561533068627,-0.0021033728480018394,0.01653528292526879,-0.0060041412413282935,-0.0009022358782151282,-0.011434637133570007,0.11337410449406896,-0.021622565514315403,-0.027714539293027245,1,0.8805609097327693
59543,0.19127426689869967,0.010307343752550744,-0.03797906620669942,0.04632572630842471,-0.15012205216940655,0.10717610302987045,-0.005228315646978781,0.019408138799483547,-0.03423137551397789,0.013783208703994153,0.01512766921770394,-0.004667759609342866,0.012142152512463993,0.009467507749521913,0.002202768483403306,0.0033216033361884653,0.09682256685580008,-0.026804544010412486,-0.008666707198886393,0,0.7950588760038093
59614,0.19062204230358976,0.023065976027693724,-0.03456360761699038,0.06563774182264878,-0.1694590834330972,0.11399115421357021,0.0008412338612249727,0.01944348939590864,-0.02505046057682485,0.00035417588318887493,0.009970141644132955,-0.0038202211544246197,0.003233899911533067,0.0114796225070681,-0.001942366196112249,-0.004594375156075098,0.08822609586895057,-0.02663947591111237,-0.014129319602322863,0,0.8070644830864693
59701,0.20336983415700202,0.015234380364497566,-0.027745052007599597,0.06524660975912383,-0.16412075740539678,0.12360792007136677,-0.0070364643692732536,0.024791468164395793,-0.02760827227936344,0.02467257028474043,0.02019802622638647,0.010283815256357944,0.017440071490378583,0.013960120086407277,0.008930718674930302,-0.01882074931224884,0.09789337969603291,-0.03553485398326313,-0.019375055948577927,0,0.9258701195373429
59734,0.19983586172049325,0.02257649136003696,-0.03436204645194654,0.051089843370296886,-0.15840124896131702,0.11138317297901669,-8.332977768935946e-05,0.017554269193475393,-0.02574824705926779,0.015651732208558162,0.015968453568989897,-0.006090994077228711,0.02198390109495373,-0.0009757920938663608,-0.009669832308653583,0.010521636461233767,0.09204870603727242,-0.029617802035278806,-0.011146264201439837,1,0.8347096249610152
59871,0.19562377345644685,0.013356020962233407,-0.04600207257252229,0.05599541162220356,-0.15486202265485824,0.11521935661495238,-0.0035260581338789503,0.00617572468909365,-0.022803736625950054,0.010123525776500646,0.015307827574308874,0.006445585780403213,0.01562679370449556,0.008048166130353333,-0.007168801776124186,0.001851707877190207,0.10789542262025978,-0.0231727431892011,-0.016753606955507698,0,0.8259583587164839
59961,0.18309816369012963,0.020520360656349823,-0.04109301631901635,0.04579350617637357,-0.1637549285514349,0.1092557418787369,0.007455168540517193,0.00544852498919512,-0.03450014605453679,0.012246484019907843,0.009803630343034879,-0.0017039800762418552,0.025431092310900072,0.005877035639369642,-0.006154544757389594,0.00027089561512436437,0.09291158640707192,-0.022115887728134654,-0.0057364383582349885,0,0.7931711321117001
60145,0.18236784938447792,0.031419462493469205,-0.04146198692544884,0.04485201795189842,-0.15572099491120778,0.11369102623344425,-0.002804340177382633,0.008335498479304744,-0.027788655929957787,0.013306010450560587,0.012128488883543235,-0.00725430095334775,0.019750708711234244,0.0022035738284317684,0.00017902642499161492,-0.011153329656800862,0.0965779027944258,-0.0337426347191605,-0.016568197664013736,0,0.8213060065731017
60179,0.19918213121132486,0.01665971791375687,-0.03382362496255725,0.03720751956013385,-0.14580887931941408,0.10398795778374037,0.0021505852078894452,0.02499753478814927,-0.03606624610596617,0.013882758002558667,0.022124993986468496,-0.007274503119176334,0.008039300249894186,-0.002602040707047471,0.002957301616741756,-0.001907732645073801,0.10290421600539464,-0.02437446045343419,-0.0021181554536698864,0,0.7880696590923916
60217,0.18580133910289642,0.008475576080335313,-0.037810013716765116,0.05309233026533447,-0.16806383042298934,0.09885564085358262,0.0014151401533320706,0.017441230409049657,-0.027092652541704707,0.014917030549902337,0.005950771214331649,-0.007637852813703299,0.030038626701676324,0.005294084787190175,-0.0034629535925263335,-0.0060153567094090934,0.09885793732095556,-0.026012456895915283,-0.01642491833085914,1,0.8126597424624589
60233,0.17835590820855124,0.023338861217499677,-0.0564476441578692,0.03542300330725202,-0.15073676233055705,0.11995123026356753,0.008589228299197433,0.012015368632272339,-0.019637758727078573,0.0008436963917260175,0.019023566837056298,-0.01622134733502634,0.031763101178878594,0.014243302756060191,-0.0018466176544789758,-0.0018308383076759327,0.0948254684751,-0.0383992022864936,-0.003224918027489616,0,0.8267178243938307
60306,0.1807984151645045,0.017403269362294523,-0.04683530435892371,0.038077030839890065,-0.1745950529209205,0.10994856215454775,-0.0015206045092475535,0.012147580112862153,-0.02861847347111044,0.0026873510664364797,0.017278546726321276,-0.01207844844556616,0.023734980526300107,0.005056757443860117,-0.003778306815368486,-0.00794824183016335,0.09836974373627032,-0.03133628943280231,-0.022129420716856113,1,0.834342379634246
60334,0.18017093731723977,0.012054680084069442,-0.0469671107500365,0.04834512016978758,-0.1714268283606399,0.11343596712517759,0.0037699709806181887,0.01694869600268838,-0.033726547526436015,0.0033557739752688807,0.015969040435847574,0.003801369485275625,0.016947159483100615,0.004465666954627003,-0.018469372702889234,0.004600540288712882,0.09599831078492026,-0.03394255651316403,-0.0028149689487918517,0,0.8272106178892913
60404,0.18357097339645856,0.019697033399280774,-0.04435713755785741,0.04923725683621939,-0.14525074708328783,0.11593201905203396,-0.009281603955361376,0.020137150318972293,-0.02388001652135784,0.010350492755415601,0.020854541313092428,0.005142566089200376,0.02747039866485842,0.012689474583758908,-0.006918971801092051,-0.0011044224462453808,0.09828618162177923,-0.03633335555356718,-0.00962219588869639,1,0.8401165388385354
60567,0.19245852405869626,-0.001417345795506005,-0.04440029701495712,0.05728108829113454,-0.15924806152927803,0.10421370176049555,0.0035957269870610362,0.015058545693479274,-0.018651681099599825,0.010455206755547548,0.023477699857197082,-0.005269207978213695,0.023579244398543142,-0.005475356839792964,-0.012543580910746515,0.015226280093080071,0.09110111153944919,-0.02369200930937715,0.003001119907061155,0,0.8101457898192161
60640,0.17761962846106535,0.024897481913667245,-0.05433394387136855,0.051006541911408985,-0.16368105356894927,0.10754857781364607,0.005856545113921122,0.013156561177365488,-0.0210358123510232,0.008860420056611905,0.015984658069625898,0.003951526674913687,0.025780409052177038,0.0020887338985166558,-0.0024723748288225434,-0.005120162587469049,0.10392397555960464,-0.03567708864932197,-0.019120313806978012,0,0.8421158093664567
60648,0.17791444606975837,0.026041922746938256,-0.050295212027772644,0.06211974964791321,-0.14260792210063386,0.11312081597876557,0.010987735553861221,0.017545829950262833,-0.04039891340457386,0.0066259406676342295,0.001911874788510342,-0.0025382902345578344,0.009615619346495033,0.008902654815457907,-0.01398950272175197,0.003565018709096778,0.09454850203631258,-0.03273924423613592,-0.007131788674581933,1,0.8226009837110143
60782,0.1829135782810423,0.01692989363270584,-0.0562793259002506,0.040901792926003655,-0.1473536914260776,0.10047790026394005,-0.007984359690756301,0.027161243735084797,-0.03660027131642989,0.016851886175270003,0.012366547664767009,-0.006880936312802846,0.027881770638587038,0.002015142308077356,0.0020323015124276774,0.001340058266042099,0.0910961925055191,-0.025643892278361412,-0.012807279021352107,0,0.8155180638554976
60993,0.17546067564675202,0.012072473730955323,-0.05289968907122594,0.04192081708518376,-0.16663462418417432,0.10746282651471421,0.010971631667286052,0.015770979419240674,-0.02240922501396536,0.01194278441778092,0.007778678664344273,0.003075795665792789,0.014957353554271937,0.0017577350406220822,-0.002867711774689186,0.007662348140397306,0.09630803873088292,-0.036551860356793975,-0.008733907428256018,0,0.7972391561073291
61042,0.18312035739394822,0.030683843115772196,-0.04578899892107806,0.05036458108778934,-0.14702848969410787,0.10293931739857672,-0.007708727535250744,0.028351712692583006,-0.03416483948822579,0.002178398316911574,0.013050559087429737,0.0003067331541462936,0.016588897354429394,-0.0006349641126767759,-0.001162287135094981,-0.00983094477323596,0.09817330412911401,-0.03659989550909929,-0.008469063895949378,0,0.8171459147954193
61155,0.17693224647979902,0.020434205175298623,-0.043069795249676315,0.04742732554190325,-0.1496774120707194,0.10839886560188951,0.016411117104526984,0.009234500652457634,-0.03320269935222854,-0.0014661428519264206,0.0076951272585698205,0.006356664915169966,0.012457916368003571,0.011340472507687802,0.004442182494641229,-0.023061485644395644,0.09695223109166926,-0.02104182388367593,-0.011737798920063111,0,0.801340013164302
61178,0.18094038140150182,0.030889306244815923,-0.04156038729846195,0.046703075911413615,-0.163282993073698,0.09180050620496827,0.00775233383912049,0.01711616238002917,-0.02409160375017059,0.015470815469862785,0.027952380500997086,0.0013977631078353778,0.007930441944036032,-0.008793122655857898,-0.007282327820857622,-0.012825992008038594,0.08861266532647774,-0.01726264454699862,-0.013838966215770056,0,0.8055038697009116
61238,0.18619256882930232,0.03950385764955192,-0.04798312781623595,0.04980022449002009,-0.16078689557084191,0.11555804773014658,-0.006526505547975995,0.019354616878312816,-0.029717809092005096,0.006060379827187067,0.013761491275047817,-0.005967147556411033,0.012447919752486323,0.006396612389944222,0.00019824340878544467,-0.006111934482025088,0.0993204680215443,-0.021616951131070976,-0.010369997439544348,0,0.8376747988884393
61278,0.1816471330211047,0.0222264008971694,-0.06444738705351064,0.05013605589055306,-0.16405883992027903,0.10197727153589986,-0.007269574183762162,0.02314091165716429,-0.03570249611630808,0.0029676201126023,0.017680976457732603,-0.00955683846594121,0.020168243668184208,0.00738191374473785,-0.005103277146609533,-0.004136774686064648,0.10269914507772367,-0.03166979467602929,-0.007218297573963903,0,0.8591889518853404
61283,0.1877283915095781,0.007108074129352279,-0.03148203042523104,0.05771417085653063,-0.1575833354560001,0.11039381366090996,-0.004845779806818465,0.02195934602143341,-0.028310151012643135,0.014050572242911435,0.007439592203125235,-0.0143314820434967,0.007910643209855022,0.011315882844512555,-0.003957668857601627,-0.0024797196126574426,0.08929588897306012,-0.021549543943211746,-0.004521955513885723,0,0.7839780423228148
61295,0.19068662925283075,0.037575112170385165,-0.05838236154715751,0.03900637501208505,-0.16277797073539826,0.11166159683303653,0.016772999853295174,0.018730377397512755,-0.040002549239620745,0.008869732459648358,0.029667947980732735,0.004245167182275618,0.02013758020448442,0.0070840442374068445,-0.007552993931831479,-0.012542425384833234,0.09420810769000615,-0.030254744355936076,-0.015320909986490874,1,0.9054796254549677
61299,0.17822125585840437,0.016023857009098894,-0.057329190196291104,0.05445322171611238,-0.16986673220099427,0.10448153885711042,0.0070790613907087815,0.019103664794792287,-0.03670543710553016,0.022479132588808442,0.020147755475253923,-0.003459251976367962,0.0064598109611792055,0.014148223347634138,-0.007483592220362532,-0.002831130966053467,0.10173260868545542,-0.02133429725080533,-0.008137374886777423,0,0.8514771374877406
61361,0.19103434878485792,0.01566598935659127,-0.03157582013823672,0.0484943865010672,-0.16356988409977263,0.11581658024040695,-0.006825287423810672,0.022505168911326295,-0.026686462969236203,0.022339568237069916,0.020899847403737445,-0.00764480878553501,0.015285069373623445,0.0016917716329747127,-0.0037599002287770455,-0.011049352485234492,0.10160060083579556,-0.023243249714489846,-0.010459176059335523,0,0.8401472731818789
61381,0.17828729411807875,0.0044095580066002005,-0.03951407122252864,0.04617987888909538,-0.15599262097391683,0.11047298431401541,0.01705656009935297,0.017086079509287522,-0.028617714253442447,0.014118508351031263,0.032260847930259046,-0.013261844525858992,0.02881009099628274,0.006440632573376012,-0.014387365091756863,-0.0006993691766111362,0.11145667970178043,-0.03215743835876342,-0.02891517516201402,0,0.8801247132540521
61390,0.1669828577017035,0.02085419802542152,-0.038862685005145295,0.04725010970707512,-0.13141324722864936,0.10743894967356316,0.010325744786508039,0.024663392636210195,-0.024142366455188073,0.012120297021392275,0.01645290741217673,-0.0011993780566852614,0.020908332375615988,0.023022355172864023,0.0017863932940966958,-0.0035354607553600335,0.09027824630124412,-0.030983953113066964,-0.02037313007493466,0,0.792594004796901
61492,0.17950203315427735,0.016827208175710665,-0.03528399474110236,0.0476532815177269,-0.17312498928634273,0.10379628866962855,0.009199961897054047,0.027264408813074768,-0.0390504671179722,0.02049019595173645,0.01941069881684689,-0.01652929261387475,0.015397437682106791,-0.0026872288817319876,-0.011608933677559923,-0.006469873343316135,0.10465935241200916,-0.022226049804566418,-0.007825695357047564,0,0.8590073919136856
61566,0.19885629777236075,0.01564444363352825,-0.04650296395108122,0.04652423461800812,-0.16384345470848727,0.10149053951959901,0.004567091582059071,0.01658278815023851,-0.021061886159007805,0.01230103159153413,0.01014613623926126,-0.0043066695035181,0.015327014388052018,-0.0005986443857161114,0.0009615744112913327,0.0007476074192396006,0.10331725544366308,-0.03039198277713762,-0.00864426408970893,0,0.8018158803434922
61582,0.18778500794575123,0.018936050265668868,-0.0628097999764141,0.02732697005889345,-0.15036805091638475,0.11965682043275276,-0.010273122697717893,0.015032428011132182,-0.0349063325660595,-0.0037520029125810575,0.014861059391686025,-0.00381627408610217,0.0211995472913371,0.005025737470659966,-0.009357257193545809,0.004110632799066487,0.09645431333487976,-0.02522303911465532,-0.020698668296303745,1,0.8315931147615921
61589,0.19284789620550905,0.026974533367135546,-0.05468438103436116,0.03960535742079928,-0.15412970192810463,0.1166810283444705,0.013018823387868214,0.014601883240894205,-0.036008099114827975,0.013177229642070784,0.02268320492845537,0.009755316962370378,0.019727425048814144,0.00507592300576532,-0.010058759698861974,-0.007699330136994242,0.10045982431225686,-0.020684640264786603,-0.009765463201778575,0,0.8676388212461248
61635,0.18439643725866997,0.024288144670548593,-0.04560931405879378,0.03615098444335267,-0.15571842417357903,0.10652554787068252,-0.00047134801416674077,0.01389446403076743,-0.02787441174792999,0.012363109116255117,0.009328853707411695,0.0022104779522107184,0.004739707335853317,-0.006159475530648794,-0.0072378720881422975,-0.0056951126595662475,0.09088402901652223,-0.03835149811008462,-0.017377108260430638,1,0.7892763200456164
61673,0.1793022049915478,0.029973824132959848,-0.042444852820579096,0.04538897374828809,-0.15419332186739923,0.10781689811625714,0.0009464140994243762,0.015743256095145843,-0.03747277144640488,0.011661512441113584,0.012471585664040349,-0.014159000337807036,0.025323128011989528,0.008484649117432744,-0.00018962484120697292,-0.007398113160999378,0.09985292940065213,-0.018583052735394193,-0.012244239071711318,0,0.8236503521003535
61686,0.20326653089082858,0.032983355267142515,-0.058970990557661494,0.061030264211980746,-0.16286010176279064,0.10320084873628843,0.005544815784737921,0.01563292987187448,-0.03607312257950565,0.013813132756465389,0.023525558207215233,0.001474038181463684,0.01541644522929272,-0.0004916930317204526,-0.008146150282207582,0.0022101372774283655,0.09244136874944556,-0.0448669119265755,-0.02140203762578739,0,0.9033504329304123
61698,0.19331170727152397,0.028408855875210047,-0.04801243949779608,0.05545123943755283,-0.16686989969044425,0.11262457691289922,0.00457937989872662,0.018188642448008926,-0.025898100983523013,0.002848998017724163,0.018810677684000295,-0.01097699603376843,0.02374706852015108,-0.0006810047083783799,-0.003067997985817477,0.00045923965060630506,0.10458694657489592,-0.02381288516158579,-0.021291249510995085,0,0.8636279058636078
61735,0.19225698906188465,0.01891488177310454,-0.049285534550111094,0.05358798591632263,-0.15243706487294417,0.11834221024605118,0.00987082402531182,0.019097309783258295,-0.03172915327389576,0.009924296086142669,0.02577457480954833,-0.005224447668122913,0.024843137200811386,0.012267705783216818,-0.0005139819009966181,-0.01926772635071624,0.09139548698243395,-0.02704947571802986,-0.014118422886151097,0,0.875901208889054
61751,0.18405199347270224,0.020704353464232914,-0.04728988270454399,0.04339386068314558,-0.1469246913055519,0.11950945175116907,0.009578774828498714,0.02825327493401484,-0.01642604342741691,0.008393106575636832,0.01619192332770064,-0.009501079765314717,0.025124363298851718,0.0010265602375655633,-0.007773431133829234,-0.005701855992240081,0.08976412236177463,-0.024088278163484567,-0.016326802079978532,0,0.8200238495076527
61872,0.17551161441580665,0.029507609808552684,-0.05063313454093376,0.056831629093382754,-0.16257608901185458,0.11549858552845123,0.009893647100776892,0.005555773807739428,-0.029277558274205272,0.010720023615955513,0.005542764615997773,-0.0007883910828911648,0.0060810506946139846,0.005920884331652997,5.5287069935817096e-06,-0.0025141580611824825,0.08873160989879378,-0.024549444383805217,-0.016558101207042968,0,0.7966975981806327
61994,0.18865408681387247,0.031382612338361475,-0.0427035673799529,0.04380730801151976,-0.17071968368942236,0.12132674791598504,-0.004573801884341004,0.030092481778921973,-0.02561687533919671,0.024442423959471358,0.014516236142784682,-0.011060844234156401,0.02523789915185002,0.0007982229055088165,0.001128193775599524,0.002284566725322326,0.10152995388148611,-0.034464086508180315,-0.014677576995057826,1,0.8890171694309911
62279,0.18704662140746492,0.027213282103068403,-0.051697621114693074,0.05146029165680682,-0.1636993128205288,0.10502370995337658,-0.00920257720158844,0.025391771612108534,-0.03058931413318841,0.014557507807474225,0.016518310068183148,-0.01124604207252141,0.031008018391294388,-0.008703210984367694,-0.017673425018073983,-0.012176474602155549,0.09005831794645876,-0.02412217214339339,-0.012479095437236172,0,0.8898670764739827
62281,0.17040294688181815,0.019633435299123012,-0.04746857740108611,0.05235911837018791,-0.15411492494273155,0.12011963273594094,0.004426410282231886,0.013249172046908226,-0.028807948904559313,0.028804650943439813,0.013183847441902728,-0.012966309440689485,0.016665988364390923,-0.006090458632212426,-0.011148576007824866,-0.006685544245990455,0.10817772397310987,-0.04131119791391796,-0.016344429499304015,1,0.8719608933273696
62287,0.16915413639002316,0.018992351929480497,-0.04675968045114512,0.03407888255458399,-0.1538770402544041,0.1038489492693541,0.007977507094003532,0.0006747566978904665,-0.024038233294974256,0.00908650874403699,0.019956593759644266,-0.007644294762911906,0.016712470488524866,0.02149191499510278,-0.014060097888939523,0.004827053297413596,0.08279519763940969,-0.03081093912270842,-0.019015568083140765,1,0.785802176717692
62292,0.18830054410151073,0.016192082841071157,-0.06191083674547982,0.05294066086302774,-0.16993179674126438,0.11578781541183628,-0.0041100265496670394,0.014993644079715911,-0.0175954981896285,0.013114220284277096,0.02426246751951952,-0.005944562910560224,0.014099015521466975,0.015816560329558173,-0.017052673616526196,0.006941787042568763,0.09152667874926232,-0.03361728523100417,-0.004089233460430661,0,0.8682273901883757
62323,0.17653528059826967,0.031753828409081516,-0.03907182684907732,0.050777221465315395,-0.17122500688145434,0.09852619771863165,-0.01275371358204765,0.002543468251900826,-0.02988547870138972,0.007404630129744957,0.020139449134127317,-0.014136172229942809,0.020229310045475395,0.006348964461275443,-0.018206792528260567,-0.007508314162358758,0.10445896138637077,-0.027779161456520866,-0.017871100353787018,0,0.857154878345032
62341,0.1863541694464787,0.018527212821062195,-0.04705790524620892,0.05423103544379209,-0.16248493237186004,0.11380950769494735,0.016059798275475136,0.016616980458895807,-0.03884191640110409,0.003411159322879389,0.017604960452220104,0.005665652907043784,0.01951900040063657,0.00829439343431769,0.005655361813262343,-0.009833401600373862,0.09357347038679037,-0.029845871493219864,-0.019776410743181847,0,0.8671631407137501
62358,0.18689276769219904,0.02756405125917851,-0.055423029277392497,0.04343590266457732,-0.15103598605343369,0.1006825408096947,0.003667311757252317,0.014425724843204176,-0.024390247093581584,0.015207322690766615,0.016152984409987563,0.0002733092697885861,0.012154865051050718,0.01552495767522542,-0.014410167671216412,-0.00499551578388397,0.10547160708956127,-0.039904345122897554,-0.0188605542050156,1,0.8504731904199075
62407,0.18545982070860387,0.03538290251047834,-0.045704053532818714,0.054053632664612924,-0.1541501332782686,0.11097647270185654,0.00669032124811474,0.019850915927546533,-0.026333945398314556,0.011456126887454078,0.002997652970962295,0.010201588628130528,0.013340549718859764,0.012371559927481495,-0.00796026131094291,-0.0011034096969059785,0.09337601998759236,-0.029767754371258483,-0.01701451656240564,0,0.8381916380326083
62410,0.18784588423063572,0.018608808835011585,-0.04433248704573127,0.04465425793239873,-0.1584688382590664,0.10877383651693208,0.0050144319370254275,0.01280628148274043,-0.021174461908839304,0.015009026629877116,0.02577760321075496,-0.010998756089827371,0.026625594017402564,0.007163303132732879,0.0005106950061451661,-0.005013260015242191,0.09916484688634938,-0.024912294747274945,-0.016120741722058927,0,0.8329754096060464
62413,0.18835138729281323,0.021414038588628996,-0.037949360834505064,0.05128045319626276,-0.15149366786976348,0.10461871639564183,-0.013722409694390522,0.027483856533921318,-0.03625260996634725,0.005078773525915596,0.0028711640197425737,-1.2375171317870363e-05,0.011592578642710632,-0.003584695514168583,-0.010651929420551412,-0.01776240758338019,0.09149767495330557,-0.02439791310955674,-0.01265016087768389,1,0.8126661731906075
62452,0.18327997154149725,0.030945341897702136,-0.04102561950778126,0.04387551535899458,-0.15374414046195145,0.11255001927564048,0.0109526876212517,0.02564963565404667,-0.012327722568200656,0.023369144454091485,0.009616614399998493,0.0003583356029399948,0.016045550183597896,0.0008766716795440372,-0.006831991192734213,-0.0012110144432528345,0.08100547279635797,-0.033732433589575894,-0.017064470245669535,0,0.8044623524748286
62596,0.1900142965230036,0.017749000735508617,-0.056266635655144025,0.035878252151580324,-0.15668987607542237,0.11056849484749455,-0.007123331626156064,0.012577873332956149,-0.037342628931827805,0.006483269611687924,0.010978958998774538,-0.005191804470941593,0.023103932613423795,-0.0036281769124346624,-0.0060602366068919925,-0.006006618828234896,0.10395976876509284,-0.029959037755652118,-0.002348711730354517,0,0.8219309061725824
62655,0.199897932995713,0.023132605144438583,-0.04655040739588778,0.0550634906710694,-0.15745228464297661,0.1097336371402677,-0.0034719033821539735,0.020467626744492946,-0.02242326181753579,0.0006705601298994613,0.01795478359718027,-0.0037697805849312748,0.018262520552961268,-0.013359383594363903,0.0032519262938304153,-0.0023168178900704623,0.09763598147202178,-0.012703519959707957,-0.023380243683600848,1,0.8314986676931034
62802,0.17817853050442722,0.029678889281595438,-0.059156727544133064,0.05596089245149402,-0.17815719384892595,0.11125021887735041,-0.0016702163275119427,0.016400639579528448,-0.016031058318141774,0.012481016144343644,0.023780453266736758,-0.01605783642186527,0.026095368315705917,0.007897592299517451,0.0012337423637855335,0.010383685489100267,0.09089833833467877,-0.02338348668917603,-0.030357807292002603,1,0.8890536933500205
62826,0.19149435400370082,0.007104585927906181,-0.04753601008538185,0.030622897530965972,-0.15871384758810245,0.11632761203899769,-0.011754505782010951,0.009298544105694195,-0.02564719073713328,0.01835119772548423,0.01873872505342666,-0.012167518164983945,0.017501673076704763,0.006703580447933837,-0.0078329191920744,0.00911776061291425,0.09514339429340801,-0.029328556950451497,-0.016951637373377623,1,0.8303365106906526
62927,0.17821834339506545,0.019000834914278886,-0.0332676583393716,0.037390799077366456,-0.15638252623553361,0.11438078475888924,0.001861008544483352,0.005610657864005022,-0.038523129037382094,0.012085352889901299,0.01089448626933881,0.006085540806856457,0.026302602711226974,0.007901368571798777,-0.007033553274179017,-0.0009564706996489433,0.09780012407929287,-0.026520546080607884,-0.007001933321736518,0,0.7872177208709633
63062,0.17244396524698202,0.002007491192272005,-0.029027423929462115,0.0539113875008058,-0.16557954993231017,0.08852824870747424,-0.006974820328624053,0.023528472591031562,-0.01652988957971866,0.01904089778359344,-0.0024876933041580057,-0.010939473478062945,0.01171582445148045,0.009033076785099712,-0.010427356892661709,0.0010983466421126298,0.0840277214312393,-0.038319554653655725,-0.0025528421102841716,0,0.7481740365410287
63063,0.1828902368025244,0.021917414958756543,-0.04918659837257083,0.048791105134334885,-0.16547553311234153,0.1137235137179018,0.0002796431011766017,0.02527101971985794,-0.028523030122374768,0.006576880649199773,0.014567640550313126,-0.006078668828434526,0.007538135830496944,0.0023479387129918612,-0.0222282784521056,0.0033203934526409057,0.10551764614394554,-0.026427111398405603,-0.015628728449458527,1,0.8462895175098317
63099,0.18674664313534015,0.0155725434995533,-0.043332929750701195,0.048792209803247465,-0.16034794129924904,0.11355791146830183,0.01064234958277268,0.021961798036899537,-0.024455843930409882,0.015683722653953767,0.028514338039187244,-0.009102690604284907,0.01362707048307674,0.015660630858489333,-0.010851739349826911,-0.009783836981751818,0.08656701292807106,-0.02268141109307394,-0.02072665141230697,1,0.8586092749104978
63248,0.192799828440249,0.02223205605739956,-0.03715491373624331,0.05874618695798014,-0.15800860988411486,0.11344849854506335,-0.0034636199636607847,0.015827135169581938,-0.036243012791722554,0.01777465278025315,0.016479286638189868,-0.006568235824967839,0.026964517788732222,-0.0016762932379132177,-0.0027450635167782867,-0.005512483312638717,0.10309173549902013,-0.022923517224531443,-0.012086397782869952,0,0.8537460451519103
63265,0.18062620647891492,0.02690611874503891,-0.03743038239761168,0.06147282120597157,-0.1588784656673091,0.11881878922517172,-0.002410438496182862,0.02234099573918625,-0.025725716082006734,0.012590594680912687,0.018092646793503468,0.0038615883794536313,0.027106796181866018,-0.004837691609926631,-0.005247946348877897,-0.0061416244373688495,0.09069790562386598,-0.03345210657278966,-0.01655091089133825,0,0.8531897455572968
63295,0.2019794518172683,0.014627179099424573,-0.04891999776134478,0.04430571960329597,-0.15838064270265448,0.11779074128747996,0.0010717882198943039,0.01253949490967455,-0.038002125911253334,0.020756075439251342,0.02053458653029163,-0.0014886513728255366,0.012853041354309017,0.0109086434795012,-0.0040141452505020195,0.004344779008518281,0.09641601263800645,-0.023828819154201396,-0.003509661411455695,1,0.8362715569511529
63312,0.1804193046478015,0.023027920284494265,-0.0548085813233234,0.05472926508537552,-0.16635450859529968,0.11358265562846452,-0.004156528465450476,0.014842721515946788,-0.03076856379271826,0.009428580353107585,0.016805159974146347,-0.0011182207381611484,0.016473370249863326,0.0020292922873551464,0.0013364995272637879,-0.01694589224411339,0.0911787812620286,-0.03242808069072764,-0.022824829668542768,0,0.8532587563341841
63388,0.17435135596084134,0.014590199965935914,-0.04910889144924065,0.042519039538339305,-0.1729152450002612,0.10384093448046292,0.007564587272071157,0.020471112499033182,-0.02586753901287036,0.014998610971038525,0.015309616438973989,-0.0019094540884320407,0.025864653518545486,0.01327114915212192,-0.014220123510917485,0.01421266222064846,0.09358933507082398,-0.021051188814852333,0.014145780058945673,0,0.8398014790243559
63520,0.17846733868086676,0.016220963253541835,-0.041978178535413226,0.061155542244298824,-0.1630517744644134,0.11685382968934668,-0.005759530093288918,0.01664421643338075,-0.039428708245927264,0.012195692747767013,0.022887260545402056,-0.013037291728919884,0.011117408111862107,-0.005251505143736874,-0.011769820826856677,0.003985761990284185,0.08553963185153361,-0.027166948937839108,-0.015523210399073048,0,0.8480346139237522
63578,0.18732554290026995,0.030162174282733507,-0.0388848997325392,0.0547735068616938,-0.16039592035334513,0.09649128971156258,-0.0018624651979338947,0.03336725413768865,-0.015407118465589956,0.013251268969212799,0.00993259237875255,-0.014369948354046239,0.010412716236412524,-0.008885257657039848,-0.008533639488780746,-0.010490776260914181,0.0933355723738124,-0.019710495761441592,-0.005783115954586752,0,0.8133755550783563
63666,0.18863616640908404,0.014037784963211161,-0.050053158871284156,0.03774163941445178,-0.15123536885969244,0.1204148403183898,0.013893009235702266,0.023750737499704473,-0.03622890605117155,0.011755571015301187,0.0069665281091934594,0.0021516411540932734,0.023022116891134373,0.010296077701565558,-0.012403897414248362,-0.0006178732316622744,0.08324603931131246,-0.018783386383119962,-0.016199406600645356,0,0.821434149434968
63680,0.18834129427284235,0.02592957543904174,-0.04060466251193161,0.05282894239777516,-0.14974323038140733,0.10729594320246807,-0.01372764820362383,0.02122614855606328,-0.0209815709292189,0.00715499360236703,0.01085903453431525,-0.016506329327123183,-0.0015773331299281748,0.0023353797487359225,-0.017088989596370174,-0.017136133658804526,0.10315953160699255,-0.02960310074949419,-0.014297196469988293,0,0.8403970383184916
63721,0.18388883485099572,0.01638929366994295,-0.025145749708539143,0.051062801834567274,-0.14536147115682532,0.10242928610068568,0.0112306966581138,0.02240982449297811,-0.031809285975414214,0.013351298393666214,0.013035528912816802,-0.001337943715312255,0.016023476861634734,0.010540875815633479,-0.006140366303776979,-0.006038031073079984,0.0928636062181756,-0.031521677366061436,-0.020338496732421413,0,0.8009185458406411
63752,0.1836023826631565,0.013561093448352492,-0.04540773529524614,0.05553952993466726,-0.14912270105434364,0.11402237484137055,-0.005744486410052395,0.030783308957405803,-0.028961580749461698,0.009152646670830293,0.010596761332953702,-0.006337533111534574,0.024849133937330865,0.0033610924627452965,0.004415580226795071,0.0007725780237189867,0.10433906892867549,-0.02213277223538973,-0.019545846132787266,0,0.8322482064168177
63796,0.19215096023272188,0.02352809080949081,-0.031768865045527506,0.0454484444226168,-0.16897066138887148,0.11199674146097992,0.008131807078384946,0.025254508899031164,-0.024180721948419793,-0.0001136409554298574,0.00753852817389506,-0.016228809291400557,0.020466029048575675,0.008337402854548757,-0.0009772130849914024,-0.00586053613582076,0.09814464232086623,-0.02821876410863062,-0.013849312437593275,0,0.8311656796977965
63875,0.17404016082756044,0.008947822311179866,-0.06310259038427293,0.05295708824071772,-0.16285202202096943,0.11135872902631046,0.0015651545968849258,0.028960019702335683,-0.031057286857514813,0.005619028196718884,0.020389388358522654,-0.008449009292094014,0.017439253210979323,0.005857858981973336,-0.004083766232854129,-0.009149670931257308,0.09449867996068109,-0.02594141886259402,-0.000277926875334835,0,0.8265468748707558
63902,0.20114157710195,0.016167745649453846,-0.05591034837839872,0.03376576525562694,-0.15711869873861697,0.121974905974127,-0.00572773119590477,0.017775809450862566,-0.02738530841307192,0.012333856518951549,0.010746165594992979,-0.009992396728737201,0.009139647486698894,-0.010029214459066007,-0.0013470450641406182,-0.009457791976934424,0.08065537750367499,-0.02964097878674803,-0.009299901307410801,0,0.8196102655853682
63923,0.1919276367884361,0.017272743084980644,-0.041014156494924785,0.05996352310914634,-0.1657273055998035,0.1170959960838385,0.0030175724497678,0.01695171982762009,-0.037589857899967334,0.0037025399364990024,0.025687749992381662,-0.015365277456904768,0.020029529278482564,0.011100026951534581,-0.008541163320391256,0.0007118521306674526,0.09587444862919148,-0.01833670786316778,-0.01394211427074496,0,0.8638519211684507
63955,0.17639760601311333,0.02571822820603333,-0.05399711232178728,0.038286769001627044,-0.16585168635991016,0.12152079814762205,0.0019622219032669054,0.02064038491006103,-0.03744711902924152,0.024272365278952376,0.017758274462585953,-0.010280320678639807,0.011601675392012248,0.0028972324024958427,-0.004469207634087589,-0.0009454994536706124,0.08698001598780322,-0.029595708373619682,-0.002298796630276029,0,0.832921022186806
63973,0.18224342014062814,0.014449590253593726,-0.0504904800835689,0.03999966980464779,-0.15775124576648827,0.11244492540891861,0.0021502565207994146,0.01762935893482892,-0.035420440621537506,0.005658441224616558,0.015304320448664512,-0.0019312802834514896,0.006501063580549969,0.01240071734318869,0.0055452800729755775,-0.002143338085599283,0.10102618866087791,-0.030722361513743187,-0.009398759463882557,0,0.803211138212561
64000,0.2052016514192657,0.015090511710149907,-0.04627632579544579,0.04057580404271682,-0.16164085117997648,0.1100283670269402,-0.001843826197852357,0.026278233228903543,-0.02550131149054389,0.0020812244542815442,0.010579851657729289,-0.0021576005566595418,0.027076642702840582,-0.005788403749501599,-0.006464063733241433,-0.002584786771335987,0.09324117065122989,-0.027931994589296096,-0.020522417401269564,0,0.8308650383591802
64155,0.17769555618464222,0.004571536751270176,-0.04736335943236623,0.03509942397892874,-0.1640885204436407,0.11932645967020421,-0.00801318667287597,0.026831949636811223,-0.01979799947162366,0.012558391027913516,0.008867399256798542,-0.005840084675747127,0.01441001350567417,-0.0005848881038114261,-0.011920292428346147,-0.007214627352212173,0.0906572053323799,-0.04256226387452794,-0.009386516374789478,0,0.8067896741745636
64282,0.18454036270666144,0.019231469348055554,-0.039307361005286846,0.0575016256218042,-0.13850087510285727,0.09214430026074501,-0.007788000948699732,0.029125000341172956,-0.026735139989975384,0.0014797689270619483,-0.004094809953338359,-0.005260757246767791,0.02436978106967634,0.00019905846578204513,-0.006351451594959179,0.0003434149558294366,0.09102226538836293,-0.03220114941820779,-0.027066359811952045,0,0.7872629521571962
64296,0.18123654062355946,0.013313990457325064,-0.05268196252509551,0.05298823280471935,-0.12001116897351019,0.10860668810441798,-0.001738203404865284,0.0009244519695774853,-0.030970591532488528,0.0016284992220429737,0.0071197566621644575,0.006265107526277529,0.00723427160608719,0.007130252915600197,-0.012066865213823158,0.003519362036149364,0.11280783646492132,-0.03042673864068128,-0.014292761016030593,0,0.7649632816993369
64471,0.09552149208326273,0.02249428799302455,-0.028835323573993047,0.031026435485993067,-0.07543163572363705,0.05954331604725781,0.00029705683947839584,0.022270324755248993,-0.0008257661565623965,0.01967919441839051,0.006933190056589133,-0.0007895935320169778,0.013517321121907027,0.0024560911043639065,-0.01109579693592447,-0.006600577035844802,0.05765686688677596,-0.011944481503916627,-0.013673205077410218,1,0.4805919563315977
64496,0.183180231736824,0.025371028663213484,-0.04549144973501382,0.04445030082285034,-0.1617333479603265,0.11490320585179095,0.006056409328374389,0.01894182706870877,-0.02498606220775753,0.00713230076466997,0.008257288850716263,0.00224580885649011,0.017440666567002994,0.010629003883864887,-0.0008562324196637986,-0.0037485702026342346,0.10061786337565291,-0.01484729643912893,-0.0012018508567365278,0,0.7920907455914205
64528,0.18447452517505017,0.016735748009276453,-0.04137105893560529,0.058052335785497095,-0.1608372137328162,0.10955951685668994,-0.0030181683126779433,0.012822188112315365,-0.022472500687549357,0.007185740917944646,0.008999692842041267,-0.0164116918429986,0.03347373858078404,0.008942079986926263,-0.01440203601619969,0.00385238746485925,0.08440288719737708,-0.035509082267811125,-0.01130136160873707,0,0.8338239543331568
64545,0.19443715954676766,0.01811625545332656,-0.042925177719998944,0.04826382549152352,-0.16022153738706962,0.11541448358516579,-0.005750926357223854,0.011386299248013265,-0.02762413319060521,0.0022853238017161493,0.0056442311198340285,-0.001678486054634247,0.02636821647201086,0.0144202828896143,0.0010795433080565302,0.0061766408998617395,0.09659061813129728,-0.017989462874792233,-0.005761350206799874,0,0.8021339537383116
64556,0.16649400337513087,0.017457720926866413,-0.04746733675980215,0.054993327879408485,-0.15368530739187086,0.10351882096280009,0.0011443211064229798,0.023884008368865447,-0.024365061606829684,0.004602714050213125,0.014207520204914887,-0.005307669896410801,0.023678476336139214,0.009207031267195069,-0.012383345018452414,-0.013616677741484225,0.09610424214949667,-0.008094081789790068,-0.014985942456618837,0,0.7951976092887123
64644,0.1693923541979227,0.03212589816049276,-0.06182826897670141,0.04942316414309922,-0.1492533272970591,0.1110776531350521,-0.005886108089421202,0.01742988111628197,-0.031565467237100124,-0.013984544792609186,0.02410088987978695,-0.006971651933545884,0.031657229338518465,0.012093132786815727,-0.005129240704389602,0.0004976422987520429,0.08398540382251765,-0.031144322910764365,-0.003756477682536885,0,0.8413026585033674
64719,0.18894358710560985,0.029763385512331153,-0.043151850223270886,0.05521128868057818,-0.15033646180663965,0.10260684085155973,0.0020236109444259323,0.02517545408452368,-0.02569699453371705,0.007775556285574026,0.00929354004158951,0.000652694072393877,0.022771612393219925,0.015494912393387142,-0.023629709538466614,0.006370038271837668,0.09369876210083698,-0.03465068420599864,-0.011226635050777579,1,0.848473618096738
64724,0.19260419698814962,0.02690300363877619,-0.046683639752461065,0.042551065263515285,-0.14423930885282496,0.12077234466868869,-0.004902846869032101,0.01785109890950851,-0.03153543865407441,0.001275063540459066,0.007880560646948557,-0.021608014336957134,0.01192652642130476,0.000807673986332057,-0.008694014215415352,-0.0024912751427739943,0.10317797979166515,-0.03255193294244201,-0.009298680991329012,0,0.827754665612658
64979,0.1780385045300723,0.010421605483728447,-0.039417863299401695,0.056978143608140804,-0.15438638371851507,0.12102223182611782,-0.009237351475000863,0.022257662527528012,-0.030868514768436585,0.022117602433832408,0.022971943803974396,0.0081477347317538,0.017306460374336714,0.005925271419759631,0.000862282440126233,0.003456034386672473,0.09572998852998715,-0.03939702789062082,-0.02433180225436161,1,0.8628744095023668
65014,0.17445199683404145,0.010664554959258466,-0.06980290722697566,0.05973295622513901,-0.13163220137415002,0.11027743702354872,0.00045046522042643285,0.008869547273927986,-0.029587481155469574,-0.001119315708081289,0.008506546066180695,-0.008475139864930125,0.019867718598642916,-0.000522410259730218,-0.014597737162798824,-0.00556634259294746,0.10146856237586033,-0.04485356926055213,-0.006095359506928603,0,0.8065422486895899
65015,0.19100119921155032,0.015787317139673674,-0.055991851675747675,0.0512703910783925,-0.14059330636857462,0.10054760025569177,-0.002656437273200139,0.01941538843219711,-0.026262587811588224,0.012356057525387452,0.007905004034433408,-0.005587069031077049,-0.004056917890835938,0.0010009452844077628,-0.011214992825721802,0.004046811716958665,0.11213138314918723,-0.037571095279560034,-0.011259083376622575,0,0.810655439360808
65048,0.18430514640431206,0.025435342843025788,-0.030394188091559828,0.05967488892077065,-0.1511001254674539,0.11330015848308761,-0.013139339349655936,0.02090200862488433,-0.03854252794129851,0.014068782611156905,0.013569067458333032,-0.01225126745571061,0.016774289303960837,0.004023474176392501,-0.0028547500697092545,-0.00756061308384614,0.11455783407588437,-0.03381196735535771,-0.012633505099168663,0,0.8688992768155687
65099,0.1900098137687281,0.024134974608876477,-0.03566359647664551,0.06078495107718548,-0.14512144477641276,0.09389660940207446,0.0008312886413697631,0.0101554343989098,-0.02275044469823168,0.0196879696884259,0.025626791752760007,-0.007820886084586554,0.020471943349080937,0.003953959528028793,-0.0228856266146556,0.011166657713295431,0.10657758165203846,-0.032205742338241715,-0.014788697927611567,0,0.8485344144971589
65164,0.18181623440673533,0.01898948927930103,-0.04586494967225422,0.05568849979854375,-0.14381476243290534,0.10558905622141741,-0.011724447500770055,0.015429392429353657,-0.028755215525226467,-0.0005421460031219943,0.016526473548184737,-0.006738608182847485,0.006520089551178053,-0.0038732691971784168,-0.002499899180589878,-0.0008413263875206733,0.09057854146825625,-0.04149740344690277,-0.005590071898301627,0,0.7828798761305892
65176,0.1707615890338353,0.023199928199950547,-0.047791139024971147,0.053150216240492265,-0.15620335587224188,0.1139436797891482,-0.0012475742286607975,0.00971445392065412,-0.02215938532309928,0.005325405061074273,0.019776531523224266,0.004216926726298992,0.013589065197850995,0.007956705930941237,0.000949498048368521,-0.004978048161149488,0.09873178610799889,-0.026445856955140724,-0.010712195866109598,0,0.7908533412112105
65216,0.1825437986624416,0.015350619553491422,-0.04212995152993182,0.04152552604983428,-0.1528435521531057,0.11656750352965715,-0.0076148639080942946,0.008511898157449066,-0.03290336096292454,0.020683309702346785,0.005239264066393529,-0.013675088183661923,0.025095826765178547,0.021538568321784544,0.005009082118947921,-0.007148186432671027,0.08483178977902803,-0.03945305823364093,-0.00787653207425841,0,0.8305417801848415
65263,0.18642786353365778,0.020734468201063012,-0.05366651244354384,0.03730009387316286,-0.1476905951110287,0.10106137561749569,0.012542234924307767,0.014133078202071265,-0.025468710215232577,0.007918490199828663,0.0060057784566733855,-0.015138295122208142,0.02603060710887872,0.014865131438647714,-0.00811051275222551,-0.0006912075241783446,0.09912778176267327,-0.028013019791549246,-0.007827672045350313,0,0.8127534283237768
65269,0.19056190495552913,0.030814137939681338,-0.0542003872880144,0.04346382053210282,-0.14829059988445847,0.10786216107323687,0.011833020709779932,0.026179530123877057,-0.028442401483267935,0.0022192999710592036,0.023296532456184828,-0.004488399326376437,0.012548194133639626,0.010855892992546546,0.004760946326224636,0.0007166649232205501,0.10256290297213347,-0.03538224296865957,-0.02092816945734583,1,0.8594072095173386
65365,0.18925027789356863,0.02074859282964564,-0.05457177610761131,0.036491859646689495,-0.1547665216782158,0.10880719691461906,-0.0005279729161833005,0.026078495726785375,-0.036731918086818464,0.00967307497397728,0.012362332617115042,-0.015061026306731238,0.014526919009276175,0.0046807600458182155,-0.008523749255183228,0.0009327444823861381,0.10195449837062705,-0.025911886317005615,-0.008595403975244236,1,0.8301970071535013
65476,0.18262069366755954,0.012414015051720973,-0.0491079542584439,0.05024161253285298,-0.16357697905614585,0.10875140109935096,0.015323014201857115,0.013845147771149374,-0.03774870920013376,0.014329989956522484,0.014610066876207002,-0.002583658175499312,0.01856380433491819,-0.001566558535396401,-0.008404671193016307,0.011767663910420749,0.09219358250460881,-0.027666050558055117,-0.006599918703428344,0,0.8319154915872872
65520,0.19463446143627483,0.017518302089787316,-0.04828159044642626,0.04057361090482599,-0.15614238658809432,0.12493213024597519,-0.005594027767070306,0.03362566728277136,-0.027392957179686917,-0.0025825369605918746,0.005657448209434975,-0.01329431387926931,0.01473986929222446,-0.00386499851806297,-0.01247231416402212,-0.002053076292742136,0.09939547463893032,-0.02366893152516319,-0.015452652647735977,0,0.8418767500690898
65571,0.18100903038174887,0.021042184431350346,-0.04319443827266694,0.05577153423104395,-0.15930905818420688,0.10617027842207538,-0.006580538861780402,0.021998593271132655,-0.031023311394157257,0.005281722261315373,0.027587727992818032,-0.023882713616414534,0.01841394149367223,0.015289857688299784,-0.013785545581382931,0.0010969862748105275,0.09782778644091401,-0.033703852304327424,-0.013265972848827634,0,0.8762350739529452
65606,0.19765811850357154,0.02491362355605172,-0.039468278122460766,0.05036847603922847,-0.15667310337098428,0.11193762797846538,0.005483345157950176,0.01420389303610517,-0.03312435557483641,0.017684984278986234,0.007661310552281837,-0.0030998259997392606,0.024127186859516227,0.007141035044869355,-0.011166013224748052,-0.007231803902285723,0.1105290561080207,-0.03265430468484999,-0.010978826497557522,0,0.8661051684925088
65615,0.18447862783240565,0.018944455150148188,-0.04561272821565513,0.04362296003901431,-0.15728468234666576,0.11600090478567654,-0.002522574965801846,0.02157678158869377,-0.04229209408883655,-0.007626273904525599,-0.00037046331923449693,-0.012604959009879539,0.01646822765481007,0.009139686204497344,-0.003331196898741024,-0.012150648511852057,0.09800499107892192,-0.037209937839106796,-0.030909540867155652,0,0.8601517343016223
65616,0.17587000054928012,0.019912138981471657,-0.05111222810591325,0.04991475663035996,-0.1591782524012943,0.10690498698249584,0.010614680385264636,0.015775879768790642,-0.0412556618335367,0.008770596167043995,0.021616949806581475,-0.01051669299044966,0.02578594743028455,0.0007964021025688826,-0.00821801612261896,-0.016969829278602133,0.10201106067135488,-0.039317968021664755,-0.014824429987683536,0,0.8793664782172599
65787,0.1778782749846425,0.02116287386376986,-0.043295753678339155,0.05262212582617518,-0.15280396616390582,0.11727141197138838,-0.0033267279683159108,0.022779333144524707,-0.03555710589672278,0.015811888337119436,0.02011850082227062,0.004939921566470675,0.019899210815152467,0.000721999119742411,-0.00241157939776591,-0.015133722462393834,0.10668904387727429,-0.02288913685632903,-0.007255188676327128,1,0.8425677654286301
65949,0.1849665319784309,0.018106985019346995,-0.04388920293550503,0.050078677910085106,-0.1654182406121223,0.10731142596485169,-0.0060710866216295975,0.010845571903761557,-0.027946835984855457,0.011458398307198346,0.01973512869490147,-0.013991180876598518,0.022646332698923768,0.004172052156446652,-0.009990000176976852,-0.0048556885843334735,0.09421373065715974,-0.032247735760234236,-0.014706408964851866,1,0.8426512158082136
65958,0.2022847329622207,0.03135623459101079,-0.053635925998733625,0.055603955279271755,-0.15891860790195786,0.09825556084031171,0.004354093075535912,0.020670961853469474,-0.03144734309603735,-0.004623218361864617,0.014197473108268905,-0.012122811962379354,0.00936919002335959,0.0037645000778625854,-0.00723900834431807,-0.014024549718459902,0.09428921562294684,-0.03321446864448436,-0.005517426025137377,0,0.8548892774876308
65971,0.18045364915938966,0.02381581681283907,-0.05316609131245149,0.05709650688048133,-0.14677428444133486,0.10703398202646743,0.011016344300725718,0.014522754576099925,-0.03822339899824794,0.009575169230600039,0.012971704117300737,-0.0038043923267463992,0.007661663816005394,0.0030068753178930253,-0.008331111553916925,0.004529008957292759,0.09732624409244733,-0.03910897286665043,-0.005288104779161106,0,0.8237060755660516
66100,0.18306101222472027,0.021393735591794305,-0.04773459947589642,0.05104129165049776,-0.1691558726857589,0.12350476607239518,0.010091897987864279,0.017665169911155406,-0.04234899863730683,0.005742136857737396,0.010688824000050695,-0.005997852682660806,0.019497552464057433,0.006047890823496985,-0.005319195396771727,-0.008845466330482268,0.10246987581903357,-0.0315238449353525,-0.009295843962152885,0,0.8714258275091856
66102,0.18192852896394654,0.016213393788279358,-0.041442885118366274,0.056395989442734704,-0.14577247460574544,0.11228450716018532,-4.392807318428179e-05,0.013374824173860765,-0.0333354590254221,0.006814700936780982,0.01335895493941337,-0.00651471708685282,0.024767654654705346,0.001636708857960365,-0.0057453131502523186,-0.010995614022335906,0.10346060937919187,-0.042971242191769655,-0.015557862893285193,1,0.8326153684642726
66213,0.19761545618354304,0.022386541917239766,-0.05326376596747849,0.051657227262885616,-0.1604344597324944,0.09951365302886445,0.0028123017497224344,0.015524168437049497,-0.017490157326504288,-0.0014311130455141629,0.005511791328662144,-0.006297677145809923,0.022759624897320342,0.005642181268229758,-0.025025549727968898,-0.011474086392881647,0.10472060320869545,-0.026755623800665426,-0.01270364792456899,0,0.8430196303460987
66222,0.1886398180817512,0.013922000102349943,-0.04299151001404936,0.052691230677208045,-0.1642697141332711,0.11749293714425263,0.0012846082301706412,0.01635566017877863,-0.032287437954635255,0.012558492497983168,0.011130717982528548,0.0035740522467225706,0.029173289928299474,0.005170285928954614,-0.0002116435474407431,-0.008179509156877329,0.10957822425864938,-0.0309185325403766,-0.014979209453128518,0,0.8554088740574277
66277,0.18040182712121738,0.024921871148604873,-0.044900744685370475,0.05572927546189342,-0.16781920322915195,0.11250795011560577,-0.000745663560365801,0.018852375224046786,-0.030711381460786606,0.006094952253217537,0.009585215331726118,-0.007557046908467219,0.0025674712171414025,0.0054789212800117,-0.012164860302306022,-0.005735845248284962,0.090379877586879,-0.031933978334247576,-0.014496892424578271,0,0.8225853528939029
66370,0.18438430844473275,0.012484516263266472,-0.03909222214616346,0.06967881120332296,-0.15152167905461209,0.10484662450001857,0.010223202858665535,0.02801360475373758,-0.02370737107085732,0.0026178393219394003,0.011252839116946097,-0.014771761263458248,0.02029022386422717,-0.002129553779567716,0.00899871868894009,-0.00232259365612888,0.09516876629065323,-0.030725700772991124,-0.011883202829754155,1,0.8241135398799828
66371,0.18047391278907196,0.008786029076053853,-0.04814045888773993,0.058569650255372134,-0.1553745314927803,0.11081155891622474,-0.004462002622377794,0.033346982365374596,-0.03557739263206968,0.00800347956718728,0.02155815815733163,-0.010725532337332583,0.01978718098992781,0.005960131872979945,-0.009509547615317021,-0.005142309922800214,0.08607374654743874,-0.03582760719704158,-0.025079138715013143,0,0.8632093519594349
66591,0.18824457460823982,0.022040430542433462,-0.04691610150114933,0.0470650936078356,-0.15577878255339148,0.09809111854641732,0.019776753399297582,0.021312193296743453,-0.02345478405391099,0.009657581053221639,0.009155479388789358,-0.0042535375004321314,0.020111110232500333,0.006767160995076957,-0.006857104888467087,-0.005426735193913025,0.09198716389753864,-0.02874254089904545,-0.01246467515046122,0,0.8181029213088649
66633,0.18481609855412637,0.02342786766863661,-0.044735643445243584,0.06330180952281365,-0.15222084832482355,0.11327523598550455,-0.0034972693092523545,0.019528450106507965,-0.028584325276907196,0.0014105137330254916,0.008202239432903786,-0.014870638362217437,0.011623382692989742,-0.0034421879982194955,-0.006885574768813271,0.004825543887877641,0.10282143902199664,-0.0394436535215616,-0.008048598329804535,0,0.8349613199432254
66758,0.1824426630656341,0.02146016602854435,-0.05222337611179044,0.060379388346328014,-0.14700975982716996,0.09759639344037196,0.007412661238474995,0.009983042201738877,-0.03985578526216262,0.007762658328971102,0.016831893117869725,-0.004649397565401382,0.014870161384929905,0.005186096189290815,-0.0024502191828277005,-0.028908525500653946,0.09402367882878633,-0.027027397290004102,-0.02574690124980611,0,0.8458201641607564
66816,0.19477126110857834,0.02328196973674108,-0.044488982123809445,0.05679046062755525,-0.15979494493379492,0.11718079890089685,-0.005061909135404615,0.017872548368814578,-0.0350210328863758,0.008837921498505387,0.013398046269629295,0.0017492566939911536,0.019871246642713305,0.00738314696979366,-0.01108642684256848,0.002421690731792387,0.09413869826143326,-0.03131135264564617,-0.006950848314751382,0,0.8514125426927953
66859,0.17237181204945323,0.02409939260916759,-0.0465192453110143,0.0549805879814578,-0.15679860210135438,0.12235945064085368,0.006075731584806348,0.012315139333775016,-0.018626246057398592,0.013722625925812786,0.011619104341473618,0.006041193511791122,0.007213805138445583,0.004848174866145408,-0.011241203884204234,-0.01730794376393389,0.10300655633041599,-0.03512752900737725,-0.004974666779276053,0,0.8292490112181569
66930,0.1874222796810567,0.021875793645008888,-0.057330308622427724,0.05255431085755148,-0.15647501514471027,0.11004294004281905,-0.0038852999818145325,0.011461955693693767,-0.02925273462537299,0.0031443799072431783,0.009432377490370963,9.213693953674071e-05,0.01961947331024986,0.00010122166583015677,-0.0004622219520801598,0.009591783214308617,0.10303591832334738,-0.029984021379202253,-0.0091992689741369,0,0.8149634414507616
67245,0.17552185890174418,0.029933849443389234,-0.05099172552933864,0.06259166937234291,-0.15193031076971067,0.11406276766783464,0.006940471350373054,0.022071042274377537,-0.04183619870014422,0.020783015992699768,0.009592224022192782,-0.009330502489431004,0.008018958526454787,0.009658226257383846,-0.011345055998897069,0.00036539735934649294,0.10014282181143615,-0.036514613944057736,-0.01664573539499372,0,0.8782764458061484
67295,0.1766080561721187,0.032299761496810554,-0.045504439136232484,0.06880844502356856,-0.15554657244991385,0.10347543818291509,0.003578190107513439,0.025449534543810163,-0.034293848947953585,0.013855924983049134,0.0011010511980432142,-0.0067420524278702315,0.015575307637790721,-0.006971978728458574,-0.012936435374161845,-0.006434647512823666,0.11132541922182715,-0.030114787566496545,-0.007462420474233073,1,0.8580843111855906
67317,0.17671920526496931,0.01635149572985656,-0.046076056926363046,0.04433973385699082,-0.15974925482379213,0.11664695071824817,0.006653471192652236,0.02034429187295354,-0.019711629637348148,0.01604637261700114,0.015031129037271678,-0.010842432261816106,0.017764414518760315,0.009634902917685085,0.0018125111002352564,-0.001277716778998004,0.09549131898841626,-0.024252171909337712,-0.016506964069437205,0,0.8152520242221327
67529,0.1726849247924855,0.011478089358835396,-0.04529006252598904,0.04895552917366794,-0.15667486594079358,0.12489833752161249,-0.00929738924650946,0.0095836575488893,-0.025188724162975018,0.0068905053872777245,0.008229208075721502,-0.014849291262295814,0.024462457959132877,0.010981776313208347,-0.013517774347688295,-0.014187193525518714,0.10121006193038987,-0.028137104670482298,-0.0048388324137780755,0,0.8313557861572513
67595,0.18147309058198965,0.02296183833683941,-0.041147747112832714,0.04325299447816941,-0.1424162777762101,0.10436427712802558,-0.0012695099241240466,0.024592430077329277,-0.029932147041499216,0.012915325452356262,0.02541661317387485,-0.015166608085135416,0.001284510385465901,0.009165100775812831,0.003155223382833775,-0.01161485072157644,0.09602690248287427,-0.040684642382298526,-0.015365907009704794,0,0.8222059963089525
67756,0.20579071046924993,0.02378993518750417,-0.04151653992714437,0.05654444176626181,-0.13656473362051383,0.123207649198812,0.008220701032058696,0.021743977309628237,-0.025969896037850326,0.008277005831762862,0.013713243199342308,-0.006608443171947284,0.01451719657807163,0.006618401310968622,-0.004862106033548236,0.018258166166198492,0.08992461851026229,-0.02151196386169778,-0.02089579944259484,0,0.8485355286554177
67788,0.1900474921638541,0.015530340705366788,-0.055549301523403774,0.0515077121307256,-0.16600205272601948,0.1183452334349042,0.0012638836468587707,0.018077369609125774,-0.034415447080407335,0.004942665022384077,0.027258773226028356,-0.0050579055071711355,0.01811026326542498,-0.008717481922019162,-0.002739433681295386,-0.0019401378613234804,0.09779381040712794,-0.0327533789504302,-0.022197014446011305,1,0.8722496973098819
67819,0.1810286122890863,0.02168459880583034,-0.041072355791220906,0.049047954398894505,-0.1542016339786099,0.11387960773791445,-0.002755015181690838,0.018429332222467502,-0.033906083008093724,5.863266449865989e-05,0.012468769932709326,-0.008885935696714494,0.01976367163636422,0.0006886906448887469,-0.014980562772221118,-0.009150925305475371,0.10458576309724515,-0.013539338410205392,-0.01379996438442708,0,0.813927447958558
67854,0.20057741477991545,0.0188995115910263,-0.04771072585125986,0.06112566735864743,-0.15704364078846791,0.10980451152589642,-0.00200783254030364,0.01568928516564586,-0.03336000903089926,0.009924835443509932,0.0076452446128144995,-0.0013651671964122775,0.019679804983123328,0.006179866706193839,-0.006639181080335019,-0.005037079963069923,0.08302579470889034,-0.027090650578328396,-0.03573726040803101,1,0.8485434843127707
67911,0.18492954531862318,0.031530382454038025,-0.04532499965545334,0.05445091273881894,-0.14873992861478785,0.11932141123730725,0.01080250071515016,0.01649822791296683,-0.02605002105190193,0.008892913050744463,0.016198362626804123,0.004959686703595665,0.013796037607705331,-0.0015333375140907802,-0.011092939107810612,0.009866960667641868,0.09635491846456595,-0.029479662547134848,-0.01568709278201407,1,0.8455098407711552
67954,0.1928120057781366,0.021339270745258453,-0.0299750778483551,0.05941980177856944,-0.1620660711213882,0.10408234493989536,0.008894607188487388,0.0018328793765748218,-0.022712115172951578,0.011377328495127523,0.019531874931744155,-0.00246455845233097,0.02600802908933053,0.007346531754333977,-0.01445908051117868,-0.007795709313773855,0.0989723871466839,-0.02806865998526495,-0.014731470081756343,0,0.8338898037111419
67991,0.16775271250256651,0.01618580753592616,-0.03473105487070276,0.048769825832615625,-0.1607985143097908,0.11310343950037331,-0.00029331672619693956,0.01787598078062954,-0.037304632031644136,0.011660069825499716,0.014748719521579119,-0.004063469466737504,0.006123526456740379,0.004160811341750787,-0.00867716611679175,0.0051495213991681055,0.08808224223109523,-0.041620371349944826,-0.0038675797891096616,0,0.7849687615888629
68087,0.17600220196927122,0.029612925999857542,-0.03584871903076561,0.06083290957707699,-0.15516213512929677,0.11563707627623167,0.0013236129928171898,0.02228716216766793,-0.03236403181665856,0.003993712324231954,0.01814810687857624,-0.013803874234934822,0.028439997132880243,-0.0005487717164660202,-0.00665235244641132,-0.013923874188317868,0.0931571941188076,-0.04058260420414701,-0.008337652487125405,0,0.856658914691542
68248,0.17929153849788207,0.018182190979820947,-0.04098771867296873,0.055683438607116775,-0.1424696111933198,0.09602045416424256,0.008249996468859232,0.027611151342271257,-0.025870304637834653,-0.01080499599620516,0.0011311635834184398,-0.008064121205973515,0.026286933724681077,0.0014259222196259772,-0.009672080590239971,0.011006385168231457,0.09842385786602757,-0.043123256064907495,-0.01781844319296143,0,0.8221235641765882
68270,0.17991627245229433,0.012548105324253447,-0.06085358212774643,0.04871107365949349,-0.15890174860596845,0.10269816718056371,0.006599092275593297,0.02903513524843242,-0.04130838358399556,0.014448892602457698,0.016094253475469944,-0.007009740638736452,0.007201684536534622,0.000691204696865657,-0.004332165680281893,-0.01299152852515302,0.10801477919685282,-0.024768373753703356,-0.009436610736886631,1,0.8455607943012832
68366,0.19551928707337188,0.014801794507602639,-0.054909426524009,0.044463045258458934,-0.15201136587888844,0.12103497373350167,0.004554429905573952,0.02042976047041645,-0.03899137701836951,-0.004269117293185705,0.003724640121150253,-0.011899275007670074,0.016773345608109048,0.011482476808729124,-0.009437070011127424,-0.0064226504167804515,0.09351397438195612,-0.027678711811241985,-0.014359353401495538,1,0.8462760752316382
68414,0.19713269453070772,0.014280331885217481,-0.04836829938323656,0.04937696820591943,-0.14827585040818872,0.12416068691431852,-0.003221639497408795,0.018391382055538984,-0.045076667079289534,-0.011868898748976285,0.02491628543827425,-0.0021558426476350596,0.021129578132070292,-0.0024616367597287124,-0.005345722660917222,-0.009091647854827252,0.09165002466025587,-0.02341037343136712,-0.009890637076413238,0,0.8502051673702911
68425,0.19087293973436223,0.015567096276993502,-0.04794677320778184,0.04407997183317773,-0.14719126662670082,0.11320059103187505,-0.0014745366369187014,0.01616660909696451,-0.02864146006833092,0.00040091832657528054,0.019855543282468847,-0.0029760481187384564,0.023986207324800123,0.004669099255526461,-0.01579986218863287,-0.007136985881210772,0.09727908856207446,-0.030893947947885404,-0.02469928241111016,0,0.8328382278121281
68561,0.20408377489534285,0.027047814471038493,-0.036732072180727764,0.05830064509565492,-0.16175621803518775,0.10335722529472138,0.007747082170533031,0.014955986125390923,-0.03683818013331444,0.016961048603421545,0.005232441493277392,0.006590121700126834,0.01802797161049573,-0.004365985218800785,-0.0038722905508594223,-0.005871683329887475,0.10767761600212453,-0.028341294291002933,-0.02163433677363415,1,0.8693937879755423
68591,0.17721265969629002,0.022302570845272734,-0.04591483558531892,0.05709156156019446,-0.15077807045394184,0.10865803899262785,-0.0020170062489149048,0.016583959214447254,-0.015284357189149942,0.005479828756809484,0.010979200786997788,-0.010377131546403356,0.02895341548643913,0.009099547432496635,0.0023138804367510415,-0.0028999918104154233,0.09919382819976465,-0.026097437433024163,-0.019935236654128816,0,0.8111725583293884
68593,0.1840096841857941,0.03299276848690406,-0.03761631727086668,0.06253408411095815,-0.14313426904957774,0.10529955144520463,-0.010692239080970807,0.03437584008425776,-0.027860828197446275,0.013100721475842061,0.006816754089757046,-0.006685699276169617,0.0033579412394288376,0.00480420120940741,0.0025719147758213688,0.0035526738554530154,0.10007914281658464,-0.0380139356827559,-0.013638308960565665,0,0.8311368752937658
68600,0.18994517584063,0.026892544915125934,-0.04261355136419691,0.053024904578698004,-0.16073093561040866,0.09333817821476594,0.00788665594598068,0.02396301372834179,-0.030369765927168238,0.008989744802682768,0.015722661493336842,0.006943524364214016,0.021467344608098862,0.005264912188317046,-0.014589440903639535,0.002535726901152469,0.09581251055685906,-0.03424112120023801,-0.0238121742489555,1,0.8581438873928102
68678,0.18765363312893638,0.014680336516624046,-0.05201667563353688,0.04398852875360169,-0.16241423392983248,0.1100753945623246,0.0038895318583500953,0.02620634214495491,-0.01832132132334416,0.009820109002535106,0.012832660870850944,0.001075170388103666,0.010789519986799181,0.007783563715671327,-0.007374408636952361,-0.016047146522830187,0.08263956416874267,-0.028700289841997118,-0.02604176349739601,1,0.8223501944833838
68742,0.17755272441525863,0.01752482595550638,-0.04954297269381109,0.04458699127255637,-0.15402641573755005,0.11392470681396524,-0.01617459410143771,0.02371454723923515,-0.026325120035189803,0.015284232432798705,0.013486890430000481,-0.00575413371410406,0.014220853353789005,-0.006323344387757273,-0.01041520670944416,-0.0031398363594280984,0.08828734030180305,-0.030665083814898686,-0.010634687234229664,0,0.8215845070027636
68887,0.18041593601907074,0.016670088705298847,-0.03723265148580224,0.04400098688094534,-0.15809438321725178,0.10881280325360457,-0.0038367346252543093,0.027316237039575742,-0.022204039411443444,0.016288739504247595,0.018579489826874757,-0.010101734279527623,0.010548815466724672,0.005281235595326314,-0.011657731202195458,0.000737847128817999,0.10549748082308831,-0.03440584248116883,-0.010839734693806462,1,0.822522511640025
68907,0.19396765535214527,0.016801609214841966,-0.0520560350943246,0.058794405064321154,-0.15068372971708374,0.11917258264919996,0.006619962538948789,0.03018461402218212,-0.03223744160496566,0.006362505868063565,0.003698399083779484,-0.012273224606590818,0.006383458826236408,-0.0040372371794807835,0.0030646301948599633,-0.0015840453450194029,0.10500709741374406,-0.028237826295888363,-0.01734180335875402,1,0.8485082634304302
68996,1.5344530902559903e-06,1.940332877769786e-07,6.972928059642555e-07,1.6395315991979375e-06,-1.4514827171405893e-06,-1.082959382184012e-06,1.3523833692371219e-06,1.526991161773772e-05,7.013790118952892e-07,1.3064704901129023e-06,1.0891979204402538e-06,3.004082651175144e-08,7.403364723222238e-07,-7.845898898080019e-07,8.687444872762452e-07,-9.36729694533849e-07,9.40368920907087e-07,8.066112261112438e-07,6.295724647416991e-08,1,3.1489474055887626e-05
69079,0.18717288036729723,0.0069333255567899646,-0.04870708296556731,0.048986166908421086,-0.15661026277842874,0.10901254819796001,-0.008408246118943087,0.020813223676883888,-0.03861710648863097,-0.00026810747246639734,0.01982568244123742,0.001319589153938703,0.019841546439998848,-0.0030906332344483667,-0.0012244357724935195,-0.00326136499566037,0.07827033778934235,-0.03571482625359004,-0.011171947650108281,0,0.7992493142622066
69240,0.17266331930089865,0.031001691695086698,-0.05472511927646129,0.043489483884523096,-0.16822167477955008,0.1102368397111586,0.0038364711399718255,0.015170742050389001,-0.047846760000295446,-0.0032767155611166435,-0.001744653347686603,-0.010024574559561995,0.023808722505122264,-0.011622068351110001,-0.00952952042502612,0.004721206537718425,0.09133594975392148,-0.021451571147018927,-0.014122217756989372,0,0.8388293017836065
69319,0.18775171823882592,0.018719146750916797,-0.04512456355682187,0.06172050547801735,-0.16383648469419898,0.11414706725401018,0.004971923351416199,0.0013036538432446162,-0.033117807249198127,0.010576582237438226,0.011340329012730079,-0.0242344924567057,0.012630669466809925,-0.006099894648851726,-0.01110408067975607,0.0027154582150059224,0.10063137945540472,-0.023393346802697234,-0.01796720023247928,0,0.8513863036245289
69348,0.18860732573594483,0.027576209611688572,-0.03855852736850332,0.05480710158509988,-0.15368892940832427,0.10197994895571193,-0.00293543762039699,0.012774002669738108,-0.02702927352687641,0.012575555677624778,0.005220905948155542,-0.0021519546927247966,0.014047102374056226,0.014174033124996927,-0.0016644118735229408,-0.017531490303386577,0.09534292782554066,-0.021943790061752136,-0.01795901197132899,0,0.8105679403353738
69356,0.19085649074709776,0.021505756392762115,-0.05127691347325324,0.06393624540162833,-0.15600786940214992,0.10263333106332598,0.003201548441122109,0.028297947210762196,-0.032749842783987716,0.01040737620066387,0.015943760151739456,-0.010243418741683299,0.02532034618223328,0.004673898865906853,-0.002756459145960122,-0.0038938112121356845,0.09527047788463637,-0.03386184801103981,-0.007644613175331186,1,0.8604819544874193
69362,0.16391218485253534,0.02358018831933512,-0.05254818714889102,0.05200994165473526,-0.15339819948727387,0.10923401466794563,0.009821883795701059,0.0252085442429303,-0.031387457513914675,-0.002542391539284835,0.016653953908538438,-0.0003803037601496094,0.03169405774524852,0.003204025453396922,-0.0074417726381099635,0.0010147376152816392,0.09224754588626202,-0.038535955216376566,-0.01363185518261006,1,0.8284472006285208
69389,0.19322696474688963,0.02785734772917144,-0.048788012159915586,0.05743507485964435,-0.1422944995166903,0.1134076173636383,0.002742580513202236,0.028227109555915623,-0.029205230172018547,0.010567877501965063,0.008675350213996838,-0.0013380738351677758,0.01390817356381826,-0.003367885680394771,-0.0034606767875333825,-0.006060876592830472,0.1006679423228717,-0.02754936861984966,-0.007788470795096877,0,0.8265691325306108
69475,0.1816221231410072,0.011116425200834425,-0.05575048563153451,0.049132472791750474,-0.1624535200557099,0.11956202281408929,0.010724967166089783,0.02296363346559369,-0.036607966204853626,0.005614320571156235,0.013181364384618447,-0.0058259359592673435,0.02419118699739228,0.004170766876437707,-0.013939895952300529,-0.013240578179714165,0.09943108207517798,-0.030422770027291043,-0.02039418515336443,0,0.880345702648183
69541,0.1731687002926724,0.017682681943242167,-0.04319887318003413,0.053366936918382867,-0.151448065042035,0.11693793028319367,0.009468398500621178,0.021150220296824986,-0.038594822392126645,0.0031810380192228253,0.011299125715165914,-0.014489034573098613,0.017350645622793412,0.005332893302178937,-0.018872044521707935,-0.0029454384719443238,0.10460007515698888,-0.03755265371516865,-0.006124280765853739,0,0.8467638587132563
69751,0.18460917675307528,0.026038057031538636,-0.045695781938697395,0.03481406216455458,-0.15825934957830318,0.12231859245826297,-0.005190642684329938,0.02174156619078501,-0.043334470604969415,0.0009912473110259797,0.01682169512952748,0.0100334725338341,0.013311145693747478,-0.00018828765343006988,0.005528479558710399,-0.00655975120660431,0.08226706489361917,-0.03502257013327016,-0.000566832831210369,0,0.8132922463494959
69764,0.19367639839132222,0.021131530314079106,-0.04854043808261494,0.05560998111304063,-0.1421775106318591,0.11701726954155296,0.005214845644287066,0.011295658254106113,-0.03649919680222337,0.014715320947145928,0.018240741613166262,0.0028679183272961495,0.022558516371317894,-0.0019839205266558965,-0.0037135803213243527,-0.0014607467043530103,0.09885279099233843,-0.030969981868219303,-0.01902352742260547,1,0.8455498738695082
69842,0.19316975983067852,0.025132483881628382,-0.04779048391980417,0.04858615702989469,-0.15479021304124643,0.11126421605012737,-0.008807749349394262,0.006664678701078858,-0.023696815162101908,0.0175033836005941,0.01736874683282835,0.0012835769429786112,0.008869394601530889,0.01040842754987331,-0.007870133507050882,-0.015704642037455346,0.10062846883157399,-0.03448791874608213,-0.02240833650402269,1,0.8564355861199449
69866,0.17960276367099962,0.026915904139578492,-0.058982411449602805,0.05724706615532074,-0.12232869926572401,0.10182910056640625,-0.006133971150092651,0.018985817607147973,-0.0363330630541838,0.0004301100164520539,-0.00011462266630039026,0.004806294400926187,0.01927203573938603,0.012392139911902264,-0.0023591878123831777,0.0020677217586736662,0.11049775868977062,-0.017397694391188014,-0.006261607120329775,0,0.7839579695663685
69877,0.19247359737124028,0.017865248990798735,-0.0451647304668472,0.04863550666988478,-0.14650765272826247,0.11225172477172445,0.006633342516675068,0.013211599741035413,-0.030883386810914622,0.001375786926196218,0.007523224052889895,-0.0007907755243362769,0.013890625232260059,0.005984896298240364,-0.013513948227376204,-0.0012377214745870697,0.09286066478569628,-0.043302292231370366,-0.02056132193110034,0,0.8146680467514361
69989,0.18692278288558256,0.014644746953849189,-0.049320162503680993,0.0560167386179854,-0.14539316565389782,0.09622089935357278,0.008349073774886287,0.008522978052523411,-0.02581454281223192,0.006746157673296614,0.011614369822779988,-0.009288684421231075,0.03785038423615909,-0.0003420302487677759,-0.004571144855330407,0.003772177713621569,0.08991159302486666,-0.03423037345993549,-0.011779878918590506,1,0.8013118849827895
70029,0.1894596622176506,0.03163710742231476,-0.04726775693081268,0.05858894110375384,-0.15845233261588723,0.10410979877300301,0.0029931662843648704,0.03026644206926387,-0.01571720899319146,0.00909082863752593,0.005697740319040786,-0.013859063247743211,0.02069543672388408,0.0007127683733141826,-0.009751921981231431,-0.0022177269727947984,0.09929902594367304,-0.03964599826247642,-0.016615728520672612,0,0.8560786553925988
70117,0.17936814175587545,0.008898748027985568,-0.05394105448084076,0.0581797400060652,-0.13573133955536668,0.11035154569200256,0.014869651689448255,0.02841257618781663,-0.034310373925088934,0.011252343004494554,0.022795309857491026,-0.0013376203148225117,0.021759271722960265,0.010346920506910304,0.0021879699285130005,-0.007757306126119369,0.09883970893034671,-0.04365013916856445,-0.016350570137476747,0,0.860340331018189
70134,0.18565395112168934,0.020949083503325385,-0.0548382550770899,0.061123640110120316,-0.1504563237204721,0.10170771609505744,-0.0007566974279969664,0.03009469364088614,-0.027479569411470027,0.012351383565900861,0.02250215552694373,-0.007275772851675965,0.020891241234957305,-0.0016383098600431163,-0.01014808691189734,-0.004011405672055999,0.10651576470496922,-0.025214896900979403,-0.022805840302542915,0,0.8664147876400735
70251,0.1889994116020079,0.025173540660708302,-0.05402235191323659,0.05116531840107064,-0.15898198595091245,0.12793146105101413,-0.0067261824202602336,0.012646155650972471,-0.026043459246725482,0.001751265887939803,0.015746699876337214,0.0008559947903341413,0.013155390470062677,0.004081557141260931,0.0016390408798530752,0.0021207117594293588,0.09759570429412966,-0.029475871652245886,-0.009263218750307039,0,0.827375322398808
70261,0.18273528793508834,0.020647554193072334,-0.05588034904694821,0.04207242796820605,-0.15788604562563177,0.1125204406936945,0.007767661791221162,0.02785361955065897,-0.028162208886046772,-0.0002924583389656965,0.003060650664623918,-0.015585365939648658,0.02145262804440033,0.016707261511021886,-0.007011709710330077,-0.0013308161653978537,0.08049747190421813,-0.029129020801790924,-0.011551296790326218,0,0.8221442755612918
70353,0.18368366166528127,0.012023713619374366,-0.05811432438091733,0.049715639000655086,-0.1538461593465583,0.10929418007721345,-0.007196678502966989,0.011698812588297742,-0.02827588697905261,0.0034638224296674293,0.013779954272041007,-0.002601254523728501,0.012597874473992726,0.004693695794631836,-0.009813495719123445,-0.010711529048816079,0.1030532754414378,-0.02678113578881956,-0.0027617397397944167,1,0.8041068333923699
70379,0.2018155055873211,0.018731837381929736,-0.030203982931843676,0.061675267355947805,-0.14502327965256467,0.09990438056304801,0.0031063697982868493,0.012640638315142231,-0.042831508046166936,0.025527916565476705,0.006881116850147019,-0.018404320910607255,0.024073488304810844,-0.007396195426661247,0.002319268480265843,-0.006100662091897843,0.09276427048629171,-0.02990242227944,-0.013199927146499243,0,0.8425023581743487
70390,0.18983894758608885,0.011976877849678751,-0.040926921217982595,0.047167693154595944,-0.1591873189055153,0.11675337894935056,0.011094309233851848,0.025906447545493386,-0.019846661638482064,0.015578580361809487,0.02016852208833582,-0.003769750039169319,0.026128406538449174,0.015219518797667638,-0.004427472887752139,-0.007912495558448864,0.0959931458306869,-0.03024013164455388,-0.02407310518351932,1,0.8662096850114318
70409,0.1992583685512625,0.023193722043651995,-0.052431898006222534,0.05625391225195015,-0.1558192696205188,0.10691508632476679,-0.0006169627619780745,0.012951117536366874,-0.029112226693365387,0.017323859747538216,0.004046346404664753,-0.0031448251538476663,0.016840242044045137,0.011364330638149876,-0.002235132395061148,0.004103133902869086,0.09436111258527306,-0.03670547097401632,-0.0262689990925113,1,0.8529460167280597
70426,0.18310325070301958,0.01674963315724748,-0.055176969083345545,0.04189326205721246,-0.14426952846891458,0.1051457470596232,0.017545271827284898,0.026072522416318612,-0.038148165488130055,0.012652997139402346,0.01541759710376711,-0.0003221558049558054,0.01375902510620025,-0.0011159329367643879,-0.01551654313395431,-0.013827564435624915,0.09049636761138678,-0.036089996187943195,-0.018572683746487396,0,0.8458752134675829
70591,0.18519076115239796,0.03552492029305382,-0.025933961291016255,0.05226412111761137,-0.15095069012350182,0.11640744225360003,-0.013101620504971188,0.01481330222984384,-0.0326251132766881,0.002258314782919136,0.006358595058315781,0.008164763891736935,0.029309200794983222,-0.00497655577809689,0.006077207699385559,0.00905266095128653,0.0902890903163142,-0.01680959432733116,-0.016091577714417542,0,0.8161994935574713
70614,0.18055961517279473,0.012604378762343712,-0.03659753322144473,0.03929448549327551,-0.15122494246703547,0.11086286307517161,-0.0003982567179107994,0.01485248040351357,-0.011933142052790616,0.013498284793001553,0.009204681525781673,-0.009706808393494226,0.016161997125338712,0.007962242127674312,-0.01453521273491424,-0.004885676534983577,0.10135456746807293,-0.029242855908476195,-0.01265378948254263,0,0.7775338134605608
70682,0.19006198549066258,0.03733645494976375,-0.035786834754944916,0.05321536543361882,-0.1440040009504518,0.11092380626708291,0.015151660490904802,0.0036119249203082847,-0.020675058678578346,0.01577869033726033,0.020471275466723293,-0.0029591014228096384,0.024218148279485034,0.01467202755949164,-0.0034542092966315307,-0.01790037756848688,0.09591553806686022,-0.03940075315335291,-0.025895118706435436,0,0.8714323317938532
70696,0.18867500021141984,0.02100441195389402,-0.04512386087369242,0.04408740041823641,-0.15481991671988057,0.12320011025059406,0.0072690738207342315,0.01237924884693099,-0.0503827143367508,0.006321750497791381,0.004668343022705392,-0.009271442813342853,0.019108245502653057,1.6928680528979473e-05,-0.008091715311116158,-0.005650742729743865,0.0897069473565173,-0.037336921206002224,-0.013488765209481335,0,0.8406035397620159
70715,0.18271052492968315,0.01431001541514337,-0.0469969786643292,0.06707348106417035,-0.15603675999434252,0.10321780410466946,-0.007655432592154736,0.02978889280578153,-0.03518605728095068,0.012711952244094046,0.011227482205044007,-0.007201840270183101,0.03025137930583733,-0.00021712239211381664,-0.015124433777616247,-0.007824585020582954,0.09959691391238028,-0.034283074151214434,0.0010708950835133092,0,0.8624856252138046
70801,0.17359570428584858,0.01844286353032272,-0.03929191209592679,0.03427903032066403,-0.15438996669531455,0.1321270337469017,0.00687418669085985,0.014090411402918218,-0.034390284139626734,0.006814460661095095,0.01945313723187126,-0.018727927151044977,0.02454209019072613,0.0006292062904567362,-0.010686952929062002,0.0015670447221625445,0.08676111118280964,-0.04125973598803731,-0.020705370818399082,0,0.838628430074048
70896,0.1980249040618264,0.012363517310460773,-0.05145260527056491,0.0607634980555139,-0.1579903939653888,0.11519691262398786,-0.0029686441980808637,0.0213158049653952,-0.032138874064063606,0.008498478394265891,0.028063612881854497,0.003194899663336489,0.03485708681241987,0.00867209375842679,-0.003499883942603881,-0.007759923067501162,0.10188403896771002,-0.017070075922278247,-0.017538658469031305,1,0.8832539063947105
70919,0.18786621421151928,0.029583323669146625,-0.05275508508352813,0.04456119821341544,-0.1613714880106055,0.11496522426037367,-0.00010679190823696426,0.018520746017917353,-0.016884630466729923,0.0006022493093315064,0.015381923890526611,-0.0030989149281505936,0.014841282864095483,0.013293132344737208,-0.010906696028766299,-0.007754270150653622,0.10539489617558262,-0.03696236553734612,-0.00833074456575665,0,0.8431811776364196
70920,0.1931229309044609,0.029761997005104485,-0.05180753675518503,0.04728687229390877,-0.15373532138983886,0.10885838628276281,-0.004978839544440743,0.02049840981172977,-0.03700406657593929,0.017246503162663792,0.012090984980857221,0.0008841551913189905,0.018734413910020023,0.005966938675765556,-0.006353478400677565,0.005465135911207421,0.09620628549529105,-0.03382041119361368,-0.011812064293005785,0,0.8556347317777917
70938,0.16788318052828793,0.034387888694760706,-0.05398261902114385,0.03240335851994726,-0.16277244521525672,0.10507449973868017,0.012334941658211633,0.02334180328670959,-0.028609537714411756,0.011902859722736766,0.012618290532848716,-0.006216576480134168,0.018487788753723932,-0.0004443384479215166,-0.006017058730527783,-0.014104020419389495,0.08789170773600838,-0.036523795820887814,-0.011784045759256899,1,0.8267807567808451
70967,0.1945799599627619,0.03233903884995847,-0.047433413151028954,0.051339914833939605,-0.14272410191801657,0.12448476946761439,-0.0034248345841240407,0.03490936926279433,-0.03289431225503648,0.02342386765551171,0.011353145135987477,0.003350010539227881,0.0217266578917751,0.014070565101385693,0.015720906362882828,0.007323962135014667,0.11800393025874253,-0.012108526907628309,-0.0025603668498993776,1,0.8937716531233303
70984,0.18230628147518535,0.02245135354721605,-0.046799947778088775,0.06618774847520664,-0.153320539113445,0.11369409707233638,-0.009806961151500052,0.013035644803570657,-0.025495881474811296,0.015761056155523055,0.005774652295959553,-0.002148472438623589,0.021515424786595704,-0.0030287281887778107,-0.011302184879869939,0.012802640828746827,0.08551378199927913,-0.03185074851723845,-0.011027059391129137,0,0.8338232043731034
70999,0.19193915326997624,0.0033912624151492886,-0.05698157032741783,0.052352351051458204,-0.17005606041706176,0.12105366627056825,-0.00687612123124728,0.015904812539031695,-0.029392042933301242,0.014498182573921168,0.014077786090669956,0.0005050680993509116,0.036895620343030955,0.007191908047068713,-0.0003351266706632481,-0.006662233521252959,0.10935038794950497,-0.036276403043270226,0.0044216449302458775,0,0.8781614017241908
71006,0.1848560601576785,0.021408293858579123,-0.052044129341350415,0.0455488555829553,-0.14676339756683757,0.10061648895016588,-0.01000200914778942,0.0103876741495551,-0.016332112105806713,0.0092529808619025,0.015430283681242291,-0.007637733858725259,0.0058493647336289225,0.007517126971892743,-0.012102943364653864,-0.006976684153953092,0.09173557990335678,-0.025162540752398762,-0.007431820800257837,0,0.7770560799427301
71041,0.18276402417792686,0.02375832565660469,-0.055002963275554116,0.06528433320791921,-0.14681849137873904,0.09293862291537298,-0.005821805841063989,0.02952037984025275,-0.020695257829031307,0.005997623433685907,0.013987308935098502,-0.009900188093914077,0.0325709349926317,0.006828986555107117,-0.001698610050953881,-0.0034608404340019405,0.08709966115655195,-0.029240789598446396,-0.02331809741702813,0,0.8367072447898846
71083,0.186641855983271,0.015158531208536127,-0.04867467344582232,0.05856046809471692,-0.1420213493432429,0.11413105651051358,-0.008170405151567958,0.01444921048252208,-0.028362481399769254,0.004225331108546235,0.00739126897857349,0.0011565930213905653,0.026244369239473313,0.014144627511463538,-0.01470625533813927,-0.011267002537095953,0.0846221460526426,-0.05019443745255328,-0.009289780050135142,0,0.8394118429099755
71138,0.18425382624301176,0.02528342882214698,-0.04665051746944367,0.04428028132916402,-0.15691651016254088,0.09860365508513137,-0.003657863990257895,0.020260618093015038,-0.02335257333586653,0.0014743798220904914,0.008936939376193992,-0.001550507764958122,0.023109432710691543,0.0069551833713221226,-0.006144626808184547,-0.008096687947722574,0.08861203301090331,-0.03548230746191842,-0.010173783860099185,0,0.7937951566646625
71239,0.18770972237855116,0.01883063323901776,-0.05736740943727858,0.052667148874022414,-0.14631132524189025,0.10880552703817692,0.004341555770579688,0.027843129185726574,-0.03925680258513148,0.010237188520004941,0.01947611170221637,-0.00667327799208944,0.012886948065375582,0.00582321453845548,-0.02421007973554409,-0.003908939164473223,0.09335194803644016,-0.03390220576880593,-0.01937122336455289,0,0.8729743906383329
71336,0.17969255445889012,0.02857398129774796,-0.047209388126313055,0.05346832248723875,-0.16951239040961588,0.11084444698559674,-0.000755413751642019,0.017962474506927912,-0.028235441207796644,0.009934182662429918,0.02453949743316398,0.0003878025344583033,0.026794396410249263,-0.006435103651390532,0.006654692052507121,-0.0033276550814204356,0.08946598697344442,-0.036663637869009294,-0.019063012351763914,0,0.8595203802516063
71385,0.17764931950496962,0.020968321109978576,-0.05063411965390103,0.05694008476103981,-0.14429319739747207,0.10889514459083717,0.009058166649254391,0.02055046337019973,-0.034911179040516424,0.018525949545032245,0.015441208016157816,0.0011806004832588177,0.02422986729890116,-0.0034593702804203257,-0.011342092759917368,-0.007098687657770488,0.0951925797235965,-0.029630911824468167,-0.012107038560266634,0,0.8421083022279583
71846,0.1733855064974345,0.022308284401425505,-0.04695102067068652,0.040974024287946186,-0.14555340161655983,0.10526767413463876,-0.010466427314146739,0.03892778802371013,-0.04176624540760557,0.006310288062926048,0.013511063485987629,-0.007563836407471638,0.01095633211970041,0.008365366371365293,-0.009443273145016626,0.010217236992239063,0.0849380694025292,-0.02050162490012076,-0.011793601464913563,0,0.809201064706424
71869,0.19536755622435098,0.01699337956771557,-0.04295349624600386,0.06412264979892912,-0.14519482484325913,0.11754997891615034,-0.0004668320860151104,0.021349747337300287,-0.0336230463573126,0.01657944235948695,0.019261206922417347,0.0007378667244319938,0.014288954528703227,0.010939524071793199,-0.013980889399751093,0.005971160063887071,0.10290502256851415,-0.02775039717263497,-0.011266067900792548,0,0.8613020430894496
71902,0.18730024084911956,0.02525793733088323,-0.05072403124542833,0.05313264208823888,-0.1660945325241086,0.11698522943738535,-0.0063647178433422725,0.02904364721379601,-0.03333309669123304,0.006402607251378206,0.010233248279469054,-0.006492753549691186,0.013771366243657672,-0.0038005264863381046,-0.002973618429134279,-0.008509604932728532,0.0954291030629365,-0.040600174600506675,-0.021897428718776313,0,0.8783465067781518
72039,0.18648164930820857,0.01070680700328494,-0.045765277495105935,0.04997225826715541,-0.16142276916493126,0.10424539041029776,-0.0011726144407689452,0.024410567431610897,-0.03229584150126967,0.004452704564808406,0.016163857796828718,-0.010893166886316027,0.026153268178681188,0.002931010292623434,-3.012017451550495e-05,-0.011294740178625669,0.08835203005393624,-0.03718058082932108,-0.010370919485488406,0,0.824295573463778
72145,0.19846071522301856,0.017289215898044115,-0.04501895402418371,0.0669473504848222,-0.13857417114175682,0.11304152521970369,0.006139640242509486,0.01958830711495479,-0.039276407663275864,0.016210290727050422,0.010623995416000651,0.0021078069342294658,0.005155011355040509,0.019444475245354798,-0.013034857446071932,-0.013957348517895542,0.0995110551258951,-0.044850919566680025,-0.01780675323323793,1,0.8870388005797256
72168,0.19764499589278192,0.01621266000899211,-0.03389700757668337,0.061104855259810055,-0.143966092945897,0.114600013045984,5.7784297504784135e-05,0.02099528368342525,-0.029245755543243344,0.01535485115378091,0.00696547293501391,-0.0033253896715164963,0.03133365356681431,-0.0014983580463869394,-0.009943964345088001,-0.013246749609416651,0.09060777774360353,-0.03294087153558522,-0.015258889482171068,1,0.8382004263436988
72320,0.1799122510460913,0.01831926775501635,-0.04230180141418868,0.05291881875480308,-0.1432078129358135,0.11881921646285544,-0.01572423350721889,0.025609989839830864,-0.03739858715814295,0.008996222946798398,0.01840271696831804,-0.018167555968067125,0.03600693759387458,0.006262876775921943,-0.002283475956907392,-0.01019040862825137,0.09830691159472138,-0.026018599859925412,-0.008299732765951164,1,0.8671474179326979
72414,0.17891147835455506,0.009467227641971441,-0.06457554859580324,0.05908878950889217,-0.16431093973869285,0.09608350718372796,0.006571962047049142,0.01325944271970971,-0.03179648372792421,0.003293441873907999,0.008917104188457942,-0.008274034554431193,0.02049950629579103,0.0068825206221992535,-0.003633960180442399,0.0027231768984124693,0.10012637637672088,-0.02978679154790721,-0.018016113922000823,1,0.826218405978597
72430,0.20003834241341692,0.029146414234397802,-0.04644491132845993,0.04998231955396921,-0.15814632103607099,0.12516549560498025,-0.0019425322645012367,0.020822416097041795,-0.036880597256478166,0.0034437458887603785,0.02228110440638055,-0.007188062673010165,0.020536589658931764,0.00155706914663096,0.004124014293053445,-0.011928384858532662,0.10595736355246863,-0.03689335190043836,-0.013703414202997626,1,0.8961824503705208
72529,0.1818063163580986,0.007884918751807614,-0.05385256476769034,0.03532159038864547,-0.152866733757386,0.11183266402286622,0.006781278794661624,0.019278650326139013,-0.026862180653543247,0.015428205421390938,0.01918822806757032,-0.012171814122684681,0.030652800750585157,0.005772221990064207,-0.007112540981609985,-0.00847209220756127,0.09639689800421478,-0.029017627310682123,-0.02195142293784175,0,0.8426507496150434
72561,0.18491234311818258,0.025930272227551517,-0.04519465625652922,0.03999475615609212,-0.15650002246621467,0.11610983070994242,-0.006139583747077105,0.012297588800779432,-0.02290712940398856,0.005144715195528773,0.014727567338083412,-0.013436576216294486,0.014911786472611776,0.002565096432284515,-0.007181593830280027,-0.003324389284377846,0.0900428875127776,-0.04337712849496661,-0.01687978653227531,0,0.821577710195838
72576,0.18669356118266603,0.01708894469881688,-0.04037769482381097,0.049532602962009877,-0.1520788033883444,0.11747930735294265,0.0052716048296357195,0.01702298027540093,-0.0263410172792854,0.016326977183197255,0.0156450519793505,0.0019337222328856692,0.019889252568942917,-0.004617354720833657,-8.988719320494739e-05,0.005614399067431692,0.0946254207825317,-0.02277403995452747,-0.015284324649811096,0,0.8086869471256297
72602,0.1785994037583736,0.02471145264689465,-0.052275808699172234,0.04522800898847128,-0.15453650961886836,0.09467471782142503,-0.007455085134984852,0.017313873034011457,-0.030630477402777023,0.004591402976426671,0.00853477215277427,-0.002470437217474564,0.02922000695253815,0.013678140000152309,-0.00727785278146558,-0.001488099277324691,0.09438984367400545,-0.02695535165797427,-0.007800494285879819,0,0.8018317380809943
72721,0.18101914216656384,0.024897703458682884,-0.053408152766387204,0.05860391691433509,-0.1480338619172498,0.09730219295457766,0.0010530843582664332,0.03314137207961279,-0.04231509112402825,0.018995458388287617,0.004309911912419859,0.005207138272488841,0.012134658446489399,0.005777988564012941,0.0009919927718769655,-0.006897121652043878,0.0831472668837441,-0.026881637020652337,-0.0026479378422105994,0,0.8067656294939305
72774,0.1841533146957765,0.0060730775082234,-0.04204212380100179,0.04429193496193284,-0.1547865818337195,0.0997298328522928,-0.00012514863201650432,0.028419625312143353,-0.04529009670499996,-0.01066543727216603,0.006221221879819453,-0.005086159461141347,0.028168220729860978,0.009467384976484064,-0.012934326813362566,-0.0034968890194698576,0.10113915592382781,-0.038343084947489545,-0.008795806425346726,0,0.829229423751075
72796,0.18559966038332631,0.030626366497212277,-0.044107184075737084,0.056199651661128565,-0.14552606663182802,0.10483280504511787,0.0017941321325292872,0.03536583464466646,-0.021313804982351733,0.018402875186183762,0.01268310290371653,-0.0042010972347739485,0.01713724391847632,0.004424440827907036,0.010928874788354248,-0.009110644517992489,0.09365261350720126,-0.02244069761349899,-0.0066113821228538,1,0.8249584786748559
72819,0.19319309721357655,0.023434093928480122,-0.04561524264942594,0.051496543262725014,-0.15469452697799607,0.11234052607367974,0.006791642087411987,0.017559155666419704,-0.033828086288670116,0.007878858261742049,0.013022318589721311,-0.013517940814230009,0.026117972531300188,-0.007616567636302223,-0.013312287732951482,0.0026458716888392592,0.10230205396535254,-0.028737927307029315,-0.01651635563668303,0,0.8706210683125366
72919,0.16647369957495964,0.014059965271616631,-0.05054285244011112,0.05279780232750423,-0.13988627950451096,0.11570598521870552,0.00432221508755105,0.032984971881610446,-0.03304294057266358,-0.001780613040577225,0.005416584469383869,-0.011272621641033646,0.01235438777889976,-0.00611125727684383,-0.00931164642492914,-0.010155150479257734,0.09390586234408466,-0.04489561594028708,-0.009985089064483534,0,0.8150055403390136
72956,0.17948167716857985,0.03100375247430432,-0.03654961173740727,0.035280939967213196,-0.1351098759623338,0.1218167001303847,0.0061057214814842185,0.029256277036339033,-0.03859268878601026,0.007201676357973393,0.012388079108688317,0.01304365320027815,0.013674103094452368,-0.008006625091796267,-0.012059544193235613,-0.001554760204247955,0.09532881591205444,-0.020398980908495346,-0.017655714466634255,1,0.8145091972819127
73163,0.18664286755009415,0.02583551016098671,-0.05106146554563004,0.05041791379496687,-0.15150548038345257,0.11892024804977351,0.0010135750127326954,0.019532303889745285,-0.04167801760320839,0.00740819893323343,0.010212968307307356,-0.022025189358460037,0.019826015660398235,0.0048690924331181605,-0.012340645482531458,-0.003075424814267897,0.10314832150562993,-0.020185561179467598,-0.01887603912581405,0,0.8685748387908184
73216,0.1850632624824206,0.03529307044901356,-0.04336560567999319,0.03644809516888423,-0.14644247994416942,0.10400296613016759,-0.004078697145729308,0.03269635654276541,-0.022675424605492732,0.01401882037141261,0.022366893753308657,-0.004065304963091569,0.01675797327343993,-0.011831874583596594,-0.0018780376232066626,-0.013738777130336692,0.11139901455380041,-0.027681577006704636,-0.0222808665689588,0,0.8560850979764926
73286,0.17521259780319118,0.02407236686817321,-0.04707142813366269,0.052019427698690814,-0.15162983338561015,0.10513630273879877,0.01783723955916357,0.020453229997885673,-0.029103569986194268,0.01210292326580709,0.018313176798678332,-0.01420294162198861,0.020333618520723844,0.007237750856993613,-0.019526602957254637,0.004816159899105112,0.1037739128943213,-0.03534613094876282,-0.016729301802893212,1,0.8749185157378989
73358,0.1899436356707786,0.010391799545369543,-0.05571080007481924,0.06019237525289205,-0.17111861966921854,0.11107034164655935,-0.0053926234880749616,0.02268319179607615,-0.02984680277188399,0.014748026583051025,0.0038790939774284937,0.001077488677718389,0.023975681844347594,-0.005247448538124984,-0.006856498083647588,0.0014701163101277664,0.10054762990732703,-0.03547104294714441,-0.010690309212860656,0,0.8603135259974504
73392,0.17774323140589907,0.018711943113515848,-0.047312932430858386,0.03840379306543119,-0.15913463244054288,0.11195026632761955,0.0050186577081441,0.02644304380502389,-0.02440666524323698,0.0003860751567931697,0.011770987481563393,-0.012405737389055425,0.008512020071458955,0.00014366625022038117,-0.017823199353385073,-0.00462221161577214,0.10572893486165981,-0.026088864825057866,-0.00943586270187563,0,0.8060427252471137
73394,0.17791049113806975,0.024524850973145534,-0.049686519448791815,0.05491929255363437,-0.15564974860246628,0.10779682980857634,0.0009822060871247352,0.025617199538582498,-0.03469914187909,0.0032564092652037956,0.011725899513171902,-0.007305910579951049,0.021873262690129902,0.012955982759714815,-0.006158984682874071,-0.0009397184573396132,0.09403366986223968,-0.0436063193126256,-0.015075378165518946,0,0.8487178153182507
73434,0.19740289645502038,0.019433014690124005,-0.04128986690365241,0.043179377096419225,-0.1574540529321244,0.11165578862488271,0.0063169514833593165,0.03041832632424157,-0.03946164217950669,0.0027546698106148955,0.01525427397960915,-0.0007965936238493472,0.014739347479064484,0.006420173908184749,-0.005308709832607308,-0.005481992617597498,0.09845618266838597,-0.03460868155203602,-0.026168560826880377,0,0.8566011029881605
73455,0.18060680279502012,0.016019621330531475,-0.05625048175774902,0.038203358885623796,-0.1577274483418653,0.10904871469384067,0.0036004419391312582,0.02375040352982607,-0.03323961615992627,0.01230926704603003,0.01579059088424615,-0.010788747130056972,0.012166580119242978,0.005198340625087954,-0.006057170450052566,-0.007714569645784918,0.0925251048290572,-0.03548788162656222,-0.010529785021987254,0,0.8270149268116223
73550,0.18117291168754646,0.01222516587913179,-0.04772036007484247,0.05255538461956178,-0.15873008705181824,0.10962049104439806,0.003971261204812066,0.01634279666427189,-0.03930161898606637,0.014450323834309258,0.013622589983714746,-0.012256702989353692,0.021949086518796186,0.009390962527138,-0.00013422950408370634,-0.009679730834468039,0.08951559203217016,-0.032795587480389785,-0.009242727088225478,0,0.8346776100050982
73608,0.18252371215416896,0.040054416057873646,-0.05601644106675847,0.05138410357475456,-0.1470603840276139,0.10595947419671677,0.0002107480592958048,0.025309108542139636,-0.032556227611495826,0.016730933199462072,0.02151020315945044,-0.004131326389363113,0.032707266601249355,0.007962796804808766,-0.01293642216727459,0.01105398814974018,0.09112040815352156,-0.027658994947448876,-0.005059075544663102,0,0.8719460304077996
73705,0.18889811292043251,0.009135745324224915,-0.0429751886720058,0.05085830901575116,-0.15800730457592344,0.09932352414273783,-0.0010909336398109183,0.019657045339710338,-0.021090717174049076,0.006059943224159122,0.013097229763959948,0.009623506681309296,0.024338512311035437,-0.001565739546350343,-0.007785538870119566,-0.0018996495013900697,0.1007883951457552,-0.03365568224436549,-0.004992025428455315,0,0.7948431035215457
73713,0.1807879595444272,0.016445319075632,-0.048488739198610895,0.06310218977390654,-0.15006786171669956,0.10428703625755036,-0.009205973724370266,0.022722763582561933,-0.03875667692833942,-8.613463582274076e-05,0.02037350356757766,-0.007280587306747548,0.02148401644969536,0.009082108678020324,-0.01155509568128074,-0.007923984569072737,0.10461344973557643,-0.03539530658868151,-0.03394825626222542,0,0.8856069632767987
73716,0.19069872548452474,0.01611872900050272,-0.044483682819090646,0.05441608330634337,-0.15723797943128356,0.1054220098254355,0.001882974029058569,0.020388461272342107,-0.037630826093145546,0.013279971382584247,0.010623129269871238,-0.01477942389461105,0.017583204205403682,0.0035155336155464983,-0.009561072255149568,-0.011589481923053941,0.09156749331495452,-0.03764447360846358,-0.024483631372182423,0,0.8629068861035475
73781,0.17626767326064666,0.01987890236133099,-0.06216431361125702,0.04974595799493548,-0.14305694409371647,0.10625276030673596,-0.006895872668058101,0.018081788275284876,-0.044937911234852385,0.004257044539237717,0.007159254854448333,-0.01186600515726892,0.0253721795879484,0.0032319233713783806,-0.003310206056001986,-0.014698527692158582,0.10879354512202899,-0.045014384271401246,-0.004222109303697897,0,0.8552073037623884
73825,0.18756677672341557,0.019571462364105258,-0.03934837150112393,0.04779195361691449,-0.15749288730374209,0.13117116045609048,0.0018145440669398618,0.015181363929508928,-0.034806449187790606,0.0020100446040247997,0.017008463376208965,-0.016257965588228757,0.016479405305957102,0.01125262304073212,-0.015303712327106977,-0.007637443500765768,0.08899703405278049,-0.04490010538207067,-0.02943021070550966,0,0.8840219770330165
73839,0.1946716656214682,0.029993245024654478,-0.04201727532569809,0.045925580627527725,-0.14490268370714512,0.11353491640292453,0.0058015209785369365,0.012763602978248979,-0.03391264347430655,0.01459064774030933,0.015923965565721364,-0.007867009062980027,0.022414317599252977,0.0027577117417196383,-0.008071955605427464,-0.01671401181461725,0.09741317157151481,-0.03520442924718197,-0.012974995898538278,0,0.8574553499877737
73863,0.1806717885679136,0.022300359470492026,-0.046225360698840146,0.05495230480805461,-0.13778633073640167,0.11895478572746321,0.008575422468959197,0.008229508650959942,-0.026574129053564297,-0.0020170544289032167,0.009351717122806389,0.0041712215963958695,0.023266703570264457,-0.00508015093208016,0.005347780139568038,-0.009449250034056136,0.1015173688735547,-0.029258198884218812,-0.01939703780249778,0,0.8131264735669943
73894,0.1792192374855947,0.022208943301179996,-0.04728219275167978,0.055730043442391124,-0.157157066429086,0.10719086522893158,0.015529804887210879,0.014003291161940174,-0.034509570729031845,0.00786820381594877,0.02098360069552756,-0.005539224174882354,0.007619276802089972,0.004706782889298049,0.00010680531528405741,-0.01722808529301095,0.08939094188187179,-0.04776270767285273,-0.01238119763042797,0,0.8464178415882403
73904,0.18183277907396464,0.022131693053127503,-0.04627997902940054,0.041230035100796585,-0.1534468090511128,0.11752052156300195,-0.0012923064142758315,0.03224698265873878,-0.028617682405869826,0.011315460123423925,0.011683879855822152,-0.0012604682385063,0.012442529854212271,0.01217515164707926,-0.008452496492642436,-0.006268806615198992,0.09605705655176051,-0.034447146405002196,-0.013478260448713284,0,0.8321800445826498
74057,0.20122671014907811,0.016400337238244016,-0.04999650348075652,0.0631938235880663,-0.15100364864785273,0.11584528958998072,-0.00667413208665822,0.014874592644857694,-0.04123212118003364,0.005399478133551584,0.02895684232738844,-0.0007203171020032403,0.02000848993073866,0.0037266683570619536,-0.010505568660157377,-0.01579465027954939,0.09268825931686378,-0.03666269969997384,-0.014051116997641406,0,0.8889612494104576
74256,0.17884727614085388,0.023837441645777852,-0.04810331727159598,0.03982674220542794,-0.1519959965113776,0.103578880842116,0.0075202075508388885,0.028313382207672322,-0.03186410654608717,0.013589379076671208,0.013969815286889222,-0.018068351545526905,0.02152023728663455,0.006452752935782092,-0.013195908118327741,-0.0006003624076995525,0.08867942781479889,-0.02184080409576109,-0.017334835517702377,0,0.8291392250075412
74279,0.18150828787323856,0.02839819396000198,-0.045205728462935656,0.04336673990656514,-0.13301006649673822,0.10465279224627261,-0.00866886791568696,0.018235079753555004,-0.03623081161962854,0.007571174160824749,0.02255012766767696,-0.006983918495954991,0.017854104699958028,-0.0002093150019207768,-0.0057112159441942536,-0.01897146405296094,0.10209646773926503,-0.02707386963862165,-0.016290836295720385,0,0.8245890619317204
74302,0.18075198535817627,0.02909203576884903,-0.0501959626345265,0.05442414619656413,-0.14812660594863397,0.10244718731429325,-0.005675385444808589,0.020234052037025625,-0.023685719819247195,0.014292914172288833,0.017827768701911648,0.0031743768655176498,0.01919435237184043,0.010507020421729237,-0.007153057030811187,-0.01154428964317037,0.09941656412695318,-0.025100888046612212,-0.009388362862066187,0,0.8322326747650255
74338,0.1728712379614273,0.019541527807586574,-0.06095899838221877,0.04942673573311105,-0.1501856634939019,0.11326409045623514,-0.00427407471299024,0.009841256369396131,-0.029408595020665864,0.007907984052862964,0.010816448976399306,-0.006180575751990829,0.020650460873445478,0.022587370395618662,-0.018884332437497254,-0.005560656276122366,0.09851436792890628,-0.03191904271298017,-0.008726515607922623,0,0.8415199349512789
74362,0.17302105889931826,0.010657974204341756,-0.049501329955322096,0.04278164944783412,-0.15007342361506573,0.10945417758940423,0.011981760181585943,0.021324881772434,-0.030739611074396916,0.005977898789234592,0.026085096373709225,-0.012502775603175842,0.02858068741539634,0.004245569285856975,-0.010373203852455003,-0.008310970586133283,0.09449644346343136,-0.026068932287525135,-0.0059323873815044425,1,0.8221098317781252
74426,0.19736439192457333,0.008013610643441952,-0.03153473641450229,0.03672681395554941,-0.1577456811736146,0.11543196989319605,0.006222469499524454,0.01955175665600096,-0.027982941672207287,0.012289052024459091,0.012759137179853913,-0.015063002589233869,0.030263059411007653,-0.0030100888357248003,-0.011693923290370133,-0.0017087199891993115,0.10169948117288423,-0.04146947002032377,0.006517447213458469,0,0.8370477535591255
74705,0.179489224834,0.019321562772760453,-0.03967159042550341,0.04631096358037918,-0.1441634206212553,0.10645638905115358,0.005755117544578889,0.021347064005753858,-0.025513777895606004,0.0012369162433818251,-0.002304878334468569,-0.013731342820374493,0.01973793754248289,0.007260138182228609,-0.0060667837887441785,0.0018994982404576953,0.08946521390450414,-0.05009222913913842,-0.02024961507546007,0,0.8000736640022316
74714,0.19690060578787633,0.0044029963784307565,-0.04386679929954818,0.062128201273748275,-0.16458628849045193,0.10710653741360573,-0.0016495241274065032,0.019561972329411727,-0.03207766153179485,0.012427413142002323,0.0090463381588905,0.0033710948652252637,0.011604149391885898,0.0050299539883643905,-0.006653687309634322,-0.00290182418204692,0.09806317763065979,-0.03061253533840834,-0.01772358497742959,0,0.8297143456168217
74819,0.19741867354829024,0.024347335450129383,-0.053516334446179814,0.049132075289550124,-0.15550613776173006,0.10027267937126834,0.00519985202018387,0.022961199608340054,-0.04890551326592324,-0.002557968091751138,0.010173460164123696,-0.00028844342592046837,0.0154636672488655,0.0027341078036459392,-0.017028413919904523,-0.005177146121293016,0.09550351598649341,-0.032192322962303975,-0.01921832032705751,0,0.8575971668129543
74939,0.17528110255315704,0.03051765636175827,-0.054693891913618176,0.05228271938619159,-0.1434379316764907,0.12098646385633317,-0.0003438658575442576,0.02613883741720906,-0.03516793358240661,0.009873829740690999,0.016194084039263403,-0.012212946249281563,0.022473474867472303,-0.00753869202128113,-0.016512169450108468,-0.012719437048558097,0.10920335970618263,-0.027614247572482674,-0.0048374427976634335,0,0.8780300860976935
74989,0.1811688106123283,0.03127841149453118,-0.048785675583696474,0.04729120170329429,-0.16084057816841937,0.10367266397239044,-0.0031618643304176246,0.022808714802587286,-0.029084401653789834,0.010839010746169726,0.010408595767355497,-0.008310058718547649,0.00957145608499954,-0.0033942683568420205,0.00968949991430648,-0.0011621641662793983,0.09313933108412807,-0.0346682979134668,-0.01925395982159375,0,0.8285289648951437
74993,0.18606622610886484,0.03535151334220911,-0.045451259211695565,0.054524578738395654,-0.14557247189422232,0.11840327286507153,0.002805120677242715,0.01981847447150178,-0.036945847338963375,0.002191993658803221,0.004164714524874864,-0.007877056732678888,0.016241068920942504,0.009489828515592267,-0.010174828357080869,0.0017738406537632077,0.10356657387111518,-0.0313519819902228,-0.015033122546784966,0,0.8468037744200256
75003,0.1728967698045211,0.020754359003014002,-0.042116618313102955,0.05330259624529738,-0.13882604125593243,0.11299167672691815,0.0010558184892105714,0.02434229427742732,-0.041671494712541945,-0.01441259616597895,0.021530935744312505,0.0002411901431253166,0.035542595380589424,0.014430002393773326,-0.012688270233161028,0.006841522389702329,0.10768712511620289,-0.04265197345669135,-0.020854347507668382,0,0.8848382273591714
75029,0.1876440575145028,0.024555897798953417,-0.04714004556046063,0.040945029671133545,-0.16433375856193905,0.11039553049528765,-0.006218434869818559,0.016094990468842708,-0.033582514213223356,0.00041640423792161133,0.03106720505271258,-0.00863842563437875,0.03630985104450533,0.0035441527628324383,0.007970677954780772,-0.006810249357934477,0.09824635710066677,-0.03584914420968978,-0.022435608155071264,0,0.8821983346646555
75052,0.17110512968806654,0.018764345516344757,-0.04027019242090931,0.051510657493120504,-0.1689892429130764,0.10490499396356316,0.004235653417472813,0.008726754641461634,-0.040923291904410686,0.0075464776064654545,0.016191689627417433,-0.004714458006153859,0.012308974576764251,-0.0014632874316182851,0.0040319786071503095,-0.005382953757898074,0.10067498450583502,-0.029079589248942862,-0.030527918410040523,0,0.8213525737367119
75277,0.18352396146268332,0.01865847580292696,-0.058309146492534734,0.04994763924483509,-0.15088278081580883,0.10676604852451384,0.009060151001051047,0.01901346739718169,-0.04488794113105435,-0.005471268532807153,0.020197541942231632,-0.004804473566165023,0.023997454943817532,-0.009158656125437996,-0.016347203159990328,-0.012252055090709285,0.10295194562715695,-0.0290038745494521,-0.020772981112217325,0,0.8860070665225752
75336,0.17220320563894875,0.02509960659725309,-0.060857928441030024,0.03977997555400436,-0.15059495753784372,0.1125819851070018,-0.0030550306397221024,0.020629230595474297,-0.03445233545449922,-0.008975181097266298,0.002823498425020383,-0.008615296060945023,0.015498066460177531,0.017152252022120205,-0.005566474728220998,-0.002504739545223673,0.09998212768307232,-0.0381982616811007,-0.020463652591885737,0,0.8390338058608102
75360,0.187521731525589,0.019161041270459853,-0.03763932379520286,0.053552468497509206,-0.14523162399178544,0.09495631675789418,-0.0070719803687140596,0.01618981253191846,-0.03876597004952248,-0.000650393203218677,0.02720381047346161,-0.012281966054756897,0.016418113303934084,-0.0019863402868462963,-0.009046870192905452,-0.009755284711511615,0.09179176440148147,-0.031080430814378286,-0.019608482424686775,1,0.8199137246557767
75391,0.16392663847914063,0.02094966642473538,-0.05972686325849957,0.055348813756345296,-0.15463055699462805,0.11370926366724605,0.004373168070206525,0.019979370445882667,-0.026988080947490993,-0.0008640897107592768,0.0023594689311340093,-0.024915519435105914,0.005632272908061739,-0.002485002205269612,-0.0023821037577468314,-0.011443290448541005,0.08912248947701386,-0.036070141742332563,-0.011919216748686103,0,0.8068260174088261
75427,0.17818633987164753,0.023565683863872533,-0.039728183112391464,0.04357377531455642,-0.16472582861367455,0.11021491246321127,0.007054118089852988,0.007318542474210352,-0.039139856913859045,0.0034475768313198454,0.013937964447321843,0.005668524051128012,0.020005028248156708,0.0050492077689193,-0.0012824220036096144,-0.007594423700260723,0.1082721981145688,-0.02688881100525925,-0.009410204201658669,0,0.815063601089479
75510,0.18228999676454596,0.01848562301836276,-0.04340297404638495,0.054398139877388584,-0.1499407513774348,0.1181061274309797,0.009161893542147146,0.017838885477552916,-0.01585728591111478,0.004037532356374548,0.01146555603708464,0.002440813996942587,0.024054295512617695,0.0020997531027183544,0.012280063512277364,-0.004748150211110792,0.09895463349871896,-0.022896932866174464,-0.019336856677304587,0,0.8117962652172356
75572,0.18576623058749367,0.01858230065483683,-0.04253561518230848,0.04903015977943946,-0.14854608793941523,0.11312348738775017,0.005096079649664291,0.009125603727819809,-0.041926346689120216,0.004158602725780822,0.009973122407093221,0.00784424659069995,0.032057798649972026,-0.001842584973979694,-0.010931220557749642,0.006265698483493241,0.09121395008887406,-0.02912942746309512,-0.027889549925029768,0,0.8350381134636157
75734,0.17770905871018838,0.026692527005203696,-0.055655074998082,0.04909513355395699,-0.14803304216469126,0.10936242436632786,0.003927824359795569,0.016784442350748757,-0.03966549025300855,0.0018961906646132057,0.02048248613466542,-0.012159563974700761,0.009638718571430326,0.007981044867446477,-0.008193205644149958,-0.005492995901376493,0.09603341586145653,-0.024548929721229136,-0.029770618914309484,0,0.8431221880173808
75745,0.16051523505316595,0.021947218794748,-0.05688858197587537,0.05509192750139874,-0.15630813373407018,0.11245596507176332,0.001159839859849599,0.020494264119150705,-0.03233187783389419,0.019756423412038492,0.02988550821858138,-0.010564742144893776,0.019945374594316775,-0.005874332868983884,-0.0198590782263212,0.008444765979257229,0.09856044233307713,-0.031719895350881815,-0.014358697094562313,0,0.87616230416683
75885,0.17605837827044962,0.017930102157062693,-0.043936196419268374,0.03390853205526405,-0.13855947894322276,0.11646715385672515,-0.0023048474316128818,0.0069757754093381025,-0.03380257972062616,0.007435482864658118,0.011941095906456641,-0.00514973887284893,0.007088308830014573,0.008522658483345933,-0.01297455667830328,0.002183580514778682,0.09084247872783603,-0.04189518083885945,-0.005382811830872666,1,0.7633589378115441
76111,0.17794979011052933,0.015479812731427775,-0.04831706637703733,0.04869040175323168,-0.15775071691213435,0.11187281355436432,-0.0031997747257699904,0.03450642506874953,-0.03609810415380206,0.01751591038113493,0.01290936530190966,-0.006462738926355896,0.012954827181745416,0.00044066067384175,-0.01017178300910615,-0.011381857040137883,0.09432629841773542,-0.033901284387073106,-0.016460686457992403,1,0.850390317164079
76170,0.18895086799525002,0.01576924754114962,-0.05585060554944613,0.04700173985983474,-0.15831224638839753,0.10538048774600915,-0.0031391886121897045,0.027975335446749097,-0.02214558456558969,0.01364708155860973,0.0015120503847195887,-0.009340672121600533,0.01706733766773743,0.005870959756481669,-0.009911444304632396,-0.004777571506997556,0.0855380727671237,-0.017979879158586856,-0.014633920708331558,0,0.8048042936394367
76180,0.19190402028527004,0.022513876387087853,-0.05196716271156423,0.05924179049876393,-0.15019721838941835,0.09911574216951337,0.005337482063052207,0.011581563299091489,-0.03713218994817218,0.00636997814156821,0.015111156300410596,-0.0015093793471754441,0.019717825249912106,-0.012807260907743593,-0.015734747440540035,-0.00519646713207738,0.09583309424252011,-0.024374478429728258,-0.0029089886491421705,1,0.8285544215927515
76261,0.18946322134578128,0.020199439270964778,-0.04451224287808217,0.041137626102110365,-0.1591272604373155,0.1010799957336219,0.0006057886003557303,0.01542327579657078,-0.034181587701715636,0.01291096383256462,0.02064558168357196,-0.006034750511975675,0.013731109188440446,-0.003113807468354091,-0.005538148415542069,0.0011247232299882895,0.1009064377065137,-0.03621669791529953,-0.014463244655752088,0,0.8204159024745206
76385,0.19959401156453374,0.01590418818392526,-0.05309815394262534,0.041447241220260146,-0.1489245100016442,0.1176559535073174,0.00338435873613924,0.032019086931052106,-0.02711562953227168,0.022289726087225382,0.014323537417572507,-0.005495259001387969,0.0031419497454775857,0.008070600988603656,0.004202407996163677,0.0032401245347564874,0.0921205713469548,-0.0351835763551178,-0.016617656975329572,1,0.8438285440683585
76407,0.18604860033420237,0.02271258479283551,-0.04135258236198453,0.04359382343349661,-0.17295925132677328,0.0919591822328449,-0.0002377196281609906,0.012647599805317327,-0.016330734659655788,0.01906930840095352,0.022765105310234048,-0.0059034501361573365,0.020240309730083533,0.0078421097439588,-0.005201268174282926,-0.0012085079512096026,0.09858978567703527,-0.019113750153427513,-0.015332690956754698,0,0.8031083648093685
76423,0.19541529181031403,0.025943838508314415,-0.04498737354375397,0.05801624350970001,-0.15839509908375687,0.1041650703433835,-0.015073853098664469,0.015570440432996102,-0.031018942799295374,0.01163602136251874,0.010234523798478272,-0.01288529647771547,0.022663847390493416,-0.0011565361033216038,0.007112686772035244,-0.012239046689082505,0.09726755208206846,-0.018051232548889077,-0.013787651494939893,0,0.8556205478497214
76447,0.18862427418451488,0.013494668873921123,-0.05202076550347037,0.045410188924487234,-0.1770073221096449,0.10597442761813464,0.004850593261642044,0.0025860498121551686,-0.041085367203305426,0.004923931543570356,0.016164316145486874,-0.01290553385118259,0.026603590798810417,0.014054924261890667,-0.009572206672677703,-0.01072549592009774,0.09376793224011894,-0.03562488241260782,-0.016462779289708566,1,0.8718592506274274
76558,0.18175049714570043,0.025149202074088533,-0.044270731158007115,0.05034441061299063,-0.1532002366060697,0.115426139703568,-0.004489635575688453,0.00882299069189634,-0.030207699650727792,0.02220580590151451,0.018299837620344636,-0.004880165980733036,0.01153440200592982,0.009088476551615652,-0.003058934117463661,0.00520917266910561,0.09058316291839776,-0.02508366388320038,-0.013177854294664662,0,0.8167830191617067
76707,0.17520544148583866,0.016757433313907694,-0.051551192647891805,0.05751458839822935,-0.15823408091703395,0.10809178659689522,-0.004638283948197121,0.03012049865757018,-0.01658233816276634,-0.002027674639544029,0.027385016884007157,-0.003470436987330803,0.0027033436016507136,-0.0016361729286231575,0.0006693256536717371,-0.014393905330845209,0.0972827451227542,-0.037850702916721574,-0.008713247979506573,0,0.8148282161729855
76776,0.18545145974682836,0.03578333379283741,-0.05890805183286883,0.06459658220594018,-0.16755013400240257,0.11302431917753705,0.012927702865686272,0.024521768170674127,-0.02251786320642332,0.012923535739127488,0.00963041133957154,-0.004920006519805793,0.024068325410553145,-0.0021735171251882476,-0.01140317386218696,0.007744585980226529,0.09599390236643428,-0.031105008099074193,-0.019820551570615238,0,0.9050642330139815
76851,0.17609658371505288,0.02321154503552487,-0.04347300196272737,0.04930035014822671,-0.14685444439719952,0.10993748358875856,0.0035811933220904566,0.013656110968122949,-0.036717584322673955,0.01905734012908102,0.018144070435510203,0.0032393890761911147,0.019945186018571905,0.005853249655440615,-0.009592387485087036,-0.006381815168333179,0.09432085439789129,-0.03405713740162326,-0.016043766582988166,0,0.8294634938110951
76861,0.1778725381494811,0.02272353807626917,-0.05268153190082218,0.055891075614350756,-0.14216268243440544,0.09789368584167996,-0.009551051379215166,0.013759705318612606,-0.035656260223737635,0.01586093208893721,0.013245304610985588,-0.01234710100097945,0.015733228336187424,-0.004035115851200654,0.011153820958347578,-0.011339530364066503,0.09214485729309618,-0.023592289276235814,-0.010760542727537722,0,0.8184047914461481
76885,0.1899350147372173,0.01661215282037889,-0.05076178550109159,0.03479190000319001,-0.1528615815536699,0.11201608492043057,0.008912399906098292,0.015889477533582445,-0.03066399782003063,0.009605095297764269,0.02195428088047999,-0.0009540876752415045,0.02095377881497413,0.011358340673787558,-0.004532923294592294,-0.004734067489840527,0.09348822448957074,-0.0263087836058276,-0.020415282159540124,0,0.8267492591773083
76911,0.1885929496130206,0.02125723365013896,-0.05403128528233916,0.04966727953971372,-0.15954602492222292,0.10446061033026463,-0.008934863362190227,0.003408013527295869,-0.03212771132218047,0.002540786207355464,0.010075794498852783,-0.006533499935549292,0.013641622587420948,-0.004159073332351017,-0.006123671146241289,0.0010435324412786074,0.10334662445561757,-0.02172366863136204,-0.02208254591299669,0,0.8132967906983922
77016,0.1858060216520778,0.014482570699268374,-0.05103476170746124,0.05680067771976804,-0.170037952387763,0.1061080832965165,0.007283256851438706,0.01645949862173452,-0.028204986825800495,0.01928189544963591,0.02036895273665149,-0.011648275594004371,0.011158192181726565,-0.008028183624801736,-0.01391408316689853,0.0016575389051981684,0.10155701844129353,-0.03719950344751774,-0.00024170904968740897,0,0.8612731623592441
77049,0.18149964564592508,0.01576097999929921,-0.049160533984255725,0.04999836644844394,-0.17449901994848024,0.11496558630971947,-0.0016230249522080087,0.022163295415266317,-0.03095916751988826,0.017204275260178405,0.015115201332487817,-0.006376011381723382,0.020061160111602597,0.002428193285283971,-0.005492763332627887,-0.013335214649547277,0.09266764509966782,-0.03495477961694122,-0.02498665726091689,0,0.8732515215544635
77051,0.18794847359698325,0.01813035601476194,-0.04532365977686081,0.06218772581560958,-0.14651336050088537,0.11886237122729042,0.008240806198195116,0.02021555304174582,-0.04263476971481617,0.004717784025735908,0.010293155320834713,-0.012115676107485493,0.010921733868429095,-0.0036004428622339797,-0.00903135456417325,0.006834051992850302,0.09543575719304838,-0.021045922932497504,-0.017590874428076667,0,0.8416438291825138
77077,0.18681397432121327,0.015185382714184808,-0.05257805315474008,0.039204408618625654,-0.13941132184476188,0.12224237909528973,0.005354246991293952,0.021965117043666528,-0.0277025913975994,0.0049343500998188395,0.015297338786124952,-0.010151999422175881,0.023990657603684917,-0.0013240506123010547,-0.023052156710180672,0.008030129125042607,0.09933163437369513,-0.04679080343929571,-0.011836559243639659,1,0.8551971545973347
77139,0.1953983230165571,0.023641861084242783,-0.041765616548638716,0.050508853778067034,-0.15187184111202703,0.10980143563171761,0.008733992903371098,0.021766850745336245,-0.03396440093037051,0.014991803150007975,0.015059786515270469,0.005293872427510412,0.033733380735220045,0.015822243045663386,0.0016132158649052764,-0.00603542617896433,0.07988659497268145,-0.03544689395585614,-0.022366013446907085,0,0.8677024060433147
77218,0.17495438016588402,0.020584569867556916,-0.04349117965330928,0.04519808212785501,-0.15315593841550929,0.1073169941165346,0.007139115893110503,0.008844651748528736,-0.03905427902654925,-0.011724378221262795,0.011427106110734917,-0.011576750867275007,0.008011250220275918,0.004770356991751031,0.010788834004904073,0.010104025430606888,0.09924139384468142,-0.019084568762330077,-0.01908278080090438,0,0.8055506362695641
77235,0.16866942936817997,0.01668131848168688,-0.028132038850791984,0.05258943870854703,-0.14062724556850598,0.10593215224273711,0.006102829994974413,0.016354816963367408,-0.017738178433526357,0.012100735979287913,0.010083765731163425,-0.006273728194051239,0.021561664016691278,0.010150506592351146,-0.0004308787167350919,-0.005106946157560219,0.08525034561231008,-0.02788323867596748,-0.013109726721262847,0,0.7447789850096979
77258,0.17730706267801596,0.01935198039788583,-0.04283456899213501,0.05270198161193443,-0.1632653333478219,0.1101691357462649,0.0064674123303555715,0.015045390308889768,-0.02590863234815202,0.018641362867558863,0.020344380151406948,-0.010972645132785976,0.019475576599330288,0.007486285501228057,-0.016637161276267808,0.000927007177802477,0.09665465307028014,-0.024325721039108014,-0.005721828488106155,1,0.8342381190653301
77279,0.18707604116319798,0.003046162400472659,-0.04367393071319839,0.051992712425881,-0.14965737930585485,0.10561607328038496,-0.010325407394890166,0.02009794340455842,-0.021491524577692336,0.020507371022235786,0.00856674140078343,-0.01948937352804581,0.00790742244372992,0.0018610708457273322,0.002678491742561231,-0.0022881228023657377,0.09526162769784073,-0.022192098705671903,-0.013890340953287136,1,0.7876198358083798
77282,0.18828265686942577,0.020279708645127802,-0.04727596333593836,0.051063804994954484,-0.16146694390706612,0.09003146016117063,-0.00017819932612371056,0.024737835979102233,-0.028592555538424647,0.007748946435689683,-0.0005202247800091907,-0.0034714078196309514,0.018797883885767686,0.0057540812151080116,-0.00041357583263216125,-0.004235443176954178,0.09070166594212863,-0.036152955393446706,-0.011122533342538881,0,0.7908278465812398
77313,0.18652998943291352,0.02838034962311121,-0.046773708475776825,0.044150704028404465,-0.163988234279032,0.12439681513161356,0.008913931830891512,0.017520113835778218,-0.04083017986050301,0.005590128934354218,0.009725020488468168,-0.007553028669746385,0.020892834640201,0.007371041698636737,0.0073584783691816695,-0.0037288346997048603,0.07565907206039132,-0.03646011640906575,-0.02403933042728987,1,0.8598619128950643
77329,0.18534140557726217,0.029285328896369874,-0.040704225898236225,0.04749584501759374,-0.1577596861074695,0.11885190962026056,6.930022885550981e-05,0.023611784569093245,-0.04362442752223389,0.005286520870383461,0.02533540139171043,-0.015373015598276064,0.011900199484018156,0.00201494768160437,-0.012164919760759388,-0.0016124321925329182,0.0946078987772352,-0.03060791455115247,-0.004245580262795728,1,0.8498927440078429
77343,0.1829851203504939,0.017049081708931546,-0.045587731194632275,0.04680951595558742,-0.16830706641282325,0.10629084935523805,-0.002581041255295563,0.02297198447475772,-0.02523537465191079,0.012806013308936262,0.015485548237019297,-0.005474485233119949,0.027495728737608333,0.003669298226664933,-0.005936549773449007,-0.008609883097590322,0.09050351870111621,-0.03263635748159584,-0.015909575984735247,1,0.836344724141506
77366,0.19551157153499613,0.017677293642854038,-0.043768776912002275,0.056914747890884715,-0.1603869945777076,0.1143024664424754,-0.012145994523609423,0.022781367152867677,-0.024640197689275938,0.005290424604374369,0.012309416533454144,-0.009026643497880082,0.022478436176142223,0.006221764246867485,-0.013521262743393124,0.010679179166953833,0.0990082436664396,-0.027887478326981942,-0.008480615358441208,0,0.8630328746876011
77369,0.18357977734672296,0.026464952200839147,-0.04540817722689513,0.05758216069165263,-0.17128422334998442,0.10646910434728675,-0.0015351912797122909,0.011148092342820938,-0.032846978849667106,0.013052282638972533,0.020521002489295642,0.006448167426989554,0.030263895049186595,0.004101358706403832,0.0027373002608069626,-0.006929950327476225,0.09261247602647452,-0.033655948225297556,-0.025970982396334514,0,0.8726120211828193
77419,0.161652288521841,0.0247109018735603,-0.03295945426748378,0.04643629007032385,-0.16505948776432428,0.10019935469998088,0.0030976566418512504,0.015315988026199396,-0.03427810746730285,-0.0015787155996931158,-0.0005360847454715851,-0.01962154864629901,0.017446571510288545,0.003006831398586798,-0.00531336264013807,0.00477737700588333,0.09119009106777153,-0.039526058984132716,-0.018883243592366643,0,0.785589414523499
77608,0.19141501290671192,0.022338457839600166,-0.04825554631137377,0.04453283034410007,-0.1698516617214731,0.10734434462034703,-0.002601965731303726,0.01957209633222934,-0.013364786528804646,0.027437239769989442,0.027540202178084533,0.009054457204913243,-0.003432804534655608,0.008269441753728617,-0.009766481159528351,-0.007716600386239596,0.0742482444556037,-0.03736831956345923,-0.0024523401777657803,0,0.8265628335199119
77610,0.17489971739698126,0.02324619804244052,-0.05344599329526786,0.050032023836147674,-0.1577421266041275,0.10970580070029887,0.006488969001659084,0.03166178418356591,-0.03353295997339579,0.013059175758255945,0.009817366254054069,-0.009500907749035838,0.0071668755721667745,0.006541496581774227,-0.006170568051534819,0.006307298237335574,0.1049748496519246,-0.03291888340980738,-0.012495207946481846,0,0.8497082022462555
77618,0.19010955001214197,0.027771646288888178,-0.040972645172900043,0.04780817344190553,-0.1567044662730433,0.10359823649852826,-0.0027169390729919864,0.020843486482073882,-0.022287613235020456,0.02028679539138764,0.02058022522794612,-0.014295255168659551,0.013440242608119867,0.008134222077148439,0.0003894126946086084,0.006039466068079819,0.09401641413954963,-0.025460024550657784,-0.01340926779401674,0,0.8288640821976678
77634,0.19023680848954308,0.01942571629216198,-0.04816007717359954,0.03540564623684832,-0.17155436445689937,0.104074545645209,0.009036843463037948,0.013018572653934144,-0.020990201410689902,0.013489913778031522,0.03372555035413388,-0.0049300848426728945,0.009455524206406826,0.008005479163972621,-0.013232467729935783,-0.013538902873130655,0.08332726708671614,-0.02593376577391522,-0.0025195375291499557,1,0.8200612691599888
77832,0.17653583409884122,0.01697353746839747,-0.04060817216036171,0.0596666645273945,-0.15719844866190574,0.10718290900566048,0.010551260785628378,0.016011336415542046,-0.028892588689173628,0.005767911124805418,0.016988672220573316,-0.004526023068238051,0.023248625245128225,-0.006824827936288217,-0.009699388422818752,0.004346272323748017,0.08687158163889656,-0.028429709829065505,-0.023163948308599414,0,0.8234877119310666
77885,0.176582408812647,0.0228778160506362,-0.04204926183047405,0.05936441366373793,-0.16139025328655862,0.11855990038640765,0.003534693055225712,0.012064437035211522,-0.024368129618986024,0.021597877370645325,0.0026523332192738857,0.0010444948238170842,0.015795285170796935,-0.009520856184169129,-0.013936611159929824,-0.01014891169606759,0.09355237416320675,-0.0264676603829136,-0.012132053472501141,0,0.827639771383206
78004,0.17919866276948512,0.014860056947463864,-0.053688406867689505,0.037321485121196755,-0.156140893094429,0.12025289500414914,0.006047521594752459,0.01727848379534933,-0.01994594372585569,0.00518969713420887,0.003173182272895961,-0.004209953303885246,0.015338584574198889,0.015341594975820712,-0.007801705430374952,-0.0028369556357648483,0.08648199701094313,-0.031672473975307244,-0.019808297140543267,0,0.796588790374314
78132,0.1929615727413987,0.021391760430085758,-0.04842251450431083,0.05217262092950496,-0.17460022809930062,0.09857049560725124,0.006565716134215394,0.020561634428235744,-0.03128012475873006,0.026848603331454907,0.017088237406131548,-0.012865478667807103,0.021794372826970988,0.0036462822386097863,0.000526956709671654,-0.010608144327032,0.09666378962307523,-0.03900111126412582,-0.014387569211086384,0,0.8899572132389987
78174,0.18510189142112501,0.022077275519329035,-0.043536752346247584,0.03519068058484204,-0.15442182572379623,0.10864569078634098,0.008869284392552057,0.012056902787697043,-0.027814290534778522,0.006385751822641731,0.010579119694265861,-0.013595454081856365,0.020813859079836298,0.005857408949453754,0.003661317909587822,-0.0025562480032132397,0.08772277559287507,-0.033976020976029246,-0.020496665503732206,0,0.8033592157102001
78213,0.18319490016727605,0.03257001447255202,-0.042989170176336806,0.05033091343963665,-0.15885488311116866,0.10783344707314618,0.0006836967339992019,0.02414653039002421,-0.036617493518492375,0.005185157088294081,0.0026192882080055668,0.0022126192899818917,0.012782118931491374,-0.0030551658950279683,-0.004340692654739261,-0.010475358146500316,0.08813234735541196,-0.027891772800855794,-0.0023233034370462855,0,0.7962388728899866
78230,0.20003361992906463,0.017961058060362002,-0.044634103923798615,0.05265460230530949,-0.16689867717480142,0.10844096669878296,0.005238807356492033,0.015119380392476343,-0.0207194422239912,0.012658049770950813,0.013583275442583793,-0.010661824956353289,0.015270217417206711,0.010650565115845905,-0.0001313091084904162,-0.004395088519908764,0.0977983152605644,-0.03098474392010646,-0.014696108232195738,1,0.842530155809285
78356,0.1801306886072765,0.018725530585644034,-0.046179313723661755,0.04642029029276216,-0.1472209258670863,0.102947712763452,0.0060404143229823015,0.011924373073209042,-0.03824214601577175,0.0055468775902981,0.009844397631781777,-0.006417216077031858,0.018390214035533987,0.008146422688281174,0.00016204930616366904,0.001392684525259384,0.0945410056653671,-0.03955986176818077,-0.012364568072381276,0,0.7941966926121249
78360,0.1789773813925865,0.011409122071337563,-0.04620155891951337,0.05293929976837617,-0.15386588043278854,0.11376294643573748,0.008815413848131799,0.026437396614131737,-0.035565549377674796,0.01671640184731,0.02058271530033239,-0.009586888772611843,0.022145406332896838,0.00839560603485402,0.004316453753302902,-0.0066218431795181075,0.08866693899439314,-0.034462844835774095,-0.016942421761216242,0,0.8564120696724875
78434,0.17743654429708644,0.015539870777503725,-0.043504906686615066,0.0589327048124877,-0.14880829188628117,0.11084347890132278,0.00899220600992919,0.02313339266883638,-0.01880590977738853,0.023713151069608102,0.01774967651000234,-0.0032192938138883914,0.019631995613430056,0.0033079814241550693,-0.0006242198394923377,-0.006160437192076788,0.10131314937960226,-0.01825440444745693,-0.006463467096916674,0,0.8064350822040799
78477,0.17807205856974792,0.024729830457882834,-0.04128671675453312,0.05412930995839531,-0.16162768004523928,0.11349776380447801,0.014953285299051801,0.007187277347516218,-0.03622754890611006,-0.013305584924115604,0.01133863057660589,-0.009981373332827954,0.024954779133654875,0.018973345669310797,-0.018851281417112283,0.002968462574177919,0.10109549531393755,-0.0463695924998214,-0.015832388360475003,0,0.8953824049449939
78485,0.17931446709795418,0.013663007527398982,-0.06331766857959449,0.03241302263164286,-0.15496736148461598,0.10300534361690471,-0.002413783233633229,0.020278847879275332,-0.04048762350755443,0.007026969274471812,0.0068039717109833085,-0.013049419756354302,-0.0019510818950723569,0.007728603034489018,-0.014583836476571741,-0.0038267834834684682,0.10101012189181177,-0.02908975511287609,-0.009414683323944982,0,0.804346351518618
78579,0.174902876102469,0.022380892410485912,-0.042120894465426946,0.052862846782737324,-0.14402745723737978,0.10215161719257373,0.016437677196097518,0.009930821370167616,-0.025141865953954567,-0.001067788067333234,0.009833431457822997,-0.008386635696123591,0.02061316105372828,0.0053543865687371225,-0.004827216877939302,-0.016496519157652347,0.08708971445682322,-0.033727450448793696,-0.02097562941228307,0,0.7983288819085292
78771,0.17581596302537303,0.027302280634653925,-0.0654586531520886,0.04504196049878566,-0.14482048901078085,0.11119756830087577,0.005433044888426894,0.018363549461389145,-0.038634875174073484,0.01755910766819038,0.02074439075143567,-0.013834304600388212,0.013678502177179844,0.006853773188824887,-0.018704069807338446,0.0030492560272870678,0.0973112278320028,-0.03213058492434132,-0.002824958082275146,1,0.8587585592057111
78790,0.17649075688354762,0.024675411319817563,-0.046816394701688684,0.06121404493987501,-0.16641360489384965,0.118657290248103,-0.010636210718728632,0.030123643363637844,-0.023910036926134352,0.004258376366881425,0.016821222058513156,-0.010567204871677324,0.015379656056742883,0.004330796167143418,0.0005826866703455972,0.007173076632143827,0.08301543746204364,-0.0348000090209255,-0.011923038371730947,0,0.84778889767353
78795,0.19584210102312916,0.01344782101798892,-0.04961888770938444,0.053696241659720347,-0.17047000262147105,0.12340453668859011,-0.002107536492248761,0.0103883115531615,-0.030768609931459676,0.003937829693014372,0.010673833677307638,-0.011291081494440993,0.010968917859501324,0.013870580927954132,-0.007678490419416784,-0.006390676657367465,0.092656876505903,-0.023317323821716696,-0.02622153954135313,0,0.8567511992951294
78813,0.17565957361327167,0.024293193584847272,-0.05236313410483588,0.04741216852099567,-0.1665965850910166,0.11023220160306411,0.011935881661298685,0.024775296154517137,-0.03112577850168614,-0.01179309062759169,0.004021799359089351,-0.005227094397718124,0.020346320146753978,0.003837135322993687,-0.015277769037493503,0.011236355832957144,0.08114755563623305,-0.0366874542739945,-0.00924659515204738,0,0.8432149826224056
78887,0.18091879876716024,0.031557385560858235,-0.04321344126094725,0.05131656217622932,-0.1519506407985067,0.1135396384627271,-0.009609394888878287,0.012612990128821382,-0.03325150532997453,0.009872912727665202,0.006588911521341868,-0.009915739729648963,0.016428847440859887,-0.006261747289097647,-0.009895115416052511,0.007922901413742961,0.09883622485763885,-0.03175048954655519,-0.026613011327642655,0,0.8520562586443488
78896,0.17445839166626742,0.031266763183425215,-0.034853227568593166,0.05000335170085147,-0.1568549856063725,0.09576324241051742,-0.0050676520151640425,0.017899460684180336,-0.028849431782351633,0.01202509630297912,0.0014043711662669641,0.007739199162997902,0.01172220677751177,0.012152725914941827,-5.3656701724924136e-05,-0.00913151870996987,0.08851550837049403,-0.03095148456657894,-0.011661879455230971,0,0.7803741537464195
78944,0.18501770351102131,0.016370991372029943,-0.04699379692401611,0.048923351499826254,-0.15222632477246964,0.10402974760552179,-0.004575617478831596,0.015940650647915264,-0.02254698473613112,0.005102755047081955,0.013075076935256624,-0.002014804268899035,0.025290312425385278,0.0036762930691669497,-0.007586730428930824,-0.008923274445709138,0.08564264913351372,-0.029701891763713673,-0.02102991051621296,0,0.7986688665816332
78984,0.18267507999312432,0.023605542610664602,-0.046166255727493916,0.044531896275469114,-0.1693844538719653,0.11621689876310709,0.006435653445281082,0.019413625484524622,-0.038557845185881845,0.019355079339152318,0.01990067234690179,0.006556654506892342,0.007276979368032355,0.007987214404352617,-0.004108205788286249,0.0017848861881945004,0.09836149364749641,-0.033283200042136515,-0.020355385284454422,0,0.8659570222734114
79008,0.18947300535966657,0.013085333010182318,-0.04247719636807981,0.04839001330573975,-0.15303020258645275,0.12068473169071493,0.0030019916402351564,0.02540546189738367,-0.03530445157782902,0.007376480644777559,0.004579095109427459,-0.007611071801094135,0.02121489959729228,0.013233877607906789,-0.005642316225917913,0.009470418562143947,0.099829863478735,-0.03015079217042319,-0.003909059359224225,0,0.8338702619932264
79091,0.18717643994065905,0.02833377175885928,-0.04690252240682311,0.044198664875274456,-0.16102685657968635,0.10485077719485761,0.0024000352225021894,0.01940679341304357,-0.03773069253715522,0.008635009311110815,0.00813161132694792,-0.0019244138961668088,0.016660363588018864,-0.00800371876782615,-0.011979144898183993,-0.004274485036155748,0.08681267414119907,-0.027299827929785112,-0.018374185904933987,0,0.8241219887291893
79196,0.18898155526791752,0.0076867406215094854,-0.044403360322086555,0.04260945614853599,-0.16182881094523877,0.1150997998438203,-0.004830222293203515,0.018807879900327562,-0.034979378483329514,0.012121828909341253,0.009655935947383855,0.002678176577818548,0.011000476293913186,0.00885210602432031,-0.0005173836762136493,-0.0015380080247145169,0.08918594847698474,-0.01983374723031457,-0.01196205242538388,0,0.7865728674123577
79226,0.17609055466567466,0.016040831952453167,-0.05327825562722136,0.04046353458029889,-0.14895193334660414,0.10982322906315407,-0.013936511995645152,0.012255585305271918,-0.02661075365313147,0.020923138394965235,0.008114444847711504,-0.004131421992833858,0.019162338717924828,0.005717718633695065,-0.012280857593411389,0.004259958216628756,0.09218553588467529,-0.023729198336856726,-0.012998082594170778,0,0.8009538854023283
79266,0.17844012495955908,0.020764148853447215,-0.03167751227839619,0.05312373602877811,-0.14199644627881763,0.12017024786701781,-0.003121542186980451,0.03394221852483388,-0.03727985606982659,0.00948496288617194,0.01721540791207552,-0.0005847032162300494,0.01775756276973106,-0.0060534869467861,-0.016975844702967632,0.004539120492128732,0.10669011188496548,-0.036152122051266875,-0.015467385370735543,0,0.8514365412807159
79278,0.1736199677779163,0.02413742028885852,-0.03167439741011106,0.05623740961925692,-0.14301270453894735,0.1031835911520775,0.0014702642651466893,0.013626906888738832,-0.02519004120276542,0.011457069847864805,0.013049034916660726,-0.004249439697507792,0.0020717212916221083,0.000608127908580089,-0.004196912814222639,-0.013337802902373139,0.08899032940330769,-0.037519914499763274,-0.014309879464093152,0,0.761942935889814
79299,0.19270051339765526,0.012350554867910571,-0.04576939885677181,0.043335953700594995,-0.16131933694346196,0.12096745176625064,0.0006697970532792854,0.01940414558573979,-0.030113260703348292,0.014099232692964902,0.01485564879367655,-0.004357113445938286,0.023646022745494072,-0.0009262989102568642,-0.008347273639187415,-0.012792573145671338,0.08630072653411273,-0.03243871889295582,-0.009860518750810284,0,0.8342545404260808
79386,0.18116988132310324,0.017211811735761896,-0.04457888723820502,0.03293277269481612,-0.16544277123698145,0.09619224406193307,-0.0007286705901406184,0.020270380017424174,-0.03011903148259,0.01688281014013335,0.012588020641622627,-0.007766290576782929,0.013566552689547286,0.009929567015730912,-0.0013464923473358265,-0.005004665459192477,0.09125903436783492,-0.020156545795807262,-0.006000132754144304,0,0.7731465621690875
79398,0.19492163943907836,0.024461571730007955,-0.036645044829365106,0.04128340428846543,-0.158215624940607,0.10713082881218908,0.005495542761864375,0.011397118444560265,-0.03403253146431604,0.014967540863180273,0.023080778480777327,-0.004556704361453318,0.019339723984288487,0.000989471918877517,0.0027836847714557953,-0.007909077407126958,0.09836816759202241,-0.028192160408674925,-0.01838266476966591,0,0.8321532812679765
79459,0.17499168799693962,0.012834387715597377,-0.052299619113545526,0.02916371543587189,-0.1713520012461925,0.10624937781790415,0.007504583001594298,0.026652443675152192,-0.022014288620762556,0.014684678358052525,0.00554079605227119,0.0035046119467599594,0.020594251494726205,0.009364009687606858,-0.012128359032917967,-0.005876582010105022,0.10455079712381944,-0.016237938871635573,-0.010864770905649546,1,0.8064089001071044
79480,0.18508203172330676,0.014212104996006942,-0.0626805659550214,0.04148475966133369,-0.1616019731018373,0.11539472524902217,0.008411448185930178,0.021421013212114277,-0.038274326311782327,0.016027670413941625,0.02004762779316375,-0.002571445415744916,0.004937187042555134,-0.005615797953098692,0.0025824172186604834,-0.001535117580584855,0.07480316957781048,-0.016893574109754356,-0.010581483133883277,0,0.8041584386355526
79502,0.1876398457842864,0.019602253455886707,-0.05193952785109182,0.060337093271470084,-0.155942566172428,0.10890581690449992,0.006519289226242292,0.01585975159647336,-0.027797733746322235,0.012575027865703576,0.014640885089318953,-0.0141057349999857,0.022719849713431377,-0.00467137242187535,-0.0008607143997159253,0.0054353315544789105,0.10069852693969947,-0.034243650968414426,-0.017247836870907553,0,0.8617428088322321
79539,0.18601561265769848,0.020651988027122523,-0.05638403826398241,0.059744073020761346,-0.1654564120199855,0.12355865732779327,0.017210617324003138,0.017396791694202517,-0.028122132981737297,0.01608732226493489,0.028449408930441997,-0.007059611835322615,0.024353468489781066,-0.00045485839285088484,-0.0028013326642013165,0.0005178718255892567,0.09588717417678173,-0.03157440644992764,-0.016281604673920466,0,0.8980073830210383
79714,0.18627274764357152,0.01703994740557055,-0.04604444985793346,0.05994746564204605,-0.1629176971508588,0.1212376524235723,-0.005709440136611937,0.02474167130326202,-0.02731224276024203,0.015661288789521367,0.020321274420119106,-0.0050942693077927195,0.004246141608218289,0.006217328880128817,-0.018522531754842687,-0.0026777717059245356,0.08623078262050549,-0.026048552157117072,-0.014217283401488772,1,0.8504605389693275
79717,0.18720041387878097,0.022216907301573698,-0.05453341407413917,0.04962042934035168,-0.15475969735474554,0.12111744082403082,-0.0034869549335964146,0.012628172910684033,-0.019094218273493016,0.004354630903161619,0.010022853024499581,0.006472797127005398,0.009172585461388992,-0.0032599745736775583,0.00012960245936493133,-0.008732452228251848,0.08412673087997039,-0.027124695217727226,-0.017708937946112252,0,0.7957629087125552
79757,0.18983373020877573,0.018293215982970585,-0.049877728973635974,0.049874043437848306,-0.16840704251306404,0.12067300821749032,0.008422470188337904,0.014755814302933807,-0.023991718405699462,0.02234538107281132,0.027071310894710675,-0.003049531193646575,0.019808018805406575,0.0200903141323355,-0.015749508169459917,0.0004518694897676629,0.09861342706161716,-0.014780039929043764,-0.015577357299330824,1,0.8816655302788861
79875,0.18319772340310156,0.02194623072807018,-0.051010658667715904,0.04781732872656094,-0.15264206953555381,0.10875641937193879,0.003085937121145871,0.016539034214792615,-0.044564335154648416,-0.0004387578576565552,0.016510212064931102,-0.001046469123592706,0.0082754535869637,-0.008357164178313751,-0.005635715357845437,-0.011230688222348505,0.10720107028918714,-0.02684990408564243,-0.006196082962493535,0,0.8213012546525029
79908,0.17967037070990063,0.030864627839374853,-0.03037264381260004,0.039675400213213946,-0.1448657625666973,0.10657840411466274,0.001280498877901421,0.016823213635569725,-0.035445247980836266,-0.00325272422350346,-9.740131077466452e-06,0.0013927814349905083,0.006838082434789689,0.010569350443292429,-0.01331243848224787,-0.0049616100159752576,0.09094997434305273,-0.02260733774952201,-0.018815386158624815,0,0.7582855951678331
79920,0.19720663306190975,0.032835894707520345,-0.04104345042804498,0.04528481955115536,-0.1567956689634099,0.11458994284626745,0.0023643091883965637,0.018273448927756675,-0.01930283195903095,0.010551903541338675,0.006996526038730968,0.006031566512181039,0.018783586152715918,0.003627727989968204,-0.0048756517991221235,0.005553093529513514,0.08128206032467246,-0.018419240366872834,-0.02183497176449732,0,0.805653327653105
79947,0.190269711393097,0.011177730548099883,-0.051060723164695565,0.04315945479874815,-0.16512079609907773,0.11446307786994277,-0.010128790903696385,0.020314990836074784,-0.029834767674614262,0.0037726822562257137,0.01079972717279052,-0.014461904271310744,0.004907354142040055,0.00902240189914156,-0.00039779939760738756,-0.012143897804392253,0.10168847393625766,-0.03702595098270427,-0.015692535031026328,0,0.845442770181543
79958,0.17531685345866319,0.011607248587812454,-0.03499200658856984,0.039222747207923014,-0.16551404650992316,0.11658946789332258,0.004194606468657869,0.010935863483316146,-0.02776452470917432,0.01945239365878823,0.020941325396413593,-0.00777756847211326,0.007608615806267343,0.010707795754835046,-0.011448075811506565,-0.011001605192291364,0.09422458594512444,-0.01924193697667748,-0.0065959974150626155,0,0.7951372653364425
79984,0.17260993345246606,0.006316843224735403,-0.05464330147243412,0.04896514972893567,-0.1682046872081058,0.1266102461251917,-0.017382541604499736,-0.001379956613274657,-0.02373310191375123,0.00538206771098062,0.015430595720947295,-0.007532346208734747,0.0038142729249215726,0.0008716776276662097,-0.00621111283009747,-0.001827736600085445,0.08224732294946986,-0.028095148153108627,-0.018605194212498868,0,0.7898632362819051
80126,0.18133998608550977,0.02153588943968235,-0.05536665404330629,0.049943434241588376,-0.16279087545615786,0.11148591633313099,0.012377772861993213,0.01983851524130332,-0.02912676600294967,0.00864872038026704,-0.0012130893470240725,-0.007953097002197209,0.01280301555434007,0.0004411217775803019,-0.016920802867993794,3.60662021688659e-05,0.0955298189443427,-0.03489977088792202,0.004555930508238555,1,0.8268072431776965
80152,0.19364969407277544,0.028778104788413715,-0.06637767349162849,0.05442060366973877,-0.14600762291747338,0.1191635352472409,-0.0026086315433638215,0.03143801037315589,-0.04038145657519222,0.013684393737517668,0.0145829875282148,-0.016201314109745256,0.008986982132073792,-3.517059655918731e-06,-0.0017980863925030934,-0.009163654153743532,0.10186283876395111,-0.034038763397644445,-0.00810735514567105,1,0.8912552250997032
80227,0.1983214995607426,0.030706295028800068,-0.045108326132351856,0.04391284558193043,-0.1510298003105839,0.11376467024768865,0.008975426067535382,0.01883227946086292,-0.026917611615480834,0.025388637639931096,0.013431876374531743,0.0007379747866723898,0.022024346603317233,0.016879806627833248,-0.011597612580640203,0.009252035329650963,0.08443392432406097,-0.03763920512040102,-0.014533514674953266,0,0.8734876880679687
80249,0.167300319509319,0.010469831739785907,-0.04176888101608768,0.045486632643955686,-0.13803034395703948,0.11083558287601288,-0.007483512183323821,0.01572940808425839,-0.02073675448572897,-0.005336172981355807,0.013217628738977248,-0.0044745799263759605,0.007194114123475902,0.008250700912097118,-0.014872171917192822,0.00277010453415026,0.0901186732606446,-0.021631287316535113,-0.01480179717558616,0,0.7405084973819028
80316,0.178200278627809,0.024564116361717788,-0.04326127825200243,0.048776041068675405,-0.16040835597217612,0.10897108492922361,-0.00484226766003092,0.028013852884299487,-0.024456571546133076,0.0019688178802240155,0.01842179188921162,0.003455920644335731,0.017933393275583704,0.010119369151769654,-0.004877950872773399,-0.0056370921131126414,0.08575080690068627,-0.040462754739119804,-0.0065271272929628395,1,0.8166488720618476
80367,0.1992965205127421,0.020720362416145638,-0.05147867647336558,0.0347247573119702,-0.15512838302227303,0.1091829505887501,0.008603195874901446,0.01647948765711682,-0.028243593739803993,0.015349782468991763,0.008640465082596657,-0.0040357695712827674,0.016331885270284834,0.005799855517830139,0.0005305798105009236,0.0019097694595539684,0.10267651583933371,-0.03436956041962056,-0.018982935823013594,1,0.8324850468600778
80437,0.18864812510016984,0.009799598090751087,-0.03378128468803841,0.03909059555087546,-0.16363913210435757,0.10569332146421602,0.007142461928801987,0.014355872910238567,-0.02953478971857237,0.015842332770379247,0.03953297907256736,-0.011945938274181413,0.030151720938670447,-0.0061818045251370735,-0.0011388403146834576,-0.0028624613219463547,0.08593554780004387,-0.025614592456793456,-0.017143573064591223,0,0.8280349720950152
80502,0.188632700133889,0.03500250545940164,-0.05234363304307126,0.05956012998360166,-0.15316494026050434,0.10400742792133658,0.0015530117840763383,0.022225412555585595,-0.03137795199986942,0.013501240126062424,0.009041097317063006,-0.0015838802610516982,0.019833896472833106,0.006165397840424913,-0.008147719649913843,-0.009697958674263287,0.08731551058500855,-0.028344331519006453,-0.005463877389947421,0,0.8369626229769105
80508,0.17820702196141097,0.013570535688211635,-0.04877324357095191,0.05622745333233286,-0.14580737104597866,0.11317379493409137,-0.009793412272738543,0.03149870650558635,-0.03324153517345037,0.003996007983289936,0.01773184287426952,-0.014100091931516625,0.027168018530609798,0.0007706737831074635,-0.005538183502838949,0.005729645150943582,0.09589232666177308,-0.02731355335597659,-0.02777622920484044,0,0.8563096474639187
80523,0.18101121998015443,0.01258068567470293,-0.04398327485304364,0.05812695275720802,-0.1573973948937407,0.11035390305352956,-0.006668036284707668,0.023001458713560054,-0.038639952519473025,0.01451407472006594,0.021523658456035412,0.0005611489612822778,0.003222712435142694,0.00543298162842951,-0.015120530289091091,0.004464651016170228,0.08859876458491836,-0.04093950659383058,-0.009655643910947417,0,0.8357965513260335
80585,0.19109742019609557,0.014730858206707373,-0.05665020461750764,0.052967101131032195,-0.16680968119117603,0.11874840425555676,-0.004719742125283116,0.01747630975005406,-0.04199892740947698,0.015558334514059288,0.0190838787287797,-0.0124005168681489,0.018685621156742608,0.0008076070180851746,0.0025183309958508315,-0.0016706326602862322,0.09443806269669311,-0.03558016387052868,-0.02024487823633841,0,0.8861866756284027
80609,0.1767131828202932,0.01123454658652693,-0.043650715642658176,0.04871725527694211,-0.15080299804231714,0.11725182797188823,-0.008002828326468791,0.01754545580612697,-0.030948350242790666,0.015891664219842012,0.02034254396003165,-0.006604806595066244,0.022253771451037175,0.0018871007504414558,-0.012651402769007409,0.009934442813982449,0.09684938979537208,-0.033525400758497505,-0.0185063386940131,0,0.8433140225233032
80669,0.19284425963153035,0.016716394746249856,-0.04283762233469713,0.04732302052672559,-0.16302695105189968,0.1098071725112752,0.0007684974285493921,0.022693606326424552,-0.038247868478989554,0.006801367511609103,0.0216398452290216,-0.007537635578383662,0.019426654952658457,0.002644788783028478,-0.007204019985824087,0.0012055834362970992,0.0940367611887802,-0.04146105558071498,-0.016121054406201683,0,0.8523441596888607
80894,0.18115008534789992,0.02433321687269127,-0.04658407582704951,0.04857771781186805,-0.137573744168947,0.1100553846249326,-0.005428533176109481,0.017119263412892344,-0.01878855427804209,0.025699731047262427,0.018187576355048203,0.009316449004748662,0.021981254565932792,0.011271373850395623,-0.005403875752265346,-0.006055951152595909,0.0933219931144035,-0.04332715652610924,-0.00838592123671194,0,0.8325618581259059
80923,0.1802797846749728,0.013887505122587756,-0.03888301014324865,0.04970304679636239,-0.155954641581642,0.10700636606261374,0.006038210979450632,0.018240151594384694,-0.03233945190926693,0.0020368911696786833,0.016892383146093162,-0.0002646324461953402,0.026583414585309315,0.020955377508798348,0.00400085650684931,-0.01320057818352721,0.09205440721841031,-0.030421582847085224,-0.005351953957092505,0,0.814094246433569
80951,0.1864575195651079,0.019926231592082785,-0.03977558765814648,0.04447881819245992,-0.1558676600377106,0.11086261557566564,0.0067131720604938876,0.018904160103301954,-0.01499296520145623,0.008838440225092033,0.02621991784043826,-0.007601508430737847,0.012822592926115596,0.0009678341290034806,0.010601334798168141,0.0027892393120335394,0.09471820727211058,-0.035381357259897,-0.016354281564480436,0,0.8142734437445023
81049,0.17733505477458464,0.017537477186463715,-0.051454515694847436,0.05030481482826816,-0.15975158299891792,0.10969106465075029,-0.0033267878759765434,0.028210729156712185,-0.031048890565330934,0.00273810391978102,0.002798892268664422,-0.013164264264536407,0.01189680055869079,0.0003003428871811356,-0.014314235821395764,-0.0062669934638551385,0.0945336464988836,-0.02839470552942606,-0.00437034685033484,0,0.807439249794601
81068,0.18444457148459645,0.019216592629795495,-0.0486938204520806,0.053682822955649925,-0.1538390531480431,0.11748221303967045,-0.00015004152173644803,0.02785316658682906,-0.032613618863659176,-0.00050983129517718,0.004330360947600803,0.004425606308766138,0.016252408183155286,0.0196506833397303,-0.012294885134797469,-0.004805704905078691,0.1051759941929941,-0.04074218777804852,-0.011408904913188557,1,0.8575724676805978
81158,0.1790395175875667,0.006648474968280502,-0.04797045573385178,0.05741909551564779,-0.1441838319649935,0.11119426910266435,0.0077901679652940346,0.02254485151913727,-0.03589910458365635,0.017024332458832492,0.024743692248151598,0.0008374001076310915,0.023706456480397615,0.0030685648540215438,0.0021918050902196597,-0.0019250679616204004,0.09040130637127253,-0.020202020038661533,-0.027915894207173234,0,0.8247063087590739
81174,0.18326913540873954,0.029525916864448963,-0.0581252292460792,0.03320735267397675,-0.16181644977045342,0.09411344139850515,0.007206223428657798,0.011920713779705893,-0.03306138769385908,0.02210434270399902,0.01748061912654466,-0.0004885178454200558,0.006555647322848471,0.005323431942394823,-0.01245220469036606,-0.010591197349006803,0.11819251586958987,-0.032224819987523606,-0.007307990158028295,1,0.8449671372601475
81233,0.17967935719566663,0.021289532047182817,-0.0365014141857619,0.046993816327471134,-0.15892907116273447,0.10119813206396146,-0.006993661785819987,0.01725099025198778,-0.022309983339890538,0.002508348490851517,0.005766638960390423,-0.0133552474001012,0.016514958784423953,-0.004181514890031552,0.0014731723352898057,2.5879988092517228e-05,0.0942014367423103,-0.023936532598909228,-0.014068853455190444,0,0.7671785420060676
81351,0.19772262895512677,0.019185443065550537,-0.0691028842652855,0.048397262624503924,-0.15588234428473619,0.11358075005500556,0.006953189848582665,0.026974202862892475,-0.03051249957781088,0.010902728951318821,0.0025342034394653374,-0.01422539665973622,0.014767088553049352,-0.007121553636456098,-0.012316258470711808,0.0025460178558412336,0.09034287338769241,-0.022773300906361166,-0.007060266701320896,1,0.8529008941014479
81390,0.19676797018463948,0.019636996333070922,-0.0358914108072214,0.06220409032413856,-0.16110736283357044,0.11373659678169126,-0.0016545874513373155,0.030013029922783957,-0.022517858524084458,0.0181923240892571,0.01292866810561281,-9.773716433260775e-05,0.016936016512832365,0.002282609103165995,0.002613900490990665,0.003156385605369935,0.07566985226124255,-0.024256054801760667,-0.002243510976420357,0,0.8019069622735229
81405,0.18324888139210424,0.019101473087590682,-0.052890358614355676,0.04501599930834835,-0.1657641607574073,0.11447569516978465,-0.0001132527455195661,0.0106156870308459,-0.03217777116539066,0.016474994868924932,0.004905737698491515,0.013770188936904338,0.02045262954245045,0.0028920108394066037,-0.006080043374981686,-0.001932531578384098,0.09025814584370376,-0.033118732989352716,-0.00892648859640612,1,0.8222147835403533
81412,0.18172121804692687,0.0341514705179702,-0.0410550131878348,0.04982651422907385,-0.14610886769640258,0.11936377392364335,0.0074243898938726825,-0.005649470189316513,-0.03482648417925713,-0.002768381599590636,0.009916011701307306,-0.01843476357142266,0.01394175382460318,0.011310847322932721,-0.007888916081142214,-0.004581189506921221,0.09978175941015902,-0.025483190865598932,-0.01998258467885126,0,0.8342166004268271
81421,0.1847405094738712,0.0197438558867889,-0.039834136886379254,0.050638835283346326,-0.14696400139889812,0.12652410704578398,0.011907303565475614,0.009282620126045143,-0.023687463127279096,0.010786442173204196,0.018156460402585894,-0.015256234454228858,0.019553807494351854,0.015588549383049507,-0.0023060438231518533,0.0026231076990483986,0.08671971026778265,-0.03542646786674541,-0.016059129255141358,0,0.8357987856131576
81434,0.16179840003624837,0.03032379553109703,-0.041693462520566424,0.04268171389278613,-0.1418895998932186,0.1025020629540169,0.001321708737316709,0.019831307415054827,-0.03125315988213362,0.003507570294432392,0.014916104451470095,0.005505273002187994,0.02540820885839506,0.009333520350381572,-0.010831393841805256,-0.009437657437311264,0.09978499951537813,-0.03718755701343196,-0.0018009466842447627,0,0.791008442311477
81566,0.1790039372655636,0.01759830168354633,-0.050686827005762866,0.049415644368784206,-0.16245981920365923,0.12274597535445818,0.007388747600073833,0.021710250128735332,-0.032017563367556685,0.009380321448512524,0.015565549551034296,-0.009007702049486381,0.025023357446328155,0.019150436182492948,-0.003388707250513549,-0.0026681371537895494,0.09939802217947201,-0.028348308638331047,-0.02040882588480584,0,0.8753664337629066
81636,0.18217055828128798,0.03408827152657769,-0.05223297397150678,0.03939349120199612,-0.1706459524611137,0.1159415323681506,0.0007448932333059222,0.0019559729416746404,-0.033595052720965406,0.026508687538086172,0.018585546962130262,-0.00965137662932619,0.024465753131442013,0.0024983133533695977,-0.005519703099433587,0.0035473273057351905,0.08754710495469313,-0.018416871558483528,-0.014866415599465261,0,0.8423757988387437
81677,0.176952719886499,0.035227182980745404,-0.04618450501390367,0.036457001995955265,-0.1528292392114368,0.10524929563956115,0.00911550387015028,0.013083055638570673,-0.03642736596746443,0.016727021839665512,0.002202497715935952,-0.00984947637764388,0.0174580914495475,0.027852320219341593,-7.404404109222997e-05,-0.010030835975360381,0.09661986022926138,-0.018737463593822747,-0.01638972413263993,0,0.8274672057785978
81695,0.17962625996309275,0.010704933247456234,-0.049303564270843675,0.04105531074185703,-0.1473210205795269,0.10133036763139268,-0.0030760325360312717,0.002895794239786902,-0.018781560318584405,0.0037367138645538816,0.02387866315310404,-0.005418620287207461,0.022849240054015205,-0.0014564150730013634,0.01989510965922147,-0.00691300502574877,0.09081874952751738,-0.05056304640277224,-0.02624987855555297,0,0.8058742851312666
81739,0.19110971601775179,0.034174813470193466,-0.05468474400249919,0.04871184060153452,-0.149663405791073,0.10858076034526844,0.0042650639058060815,0.0030335600128237362,-0.020033064973244415,0.002722216006761723,0.024699233454555297,0.0011228353587634647,0.0002501453971124344,-0.0078105674492538815,-0.00979986852842102,-0.001508451859407074,0.09191754238804921,-0.03584388374217581,-0.021894688147892166,0,0.8118264014525868
81744,0.1805620827449239,0.017943942875925857,-0.03289615347114867,0.04897749104361803,-0.14626891032557832,0.1121952668875889,-0.008614746452099576,0.01682147589786524,-0.03644693503730862,0.0009931580408833146,0.004814356352779722,-0.006182719161688434,0.019702689242556685,0.00603734471474731,-0.007681124838527278,-0.0072740372876384995,0.1040147549181693,-0.031219422965957092,-0.01555834520569038,0,0.8042049574646951
81747,0.18689529664994928,0.025292756133742388,-0.04403451194035999,0.051077238858118795,-0.138202837960806,0.10417955358908218,-0.0027398945633116296,0.02563170768767661,-0.03248313672622796,0.013717745354048358,0.012794879062206667,0.0008622459437246952,0.0196751634392348,0.0006793821038474164,-0.012362414881006274,0.0037464032713906133,0.10219314851749829,-0.022084148453672743,-0.029534192154748024,0,0.8281866572906528
81748,0.198646728397612,0.018685133664436464,-0.05514286110627181,0.0510117133009606,-0.1632585187944004,0.10201185316261766,-0.0003614956195627666,0.02256830515780812,-0.029561952566413467,0.014353189296256568,0.01756323219501353,-0.005868331978552818,0.014210425220146112,0.004621720794454838,-0.003238555110314526,-0.005506617309396856,0.10790584034634237,-0.027358926143884348,-0.02162281102695982,0,0.863498211191405
81981,0.1858076080173839,0.009016260053005615,-0.056846030675859166,0.053092738802099367,-0.155667054682156,0.10678481763818234,0.009003933557280762,0.015801893454330255,-0.020929547224091922,0.01338891562400862,0.021149415505646592,0.01029672892623356,0.009917384360559315,0.008998287662409772,-0.005036853594296095,0.008096803588235441,0.09594485687409808,-0.030143977317473376,-0.0026047224711406003,0,0.8185278300284908
82041,0.19784056168414674,0.011613684091279816,-0.04599875120412253,0.047296763376191556,-0.14861939856935136,0.11195406320091025,-0.010394352191615533,0.02075732348162644,-0.021581760698749564,0.005773630536319409,0.009894609490078468,0.0053558310419011745,0.015834825920252198,0.0072582098406493946,9.680426657735413e-05,-0.0036867015288777746,0.09332222942510626,-0.025788963414543425,-0.006424884283874535,1,0.7894933482461738
82067,0.18312001858228272,0.022867129060011038,-0.048247536553818735,0.05556253408883466,-0.16794572147642636,0.09447312888803967,0.0013797140043181248,0.023698964303667726,-0.024003542438699715,0.0003567258025457088,0.01216002854344552,-0.00039215200775389973,0.0028324445037184033,-0.00048436635088821374,-0.013553546872384019,0.00010470273649570969,0.08321063530386318,-0.02702396926052761,-0.01825397008343539,0,0.7796708308611564
82293,0.18936410986631305,0.03451211009792633,-0.055523376251249854,0.05607339505978316,-0.14332141582452385,0.10225295558853584,0.0038890806686658077,0.018251067732042044,-0.03133959676473132,0.005056336336109548,0.022542634062487226,-0.008009910698630001,0.02153939751907113,-0.009509388910930528,-0.0018903216812825928,-0.005034046685020383,0.09925277839148308,-0.03322061329083239,-0.01812860879314997,0,0.8587111442227681
82318,0.17969302207855412,0.01841095043452565,-0.05585130488782922,0.05704982054150341,-0.14679818123503344,0.10498693360990653,0.005264597013158523,0.014352369705220218,-0.03204455192672401,0.009254328290761468,0.018172569746317334,-0.010083919163253038,0.02388717703785408,0.005143463817895551,-0.005547896827875438,-0.006149429266597023,0.08535762335527496,-0.024683692256888084,-0.012960868460649897,0,0.815692699655822
82324,0.18058569896290677,0.030737197120792006,-0.046314130577111874,0.05696062227356472,-0.16699358301698716,0.13000506105377174,-0.0015479800288758434,0.014497295021319042,-0.02057417827346711,0.003528932428970029,0.009974916300331762,0.000865025241954886,0.023186866062262057,0.016063655408047463,-0.004725660331267273,0.00014813500243041883,0.09502000032589522,-0.028360163103785613,-0.02038664744088183,1,0.8504757479746228
82342,0.17593296257022764,0.019959977167110617,-0.04968183758518234,0.047142333949585065,-0.15071811306457694,0.11149035064123712,0.0023734635715787567,0.015242165807823671,-0.029252335408753122,0.004803407171226154,0.015286162646027326,0.0016492776633167119,0.02058762235476885,0.02249358105882892,-0.001088179003022582,-0.0015545152529003663,0.09075519872121067,-0.033576435961285976,-0.01295481838258081,0,0.8065427379812437
82366,0.18662112640051107,0.01937144259128261,-0.05135697934433311,0.048621551562186144,-0.16231336674053845,0.113408240467056,0.005396898437688429,0.02793786748023859,-0.03175929068080303,0.014158502428396296,0.019287228972524537,-0.0077993884276602934,0.02055181372929273,0.010991469991454303,0.0022863766876816557,0.003124397151347801,0.08912273137209936,-0.02689544345985437,-0.000891591358219898,0,0.8418957072831686
82463,0.1796814638600174,0.02970362810420931,-0.04153391419459717,0.03414665468032969,-0.1629051778310418,0.10239032059321555,-0.00026816520242496373,0.01622070681608466,-0.025377047668937305,0.0060064219785897445,0.008413613921191575,-0.006810512094995279,0.012914980644138688,0.020919408992275238,-0.009783316980615464,-0.020314315497442486,0.10207865278039534,-0.025992355591139923,0.0029604375342803945,0,0.808421094965922
82557,0.20107406122244456,0.02985043825156794,-0.04364679724892481,0.0519816524832684,-0.16102025797226513,0.13486968394746332,0.01664300557034094,0.012179746289111573,-0.033867688122983755,0.0088264903087052,0.023341098654587937,-0.006092890979351032,0.02615424105450782,0.007028628687178206,-0.0002751573652101786,0.008554800505257979,0.09205237962526604,-0.012393188977697076,-0.005320539629513474,1,0.8751727468956454
82656,0.1699764616804625,0.01602834125206966,-0.04398610212708533,0.03325706580370335,-0.15609548831224526,0.10404153652796738,0.004927621111683466,0.022217098136474253,-0.034346711131812195,0.004577024686516933,0.011063775897703918,-0.01224466883024575,0.0011312778782303621,-0.006410092079475422,-0.0028312714844183563,-0.015267296204158941,0.09406848784444531,-0.025187866591426623,-0.004509091355186157,0,0.7621672789353111
82679,0.17534594794919667,0.009600498353846684,-0.04186606241357503,0.04671309626075895,-0.16748204091887414,0.11202688134977297,-0.0013565142603777771,0.01615235085213192,-0.018290256887540265,-0.001602578417664545,0.012499199306539859,-0.0023718235755428125,0.022330756214992968,-0.0031350961553910962,4.234423185365166e-06,-0.013215419298777158,0.09138609699646352,-0.03389516254774243,-0.01668806556792909,0,0.7859620817503032
82749,0.19198133276103124,0.01685957597395798,-0.043649949855808154,0.04791325063312945,-0.15865162887422987,0.1092198580323983,0.003169445402084179,0.01476046558673657,-0.02544510310207081,0.028386219893486254,0.016614627617958264,-0.017009128520009346,0.015482277516489808,0.0021475092206717284,-0.0004383912280780276,0.0016569787141332726,0.08671647184706785,-0.036406493550979,-0.0030599562903230932,0,0.8195686646206432
82752,0.187714093459295,0.014532103995353278,-0.05931678998997908,0.04479821559052877,-0.16031168795472764,0.10041324849542323,0.004512464386902432,0.019073743779968014,-0.03080779786974346,0.014936541303437398,0.02189711202784642,-0.009003286892630595,0.0203870094958185,-0.0012080168231373115,-0.002408330441091875,-0.010065825265243439,0.08186037595878468,-0.027985342183327662,-0.022519058447441866,0,0.8337510443606806
82793,0.1905150225376236,0.016157939721800234,-0.04126927014599947,0.05076126039266914,-0.16405589571128634,0.11181141375532067,0.00019995754069541524,0.014027727491425538,-0.03403287593899248,0.012431218685990373,0.021627770239966572,-0.02149126959781223,0.010201510222217918,-0.0005995774932128788,-0.007746687619330557,0.015275982727282032,0.09667942058875542,-0.03443459153503385,-0.03581885198935945,0,0.8791382439347741
82822,0.1854696497204845,0.027236750042090967,-0.054931573507721314,0.03748526313607963,-0.15148776295879834,0.11671796595434397,-0.007162376992180442,0.009405732751210712,-0.01559820618771007,0.017088610411937117,0.004563323054297346,-0.0003287024410073463,0.007001195651567845,-0.001455617042070124,-0.0015838267193815274,0.0013706363239986551,0.1018537652397701,-0.02418538708777722,-0.0006451554236987807,0,0.765571500646126
82905,0.20150995076587264,0.019164845205008618,-0.03871596790402111,0.05741138487081795,-0.1599931841286432,0.11813538744791574,0.005221840934360065,0.015379090140492218,-0.035883509585096056,0.011249558652762448,0.021301320662232406,0.006418101453957717,0.01866286937674855,0.006834686605113212,-0.005249713413604299,0.0019628087706511626,0.08951896436079967,-0.021119719291239358,-0.018789186272226623,0,0.8525220898415631
83376,0.1898730439112957,0.02642610998206282,-0.03486909829640619,0.049530382531342405,-0.16405950746427084,0.11081902250991783,0.003032540672442786,0.006848214215253168,-0.03333158620045873,0.0010829904854990108,0.019441035082242236,-0.004632892664086272,0.027169585803126773,0.0069187857122875295,-0.0038445518709675592,0.0013066928889139528,0.08936545348132272,-0.034896204469245955,-0.021820567413920987,0,0.8292682656550635
83420,0.17737788541065286,0.013736101419803241,-0.03617079451066363,0.05513956482844352,-0.15659936272069333,0.1181326032727707,-0.008786868375090158,0.021287070928194447,-0.029431584358624127,0.010468388058353017,0.02230817597664112,-0.007622611507618959,0.02149506767482489,0.003284634991098546,-0.01638380744494742,-0.00037096462687331974,0.09661089041229964,-0.022655932553122118,0.0011246655996346743,0,0.8189869746703498
83555,0.1889613882467327,0.013060747212993636,-0.042937144344209595,0.04079019060231638,-0.15927488788250646,0.1105584348984849,-0.004119304244533082,0.02873613564919019,-0.028651559128949063,0.01994345121178767,0.015900085096037,-0.010243243213428605,0.00894011874545388,0.008686117584617249,0.0019873750874488867,-0.00039547158065125407,0.08950986331067487,-0.028842155643880367,-0.010960362967543503,1,0.8124980366514393
83569,0.1825549444967774,0.02581078334708807,-0.042389706995402926,0.04518429468288866,-0.17538599754533782,0.1173608843408729,0.010399679635178514,0.006327312564940067,-0.029040560591179893,0.0020158702424930472,0.009721967617199281,-0.012754282531160739,0.007093077242608192,0.007362697713609897,-0.004210485790872435,0.002678894172912391,0.0918765855368946,-0.030631516917581612,-0.01610661334572365,0,0.8189061553107221
83619,0.19528347583972966,0.017737646054700927,-0.0405168135385212,0.048291286523035167,-0.15161116511967107,0.11547288814023625,-0.009312114110682565,0.001449505549747914,-0.0271085865288417,-0.003462793217642809,0.007807621825805779,-0.007961276346604595,0.019137697201200364,0.013099569563655765,-0.013640839277642869,-0.011742485176421017,0.10597433638003624,-0.03634371724553129,-0.016124639603968545,0,0.8420784572436757
83771,0.17830961497612147,0.03552724359631422,-0.046261084761892744,0.06028039382791873,-0.15203139957380088,0.10767473930472732,-0.0024976334629162197,0.015623939833447972,-0.025593003158814544,0.016601627344234562,0.01285064445305939,-0.009889324598309579,0.009659709762060474,0.011850245060042924,-0.0057228801108819925,-0.004207514750637755,0.10298422081900209,-0.02327341371532732,-0.017082687553239228,0,0.8379213206627494
83782,0.1900738675819357,0.02212450981288264,-0.045413084109072736,0.04522153310207506,-0.15818639242321397,0.11666985614752143,0.0017739830275783897,0.01685078517179505,-0.029025246481973195,0.01298963084303431,0.03616518889448924,0.008518255949475188,0.025742265421538704,-0.007972690236078503,0.0002249746880602167,0.006102704548237604,0.09843544942241246,-0.03766414472727393,-0.020174212213000534,0,0.8793287748016488
83879,0.18936545078072672,0.019724005655304612,-0.05666781267062134,0.0445469944603154,-0.16715597594896783,0.09167853163016486,-0.0020999703078942596,0.020205580631184692,-0.03612985906289441,0.01936434746351909,0.013716843672360018,-0.0009472826624014575,0.012457327949197534,-0.005414286410064204,-0.00802418865557161,-0.0064014507424361555,0.10135546913794208,-0.035846674569842044,-0.01323711544507047,1,0.8443391678564788
83916,0.2019516635865736,0.017184230406403347,-0.04613233537747125,0.04686640626427809,-0.16399042029650762,0.11607003312793614,-0.010271045959927073,0.012981609199565501,-0.017540222561523777,0.016848795865394256,0.013757625117297416,-0.008821804195720824,0.027302354695114002,0.004939756956552216,-0.012209122378937844,-0.0021088419055620496,0.08438070541342584,-0.030012593865957175,-0.011370073271211137,1,0.8447396404453592
83982,0.1872270144291347,0.02209244520851267,-0.03615495334784296,0.037319780921206185,-0.16596644350298886,0.10497175953182086,0.0017303284269343806,0.013235630174770668,-0.030842181361361427,0.009506374307241064,0.01682160722947754,-0.004184741150700106,0.020728160470457727,0.014088793294427797,-0.0014163723253527508,-0.009720076826220026,0.10263296342802211,-0.03554840256018908,-0.011497407239973986,0,0.8256854357366349
83987,0.19468773417288388,0.026516381332362417,-0.057534589567749254,0.0631604376882278,-0.1445548933474103,0.1041469003434226,0.004998427137189359,0.01386960273605142,-0.03877749008964363,0.021563728843766065,0.016599732919903944,0.0056621772370724615,0.018851306255039387,-0.004388017533889503,-0.008646106086741894,-0.0018158054789884047,0.0913328679426597,-0.030506066392917804,-0.0017772560749606744,0,0.8493895211808805
84019,0.17619181689275829,0.019978529671946695,-0.03713171107224283,0.04892467704827181,-0.15217192198160412,0.1051200996461995,0.015044648379845512,0.01438056212519836,-0.036376973345648655,0.024743438507712608,0.015013044556268777,-0.010476241441479862,0.036851970505171326,0.022531895723114856,-0.0024946419441561397,0.004815593929051788,0.09327715151256338,-0.03820279117769584,-0.016579456852419835,0,0.8703071663133501
84094,0.1774827692365588,0.017134322637097688,-0.042965194456865106,0.05692701956043833,-0.15541949374421724,0.10702315396425573,0.0033192403773201072,0.019992031211280924,-0.02032710586299419,0.013034057517325604,0.011209160919934801,0.0012142279037223407,0.018426862547917942,0.0004970729698542814,-0.011501240223843745,0.006572200629328744,0.09446328678322181,-0.0259616268612121,-0.018927441718189407,0,0.802397509125579
84103,0.1717191270243476,0.00937376360375683,-0.04130836305705512,0.052153214505916035,-0.16051859755362297,0.11051887179500633,-0.0112109483430949,0.01988336345181597,-0.031488620292622324,0.004210334898262679,0.018008781990522846,-0.004992456317067524,0.010280021782080604,0.0016239343554628497,-0.004362567056123334,-0.0010310483408082429,0.08998310001488946,-0.03151097533287586,-0.006420445933226918,0,0.7805985356485584
84156,0.19581718595027017,0.019828177279052908,-0.0373730408167605,0.04361605930850623,-0.1497015635595403,0.11459420818224544,-0.00549508061829778,0.018755195029750864,-0.024943108462972596,0.011822315717373782,0.027805950533576967,-0.014965692808902378,0.013677878640284403,0.002761417639516165,0.009754654709900055,-0.00958784616357776,0.08511529869964991,-0.022344902258073947,-0.012029632918267402,0,0.8199892092965196
84181,0.18091180463048528,0.022302719404223494,-0.03230926090838736,0.0470175219123223,-0.15575660795385418,0.09866406739949972,0.011757315268320736,0.012950198607032474,-0.019363939144481312,0.024129413830541922,0.016541606570862302,0.003943729419331392,0.008978541330846215,0.007879362656753531,-0.006123798720458805,-0.00013214449177997089,0.08362055111747613,-0.01977988343149613,-0.01912410610532738,0,0.7712865729034807
84194,0.17438949463319944,0.024844225331418956,-0.0383469285093247,0.040963364769265084,-0.16891331169775517,0.11065090701447619,0.0033702765653573935,0.023472163760726375,-0.02875473278326853,0.00944051304640441,0.019878266005715253,-0.005964100245294305,0.016973587161943245,0.003464809594123391,-0.007019525407021053,-0.004913318479712372,0.0875758452501865,-0.014687538547152212,-0.0038894768147386383,0,0.7875123856170833
84210,0.18788971987327283,0.018607077335556735,-0.0314704641355957,0.0517906778716256,-0.14785337594766038,0.10378867746907848,0.019876491897158576,0.025101463484774846,-0.029744202979073674,0.0013315492878388196,0.014621459098210929,-0.009261145161830896,0.014289087410641322,-0.0017433535859774467,-0.008877314147906847,0.00412200002734358,0.09645255093240472,-0.01844892219360844,-0.014463238305792396,0,0.7997327711453522
84246,0.19313059629566437,0.016739418096116145,-0.04030539870487008,0.0638271451136536,-0.14341343992024447,0.10390083811577233,-0.0005370455975148557,0.013853620784648413,-0.03153219500434631,0.018154961236320516,0.0010054912345952552,0.004467054219750188,0.022099351287097026,0.0074687705441521535,0.008692767121730378,-0.002067376573104441,0.11151854943272882,-0.013328740069434535,-0.021285128634957292,0,0.8173278879867012
84249,0.180225902981611,0.012381744041977241,-0.03781087292538106,0.04783344612371815,-0.14639062153860105,0.09161017935008484,-0.0045083718665941686,0.019125262066654273,-0.02256822892286243,0.009086515230398367,0.016068230163326484,0.002053389862595965,0.010386877404631527,-0.0012590082374788008,-0.006257957285236452,-0.006405698691273541,0.08697656882156267,-0.03563183126642344,-0.0008567486052485474,0,0.73743745538566
84259,0.18443424638159148,0.02089021751907055,-0.056001356493524626,0.0335026467587618,-0.14700631238253603,0.11376507711871275,-0.0009678010187361265,0.023751285091548145,-0.029982419465487464,0.015485155061602949,0.017524883157394953,-0.004379926964143977,0.018053942054261942,0.0014482801325503098,-0.004995756245343512,0.005597214621697006,0.09248390717382246,-0.022546051854730163,-0.015297748603311751,0,0.808114228098828
84285,0.18657637530040425,0.026828267614549154,-0.0543328298559214,0.05082862124936532,-0.15227043434121385,0.11426964412813786,0.004261841888211088,0.014541162994672188,-0.02392469103331435,0.006738483989981145,0.017454001114060556,-0.00945934842556297,0.010470484705732383,0.0016275323633974203,0.00017317619290827145,-0.0035305374716591894,0.09123439622559151,-0.025661867773526803,-0.025821899862152626,0,0.8200055965303623
84322,0.17684462903757364,0.021222813076952157,-0.035929074151485434,0.036115943180631015,-0.15881136257183284,0.1148037029721985,0.00047707988284103323,0.011557575476600747,-0.02728545554967112,0.010284917317772606,0.026288879644980882,0.00023128834539703778,0.02709551201658293,0.0091547188768479,0.0033199741307442156,0.003914249786199625,0.10027541123525312,-0.037548473831795624,-0.009559023828243515,0,0.8107200849136039
84350,0.17532382617298164,0.025589491574997326,-0.0607800533593956,0.051326901545440076,-0.15076043731941105,0.11880844408028635,0.0023908346872073454,0.011515461556081717,-0.04149617540379577,0.011066644149807911,0.011567163915085778,-0.013906549798755248,0.026519687444694434,-0.0024390344508935687,-0.017429341959570206,0.02000197292336964,0.0940017385679184,-0.035972766572626144,-0.005304488523209597,0,0.8762010140055277
84457,0.18213643109784872,0.016358165243737052,-0.05369131327244602,0.052691136323507776,-0.14315488353030612,0.12327607471419216,-0.007226427320969766,0.016453039755369166,-0.022583637292405742,0.014321188006044254,0.024271540942261943,-0.007551610839971168,0.02352308028260511,0.009661419884517637,0.010268694950964982,-0.0026600778616664095,0.056306344060677735,-0.05777555559319288,-0.02298508624202044,0,0.8468957072147051
84552,0.19246085759573456,0.023168777125704827,-0.027812904221747304,0.04952772842907127,-0.1374113727068021,0.09866216497466845,-0.00622892175683419,0.01634054837292978,-0.037019906655976244,0.0026884178242611127,0.016593448595683447,-0.007535303766313861,0.033021977838662,-7.747575983852119e-05,-0.00485274460308609,-0.0023520872320450413,0.08278087860687454,-0.020467102577276894,-0.013573358120684161,0,0.7725759767641944
84576,0.1773507967971056,0.03440727587594724,-0.04415447474623214,0.05093697660560112,-0.1563154179024091,0.12029808245604971,-0.011178953173664451,0.012393790140101191,-0.02085056637053736,0.0028838111903543074,0.015238782060525903,-0.011671775573441637,0.02232937273569701,0.00785292813654695,0.0010785196338815096,0.004171178587369625,0.09564716626218571,-0.026305254603290352,-0.0016708621413908595,0,0.8167359849923318
84680,0.1798266471958543,0.026927699517134755,-0.050042039189734745,0.044925622834209894,-0.15654561127604008,0.10670623425304006,0.0015912762657674486,0.02116965431289811,-0.026208912266116154,0.011830909794802006,0.009199438002394335,-0.011995395626586636,0.01443925004115522,0.0012828155724924487,0.003123312642600191,-0.0008956558125301562,0.0909038257433265,-0.024202460480705103,-0.020642334895495433,0,0.8024590957228835
84742,0.19576075894247497,0.017090444482594922,-0.03893367853356551,0.03735212947942462,-0.14399681325671093,0.11454418114202422,0.007353535333306771,0.015729001938113607,-0.027602504917545602,0.0028625305670993695,0.016432361333856203,-0.009379759462644344,0.0035646290505568405,0.010686286410647438,-0.010916119094419401,-0.00362576985017386,0.09361526962465774,-0.02920647885988414,-0.016751671825064242,0,0.7954039241047647
84935,0.1651264336695082,0.028048030598150368,-0.03355950935621199,0.05382414886418483,-0.1327138564010364,0.09945682435197337,-0.006802981548648882,0.01896239811493651,-0.03390395130231175,0.009568154688367527,0.026721963385380507,-0.002733171221313246,0.02279585185925507,0.006857867598572414,-0.015249588300270522,-0.008503820905345925,0.1009775270343621,-0.027007700920689447,-0.017212600792631313,0,0.8100263809131504
84969,0.16753974511731115,0.020724820226539792,-0.049159966836710194,0.03956823733464659,-0.15178554931743832,0.12041525035655641,-0.005310853482397729,0.02695472503818749,-0.02350798301794927,0.00689079795625521,0.019820905658627302,0.006925619897065015,0.02731424528414317,-0.0022981851443432226,-0.005118086677494094,0.006101827146678977,0.0904131839075545,-0.02957301865831217,-0.011233510980722505,0,0.8106565120389331
85045,0.18636356733789608,0.02405567567831449,-0.055281143838935023,0.04219397280816677,-0.1514856015115332,0.10464283010051992,-0.008063339062302189,0.02503313388755593,-0.039654169726652755,0.011947409493145445,0.0038084345352468983,-0.007034579499764946,0.015877212162106052,-0.011066732788047358,-0.011910199797044885,-0.005661752514824517,0.09318093957235005,-0.020816108207270083,-0.0073929022271075565,0,0.8254697047487841
85073,0.17924632332414023,0.025443106123765845,-0.04624894389773681,0.04601155852990293,-0.1442769660944223,0.11994323284656033,0.008017869013299523,0.0058594025498631234,-0.03270291319276731,0.0047392896727093655,0.007951614862560496,-0.009117555587098192,0.015044933902842329,-0.0033934386952452346,-0.010167167169228686,-0.004954512385708781,0.09984414522545007,-0.033451286079316064,-0.013717868360140028,0,0.8101321275127576
85187,0.18120877700964058,0.021506953826937816,-0.056892197603634745,0.046692917061823276,-0.1414467072771023,0.11091252167002318,-0.00998594750456,0.019413918089950955,-0.02915360987750705,0.006274160754671269,0.021915389348359397,-0.0033867115686630122,0.02545634129690238,0.006330343941045976,-0.0016986435832299243,0.0034547828987377105,0.09621667496879864,-0.028485268256037123,-0.03295904697451164,0,0.8433909135121369
85212,0.18053711051081314,0.025137269773921972,-0.040207492131786246,0.0509765546612344,-0.15495316703051587,0.11658927320079676,0.0003073856810168538,0.0016364110445556705,-0.030098526387066296,-0.0018689829057770904,0.020484892909628072,-0.004697126610036936,0.02271994674463143,0.007578488752775859,0.016978199413331164,-0.016658433641189352,0.10068286255317566,-0.02401785148296437,-0.013582905805420755,0,0.8297128812406379
85249,0.19689778160544977,0.028860637797559242,-0.045102721251292575,0.055627205489209526,-0.15559752773017715,0.11223870093012786,-8.63058208687975e-05,0.01682771044808882,-0.019458606788797864,0.013187490762888348,0.013423500033608803,-0.007530750493825469,0.01831624504263893,0.003001229908473734,-0.009344379107504837,-0.0020954898958722564,0.09374001579841126,-0.03335452542634054,-0.020320598475404246,0,0.8450114228065401
85299,0.17504284817962612,0.02016478965611379,-0.037847663504750224,0.05730227880899456,-0.14947691578861189,0.1185084582121379,0.0023764369432620947,0.016506527551635942,-0.013656284033222566,0.010970357698083992,0.018756115313526993,0.0031282616208903624,0.013953816184785854,-0.002164775199532943,-0.006349455621329964,-0.010850614818478222,0.0898788861775181,-0.023001175825291854,-0.015087139356157464,0,0.7850228004939508
85403,0.1894147551829012,0.024046093037173068,-0.045909818207378564,0.05650238779755501,-0.16625906777353044,0.1033186737750963,0.0035660045512523266,0.016989647562533166,-0.03081951350674806,0.007549098046223163,0.01692228179482677,-0.01997863505122847,0.018576149179641364,0.013589983362013655,0.005734537841055089,-0.011476209024848916,0.09382998505630227,-0.04054066829839298,-0.008170377078963828,0,0.8731938861276647
85437,0.18219737383475157,0.025900296650873615,-0.0347166323718856,0.05070685821528071,-0.14943965045373372,0.11298979330602138,0.004248331283156045,0.021950432559580284,-0.032950277978902855,0.007376435934793223,0.008021882291980628,-0.00705601069656764,0.014171587025528329,0.009923667444986949,-0.015904033436213258,-0.010474911075307762,0.09228514660669414,-0.03452332656355006,-0.011391794683989268,0,0.826228442413797
85477,0.1723869339771012,0.021322656550265894,-0.04270583057252525,0.03889466581347507,-0.15509192011881306,0.10298954475042774,0.0025881013029869916,0.006154015816067848,-0.03480417957949583,0.010552817564043773,0.02703284967710279,-0.008586749811537025,0.02522121748029292,0.01767828698394107,-0.020314848851602618,-0.010054707422950126,0.09875791861292613,-0.03365282556233839,-0.011091077311455103,0,0.8398811477593489
85615,0.17097613887036828,0.009407811329157096,-0.05391159000556806,0.0557093170530705,-0.15296492672999926,0.11764133009068102,0.0036429813116214873,0.012146772844136861,-0.03972325199140767,0.004825388554933949,0.018017762500579328,-0.003379139536597948,0.030034447269459336,0.0006477824215965836,-0.003275114064598128,-0.005710008848294119,0.10130001699734914,-0.04513366371847733,-0.018454909159009627,0,0.8469023532969058
85721,0.19428030380164701,0.00845069034133684,-0.03951995151030831,0.040920277660057514,-0.16043565427406972,0.11120013669222627,0.0008028498696346857,0.02170910218106885,-0.03126267838791481,0.005077720396732303,0.018018505299329055,-0.010099636294601345,0.019303632983624197,0.008308942512483637,0.0025080158560300825,-0.002393545083181306,0.09467184947923803,-0.02032642288729457,-0.015443085634329582,0,0.8047330011451082
85828,0.17907954778414795,0.020190157694469007,-0.036024680352944004,0.045032033303792456,-0.14934667141403768,0.10871549841380705,0.0019284590495535956,0.01767293315083016,-0.034451280063830636,0.011585904559489317,0.0089657931531671,-0.0019866671331960537,0.015937908369284617,0.0030230413831443684,-0.01094250576077548,0.003350973753648494,0.09979412877090442,-0.026203843119753146,-0.013275742092889096,0,0.7875077693236646
85833,0.1778640641709379,0.016976553564283424,-0.049461855363041644,0.04667102932997443,-0.14549897289883418,0.1226934185659671,0.0010535750658099228,0.004349357577370954,-0.020454901079590124,0.010684779902215849,0.007232400861804328,-0.004365111370418611,0.023354235580252746,-0.0037732205967642408,0.00222030724284154,-0.012330848656037336,0.09718803165843869,-0.027214281642195512,-0.011770715306060059,0,0.7851576604328386
85857,0.17883350988650357,0.02838199328123696,-0.05153654485456307,0.0480626944440012,-0.1541235110280124,0.09658075664814515,-0.002373009807751989,0.009318351357853454,-0.027853241936327152,0.010291032181594686,0.022815687068153134,0.00523114694602912,0.019775512343553358,0.005019145154586326,-0.006572344771899112,0.0027583303899434176,0.08610048396713373,-0.02794316250754229,-0.023045375444553175,0,0.8066158340193833
85861,0.18936938407287143,0.011381303077962465,-0.04256112502327522,0.05007763661864745,-0.1512336372853931,0.1098303731093657,0.0018762517070213776,0.011478709595470761,-0.041410184739184945,0.00498097901633994,0.01461729735371043,-0.00535236319304684,0.02476213954760434,0.0134766984543505,-0.0027402288651793122,-0.01295432593782016,0.10098565339573198,-0.028771757010100336,-0.008035743950516781,0,0.8258957919535931
86004,0.19114490858424918,0.023526779411101876,-0.0570371841151012,0.04562550450203639,-0.14902613216062896,0.10665053750395258,0.007336156047145765,0.012835731000673315,-0.030947421071055848,0.022806757030558348,0.01024528628455393,0.008667296089615825,0.027140640591616656,0.006775271362013607,-0.009799068404710988,-0.010998715500738231,0.08361031180168306,-0.03981246319118337,-0.02410055425894414,0,0.8680867189115633
86017,0.1765443734994864,0.008956038257877434,-0.04950215460884526,0.04726299853006519,-0.16106033468340297,0.10823346523152175,0.001221336140941486,0.01986746060385647,-0.026134244207610135,0.011080464891999452,0.005363794178743642,-0.005473058185223947,0.02094543482254777,0.011427879672251536,-0.00935924417434397,0.004212411015320421,0.08259216605851516,-0.0363013220007687,-0.0012997134796850403,0,0.7868378942430068
86063,0.19199159109016337,0.027888988575113936,-0.049529655898896664,0.0548329783385732,-0.17698893755505474,0.11315627450606493,0.005585700904350941,-0.0009268597835973198,-0.022964255971282467,0.0047755209395209655,0.004902742304786551,-0.01483960839315497,0.021096048582415608,0.010840502154784529,0.00023039283221035442,-0.003532344886842414,0.08776745925431546,-0.03003566481803636,-0.011284109218404871,0,0.8331696360075697
86115,0.18598844351389504,0.030312835382315037,-0.042103543638194664,0.04564188266565935,-0.15159995903315224,0.11455996732970787,0.0001440784586629167,0.014724877350951947,-0.02432505662851252,0.012360794804975428,0.01705653420298632,-0.004340829335783706,0.017580876935069063,-0.006551523810787586,-0.002827729235795852,-0.01304108517049928,0.09459541583479196,-0.02729275352355033,-0.003229423129365645,0,0.8082776099846568
86138,0.17846693101858174,0.0016121577289745035,-0.04502202328838495,0.04210728155829615,-0.14852269341780358,0.1104992534574202,-0.002681506553254248,0.038120732947027815,-0.021803328064631953,0.01707835621069098,0.01511358680437386,-0.00884646258793621,0.026151908057044093,0.005825612445497705,-0.007280902789893118,0.00224230579071085,0.0839816730743392,-0.021217835265627264,-0.018634097111359844,0,0.7952086481718482
86246,0.1701084612070349,0.015846829395446,-0.04798862189976633,0.05629158362635524,-0.14047820040620637,0.11745218399302053,0.001483007911074192,0.028618275210690124,-0.026788001925611614,0.015238426195373531,0.016544095830494522,0.0024573947980632282,0.008953081904743464,0.008665114887178874,-0.004991860546425556,-0.014528275389893243,0.11489675735184661,-0.03246226126435473,-0.013982009211287023,0,0.8377744429548661
86315,0.19583988924944606,0.02580851094187556,-0.046546281515290854,0.04619454429379269,-0.169584240652581,0.10891404492136245,-0.0018829993550393128,0.016513692267319188,-0.026812082808089548,0.01824561325744659,0.013702596544849259,0.0056269100652942125,0.013036584582527877,0.011178738908159389,0.0008036411165775594,-0.009658684528596384,0.0969829671498774,-0.02098253474307194,-0.01567653005160206,0,0.8439910869527993
86360,0.18252544708271362,0.026021415444894988,-0.05042465067823298,0.0435918566999131,-0.16695497805508258,0.10630662362669434,0.004999867110244543,0.01529417188293839,-0.025770434568716534,-7.70404470849223e-05,0.008858101025364086,0.006656245738381852,0.014581088214730012,0.0007115793506648944,-0.0034091052278451845,0.0002571789147888625,0.11041242828391364,-0.024433227832059045,-0.011281876344204739,0,0.8025673165284684
86411,0.1801964043095457,0.025171607412849524,-0.0434298453780501,0.04441801625461606,-0.14473300524367652,0.1095959739670426,-0.010121178413264577,0.016868262559445884,-0.027771681307434563,0.009398206079302477,0.01007739306167968,-0.008722878461052515,0.015362349262636615,0.0024980049562004438,0.0010768180119825454,0.0078152888642846,0.0933132394939842,-0.03625177126488914,-0.009803176657224341,0,0.7966251009591621
86419,0.17765865129470057,0.0261794630061031,-0.06089308667818592,0.04880518232733417,-0.1581851265786842,0.10559164895154692,0.0016199359347695932,0.011849106177314094,-0.02666872740343035,0.006347648124494821,0.012357287831085199,0.0020756603220297037,0.016989012239666788,0.01605521070146662,0.0006892377918447728,-0.005488215985316278,0.08441572468293328,-0.026387583236308045,-0.021944035457950917,0,0.8102005447251653
86422,0.18982239093083952,0.015232649112950799,-0.04557210779972047,0.05480339697269357,-0.14595963366019576,0.12188876096502256,0.013513762806177092,0.02573705900902091,-0.03319987393678877,0.014327134457081038,0.019019685020408985,-0.007176964040296561,0.02124523648628177,0.01528231292652292,-0.0002838801310608715,0.00033677950558250283,0.09472352266288088,-0.036351353678458036,-0.020715365484265103,0,0.8751918695862482
86425,0.1850796552796633,0.02166020354930191,-0.02898999498735365,0.05791742546965173,-0.15420092010787723,0.1232055222289354,0.0004820510513996823,0.014634567585434563,-0.019541861563188278,0.008244681419211381,0.013526043475538449,0.005521853229655085,0.01958380447070008,-0.002871294723144177,-0.01791952123548927,-0.01742851249718608,0.08474075153090653,-0.013934999579754168,-0.01822177538501438,0,0.8077054393694053
86466,0.18256168278626658,0.01851577213980268,-0.04814150535416765,0.05536428249305408,-0.15037420127538637,0.10304566018094218,0.003970007348547284,0.007672563590606645,-0.03732421908296576,-0.006336137112997689,0.014165134434840075,-0.006357958056593492,0.022620869983422415,0.020203290040211118,-0.006666536621773821,0.005724518890113592,0.09142339291684713,-0.031240230169829505,-0.01411602740172972,0,0.8258239898800978
86513,0.17886240648535554,0.014982336144387766,-0.042141700000381005,0.040516818052744326,-0.1361230859982382,0.11649928531715112,0.010915563250024072,0.0076597916625465515,-0.023770268467388375,0.018501241479176454,-0.005077771725182356,-0.0003865005846220013,0.023294054148085747,0.016674130456530267,-0.008521676000545828,-0.010587935062452024,0.0909420543862462,-0.029647227272369313,-0.010729348221428361,0,0.7858331947148555
86667,0.18269299545465348,0.02653977786623225,-0.042530769849447154,0.04176765634811022,-0.16628794402692848,0.11043261060234132,-0.010639240398377289,0.018903185501545912,-0.036206523213864306,0.010554277949913003,0.025513200504554915,0.004917470246224311,0.0074802928607379925,0.010199009600985522,-0.01714933927286668,-0.00022941617307095194,0.09896129357746931,-0.03480282960564656,-0.019426707001920108,0,0.8652345400548898
86701,0.17380341267933347,0.03025731169712663,-0.05332482133082051,0.043510658916913664,-0.14997018266609768,0.11772807576931534,0.002674791268719742,0.018351533450563694,-0.0237429304229778,0.018272172167512014,0.021808280877336404,-0.00826408820441683,0.01470860731441548,0.013456389245411812,-0.008857026299465517,-0.002648455608345715,0.08808818432238584,-0.019993967889868174,-0.006473173524370607,0,0.8159340636553969
86769,0.17511928976491337,0.02229767619953524,-0.04606033101009273,0.058795008742776225,-0.16270564671156595,0.12072570453590287,-0.016973754659904947,0.030291159432271324,-0.02807923960874502,0.01748545685090109,0.016282164891534112,-0.0018630689016347931,0.019198048089231225,-0.005245446224120839,-0.006950561251063185,-0.008822834864945582,0.09958472841545486,-0.03220673406922335,-0.017857206134078332,1,0.886544060357895
86789,0.1782864993464888,0.018701890179448958,-0.053441278047743755,0.03932903876875042,-0.14832463898053336,0.10077117020930403,-0.008485287812471421,0.016956032969027427,-0.03425489557672382,0.005898250754394173,0.015537193108008052,-0.004064315868718489,0.023949515906162403,0.014564224697542654,-0.005272430581356616,-0.0008475600785711565,0.09324077942225226,-0.026686827285715548,-0.011229045787109853,0,0.7998408753803232
86796,0.17018157843709966,0.032439327851702955,-0.05393460789324998,0.04860766163844342,-0.14867012241370123,0.11289060814738797,-0.012918186024728683,0.018839121214698537,-0.03002098006399807,0.017106117182554278,0.011930396844746588,-0.009613702789227022,0.008894745601152615,-0.0031260982012945564,-0.024840640567904762,0.000280413339640516,0.0853629629831809,-0.02557865234922064,-0.0158571910055229,0,0.8310931145494552
86833,0.1753741923897067,0.029498717806767123,-0.04536476373232638,0.03955663784078661,-0.15543983982011525,0.1014629736882087,0.0015808044229336496,0.026920190809591613,-0.02412997332936792,0.012155411164393644,0.01377484634157395,0.0020400673347917763,0.013698701329868846,0.018938707464716882,0.00335214113995675,-0.010773737635929271,0.09972764433392396,-0.034929057350766686,-0.005653005713366147,0,0.8143714136490918
86837,0.18527617678481384,0.01939214203977021,-0.05612136541258801,0.06294617232966165,-0.15481481369561792,0.11762347924284258,-0.003548927367181577,0.010735994456435291,-0.025898211235266966,0.005784512653551097,0.015810756589569423,-0.00551905695897741,0.01614321754260472,0.011247288052862589,0.001749857003781951,-0.00501011191772808,0.10838864787899195,-0.025147400660806365,-0.010986674879559408,0,0.842144806702611
87169,0.19215463302188557,0.02646742540789481,-0.05824629127556512,0.055716335059284486,-0.15216809361248748,0.11410357838307324,-0.0020746670919027654,0.016275516362996744,-0.04152834657296338,0.004357222323524368,0.016198959591807026,0.0014565162608563224,0.016204458307829635,-0.001997817552839608,-0.007343811656087987,-0.012244626569296736,0.09909402981878415,-0.042439831034291935,-0.0208540255132484,0,0.8809261854166197
87226,0.17917997640742084,0.030915283281040762,-0.05390360014852414,0.043698866942228555,-0.16498369546350367,0.11030046901277732,-0.00527572319146718,0.01878137047098682,-0.03196072366718957,0.013833819870089926,0.019614613295904432,-0.002154701766943669,0.02154767102045406,0.006946528051428612,0.0003914513417009385,-0.010883306937755495,0.08733277965398467,-0.024398739149046052,-0.024496006624102347,1,0.8505993262965491
87237,0.1883302742678933,0.014837161225126556,-0.05449116983458141,0.05093933792386736,-0.1718273375469058,0.11056127671510325,-0.0014375838000504641,0.023314575550466097,-0.017823790218704443,0.008096898095928716,0.023140526633238654,-0.012683768784419834,0.015560432414169295,0.0010562214301253537,-0.00861855048480255,-0.01254908886516305,0.10908452356396255,-0.037774479389602746,-0.007881324632984986,1,0.8700083213770964
87299,0.1924252516562878,0.020208321283993354,-0.057144920167930116,0.046446254339577886,-0.15600541708354715,0.10570427471444453,-0.005506668756862665,0.022835727742731477,-0.03190134319279503,0.007707324140848281,0.017585233396805264,0.006307295112106733,0.015214018029331606,0.012677652292549907,-0.01129529217445291,-0.009984657757304286,0.08756740843637295,-0.039929187246755156,-0.027063190730882127,1,0.8735094382555793
87323,0.18089636224773728,0.029702725072708606,-0.043738522699888475,0.05615293722424155,-0.1617954251658391,0.13183299033784207,-0.00016949476511827276,0.020485245568855514,-0.028296263955532384,0.004466563777722225,0.020956365321244185,-0.017900474742350906,0.021109056805929213,-0.001956496049382843,-0.005051955486042418,0.0012861986254910575,0.08983715803010822,-0.0325710885582692,-0.009141029288654151,0,0.8573463537229576
87336,0.1789857162137382,0.02313520475564329,-0.04333726124472605,0.05732711395609711,-0.15194614032754133,0.11559369439003075,0.0025085595890580337,0.00939735081272082,-0.022796324874661638,0.004620460787630805,0.007760522143080553,0.005625661295522864,0.010921861405756772,-0.003048746591712801,-0.004143203084986308,0.001773225022538461,0.10697754635651903,-0.028946651747032825,-0.008535373865994114,0,0.7873806184649917
87345,0.1926263137282093,0.019414048546347835,-0.05487843681775962,0.05437762466254495,-0.15898940627803324,0.10465002241946482,0.0012795373006747593,0.013281522931763576,-0.031835332447421094,0.020617752842747937,0.012825180019674377,-0.013512388985898703,0.010787622813952605,0.007682577299593733,-0.008687453287797858,-0.012123618591305332,0.08513886935848336,-0.03199147339684067,-0.008036675662267134,0,0.8427358573907809
87372,0.17829348306728227,0.016279799406249358,-0.048036558095410804,0.06948926445097753,-0.16257331584618512,0.11656013947412379,0.001946088359334009,0.02244464840053987,-0.009382916619684904,0.02273460204401357,0.02128494353095445,-0.005729612856033302,0.01830303232010818,0.0059213078752026905,-0.010904139099471067,-0.0008220046563978439,0.0888167170369759,-0.021870252459238786,-0.013857672093053393,0,0.8352504976912368
87506,0.18651544114040208,0.019123233335049408,-0.048973552724398635,0.051787663833506664,-0.16701166269438447,0.1087082035935534,0.0005522816911087569,0.023207175462169306,-0.026866725926173115,0.0075326981256489955,0.017156256915625286,-0.0037072733709205405,0.0272232354550092,0.006752214525843863,0.004553830356921964,0.013517317231746684,0.10652589620867473,-0.041329565130997975,-0.015397314234973888,0,0.876441541957109
87511,0.17304601530570854,0.019686708487071568,-0.04290635487977466,0.04393488601252112,-0.15964262288404196,0.11023355511408028,0.007681891381957419,0.013128808555198067,-0.026623111923197423,0.011112110138729295,0.0028417382330624863,-0.00963546906751331,0.016487960857685315,-0.00853791777956623,-0.012778168135183027,-0.017555884183472006,0.08976817266399656,-0.02252141709066508,-0.009800597900173805,0,0.7979233905935982
87530,0.1883240408087009,0.020978713001224236,-0.04990741659054709,0.05734545944507563,-0.15078416602737882,0.12069231994485717,-0.0057486181932793114,0.021626040730973354,-0.030625152564141243,0.016215807328250613,0.006741609811645465,-0.005033166368252387,0.01340578734525238,0.006369734099876354,0.0036306506747084155,-0.007502867486457171,0.09519896556781142,-0.02366571080227395,-0.018132282463595658,1,0.8419285092543016
87666,0.18903708491659102,0.019366775493144396,-0.04873475473650182,0.04601035036801491,-0.14619182718728743,0.12506815177704997,0.0066956660987708165,0.021468765618915902,-0.010073671257477861,0.003545972597862144,0.01653918531207919,-0.00891874447161903,0.02047248240433489,0.0003480869485780945,-0.005658657319849568,-0.0036482271319618733,0.09520460141854198,-0.02254497159900902,-0.005245511280802995,0,0.7947734879383929
87698,0.17933793494542158,0.021348620460237288,-0.04811228749294818,0.04744162381868779,-0.15775706426879318,0.10668299982356717,-0.01515229655769747,0.014908839982758378,-0.03275161180025052,0.005418081622568385,0.022177386130596475,-0.011177863696550824,0.03132324578821265,-0.0056223814974932776,0.007359130420566548,0.010353710791822013,0.0957213242081291,-0.026936496316012505,-0.01924930534054864,0,0.858832204962862
87729,0.16901775968466742,0.012686529141342247,-0.0482111960672099,0.04417200444948659,-0.1468692414359559,0.10737846985141254,-0.003227007888492069,0.03189848760003986,-0.023732020139648383,-0.0017204568093080745,0.012006155309079627,-0.006426695369030113,0.01555139300491299,0.003190726230538763,-0.0011165416093100798,-0.0009134917496990816,0.10278106101412705,-0.035451849161280476,-0.015113759681038749,0,0.78146484619658
87744,0.20030704967565238,0.008431385773614821,-0.048958100555357875,0.053384100499864924,-0.1480469782164314,0.09090547977493925,-0.004296929879126989,0.01370747796739606,-0.02478839072487086,0.018604464416415747,0.022231612015164385,-0.005844659960658859,0.01659280412288314,0.005612527025312418,-0.0024001543456741046,-0.012520902401064534,0.092613630818129,-0.04403632766653145,-0.015059517096433075,1,0.8283424929355213
87835,0.1814595101829503,0.023326028574336445,-0.04262790409526185,0.04795595419619407,-0.16368130238818857,0.11780739437684142,0.00872246978128009,0.018349590693976976,-0.0318518197206025,0.0050764527545085186,0.01070133274199753,-0.0005576239092562357,0.02265569575582429,0.009649381015403045,-0.0008465682541111402,-0.004614980649249111,0.09190270382075663,-0.039998825523605314,-0.03012021005339113,0,0.8519057484877351
87902,0.18043681995648286,0.017834878137000396,-0.042331460752165935,0.05357213291698312,-0.16095983754425913,0.11811638816407004,-0.01144561666224392,0.03453641011560589,-0.03167607999863283,0.00875403331453709,0.0108099306825913,-0.005642428775163577,0.015247770789569556,-0.0036563414933874568,0.002170957740410484,0.0016473100432610715,0.09198291208626631,-0.03765408366227021,-0.026457219150731553,0,0.8549326119856328
87959,0.18637657522196768,0.0269238002908969,-0.05015208634373223,0.03864495353496713,-0.18056989598813153,0.12819118279334324,0.0021464299640573943,0.024960283064015678,-0.04146819248112641,0.012496298600577698,0.017804570001077727,0.004118398114417245,0.027625451633217765,-0.001690573098634602,-0.004496463610904409,-0.000648416286488729,0.10957664225467192,-0.03725347322132158,-0.010424737237149963,1,0.9055684237406998
88096,0.19576103304382975,0.008014837381816771,-0.0362150123071389,0.045614841377255355,-0.15192556191712472,0.11984657403474355,-0.00305590860564379,0.029129410445553255,-0.029923755535048755,0.009285660221338213,0.01433241704862192,-0.004987900664636686,0.017823068302171726,-0.0007490940378244709,-0.0014662364171224114,0.004277889598874899,0.10291610616204862,-0.02620879458832198,-0.011641155728448373,1,0.8131752574175641
88106,0.19417296183298988,0.016514353208118837,-0.0341766143580612,0.05390759375439438,-0.16394505827172554,0.10997080930661353,0.0028610515826888996,0.020216019067073415,-0.03797550234096107,0.010862184287925155,0.009298436737925204,-0.014196452716787744,0.02102000141372943,0.017780344763122152,-0.005989292030278807,-0.01049045460550317,0.10181816343981077,-0.03526747832420272,-0.01643987636882099,1,0.8769026484107328
88176,0.18684977510655737,0.023760021584285775,-0.054040924796778377,0.047964875652357415,-0.15380522435504151,0.10503310458022973,0.003169973607668869,0.014038831517167843,-0.03428081280838399,0.020311660006916664,0.02866581107061763,-0.004937659199905776,0.025723948282015387,-0.00897563774916976,-0.00215265954681543,-0.00582123206816457,0.10160822679694323,-0.02833989315449836,-0.022610112061481155,1,0.8720903839449988
88254,0.18197670257184384,0.0261630119148539,-0.040364126435071694,0.0520848802403974,-0.15761940009685488,0.11272205532590963,0.015630471916915255,0.02239535904058508,-0.025441364597533475,0.024436757693460216,0.013583336501006538,-0.007922312940506092,0.034815682135689766,0.011474524528362921,-0.004070252651389978,0.005183099352796609,0.09857905699414643,-0.030522720636354677,-0.01687405065496,0,0.8818591662286384
88312,0.1981942610414332,0.018350564834533022,-0.056299411105776694,0.046717467582216024,-0.16667209564779142,0.1261449842829264,-0.0028560690999646712,0.01646694751276845,-0.030518561655142704,0.014522313536505802,0.012118002787626984,-0.012653162685078297,0.02523585252395338,0.012177353834252183,-0.01874826119406877,-0.002463596110090206,0.10688401867070754,-0.03146277222669375,-0.016037647996451857,0,0.9145233443279813
88353,0.18421327170941887,0.01924550681153048,-0.030955525691268828,0.056431547241246396,-0.14859292329459117,0.10515941146506307,-0.0008545469700516892,0.024199080405191406,-0.03553699956990671,0.008996448709929529,0.015532182779981894,0.006533284113357551,0.03352126223850986,-0.009539082505890632,-0.010940065437091709,-0.008824312732867077,0.09350233121525474,-0.03701803405030435,-0.007716592946951711,0,0.8373124098884077
88395,0.17215935826692577,0.019906026422195033,-0.04941008406807663,0.06629108813885647,-0.178921224563933,0.09957727479023198,0.0027564705832113373,0.01965724450057044,-0.028430681441003355,0.002107311883534682,0.002118780174635279,0.0031928030787181224,0.01349268379183661,-0.005605543684213836,-0.005564443637237369,0.0042235348788427,0.0901426359886155,-0.026841113661679666,-0.028785514074874567,0,0.8191838176291923
88508,0.1799492207274455,0.022437804399007756,-0.03354434982787197,0.05286110650931275,-0.1623050122073507,0.10297891713361515,0.0032460826188991055,0.016192278089413387,-0.022058694775810007,0.011210501475437763,0.020266447711541742,0.0036127778957707607,0.00807811012153367,0.006834884325451238,-0.011523015289619944,0.0038769945931502615,0.10120147558337436,-0.03416424528967221,-0.014191591659147082,0,0.8105335102334253
88596,0.19161322521344135,0.01215141029418017,-0.04213115182265403,0.04716530177693955,-0.16044586091628227,0.11082665420056598,-0.0021877901742050165,0.021587980684324264,-0.03878105517146809,0.0070965027469842516,0.01454722426138673,-0.008113583830293826,0.013812439496886417,0.007684603486226296,-0.0102834149680134,-0.009079458237867297,0.0979021053607653,-0.02634145899444958,-0.008967862150894441,0,0.8307190837878282
88707,0.19249582560607298,0.02852924588430253,-0.04585649330597151,0.049769717093047415,-0.16157575573247515,0.10403690277261508,-0.015211468505506346,0.009669782897498558,-0.02569507717236712,0.023756848743735928,0.018555356988239752,-0.0007998747001335529,0.020566366325367538,0.014392051527580703,-0.01297707610313435,-0.008964582539524818,0.10176317246683463,-0.024553294350819002,-0.0221816928404415,1,0.8813505855556685
88723,0.17150407621329258,0.011082211956900326,-0.04809437213599166,0.05209672061240691,-0.1585568335743048,0.10919663994037244,-8.10141387811418e-05,0.015105796100222868,-0.03171027515789067,0.014509717550701837,0.02126313595846476,-0.007099508926686511,0.032909818263802515,0.008921540682816606,0.0048775613398406355,-0.007239044876154431,0.09487038372162779,-0.01601549679393922,-0.009273781026358252,0,0.8144079289705559
88781,0.18861706804217243,0.03394484127157173,-0.04178636285236116,0.05941158151324121,-0.17024123403434474,0.11293350984320645,0.004209414056833703,0.0194370718724274,-0.03212651375966941,0.004325427455917467,0.012272674752799015,-0.012667518391397351,0.008436873934520406,0.00885503446090106,-0.004393147966271187,-0.005385499680079953,0.08396431174791347,-0.013553301385987199,-0.010106525933342452,1,0.8266679129549578
88819,0.18922844994936794,0.030850269652600123,-0.05817486186382122,0.04109264851169771,-0.15939003635431304,0.11353436413767115,0.0037781421796414163,0.025082849444857662,-0.037872580263985885,0.011866039500325262,0.0069469561513372255,-0.006154736979483598,0.007922154797812334,0.010237346814568978,-0.0006220423715953854,-0.002963827942456296,0.09365829529303207,-0.013085446240434341,-0.012269435424305997,1,0.8247304838733076
88943,0.17937337008924642,0.02915472758695097,-0.0360312633266714,0.05137945131755556,-0.15508215892571242,0.104409503256133,-0.007342092861805164,0.009211976996080088,-0.029886088994714368,0.0030618800973150184,0.02224736455646891,-0.0009313996915016206,0.021403590616267246,0.007563154417101151,-0.0026683693748978054,-0.01298790045931679,0.10054567729834664,-0.030380249840296723,-0.012353070313282014,1,0.8160132900196633
88977,0.19012239670549116,0.02970017420770045,-0.04979597106453452,0.055863620976269165,-0.1434016214330366,0.11002513654289063,0.0043610452478716815,0.011431479885521836,-0.03124532898810143,0.0029958833689051312,0.018632013147128597,0.008396527593746768,0.012138360559931708,0.0019916698565363438,0.004767978005700864,0.0003686101353962575,0.10534497670724467,-0.02948243914085949,-0.015874704388414485,0,0.8259399379552818
89017,0.18744219610048357,0.024334304138884856,-0.061804889189596604,0.05627364252557966,-0.14847640036655244,0.11904563407998046,0.003673130350835665,0.00930182377510589,-0.034400801209524996,0.015978952584761598,0.02465865776174789,-0.0006370005791342697,0.01693544465206288,0.004033444465206889,-0.00859909838865518,-0.004134659927288714,0.0915771171412227,-0.024745856943118427,-0.012515254224508505,1,0.8485683084042512
89039,0.19212517559039066,0.03098315851958507,-0.050106043099516155,0.049344397053358156,-0.16719243681525045,0.11227063439810836,0.0019100168213733674,0.015472733014083336,-0.038329722474252495,0.002051252101548353,0.0016762572404625106,-0.011126000652488517,0.025146055330731727,0.0063352817283064185,0.003349486268818782,-0.005086615910112159,0.08159739278896677,-0.03989270351102514,-0.009277991905873655,0,0.8432733552242521
89119,0.19714532163418677,0.028963856560728737,-0.04351926916794883,0.05126973413742929,-0.16186388057435613,0.10641665147397934,-0.005633545042314469,0.021029683745016063,-0.022930794136503795,0.009516585374587957,0.013191737872122614,-0.007210411525135537,0.014545860883421784,0.004415506025765538,-0.009948198854911274,-0.010784483468799786,0.09672831604892258,-0.029858016942058446,-0.02011431270781494,0,0.8550861661760039
89149,0.18795147944281354,0.017091027718465976,-0.07554183021120205,0.047804036578984015,-0.1513166656756909,0.11004746933955283,0.008304970045779412,0.006596371254396176,-0.0288794868734131,0.011423534528606331,0.01249626348678206,-0.0018608262632706773,0.02754819885964672,-0.004606928792101433,-0.009171116395410434,-0.0028124574115983665,0.09645778811382483,-0.031295015366353214,-0.016975904126241167,1,0.8481813704841332
89244,0.18250462377916346,0.027564677801582116,-0.04675720906935669,0.0641522329390163,-0.16147234947489214,0.11714670118267445,-0.0009499107947837439,0.022731441277111828,-0.02955535756471387,-0.0006801142035446422,0.020033823387797828,-0.00489916697815605,0.02234113971063072,0.005707851937757709,-0.008826779795459316,-0.0065574726488227195,0.08983914043530791,-0.0347931330138179,-0.01431539319483715,0,0.8608285191894266
89273,0.18890054977944112,0.02702451642302174,-0.041617231845368155,0.050749272164108246,-0.15400776637461855,0.11885536175681191,-0.0034710512748265905,0.013957115859970056,-0.02511499656377446,0.006973024790700967,0.020503728580236205,-0.004106972971663484,0.026853594030811428,0.015652923464541682,0.0011229247248792722,-0.007322740978384505,0.09692606359703546,-0.03738539953665106,-0.017074373891166738,0,0.8576196086080117
89345,0.19410466119296854,0.009660663400354862,-0.053866330705522075,0.05795724800200265,-0.16348202986714153,0.10575564808060416,0.01027096124844934,0.020733680733786727,-0.024093105936574242,0.006810744457757653,0.014883766466307088,0.00730953487187772,0.004955977385090169,-0.0008348207624347258,-0.0022257681715257384,-0.008616281506624936,0.10583840548278327,-0.02970739581152805,-0.019709279955005106,0,0.8408163040383386
89373,0.1899959655787423,0.024016636158941878,-0.052869066917278544,0.05763207013571043,-0.170619104079033,0.12292216154221083,-0.0054671288354343015,0.033498095094756666,-0.026614461143922543,0.01662173293988256,0.010453336298458207,0.0012563261835028497,0.008499038981675703,0.008006130025902556,0.0006899158317912722,-0.009622929549278906,0.10660161987532318,-0.033644026239167554,-0.014277618540757797,1,0.8933073639517711
89468,0.1955384888780735,0.00907435314688563,-0.0350674293258063,0.05728967176610269,-0.1616236155140505,0.10844241924848826,0.00302162902821289,0.020817360234936435,-0.03222256051119315,0.01130601629475534,0.019278239149131245,-0.012310756704101618,0.01955137088817212,0.007102499594129292,-0.0014088217942907796,-0.0009701642723386297,0.09858111257091003,-0.03504681840755476,-0.023936916327205862,0,0.8525902436563391
89543,0.18631159549358894,0.024912976515964014,-0.0325558751464987,0.06332619948892954,-0.1645675758032248,0.10986586759683091,0.0029328821902888332,0.012084078658191373,-0.019812640680019627,0.021865910098887817,0.023943419799859443,-0.008199909730550067,0.020297483695765887,0.020233011114586683,-0.011983443657466506,0.00527471066456815,0.09629357305899483,-0.029254654630212318,-0.014248830964506621,0,0.867964638988935
89630,0.17731905066608172,0.027780970655945654,-0.052918756189717406,0.04634714991527232,-0.16554203856282515,0.10310778348653774,0.003999785957977637,0.017452723626609462,-0.013797616601082812,0.017296377243401436,0.012866219878208289,-0.006168241283106377,0.014451219864062923,0.002734432194719935,-0.01643291215093715,-0.0012971061318516129,0.09460942518824789,-0.028090210036231432,-0.02119304164616366,0,0.8234050612789806
89693,0.17826342919814442,0.028739578171713118,-0.04538676122934557,0.05532203626439582,-0.13879399051787794,0.10123911456813697,0.010653547886677323,0.03152022797035346,-0.03674274031586468,-0.0010074274791317221,0.022167500425601266,0.011039074022342936,0.012072792194525802,0.01730075671203303,0.006995867653256169,-0.001866275266458622,0.10649981158262437,-0.03336772251315585,-0.017143020300715905,0,0.856121674272355
89697,0.1879726276607162,0.01387359943177168,-0.03744608470834127,0.036253239043554986,-0.16207958876041664,0.10112778963189258,0.008665742410545536,0.01958341887302874,-0.042027878773973945,-0.0010157447499312847,0.012488749777277942,-0.007366723247555656,0.015180335282904498,0.007022311129647297,0.007249964924340163,-0.005985206282107307,0.10189833754942061,-0.033275905422688365,-0.02304308833806435,0,0.823556335998179
89706,0.17708879824576498,0.02470440485415528,-0.047105581470384426,0.05233811161318181,-0.15992959842730806,0.10552629476905018,-0.007592639785313814,0.015602550816081551,-0.012946330923867945,0.008124212822382423,0.019648348185778906,-0.014491969070575416,0.020844052642627137,0.00524111971544653,-0.0033117489748144967,0.0013679237359773859,0.08552181048352772,-0.034402205363069455,-0.011989367743765914,0,0.8077770696430734
90102,0.18596183669154215,0.01615656366425835,-0.04352017487968249,0.053705386722445174,-0.1506124011348351,0.11182270711067113,-0.011781619396613872,0.01829768575739697,-0.03631053993885365,0.013075779907578657,0.0073316256767023335,0.003939062758754805,0.024236439153749213,-0.008028286265982327,0.0025128323915149815,0.0044129780247441144,0.08570718156891124,-0.03226970453174185,-0.00523403065954654,1,0.8149168362355249
90153,0.18546755423648803,0.020071619457225583,-0.04003738694354633,0.05254956022545807,-0.15771597271313972,0.11317034684281047,0.0024119009986865946,0.027012854307624574,-0.022416493019565654,0.009712648744376592,-0.0016310221288424458,-0.0030514959494492696,0.026778034323576547,0.0026705572332136494,-0.014094189663058282,-0.006419992189061928,0.09419350518060053,-0.02993066777777913,-0.0238791838828523,0,0.8332149858173558
90205,0.18812668813887612,0.023526063718695485,-0.05469150801594108,0.038621704077133286,-0.16235518036427954,0.10771619027008345,0.0034103161102886207,0.02743074601529005,-0.032367137159203314,0.015527115078385905,0.015477749578238937,0.00246684217286983,0.016664403860519216,-0.004051810176774902,-0.000680252914765434,-0.007226308943466001,0.0918570319349593,-0.02909917117017468,-0.024762393949751646,0,0.8460586136496968
90225,0.17085782708494238,0.016317434370645218,-0.046476435090050595,0.05527323129199675,-0.14803182434242945,0.10527802606837822,0.003945943460184854,0.007679089774495466,-0.028049906012092136,-0.007776069535764385,0.010941997203559537,0.0005817021009519507,0.017198793253410644,-0.011332967889663493,0.004952287219327002,0.00034987517364790967,0.09373316488733442,-0.025633832502053252,-0.021065332249874565,0,0.7754757395108022
90263,0.19707657331002024,0.018358458369213595,-0.054294147102596196,0.05077167021449084,-0.14838262729949545,0.11368051195385878,-0.00903828378701263,0.016305867930124028,-0.02849311193830113,-0.00705123079519837,0.011636378919884904,-0.0021807749089046936,0.024232574312814142,0.0010675816955033775,0.0008923249276343072,-0.01437656647260472,0.09282224132934169,-0.035150515572762824,-0.018942629014843865,0,0.8447540698546058
90285,0.1794678594859503,0.033644724601082386,-0.03216688965260268,0.03820046686200937,-0.15857259640415927,0.10367758433247795,0.002091503184961543,-0.0018981257232140176,-0.0277893340586363,0.020916232845106734,0.013222391293885472,-0.010853177693041277,0.027169602785148246,0.0024737158479161475,-0.005181978003980612,-0.009098299841158924,0.0884200720987214,-0.029116752182614683,-0.026692321423230393,0,0.8106536283198977
90305,0.1802484569199257,0.014084576207391272,-0.05770717859906019,0.048337081616211405,-0.16614844178802082,0.11468118637153527,-0.005907110357364975,0.027331651813895987,-0.03265834160182108,0.012483523008858539,0.017339138254478068,0.005359658875283248,0.016752821579902415,0.008306254604538994,0.009219642207055796,0.0027735532923089906,0.08981569837962912,-0.033641094943747396,-0.009675210371225334,0,0.8524706207922546
90330,0.18670103805066873,0.031574806252731784,-0.051347350216288265,0.04837192060976303,-0.15002216487947667,0.10557009071681386,0.010420721524649543,0.021161955242027557,-0.03564360214011239,0.02166179038971796,0.010147091298723338,-0.0030488759659529478,0.011269678709557038,0.0014595380598324925,-0.00582664535614918,0.0005335700920214904,0.08627180211011527,-0.017553010021547365,-0.01445443433977108,0,0.81304008597592
90424,0.18511654117344042,0.01927847680071591,-0.037344561587951665,0.05221188593133467,-0.14643744345753273,0.1245997085539712,0.0023546914734655514,0.03538332136275499,-0.04171298433972299,0.011182048617707392,0.016721504533224053,-0.01696486874721354,0.021116186697637138,0.0071071707016449985,-0.007405472781893987,-0.014062877085432548,0.08821442557807846,-0.03661413516890653,-0.025442064682361765,0,0.8892703692749906
90431,0.18816428452726097,0.03398169278027368,-0.04320354729486987,0.051417322391493915,-0.1570768894416159,0.11302221926660976,-0.001990856582037769,0.027156493542763022,-0.031852830908423474,0.005845460482018841,0.008180999434033094,-0.011804909293887103,0.023330598403684254,0.000814918059616342,-0.0029383663927132157,-0.004075641717209562,0.10418517826285895,-0.021448522670891177,-0.009317976942016595,1,0.8398087083942775
90551,0.1968462058868508,0.025395105881005638,-0.04163891972812412,0.044822470126861545,-0.16116524282790162,0.10588322997923168,0.00554171628625263,0.02980132125376219,-0.03436936360041963,0.005670579130583467,0.0051036560078478125,-0.02197654394338897,0.008379488855064381,0.005513020678258607,0.006332875384937424,-0.006435165497655463,0.09576123866012741,-0.0361182151618721,-0.016024839934665785,0,0.8527791988248112
90625,0.17965719335874294,0.02931332843101444,-0.043387165478591345,0.04659220512519703,-0.15929269040510435,0.12191903171051652,-0.0034145519452628364,0.021840311608942526,-0.020312010786170648,0.01591383076661053,0.0011909988427786183,-0.0022298858423456303,0.012058399534281606,0.0007387744903639631,0.008332323694004915,0.004323446958623378,0.09091545119601091,-0.015440890987808513,-0.017510364966473266,0,0.794382856128844
90715,0.1642330007337268,0.015668506996391763,-0.032888330785065915,0.049737634140086945,-0.1398644708359108,0.1060517330230942,0.001748156382891925,0.014045685849966244,-0.030436932936066422,0.006166045114851734,0.004067505633928841,-0.012998259977725916,0.015966391362708058,0.004018899421793642,0.0008983823321176154,-0.014312586263503211,0.10105674675219585,-0.013783045771761874,-0.019128024449815546,0,0.7470703387636033
90726,0.17517479373349412,0.005637075706941644,-0.05406808689805581,0.050578142378924544,-0.14632019379398073,0.11216994622987297,0.009429298726352184,0.014560455364900417,-0.033765792265669184,0.007535835685995562,0.02178734621863025,0.003517539122357145,0.01935922328061336,0.012015831439743994,-0.012756797898038214,-1.701691394173876e-05,0.09317608291677815,-0.027152592086273526,-0.02041325253269376,0,0.8194353031932573
90871,0.18954847620383428,0.03152633585220828,-0.04362728801480658,0.04598928178637469,-0.15570584433615153,0.10536182563050835,0.006789511147733574,0.027108511591695833,-0.024808615540275594,0.017641391569080893,0.012026223727167403,0.0053490060688382605,0.008431796828820975,0.009861866552445177,5.019411176544413e-05,0.0005653996918210837,0.0955768915760417,-0.02295470438585015,-0.022777511590753967,0,0.8257006762061737
90876,0.19395263135918966,0.015736108162131425,-0.033648674261580296,0.05094191002611932,-0.18292289543964532,0.10894426742910124,-0.019436356234125474,0.01886425213301826,-0.028481982774420204,0.022232573261676228,0.02666873846799177,-0.013281194668091726,0.018582857506452173,-0.006413967523206357,9.218105068685557e-05,-0.0036670411975802788,0.08335915011597896,-0.026161055750724974,-0.006409850402322073,0,0.8597976877640426
90904,0.18337337802121254,0.023169068081243683,-0.04580799390783319,0.0481025006294367,-0.1534505255997645,0.1262944029512736,0.0011861052917773519,0.008302437790312586,-0.02930115103872628,0.009713341516457747,0.010557870345653964,0.0017152346111220245,0.019064092173301992,0.008687369470227786,-0.01507665542040127,-0.010723964850870078,0.09111276378673906,-0.02248784612170842,-0.007477535748977799,1,0.8156042373570406
90908,0.17869312386057906,0.020513621212308885,-0.05661631032863895,0.053539866902195705,-0.1585026074374976,0.11822888341576362,-0.002172823406717256,0.018427279384060365,-0.025923970282591007,0.013081930338299195,0.011000286407641682,0.0034377627428825762,0.025393468084805977,0.0056202641039310546,-0.004852237291921531,-0.0011211751672259664,0.0950030687059805,-0.022379181584245338,-0.01187338231696333,0,0.8263812429742496
90923,0.17709462822971103,0.02391601973717651,-0.0484282325531109,0.04500381703543057,-0.15861215094811204,0.10713239549336429,-0.006606041298404387,0.016889076314721148,-0.028928618923803117,0.015845850952558964,0.016592273415939877,-0.011106665319570174,0.01811400621301715,0.010446830949935542,0.013038001291833589,0.006700041138456359,0.09999098626813083,-0.025295310673502033,-0.014306779820101454,0,0.84404772657688
90943,0.18245532612357104,0.016116137020810172,-0.05722068280450088,0.04758448731653558,-0.16092657365461252,0.1129065160466923,-0.009277461669181596,0.01710352445795026,-0.02766696358975753,-0.002213680233507004,0.03078436699428964,-0.004118498928291466,0.020889604889857485,0.003265310840468455,-0.00628806551709513,-0.0025633038264837042,0.0977724336529672,-0.027835951439236464,-0.017211383247982957,1,0.8442002722537914
91005,0.18415404409270586,0.015247816250503941,-0.04519198681629286,0.05695808834311841,-0.14699794962453328,0.10709805807961158,0.01565754944748127,0.018817820090963177,-0.03347895883266429,0.01496056103700296,0.015999476269275604,0.003992689646513521,0.02099728197591056,-0.007484668538727452,-0.009282396576246271,-0.010130613557669008,0.09704800749357584,-0.02372663526764131,-0.009545033212647193,0,0.8367696351530843
91061,0.1825852499193287,0.034081659369916466,-0.041619591486590626,0.05898851128917081,-0.14694473712239844,0.10437529271554465,-0.00812333008057167,0.020089313000476595,-0.031968410618716796,0.004885113830217321,0.02732085829524004,-0.007018120845654991,0.01680527791098813,0.008010945798198192,-0.0023968201800717054,-0.012095394885918537,0.10023008644405579,-0.03132132728701104,-0.014651051960944768,0,0.8535110930410152
91114,0.19776749386216202,0.017502090412263964,-0.04474905501303015,0.040215265305586695,-0.15944856044255196,0.10033209254389272,0.004914204649149423,0.02515139303411808,-0.015510433509840523,0.011923767948077502,0.010659920445693217,-0.0036471834790366537,0.013598162694304873,-0.013342944798852953,-0.008579355560517568,-0.013289973017360093,0.09582694690510363,-0.026116819618838792,-0.005101054974399929,0,0.8076767182147807
91201,0.1920609024036697,0.019425691605775796,-0.042848354742288416,0.05628331260503409,-0.15270146659934883,0.11788142994703353,-0.004045843704562201,0.026063887570827494,-0.03213220253949264,0.010533413889724251,0.015116219146377155,-0.010545369085804633,0.014293179091460027,0.010216104153280224,0.0009439480178923938,-0.0004544176441685569,0.09549998507510428,-0.03812212928477115,-0.016896493465939,1,0.8560643505725544
91265,0.17857827775315085,0.014963033048031933,-0.04555679580167742,0.042047432279102764,-0.14701565908810632,0.1100090409838142,-0.006708517272733208,0.02474453643447783,-0.019798125990532194,-0.007399431764752115,0.006183338140915475,-0.013859573184897443,0.026109668419885552,0.008291983921398037,-0.003145082454550375,-0.00924779737313864,0.09518709535693343,-0.04106293703684496,-0.01244305254480532,0,0.8123513788497481
91338,0.18489004024116767,0.030532551183423275,-0.042347529308730696,0.05526874878181331,-0.13109347897508736,0.10411692795453831,0.014229844343897638,0.018046611235074797,-0.023705016694013297,0.003482159353097107,0.014008173138421847,-0.010477957160945059,0.008869139131695068,-0.004190587847523414,-0.0013337052082080401,0.011943384187566514,0.09003301708023069,-0.03622492277133599,-0.015288635778194483,0,0.8000824303749645
91388,0.17043701356071755,0.018296408770272343,-0.04132611255630813,0.04199487356536266,-0.16353965949448968,0.11922159039474504,0.012089510372198733,0.027011404178911586,-0.027295557565313135,0.001979214847921543,0.01314492697933915,-0.007195307389626773,-0.0027945009303128724,0.00020402663651678226,-0.0026390037728921717,0.0088167855244764,0.10841592128816502,-0.03260690302866062,-0.011347169760397936,0,0.8103558906166282
91507,0.17182251202614499,0.010414600621220477,-0.04711301095770258,0.04397759282823432,-0.1538720037380256,0.11885378382327498,-0.0017056590400022003,0.011281164412908261,-0.027469440518450332,0.005397599648943777,0.013674449071111988,-0.006281511119617968,0.016307705357861968,-0.004878039330813744,-0.0008046516821113489,-0.011898412624096825,0.09444394456894982,-0.029438736346076248,-0.013755286558481263,0,0.7833901042740287
91524,0.172572326174889,0.02231876183943805,-0.0354468519638492,0.06029121835858056,-0.15251529469642403,0.11533778075033714,-0.003393691628739702,0.018620467253913763,-0.025295269521879292,0.009698407118278279,0.013634826506358737,-0.023190705918796194,0.019186251819974257,0.0018862848271406244,-0.010040056752177893,-0.009483033408519253,0.09149150236220861,-0.030666496642516798,-0.00896784536743979,0,0.8240370729114612
91587,0.1903284243910029,0.01914314179748199,-0.0541075216692851,0.04709158140630158,-0.16124476350370992,0.1183725692321029,0.006108382132722607,0.02995922012996863,-0.028418519032930967,0.014453925006533662,0.010427643357091851,-0.013354490591408514,0.006338206116576269,-0.002472683131889258,-0.00020561783539547668,-0.0015519747162057059,0.09703851802151187,-0.03143263643807527,-0.020257829446286867,1,0.8523076479564813
91674,0.18510804863354438,0.0172826128437125,-0.045419211855537565,0.04228087238295664,-0.1478637061609414,0.11736826888081084,0.0005731823655930954,0.01257521313377191,-0.026530700779244396,0.01778340484155457,0.02110199833809329,-0.015951856476833837,0.024671055113928177,0.00343852067121978,-0.0067420782182638665,0.0014197903368458314,0.08861117042000542,-0.027304564765520928,-0.012974248260221805,0,0.8150005044786003
91690,0.16855015292658784,0.019980524229326283,-0.04477102205486166,0.056943273402989915,-0.15258152096112013,0.11168571588192015,0.011369615276441576,0.029605725588591744,-0.02674291806281767,0.012279348656324853,0.007026849944544308,-0.00328939333202004,0.021580654971718738,0.003623075889501712,-0.0015761419952360779,-0.0076660472786691915,0.10232846190514876,-0.031866492611017525,-0.016119625177726513,0,0.8295865601465647
91719,0.18311248209283945,0.015577515069613,-0.043443016870427384,0.05414319678063817,-0.14405160397306127,0.11832578509341206,-0.0014443966719425638,0.015414363181217076,-0.024463067583538514,0.011805966600366622,0.012861682260374697,-0.004226554151464173,0.016730717269775073,-0.005157434545408278,0.0015436144924153346,-0.010720457452052887,0.09778338269335397,-0.035904966685123996,-0.023690324248095772,0,0.8204005277151203
91738,0.1814921179439276,0.023721511345765837,-0.055207001452344404,0.04730040065205158,-0.15853873235942362,0.1103405704675701,-0.006659980955724304,0.021331729715471197,-0.039773628535035355,-0.005371712489982728,0.011848543804908986,-0.003144009788683846,0.02686635344951698,0.0012195193344883178,-0.005321284047417125,-0.010307343662680716,0.09145511597082115,-0.03336248260487935,-0.021162764529889844,0,0.854424803110583
91806,0.19012401364051146,0.013611721153029086,-0.03204092651379976,0.05013250363454397,-0.1582473815446423,0.09884582468043689,0.0021223780517679175,0.02141696805321598,-0.03277867345408767,0.013377252018905772,0.004869471073286053,-0.010785488491113953,0.024984629891720872,0.007341503197828278,-0.006826528635158417,-0.008579759188439878,0.09970187079031569,-0.02261889427757421,-0.00876520007019426,0,0.8071709883605724
91912,0.17671606250610764,0.02552347645136556,-0.0599483699668291,0.05144524948930822,-0.16028702631649927,0.10550369832962819,-0.008571973786551994,0.021112980169953673,-0.024914227689930728,0.019673616730418175,0.020159959744978747,-0.013288981082746157,0.006579273430940755,0.009165659710347928,-0.010524024284160854,-0.014214551459888152,0.09573782736745871,-0.030886871856373874,-0.019947951778688678,1,0.8742017821521764
91971,0.18981810040002126,0.021806591798611163,-0.04862601965309679,0.05027212934343265,-0.15544627564640887,0.10849660498280132,-0.000880644197490264,0.012231433711558503,-0.027072575814311727,0.014583543310097532,0.011249053443611668,-0.00323377633472022,0.02807545814535006,0.00711917083529762,0.009177023852035057,-0.0012418329377160901,0.09061960816857972,-0.04091106684074189,-0.028066391705487633,0,0.84892730112137
92040,0.1903056221078552,0.026039382204906526,-0.04834395745419442,0.04922192422411997,-0.16430022957438722,0.11399423492637203,-0.0025403876635964754,0.01678176192134558,-0.02692016355326915,0.00500232153710905,0.01697850905920667,-0.0031904650785858895,0.015753406309574697,-0.0025398624346967577,0.00576986138776632,0.005057791402922555,0.09850588144894788,-0.02351284819474988,-0.023084581760392762,0,0.8378431922439991
92126,0.18196270988248064,0.017640301654811567,-0.04807917921135635,0.043153449752352996,-0.16164688243571151,0.11041155354615124,-0.0067286310622631865,0.024689764843766476,-0.03540005747918905,0.00852543740814234,0.01615797723944029,-0.003656183377299158,0.011086652822845641,0.013066678189159173,-0.005375626236730023,0.003700676472219137,0.10184894345125275,-0.02866691580767298,-0.014257546072340737,0,0.8360551669451852
92134,0.17804562244365632,0.024518412393277237,-0.044973289066466825,0.05518244685017569,-0.1534125291875064,0.11177138535614123,-0.0010426903381993272,0.020785435715700785,-0.03224122015344818,0.014403597899153436,0.016629142850352066,-0.00016547542030779567,0.013741771453922028,0.009925126850804804,-0.006998935789596398,0.0034274805806931096,0.07857295422191343,-0.029091001661661616,-0.016369066553832804,0,0.8112975847868095
92231,0.18492201280968798,0.017635809137330923,-0.04441383499080717,0.05033187208551991,-0.1399168066884184,0.10624641448211213,0.0005483570091717707,0.010278533807475898,-0.025194378451914416,0.00560938912403919,0.021002013365501334,0.0006905748742281799,-0.005940049905147005,0.0016672654954179927,-0.012811670403392983,-0.00741819785284692,0.09805363514533452,-0.01935472187373364,-0.01588093680291782,0,0.7679164743049982
92311,0.18318234124112528,0.01049169724364164,-0.04292458230937567,0.055919481435768637,-0.1381583041189137,0.09976728394670586,-0.0018660548527436652,0.02119563732312699,-0.03387380008581794,0.020265986520905985,0.01033927608013879,-0.008813998528952613,0.018197452220952454,-0.0006593348298855181,-0.00824564793926485,-0.009095298078590526,0.1017807812085888,-0.02701048135391087,-0.013351743753557972,0,0.8051391830719677
92350,0.1836113096122826,0.014438036956591429,-0.047954725532512524,0.04948553460823205,-0.1638193287862957,0.11573743132002219,0.005367434003769339,0.016565265725786912,-0.02837556941568657,0.003491844208320842,0.008863468931676331,0.008104891783490532,0.022443008119707727,0.0072551423186313305,-0.011412146993923318,-0.014509315289444213,0.1010613169955265,-0.030598384337877295,-0.013628556967102547,1,0.84672271190688
92419,0.18324276201109319,0.01337511396776764,-0.04203209785966538,0.05705469159924081,-0.15240493176437467,0.1007068326665421,0.009901753444575265,0.00900590550053012,-0.03681323849794846,0.004442055869638869,0.01774592068941989,0.004020791931005452,0.009117683237075583,-0.0025924559660101703,0.0013654275501315193,-0.0028089505649683487,0.08495306100114526,-0.034375916321113635,-0.013342864039429083,0,0.7793024544816755
92448,0.17468823933905772,0.020232931620025454,-0.05072915506022723,0.059539378469929405,-0.16725916465371604,0.10890975450068521,-0.0006201946185009559,0.023072927939676954,-0.021797531577856476,0.00952568397893347,0.01730327136204925,-0.0008828187918459112,0.026482468054112286,0.0019660533982278562,-0.008008207117019998,0.0030286769661995784,0.09735485163883131,-0.030989228892152474,-0.012673937817550497,0,0.835064475796598
92486,0.1799353005099047,0.023395404089863975,-0.04887081779004758,0.05441314329316321,-0.15546802221615597,0.10622297625151876,0.002881203065300027,0.024091233084650953,-0.02396571281912054,0.002685784639029056,0.007674807244250281,0.009850326735697497,0.0006442547461447194,0.009181934245894498,-0.0035021436094571086,0.0048231247930563765,0.08353639915195203,-0.03556736302052406,-0.015051238660482384,0,0.7917611899662137
92661,0.1774833559707142,0.022466953532829518,-0.04770128699205684,0.06269096252101584,-0.1578749733174404,0.10474321060922628,0.002256853233590228,0.019843109706572794,-0.028628156330614177,0.0065881529475745135,0.007428974421254274,0.0029089384614675007,0.012815141368122462,0.0031929083365446784,-0.006838693933998522,-0.008173829576610293,0.08735208536805324,-0.02830578633082701,-0.0062905501021534626,0,0.7935839230606663
92696,0.1873511937425687,0.015131526279839505,-0.050747045991302926,0.06757381225733751,-0.17019013545636655,0.11341246634357716,-0.0007149401674071228,0.024388437862071236,-0.03244092204450889,0.004448863498159224,0.024242660876630445,-0.016908358900944012,0.018963359616419963,0.007874990483761774,-0.0036604908271002956,-0.0026977241044501164,0.08592521461373741,-0.02949740983433548,-0.015026988460222646,1,0.871196541360741
92721,0.18835423059659925,0.023399062298527024,-0.05653425736815321,0.04500893255414613,-0.15899527418860257,0.11062902775466375,-0.010016453307693482,0.02376528595890529,-0.017410965224241175,0.008134144160990689,0.011069797689631468,-0.01053741807810937,0.023306002810527388,0.013107074011965484,0.0008057042142502573,0.0037062368947063202,0.08348938450305786,-0.037159882270043916,-0.022387739718385483,1,0.8478168736032001
92777,0.1952096707718504,0.0027315311223599665,-0.04164235907720221,0.05168221115264112,-0.1659066071442183,0.10794520535888025,0.0056640753189312575,0.014714510176043314,-0.018653190591659197,0.007790822265236666,0.020652673394067442,-0.0024078094574294957,0.009474936289770412,0.005196819405405449,0.0024525131149097904,-0.0017879128336254896,0.10475269224452467,-0.02858058081584007,-0.0245608508952441,0,0.8118069714298396
92825,0.18441432286393306,0.020360652082730104,-0.05041643618250566,0.05697644531502199,-0.15277250018552369,0.11883385229309225,0.004790270101328999,0.01800695057240912,-0.030710939454529462,0.012797142847908151,0.014621068869217548,0.00744990674459003,0.014380656421260535,0.0025602049419600724,-0.003314306811532491,-0.015139573567925089,0.11167800227272968,-0.03955956775454699,-0.0072301880542274995,0,0.8660129873369724
92865,0.19078763707387528,0.02290398873004469,-0.043806025722191354,0.04491491782178357,-0.1468993954143628,0.12005398338892515,-0.004107163585810082,0.0192192809839657,-0.037161297874918446,0.023625665231744204,0.008827776362595009,0.007767936147424094,0.02284392292017898,0.002381478904927114,-3.9868397751345745e-06,-0.005599158796033385,0.0899430078892989,-0.034190550438958155,-0.02389804718936817,0,0.8489352213161803
92888,0.18260203118272764,0.03827224857623279,-0.04273109741799645,0.05023056971304532,-0.14546613885476772,0.12287079463102682,0.011159242664819106,0.011738304348257737,-0.029069199259577606,0.009305990980098797,0.01563075137103359,-0.008159655730303772,0.020882297973866492,-0.0001771611123657407,-0.011422492557457866,-0.004477366875586401,0.0954579237334567,-0.03262259685347185,-0.01315975752800646,0,0.8454356213640989
92955,0.18357491722035976,0.016076922579099758,-0.05079424554042119,0.04653643367481627,-0.158714488231221,0.11215029301746075,-0.0017490912529304187,0.019937275754937436,-0.024485807343487397,0.004239826450107946,0.024998726636305087,-0.01039364516082192,0.023458206172066356,0.0014201516875891496,0.002089183185614563,-0.015175560376690695,0.10320631506996691,-0.030467097520997057,-0.008507955885453524,0,0.8379761427603472
93124,0.20446027813234413,0.02659165745732041,-0.0437700893791075,0.04236743994228211,-0.16625483028266932,0.11196146126669648,-0.002040021746098757,0.010851833503959272,-0.041500351372051485,0.0196329799956713,0.020287435677732245,-0.008775974737786022,0.027675644911094033,0.008933853306753383,-0.004682257810147248,-0.008413576898289758,0.10227059237819577,-0.021779598082211315,-0.01414909162389335,0,0.8863989685043039
93134,0.18641758309541162,0.022888666275381574,-0.03255258885501864,0.04464429042926845,-0.15920477357293056,0.11478286654156176,0.0037641079777770902,0.019414644047918178,-0.027429169522786415,0.005129705063151188,0.005003703520283411,0.005250328839932242,0.02161010850524857,0.002184409114317517,-0.005452036285537301,0.0006475085783329719,0.08812214051544687,-0.030685965747496696,-0.008774194402145101,0,0.7839587908899461
93228,0.17838455231713546,0.0345947423300183,-0.042864892093687844,0.051551570846308487,-0.1503400971443146,0.09879135565277093,0.005774392132170782,0.020384385514038705,-0.030957295337090983,0.005889841508861138,0.01593023229639861,-0.00563975053914344,0.029240035163934152,-0.002866640304628431,0.00163247441478701,0.00025581807748695847,0.10208416548735197,-0.033533499460472176,-0.02079148957099172,0,0.8315072301915917
93250,0.17531928936284152,0.030984463588858296,-0.042958318386860074,0.04014522037533654,-0.14695361482182592,0.09356643271819422,0.0035982514091518203,0.0064492102761509705,-0.02930437454649649,0.013348505685352723,0.021796243653212994,-0.010840936769497966,0.01786766646741825,0.005556597280393858,-0.011371095437035073,-0.010428444127660438,0.0962159981291692,-0.025429779397921258,-0.023457812590395546,0,0.8055922550237732
93292,0.1737369356104448,0.020332116060258348,-0.048187766062464416,0.051900064458191515,-0.15937641174173492,0.11972579884859302,0.002270630530865042,0.012813253316166779,-0.02365067681783244,0.01249408889388692,0.019998123918511142,0.011628908965007855,0.006254028968304918,-0.008498707403970154,-0.005430994492919597,-0.007355676237223461,0.10342997576303138,-0.033876537990695565,-0.015629247782342093,1,0.8365899438624443
93298,0.1867367469839016,0.016824448757358616,-0.039133537735269945,0.035193368127870994,-0.15599145828871194,0.11140631979843973,-0.004363243148626483,0.0006907553283421438,-0.019430549682310158,-0.005236963630427314,0.02127064967029958,-0.006167422331967875,0.0030148425398347227,0.0031976256674281934,-0.008761770222690318,-0.009658026045795435,0.09443663935788256,-0.02522539996662395,-0.02027508598300784,0,0.7670148532667894
93317,0.1830098084794608,0.012578600719777388,-0.055703680007288266,0.04380195767961411,-0.15846201433823603,0.10412207768402301,-3.008873534288494e-05,0.009685719581615862,-0.02010136689990708,0.012993707510716658,0.029394877681557813,-0.009281240796926531,0.02108571325002808,-0.003084361481945295,-0.009934082497426182,-0.007554828642926279,0.08257490669469894,-0.02835784368024466,-0.009754937405718759,0,0.8015118137674546
93412,0.18225502381385716,0.017460823874966617,-0.053822024891270664,0.046682322323989514,-0.13763061988496092,0.09877721126189529,0.011834349258596211,0.027377911573451527,-0.031003346935250996,0.0187710596736533,0.014988381399006365,0.00120484785840636,0.01409221092733099,0.01065962501908081,-0.0023654955254817545,-0.006229550127284273,0.09398169321787984,-0.030418948805478074,-0.006249581034678963,0,0.8058050274065196
93582,0.18332230928058457,0.006974980668451039,-0.03554024970079862,0.04169738449080521,-0.14714413247724073,0.11445124597352747,0.009683201433059842,0.020617764089950783,-0.034850705877084776,0.009413575495782674,0.019294667166349627,-0.0017325823397934296,0.025225206949294244,0.0066253678847228445,-0.011649702964871661,-0.0008350388023955233,0.10157404342508522,-0.036640723376827104,-0.01463984134211301,0,0.8219127237387384
93604,0.16884935496380102,0.010961608181265863,-0.047380686991789385,0.05574591622653474,-0.15614135132237708,0.11843632971700513,0.002214111658325922,0.01202716373673042,-0.03102207703365583,-0.001382882173852047,0.013758042170937249,-0.004985665692424822,0.020113641637634346,-0.0021990605755904903,0.008531812361535685,-0.0034974001688188056,0.09174301822729958,-0.0345729293778699,-0.018451122778238602,0,0.802014174995687
93654,0.1963563004668602,0.01635830317295789,-0.04637740948964629,0.05748965226397897,-0.15638130298324276,0.10777720999421565,0.004511285292520385,0.02042308325348444,-0.027251912414397138,0.009004859681947305,0.030839035236804573,-0.014501192202856845,0.018156550934777256,0.015471337881469581,0.00271782809004922,-0.0050927027462175445,0.0827613720355294,-0.03437738556390744,-0.0019364645427479255,0,0.8477851882476108
93660,0.18054159985305246,0.03026741131252269,-0.0422281195706992,0.05244593825718566,-0.1564287334057097,0.11204315069413916,0.0009553773915780676,0.018604412206668273,-0.038151418310857686,0.011405640346807893,0.01608248418472396,-0.01097308700733376,0.025586452177545096,0.004990402776611387,-0.013926213943286952,-0.007154667721179304,0.09607012736352512,-0.01984316029583956,-0.02595801722291803,1,0.863656414042184
93662,0.18949446875137627,0.012314825908207672,-0.06799083423106439,0.04556200103303559,-0.15355320131297187,0.09950091314935482,0.0038691931969074642,0.008281760853952502,-0.02113032170554856,0.01476009240687236,0.01787438493422144,-0.008564135948151431,0.02957575746468139,0.004650555516211559,-0.005235209219931542,-0.0015770202427866373,0.10545538478184303,-0.026393487298319685,-0.011432553501582106,1,0.8272161014570203
93669,0.17688664516387198,0.011751206114173006,-0.037133930328306974,0.055664703865072676,-0.14911125548933735,0.1101709365532769,-0.007237145864649808,0.01499326502526998,-0.026832095435654107,0.006139098157136209,0.0069219043804550715,-0.004368403537775702,0.027709569562966833,0.009316243661385181,-0.01694532249683133,-0.009244195058961029,0.09013911096540725,-0.02489961475880095,-0.019979710108415157,0,0.8054443565277475
93752,0.18297006766037097,0.017925189060176844,-0.0563776439923304,0.055198097602060306,-0.16493316879753842,0.10762259590586847,0.006815858818008668,0.028997757424009868,-0.032153063613171315,0.018605827155859386,0.0003514413873602665,-0.01622590132663589,0.015518144372803674,-0.0007434756524742686,-0.0014328832729623149,-0.01085927067478899,0.08294700310965916,-0.023171425329271342,-0.012440734289456178,0,0.8352895494448067
93825,0.18650683674981217,0.017000928617436878,-0.04084188871257571,0.04283124575954859,-0.16235343866251573,0.11193782676937504,-0.00698069690809224,0.007735122934154903,-0.03322460500955076,-0.004539743231073664,0.021502038004239298,-0.005472005691508107,0.014945599329377439,0.015580676042574428,-0.0073017946770224445,0.0054744273629653995,0.09284064739285573,-0.035063573062937135,-0.010253518070906941,0,0.8223866129885226
93826,0.19769689286596673,0.015763208021377456,-0.04511451793309429,0.055975387472731536,-0.15180359262630475,0.11829628023245008,0.0005234601596024592,0.027953491279009555,-0.014183395634766434,-0.004753494936507435,0.014074665454092432,-0.017358776050769135,0.0218571830328307,0.001506862517451665,-0.007072468887419273,0.0042039230054422795,0.09061488946513949,-0.02783498458877082,-0.008617303844917294,0,0.8252047780086438
93849,0.18174235230771033,0.01509787586446193,-0.044669300523274356,0.042028055420356814,-0.15115108269172595,0.12221683841532192,0.002227396059127855,0.018679457114846032,-0.02124793902467984,0.0008253450927907646,0.013454317057066277,0.002626894948478889,0.03171625357663639,0.00020554102091379509,-0.007326327628366105,-0.005625524561049685,0.1006105430882575,-0.031248380646842606,-0.026257658109246323,0,0.8189570831511533
93880,0.18954910319691154,0.022653909687788666,-0.039254832456131254,0.05085987969745641,-0.1512900856510408,0.1087203549945045,-0.0013917345049989712,0.02324445222492646,-0.03071166062935929,0.01737278211316529,0.01653292395460558,-0.006254422897404173,0.016209524082350452,-0.0035295827769897285,0.0038818535744676555,0.006016444703048466,0.0975904159426585,-0.03854186004266379,-0.010092758206638113,0,0.8336985813371096
93953,0.18532337057951295,0.017776887217645726,-0.041668334952776,0.0531534110905658,-0.14462083210057808,0.12149449717693556,-0.0030169163107914543,0.012219229564050674,-0.033557299116518446,0.01025574827716034,0.017578356154787488,-0.0056258279740713886,0.01618224696694977,0.0044427467651732685,0.001619482552305278,-0.0007527190744657668,0.10693436842609626,-0.02738331710532016,-0.012028363482452648,0,0.815633954888157
94023,0.16934611227328317,0.014678421784507706,-0.04279919112045803,0.04564600420211198,-0.15720648316400873,0.10306164185561478,-0.009152424769921064,0.021931110914739472,-0.02406978642865382,0.006258362790657637,0.016680034344913046,-0.0020753920473416633,0.011815040709137187,0.004311515296155301,-0.01825817351019704,-0.013854686870816113,0.09462181429608578,-0.020469564717241706,-0.012598125187242832,0,0.788833886283087
94051,0.17862131137057427,0.02553286538177469,-0.05001016663249367,0.04315216199383681,-0.16162794645614437,0.11116697079055161,-0.004540474117577722,0.008772639113055833,-0.041513044054082904,0.010132697828899976,0.01218357678151812,-0.0056632667906234896,0.005388673144233158,0.008938987331841317,0.0042690001935564515,-0.0040772655340986196,0.09442647660066449,-0.01908667705449921,-0.019909384676074407,0,0.8090135858461012
94156,0.18083893397513348,0.0272103643049312,-0.053407396058710276,0.057174021583893606,-0.15558147479163242,0.10541420130297213,0.008376608249167557,0.0012176705893720968,-0.03182226949810577,0.004132213490441773,0.013950795169404973,0.002272437724524517,0.014713783174181412,0.002281106970503547,-0.006110240855028525,0.002923458099439895,0.10442059406913372,-0.0360065731153075,-0.010420349317734657,0,0.818274492339619
94277,0.18286881475224936,0.02256160889520662,-0.041654270944180415,0.04120187586231125,-0.153001546886952,0.10610741691942137,0.005283616868285573,0.018066761549496255,-0.050317922651679545,-0.0018596099415914748,0.017856024461633275,-0.008979504745741707,0.017863795513773238,0.002934925656527745,-0.007248206750812542,-0.020592139741960818,0.08460838746200844,-0.03253975151339617,-0.009488934313889663,0,0.8250351154311175
94300,0.18385162273497574,0.005326325819020284,-0.04762661566219368,0.048216534222241855,-0.16353793401675304,0.1202890184885053,0.009973811531008788,0.017424705110733216,-0.038918328579860856,0.009482805610420506,0.018337594752784268,-0.005692361407374094,0.02005732714897031,-0.009744474367655688,0.0003827224770571515,-0.00010075925681979806,0.09761541041578609,-0.030800914077787,-0.005374313747772566,0,0.8327535794277202
94344,0.17624243673107523,0.013029208244404294,-0.038814612750489585,0.04750226959240397,-0.1559986896434315,0.10245739398368431,0.004802525094435929,0.018909238293459703,-0.01540440207968004,0.007001824863289378,0.02107301749262268,0.003107619383359778,0.028791941893052685,-0.0013131317115980198,-0.0032390399365635524,-0.005391416480868881,0.0900736827593321,-0.03484878851850315,-0.007114041531950263,0,0.775115280984205
94373,0.19593627580874654,0.01842420719111248,-0.053998796769872445,0.053989991512976586,-0.15117572626761924,0.12042814085058742,0.0009552420259676409,0.009702219413637962,-0.02915816719078688,0.013604480569728572,0.018463843013526965,-0.010100087736080248,0.019664835013732892,0.014225433016970854,-0.005259154701688877,-0.008753574031819103,0.08310769720893042,-0.024063504438045023,-0.005668410093564043,1,0.8366797868553942
94440,0.17054868242637664,0.01759375260386365,-0.04960844451249252,0.053351068759335346,-0.14574847017098275,0.1231486557615135,0.00014662344292184302,0.018998735339251633,-0.03273131839715152,0.007887275229719125,0.005463612933649617,-0.005549484710765771,0.03141419552501641,0.010078745416773432,0.0029411520299766,-0.0030293115631129007,0.08943138788464235,-0.028669409093598344,-0.008077461258747882,0,0.8044177870598919
94448,0.2059053281560373,0.015020959446729598,-0.05472639684094278,0.04352064980771231,-0.15948106832774525,0.11628679375408466,-0.004678996211640946,0.017368486694041868,-0.03386875234234957,0.013973811189082546,0.013913764953392908,-0.010506530600610834,0.02973637666062919,0.008085321486083067,0.0029563801675974426,0.00416441015344475,0.09150727057632563,-0.02740830665189944,-0.016896892590229917,0,0.8700064966105799
94467,0.18083567952167823,0.0186282424707377,-0.04327759569475787,0.03722688225935463,-0.16198816936384353,0.11796061342899275,-0.0022213850686615736,0.021197982538107743,-0.03333127909526824,0.009458809547268805,0.013168407662325125,-0.015870257683709935,0.018312726021406944,0.007971870755344534,-0.011198780691723625,0.008569455538887586,0.10759672050230502,-0.035397091914262865,-0.012040470252221937,1,0.8562524200108587
94469,0.17896563750245617,0.026399318907573976,-0.042554544038337264,0.04259566093748171,-0.16613690341059317,0.1099337333986122,-0.014319754963474844,0.013545536118948577,-0.026843225864523156,0.021685569311731025,0.020928300451675895,-0.008509513383477234,0.024617004062863847,0.017514958415336686,-0.006916084719978474,0.007728556533118198,0.09944555055820188,-0.02380200619896582,-0.013429225875997132,0,0.8658710846533473
94606,0.1852728655279468,0.02760392433827043,-0.03687195146157766,0.04578419763689359,-0.16711064955214933,0.10567435430175527,0.0001226083385643144,0.02222829362833659,-0.02027199927211046,0.014222014234242282,0.020005832843583236,0.001469232671127314,0.032627616447371936,-0.009546955315792747,-0.004445026442105701,-0.006581128266284401,0.09882817730532262,-0.03702093703478727,-0.007883580285162622,0,0.8435713449033846
94731,0.17201413594046935,0.018850429928618746,-0.053499419164343316,0.06220277590093307,-0.15445120271030496,0.10152592089982956,8.632378505108598e-05,0.023776612381844916,-0.017988740566978276,0.02092885534323528,0.01194246794053034,-0.012232898707142854,0.02042268006183513,0.0018360376267836846,-0.0025402934490584123,-0.008077276244761521,0.11194914927080611,-0.028224162140475215,-0.0185266994482863,0,0.8410760815112881
94808,0.1744007063086959,0.021748233328167842,-0.04834928269004154,0.03607018429157918,-0.16612169573567814,0.10928838076106608,-0.015406858778168652,0.019742778879519043,-0.036403296778757054,0.010669955492543718,0.014375467182009712,-0.011242328598386432,0.013581151384917224,-0.0020055002478106803,0.001690475766503026,-0.004594691115812749,0.0951213954984378,-0.03183104529808179,-0.014140783695631022,1,0.8267842118318076
94848,0.1951769787530803,0.019851060935971266,-0.04862352962712079,0.0348817468873929,-0.14853610775911735,0.10815669846457197,-0.007405390172110507,0.023161629084891073,-0.027952483995756765,0.0014839579114038436,0.019765129236833285,-0.004962935577230674,0.015016120936230401,0.008730657418391297,-0.0036936301363522236,0.0006896737364426291,0.08938316155801071,-0.049248369005814994,-0.020505188951663457,1,0.8272244501483864
94874,0.18611616550070956,0.018763103703207246,-0.043737740012001584,0.05255151244731257,-0.15831765505203846,0.10414182799580246,0.005234455369355306,0.019508514402617957,-0.021529371566419202,0.009349533642890533,0.013791296000780941,0.0038944993286317534,0.023819046168229427,-0.0013960740924165319,0.0026940555620133676,0.005335759706426597,0.08798540641198234,-0.02342001684618125,-0.01970268133580766,0,0.8012887151448247
94942,0.18832204045177492,0.023024459496661816,-0.04659445619391816,0.059712832476512774,-0.15687262627255427,0.11502652774623277,0.00592886794891357,0.02033437302347543,-0.03383089959017764,0.00582270061114853,0.010762482885035278,-0.0026665692709393267,0.012295138205562502,-0.01453870550360074,-0.004903078206603803,-0.0067212624880144765,0.09859289837167441,-0.025819466101878814,-0.012351246513890314,0,0.8441206313585695
95007,0.18487520716690556,0.01564007806837212,-0.04573725593477161,0.061902994861576965,-0.1420662452000925,0.11889375473143773,-0.009129133971616948,0.024436865595348512,-0.031463563431673766,0.013337445160058439,0.01504608435412131,-0.0194010211602775,0.019989838009432985,0.006666133401117209,-0.00794804869358707,-0.008902745776301822,0.10374982713023322,-0.03113546998871032,-0.007363674351412398,0,0.867685386987048
95043,0.1729063214076783,0.02351799852609213,-0.035075649590139396,0.04841789836421952,-0.15449833730886992,0.11608732863231627,0.00046947828432119957,0.01658264907571077,-0.030867258389081113,-0.0007503545579820016,0.017385619706521523,-0.005176431239816892,0.018629187472762685,0.0008185345872712484,-0.005276885656772599,-0.0025902649886559146,0.08657495494166614,-0.04245251481260793,-0.009514428059483587,0,0.7875920956019692
95196,0.1918627230882092,0.01826392017082876,-0.05614983676265404,0.04251198912192521,-0.16262355145685703,0.09755595336783084,-0.008517181081555466,0.03161272107317045,-0.03349219060119229,0.013015094414974266,0.017635283488829867,-0.014554256449801224,0.020533238935378846,0.016119077083143647,0.003713092293970564,0.005753757357127149,0.09569277878590159,-0.025299969690734208,-0.01439915720179547,1,0.8693057724258801
95235,0.20734401664349775,0.01661951038259886,-0.04281198761587328,0.04868569352053993,-0.16292899626666196,0.11583604304635084,-0.008750372182301304,0.012351680455004918,-0.029265607398360528,0.006255674795451639,0.022484480516481536,-0.004458356455499263,0.014671449765574513,0.014889150632641263,-0.0001526548182289542,-0.006373513937674556,0.10340682951367702,-0.03799533219658451,-0.020300970449552418,0,0.875582320592555
95339,0.17097861684201499,0.019165413061225635,-0.04392188992865536,0.054828244265260256,-0.14940222355817823,0.1074104446269675,-0.00902692407479862,0.010807901976298783,-0.03223129911061774,0.01600439563747731,0.023205239057974756,0.0005601069050434225,0.019345045205116474,0.007313802243064667,-0.00815298378063546,-0.0032958442295160156,0.100603821659613,-0.029455250810779886,-0.011983201218911705,0,0.8176926481921498
95406,0.18753554204969602,0.012926842761402192,-0.04529281608098231,0.04831095234772906,-0.1479146402089048,0.10911667537336163,0.0010502255995222265,-0.002931883998725483,-0.004220580178008771,-0.0033643041658133416,0.0076542743758877116,0.002231026666782347,0.009962229196964939,-0.008146216593945004,-0.009189465811119981,0.008957282962168116,0.08991469197485243,-0.028719288171802356,-0.018182119625645168,0,0.7456210581433139
95441,0.17993883345128478,0.015201788551138419,-0.056821876473961114,0.051867754984714236,-0.154160530727663,0.11095111394105331,-0.0036469131186201414,0.013691671175667126,-0.03450212788993674,0.00806278252970085,0.016982379988219776,-0.004724447233462448,0.015688466877561508,0.009178658523389022,-0.016016982694564207,0.001966077302355545,0.09633870602127644,-0.02338408086297708,-0.007700942755782237,0,0.820826135103328
95481,0.19268513235799234,0.031149297743303304,-0.05173033321675134,0.05654858210152291,-0.1453606135106305,0.11295565475033702,0.014797887764320559,0.01808441264206857,-0.036639041263091594,0.007831382651652152,0.02354496057274472,-0.00598551980396221,0.006828847024661074,0.0005449351567769258,-0.008817225041000104,-0.0033828887826005856,0.09472731538974931,-0.037502040598771304,-0.009801981221148217,1,0.8589180515930848
95618,0.17580122472414378,0.02654471068015111,-0.03660242995093898,0.05170447768020426,-0.15589394921577426,0.11513083474614721,-0.002151654237572977,0.023125805589627187,-0.025236540054609014,0.0003238180360321838,0.013503299534742075,-0.011231686175787703,0.024922950430269524,-0.001687431637457949,-0.006453866882642418,-0.00869924695711647,0.08480293479384007,-0.021584302564638568,-0.015473640585145262,0,0.800874804476841
95778,0.18065656856515508,0.03257932866312962,-0.04161427562510046,0.051135846184401576,-0.15774178603705954,0.11815195834988217,-0.0060509508234069,0.016287346143424704,-0.028641720481558334,0.01735879901305417,0.024299473687458165,-0.014950603027285255,0.018618694293026726,0.01353579877557269,-0.005338660812303939,-0.006561882860571228,0.0985669896141056,-0.027427008327596248,-0.012550376887149961,0,0.8720680681712424
95790,0.17033075443576937,0.030471827523185738,-0.041028517268478226,0.04612047821604521,-0.1719816588143549,0.11035227099413017,0.0016724434925852588,0.0019126860244527489,-0.03571211273243185,0.007936129240679738,0.013672831810261956,-0.009163005495693682,0.008990783683917652,0.0008563759846120909,-0.003626335533733624,-0.003817190088338072,0.1018303981982645,-0.0327166304129028,-0.008849397167080827,0,0.8010418271169184
95840,0.19480464562227184,0.027549037078088773,-0.04140032616631527,0.041636939709203236,-0.15750012954797524,0.12211316801827758,-0.005658575098768596,0.022589827958503558,-0.02537786987910803,0.013789385325520612,0.0220397535554927,-0.004302905193692978,0.02476386640102597,-0.01538056314907472,-0.003945142536131095,0.0009292387858715387,0.10021548718390308,-0.02038016969334906,-0.009297155364074156,0,0.853674186266648
95855,0.1929560266393355,0.03398573552143319,-0.048297227127539054,0.057333038904478335,-0.15067202401631882,0.10134398186227783,-0.0021525094044534117,-0.0019276709777297106,-0.030495251898608057,0.017554717341628816,0.007052050025455542,0.008643599852334889,0.010959918307278306,-0.0007365764573202705,6.206974372446285e-05,-0.009425029714231013,0.09506725884606947,-0.020759582054281293,-0.018329989198115484,0,0.8077542578926135
95896,0.19036061918386252,0.034074419428483445,-0.046758575050839725,0.046697333239072145,-0.16061365675362066,0.10625074475292728,-0.0070667712229739365,0.02973236497051227,-0.04052293381423107,0.007410971011576792,0.025661700202292415,0.007754088660838003,-0.0005525794225135637,0.0056509203312289265,-0.006536857725757213,-0.003019064362786725,0.0991250778366894,-0.030520017059938075,-0.02089292712847334,0,0.8692016221586175
95926,0.19845411151279255,0.02605741276528386,-0.05381358507589896,0.05369139734900093,-0.15554935167397943,0.111947092502188,0.003548650371160628,0.010250170014369979,-0.02598632615489435,0.01678675519999042,0.01343874654760744,-0.00889379949236381,0.01855407275515022,0.0032805560476639388,-0.015885416689760665,0.00035737616762934293,0.10400835169338851,-0.03567150370335961,-0.01933063331208252,1,0.8755053090285652
96058,0.18372642277351298,0.016294966927775465,-0.04400979619611735,0.04756122412425334,-0.17281260311248622,0.11843077478596607,-0.011163809549315864,0.01480454036940288,-0.03056711841632208,-0.007925800254731023,0.013237393427107969,-0.01579109609792471,0.0010959896275759755,-0.0023624682725057904,0.009893469710782723,-0.006935765915429788,0.09728554537124517,-0.03643367056294218,-0.015838894178981922,0,0.8461713496743795
96194,0.1911999969431374,0.027415860220752025,-0.03686219487671022,0.0606746566908283,-0.15288005687191483,0.10238371564762579,0.00569777156714506,0.012393311368860547,-0.02891801377594849,0.021137977050529732,0.015013372114025656,-0.00681700432696266,0.012574907018234415,0.0048338619968441845,-0.003884447810537471,-0.002780829542932639,0.09679569023801629,-0.02244663433855336,-0.01514452994467892,0,0.819854832344238
96199,0.1893133381157781,0.016711872337354782,-0.04250577528600198,0.0430935252321033,-0.1629376365491127,0.11730121254591337,0.0012534439542706715,0.02599525005981855,-0.024754625990315575,0.0031789383778692173,0.021478360446439415,0.009244715457321551,0.017641159070119067,0.004419763332969121,0.00590757727759079,-0.008006668222711063,0.0826645145098633,-0.023023334992416662,-0.015412592502469243,0,0.8148443042604384
96223,0.17154235762637246,0.027813945778898348,-0.05213391901573623,0.049009577969927644,-0.14167673107360831,0.10146108593037209,0.003051850602125579,0.025702606614497445,-0.020189616916596504,0.0057834514473926605,0.00968004889437448,-4.296803106712314e-05,0.019141999774580008,-0.004269662176265165,-0.009472390892448886,-0.006026764830896031,0.09162535407287044,-0.0328099339944465,-0.017684937885423982,0,0.7891192035278999
96245,0.17531031465769067,0.025496992701340964,-0.0487809454672153,0.053369922064528605,-0.15143260893256427,0.105801124018972,-0.0021160200561633254,0.027477069248125822,-0.01852419382375519,-0.0021506726229133747,0.008086747987463025,-0.00816278713394787,0.012579713539969669,0.00872652260901945,-0.003994264120297371,-0.009260651401818835,0.10031718045782917,-0.020850473108233607,-0.009063205054653302,0,0.7915014090065018
96282,0.18469089868298832,0.009815385580406434,-0.03335758471234576,0.049224730292769844,-0.15017366822698322,0.1012118087385835,-0.0041875183593669445,0.008560742925692534,-0.03522796703441329,0.011290667461607388,0.024727869107477107,-0.005457615642020977,0.02198498170159359,0.009148223146167733,-0.010728822059677833,-0.005187009846993663,0.09557259033968954,-0.027753136516034296,-0.013636211840157484,0,0.8019374322149695
96350,0.18068306296070027,0.01535183086041006,-0.04120959543790675,0.05330485260682706,-0.1609876013878717,0.10073463596554497,0.007445064934761542,0.013588354947277437,-0.023114815263480668,0.01130678221686591,0.024679717114588048,-0.010657694591061183,0.029551336728778414,0.0030541616980049127,-0.0032235432894573567,-0.0013562492192224827,0.10234300295278012,-0.025095330105289596,-0.0008428957935737859,0,0.8085305280744023
96388,0.17073585860354,0.018610367169329158,-0.036349552987952956,0.0491242510992672,-0.16938943732368797,0.10555267175353215,0.00036491190049944583,0.033091395774019705,-0.03341545652267597,0.013362026640192315,0.005283276174869252,-0.002125869441554284,0.012130147061377303,0.0055336892276425026,-0.015214020780958416,0.0009451301944276,0.10029784689445458,-0.03989792334010464,-0.017957362545384322,0,0.8293811954354697
96492,0.17364843394131932,0.016730823157725557,-0.04400134372726191,0.04762411403657497,-0.15273486865176486,0.10583523955712036,0.01421938534423784,0.01417173244918947,-0.03299932972645147,-0.00011034060511663448,0.016225329354879806,-0.003275705248406067,0.011172883803898978,0.0012160218578925008,0.00857342484402418,-0.0023520920463716913,0.09713394952314147,-0.023678111842118082,-0.009897884979390616,1,0.7756010146968858
96545,0.18224597550341645,0.028603004726818697,-0.04777027649237887,0.06531037707558945,-0.1656774655779363,0.10246858084750604,0.016882836258001757,0.015084319372549941,-0.031645008662647016,0.009500276470538846,0.01297211373254251,0.006228771991779194,0.024256173066653626,0.007582135754744278,-0.01033141544750332,-0.0030167530060188057,0.0980524256212605,-0.027035765608075895,-0.02046855930551639,0,0.8751322345214779
96607,0.173108776547734,0.019663471459189952,-0.039264129509093575,0.035520446174473745,-0.1614586785515014,0.11352421757222629,0.0035705911887363474,0.02355160874192671,-0.028662604162865726,0.005602063865993421,0.014844398143295846,-0.006596219957440703,0.02298065242098682,0.007892321108399006,-0.009267750138023915,-0.018250920727532798,0.09425213810680753,-0.03947102392926016,-0.01644327146974277,0,0.8339252837752307
96663,0.17360606922385177,0.027357138098208184,-0.052267715738206995,0.044444824800611564,-0.12904627314575043,0.10905018553265816,-0.012905274163783413,0.016975941001089335,-0.024932865998799052,0.009418350777684069,0.008267573485569939,-0.005715542758732094,0.021796558590288655,0.0016270510756194807,0.002968175348353401,-0.009534519395973728,0.09606055309539452,-0.03333296913384585,-0.0034913704620341494,0,0.7827989518264548
96711,0.19640847747620813,0.027121421242929395,-0.022971231616933173,0.04927738748965698,-0.15487476876516793,0.10436644833781751,0.01207056172425174,0.02295807117180831,-0.027694818272597965,0.015583380745802969,0.010202501556018576,-0.00895566424769173,0.022772890001726897,-0.0025039792003917778,-0.00863372696542337,0.0028328549940927835,0.094536033882785,-0.008238421240022498,-0.021017784139040378,0,0.8130204230703671
96804,0.18188115400850885,0.03311387247129534,-0.04487735522092471,0.04097622949619342,-0.1626330794044761,0.10739703249281898,0.0040336804401595065,0.021463116185887872,-0.03602093645555038,0.010835237732848179,0.009641136514741482,-0.004911697833689388,0.024854576555282393,-0.009288323543691756,-0.02036144917878607,-0.002878944095223775,0.09735742289834992,-0.03348483798466233,-0.019219605757616897,0,0.8652296882707073
96817,0.1918687058672772,0.02050209603991576,-0.04149110343768572,0.06268736257933778,-0.15470410229568643,0.11766628248006217,0.0037609704151803903,0.022183693749887858,-0.02012442250584749,0.012921996207535327,0.01617377007416241,-0.0024848590855990633,0.01329086185248733,0.00893064455865127,-0.005196972414788348,-0.0095023774035553,0.09309658816073257,-0.029566337255397947,-0.02509476999525717,0,0.8512479163790475
96829,0.18486189072932566,0.008316177416070273,-0.04459719112271431,0.04279162974172378,-0.1485026783673123,0.11300884321704982,0.0058360366309375,0.03567115726487537,-0.01972982102460337,0.0076097769520193795,0.0057176979837912974,-0.005912468400339171,0.010240223951093072,0.006562097480985935,-0.010928773865941127,-0.010458355460382969,0.1192947989984082,-0.016163855222231117,-0.018336820622478465,1,0.814540294452283
96832,0.18656958659350983,0.014723776750258351,-0.052683965995333204,0.05548334332871683,-0.1651722702877094,0.11878743291799096,0.0071531378262750245,0.018005839599595633,-0.027171623882215126,0.006495866459695762,0.01674237468754825,-0.0074420053244346395,0.008897819902362568,0.018493724709389262,0.006186227561380015,0.001856030711868925,0.10361874066583801,-0.026082913454695003,-0.014995159870829224,0,0.856561840529646
96906,0.18451546608633276,0.023642351889048816,-0.04503926089854037,0.05529805980836011,-0.15990074460951736,0.10686527750425026,0.0018646748334770482,0.013392542386794265,-0.03012520203668248,0.00980833820588625,0.028146514467131362,-0.00629377431517179,0.01631012070353843,0.008962607780231788,0.0048607066031202675,0.00185793017330293,0.08733539107269703,-0.030275585115517138,-0.015082023469947487,0,0.8295765719595479
97069,0.17215776682329298,0.02769310687765546,-0.037964658532849874,0.06132182666674907,-0.15266577819076355,0.10356099662185746,-0.0009314765531920433,0.02215190189960978,-0.028055083982402418,0.025946553895745274,0.021805505538499546,0.0036769590466309197,0.02367402583321862,0.004655064314848309,-0.005815792415402149,0.0025609370367288293,0.09778877686544675,-0.033936745270577884,-0.010196564650439891,0,0.8365595210159108
97082,0.1926270465702537,0.01738070040413969,-0.037221997894676305,0.05506838688137836,-0.14364519934035475,0.11210990647313662,0.006290260971443796,0.02169173619013478,-0.02235231394105079,0.006653163162918366,0.022596647727969696,-0.0005334613623867646,0.02035523383807148,0.006947711737159498,-0.007930616443003026,-0.0025151284246264487,0.0920740569299586,-0.028654633185252503,-0.006588391332405948,0,0.8032365928103211
97120,0.1880160838413405,0.0322795283074112,-0.042901650045699236,0.04594549783378911,-0.166083835742711,0.12413773592338369,0.019941380601781168,0.015648117391355288,-0.025954640025089872,0.003388560926877974,0.02017398249404442,-0.005294672443742788,0.029081896955780832,0.014884421102589983,-0.004106706575366614,-0.0009736901977941474,0.0846351366102081,-0.026038656196312942,-0.010734821600963599,1,0.8602210148162425
97121,0.1857595933448304,0.0011573075495516128,-0.049478177720909344,0.054272466073289755,-0.15565799556787857,0.11091330691991426,0.012508535602556721,0.01293316012721097,-0.03199481319730374,0.02527763562115255,0.01902705270932592,-0.006846069763582083,0.01926839519825561,-7.326483176223615e-05,-0.020450077108580628,-0.01980765218341911,0.0941026507841175,-0.036529509109971575,-0.011515930380377341,1,0.8675735937939899
97191,0.18184819372479538,0.01966529157873554,-0.04735468045044229,0.06276956111814824,-0.1581797518735265,0.11530631874641128,-0.01110125250898771,0.02426896722583295,-0.02423844471727628,0.02400162507644625,0.004816304907893699,0.003089403977946344,0.014358224949738329,-0.008443239447878491,-0.007420671907921879,0.013339012734463123,0.10036932863157025,-0.02631932106127946,-0.012653558578696492,0,0.8595431532179905
97213,0.17776469366371198,0.026529764676885236,-0.04442530255466353,0.04868772751650048,-0.15351655281524154,0.11307330806419458,-0.01154641473073681,0.01587080181875767,-0.04013309646187941,0.009695671950610406,0.002959952950032824,0.0025872228889148646,0.021121005078977947,-0.002278801010316731,-0.00897481325951784,0.001175487846680766,0.08473110876114348,-0.01994561720466071,-0.007010660988868596,0,0.7920280042422954
97259,0.17548490342910505,0.03834960404523497,-0.035091621436876205,0.054391821169866725,-0.14210845189792956,0.12606708101048614,-0.001608612411488952,2.7681865792958046e-05,-0.04076632053421612,0.0011374604778184964,0.011680857794718941,0.000200237206441551,0.017054453078418186,-0.002973034012317916,-0.011514772234575645,0.001659965913322598,0.10702569563113144,-0.02291716839696247,-0.009488008439227763,0,0.7995477509859317
97267,0.19710563795752864,0.020387481044383794,-0.04428846171716024,0.05061183970283953,-0.14544784478926084,0.11132557547944762,0.0039286809988574155,0.015806852248089056,-0.025913137391640917,0.0033480435247037997,0.022091233291284734,-0.01272017370372435,0.023507885242707062,0.013363278608165162,-0.006482765349581969,-0.0014075642018521683,0.10334110797223728,-0.036328915046048044,-0.014067257170076864,0,0.8514737354395895
97311,0.17270216171320674,0.032424982468679385,-0.045121867822685555,0.04471373784227547,-0.1506940304738768,0.11025151076421522,0.003500030547958214,0.018609673388276276,-0.03242607594180375,0.011258357709202813,0.008857957739942612,-0.018091616016413972,0.02733349349701425,0.014514056626401713,-0.01979941056830462,-0.01697045697763124,0.10186007973636411,-0.026254871842055903,-0.02706928966386193,0,0.8824536613401706
97391,0.18824474527439383,0.020050359705347735,-0.04104270429661964,0.04759719224112909,-0.15593165754123534,0.11779836609445704,-0.009121620298826497,0.01630322170204192,-0.03564480512568456,0.0013216066221100713,0.03237751481993139,-0.014029120733259506,0.022272101462338732,0.012083737507994404,-0.01518024315009757,0.009006530992975883,0.08435767038807465,-0.012813828206448833,-0.014976670595894595,0,0.8501536967588613
97395,0.20075056516404155,0.028441621172635358,-0.050628422862372076,0.04767667416682248,-0.1488926523483214,0.0987486441279275,0.0021800139549654216,0.02724531762150843,-0.03462457913444763,0.018288996537232913,0.01957671791368652,-0.016396882643248983,0.0181254446363314,0.000983448801598298,-0.00962692390187271,-0.00984948931461118,0.10054459531348561,-0.02590271086201587,-0.022664278414828386,0,0.8811479788919537
97536,0.19375724051021073,0.028438974298202902,-0.03892168932660159,0.05520703558575201,-0.15660841407864784,0.12017730746063401,-0.0016706837678764597,0.01826414103870507,-0.024450757308383114,0.020560787200244818,0.008249558494545978,-0.0008929972601712656,0.013447123666014518,0.0026218229631415537,-0.023585409979490126,0.003967997411458948,0.09645445514656582,-0.01715017246703691,-0.005346568474560834,0,0.8297731364382445
97567,0.18207351008901276,0.0086422825206279,-0.03847881641315721,0.036220238183091204,-0.1662995050534412,0.11028368391447803,0.006582589046315675,0.016502508298951692,-0.03968649852061934,0.016537515620357875,0.021660486798780593,0.001204601778644324,0.02032772146776229,0.00900717639777435,0.003114461509141984,-0.00320038697506174,0.08900077721098117,-0.025953926150682555,-0.0013908628312766045,0,0.7961675487801585
97604,0.1887325268370029,0.01841718929940169,-0.04865080243262456,0.05507765132796158,-0.15231706922340946,0.11086049606867736,0.0026240142402577625,0.017733424635989467,-0.022702641468277142,0.012552489259223434,0.01323084810135294,-0.019377268501618423,0.01560748721792711,0.000698448586317239,-0.013702488481637552,-0.0028181482311768337,0.09861363564679591,-0.04550761740498419,-0.023176582558615735,1,0.8624008295232513
97660,0.19456841160783112,0.02446891923649836,-0.0461692744494318,0.05801448766857229,-0.15917429107380948,0.10734215439234499,-0.002052590314881012,0.011355755839973473,-0.024796859572873454,0.009752956172195825,0.024100874694582355,-0.004457900580429378,0.01581343673749583,0.010399368564300198,-0.007964302649454847,-0.015800152947064865,0.10209476590712245,-0.027546020613861587,-0.014999828485439955,0,0.8608723515081632
97707,0.20066677130295263,0.023586998605733257,-0.04733241175931118,0.04450817899820271,-0.14609434397920862,0.10769989624415476,-0.001400154823142984,0.014472087078258221,-0.038508901166512684,0.00150870172811218,0.015252541959889721,-0.005458819482182353,0.008324159105422009,-0.0041876593127857945,-0.007385319812393006,-0.008220575948432368,0.09291973587941227,-0.021550689725009155,-0.01070587951540059,0,0.7997838264265165
97973,0.19455867588299355,0.015065140250763654,-0.05467457991599373,0.05101353121599416,-0.17731949916093692,0.114733189462478,0.009633027037238026,0.020112051688830998,-0.03159538432258344,0.011955120473953028,0.013150901042196763,-0.004165524192641667,0.015735798897473303,0.021411435095055227,-0.006462630738712539,-0.001287026248235568,0.09341636467734464,-0.022655204515970483,-0.02093320820649651,1,0.8798782930258923
97988,0.1879160752478454,0.030618828220372978,-0.04666017374443662,0.0588657948769714,-0.14772123804186138,0.1042920474307443,0.008387329715393414,0.018292455092727207,-0.033871041777887155,0.015000349812656986,0.011864050877114877,-0.003158869398721597,0.012068077546714068,0.0016909786728040695,0.005139430373685641,-0.0014023661482047106,0.0953200804083804,-0.024727918886579946,-0.010227620179976945,1,0.8172247264530791
97989,0.19530353019574592,0.02709835509145575,-0.05469616058589022,0.025893605062530665,-0.14763977312096183,0.10056840793413971,-0.0009655485323757139,0.016703717833376274,-0.03242801767993848,-0.00235634647150137,0.018715459330145224,-0.003126003738448448,0.010638957188954256,-0.0002760420385646216,-0.004670383926486196,-0.0047806718572423355,0.10158574992704682,-0.02225405564945155,-0.014585420339133364,1,0.7842862065033888
98078,0.1891352854321919,0.01984612624397553,-0.05483969156543266,0.0549569218046282,-0.16091489585606855,0.11014580349140615,0.0022407049215415636,0.026626482996293815,-0.01300130481595511,0.007975104933453343,0.019135497388497354,-0.014453283683350644,0.026695695679888092,0.014948909416765438,0.0008355511765735456,-0.004283112300935059,0.09746122832354677,-0.03664667941031241,-0.008075778727743208,1,0.8622180581685593
98116,0.1895311457988283,0.018084393146325522,-0.043977881812635136,0.04360817305654186,-0.14937965165727385,0.11609990455045924,-0.005093152837423332,0.01692366119781692,-0.03348070759664286,0.0071842068262179945,0.007413684194110107,-0.0019117244982978917,0.01615174474477422,0.016771919731469506,0.005305031888682964,-0.0005222917935913412,0.09023223036898217,-0.03387337095952074,-0.011300211148717676,0,0.8068450878083117
98132,0.19608685786292918,0.02317836050016248,-0.053743545355403384,0.05064190132973645,-0.15945169136057907,0.11796668279954824,0.008425605245537444,0.012142078776564456,-0.028870548394130686,0.013952853254801646,0.006007824014112432,-0.008800092539644077,0.031097888021542588,-0.003398127247323205,0.00011993063051177963,0.00834124668524841,0.09145413472589262,-0.03189057291430866,-0.008536255494331556,0,0.8541061971523084
98235,0.19589331563581747,0.03322523595585449,-0.04622061788414401,0.04405593701979785,-0.16823667557262703,0.11479487009958911,0.015520823885262906,0.0272273287271571,-0.0351369282208657,0.005479679599668197,0.014136513323669168,-0.00549946698420978,0.017544887644448476,-0.004920820627850667,-0.017649650195912664,0.004049665170162482,0.08068065727069935,-0.030819169302024014,-0.009463996637255353,0,0.8705562397570158
98392,0.18017722330954059,0.013799582445374364,-0.05665981256133397,0.04887886856034278,-0.16211486950666723,0.11794802763075016,0.008716702711734916,0.01793085796486938,-0.028249602477105125,0.006575775234161078,0.014893470378424523,-0.011991162428010507,0.011565775019395232,0.0033047506711300478,-0.004892363043181966,-0.011591607760750411,0.0882194059516596,-0.030746895673976902,-0.014462355572231099,0,0.8327191089006398
98579,0.1723978592669056,0.025222767465394678,-0.049815274110936655,0.04067947524464299,-0.1591185768907801,0.11952145053071858,-0.004569828509928339,0.025799636831806763,-0.03610831356513277,0.010236571511134924,0.00463125099215213,-0.010891462118812794,0.023995974588954194,-0.01019821119896815,-0.0020097664561635896,-0.004500446299359521,0.09162037331906728,-0.03779431018421221,-0.0008169231593259224,0,0.8299284722443971
98590,0.19105301770124117,0.027727202100494126,-0.04595552010662178,0.037378626569421924,-0.14427949579258492,0.11322624286480962,-0.007181792365227926,0.022950271730524916,-0.030150907395434877,0.02035841205681209,0.009446263126269372,-0.008586525750386778,0.01923629975268606,0.0024523733378233412,-0.020315085097122855,-0.0015213623182695148,0.09308657743981716,-0.02795969207238373,-0.011696887216466572,1,0.8345625547943988
98639,0.19243669686918713,0.028064177320776533,-0.045631300819840195,0.0457682233991304,-0.15733665744870112,0.12355500438520477,0.011457405689905725,0.021543768252804987,-0.029552670257285606,0.010960526482199523,0.01410399420744478,-0.014739503273078094,0.035526442322997315,-0.0017685792087154977,-0.0021530260110266238,-0.015490894745029994,0.10106188870790019,-0.03788639997853308,-0.0046121723056023614,1,0.8936493316853639
98682,0.1806761363013168,0.01362003112163691,-0.04420132449281721,0.06997326255163738,-0.17107197076404973,0.11079736758554097,-0.0036816556923940313,0.015369567866484682,-0.030702913074792816,0.0056423802400867975,0.008988102239704253,-0.013452779813092378,0.012151029433891514,-0.006292541895395,-0.0119815393013074,-0.0035655644515172934,0.09676559404692663,-0.024696293138626316,-0.011747223454278291,0,0.8353772774654964
98708,0.18268960145263968,0.01596008766400862,-0.04318620511383829,0.04784408571343302,-0.1576463120913558,0.10130879023248852,0.02275162966546228,0.019229083816872515,-0.01545653117996397,0.012209161214870406,0.005503376212536058,-0.006031447178495816,0.020220301616950556,-0.002814488181303545,-0.015293053248204342,-0.004411929378145156,0.09628333616325907,-0.04327819788398154,0.0013662724887724437,0,0.8134838904965817
98736,0.1874315898543273,0.023613713009419036,-0.053708123982059035,0.05932943953789259,-0.15659081069181505,0.10037684696922872,0.004398817558478135,0.02895002230501537,-0.03460542430183068,0.009249377627453238,0.01916221227457238,-0.007186768945939885,0.023945075458117443,0.007417350249123373,-0.011038248410910745,-0.01844774625143154,0.10173199169365224,-0.027470331877520245,-0.014004267735346316,0,0.8886581587341333
98746,0.18004553034489587,0.016319375896353086,-0.036112552062553684,0.05036902820396019,-0.1607399251958674,0.09943468822820847,0.0018144184701107894,0.010683328397752063,-0.031013868389304016,0.007766585965070025,0.008337926705547704,-0.011676622253163892,0.011857884289328262,0.018885952741416887,-0.008971886382796765,-0.024316194461704244,0.09919459476915236,-0.030607725016630134,-0.00593701092083414,0,0.81408509869465
98796,0.18155663569124172,0.015520318510342218,-0.03946219071954428,0.05004777395571184,-0.16182404794108568,0.0998300679153135,-0.002501466603956853,0.03095815376823239,-0.022131760750793907,0.0007752449722567928,0.009450053535913494,0.00816611689832636,0.020150160423838652,0.0007673543229130037,-0.013518389758424686,0.004235096969748381,0.10811588391573576,-0.023508945927874073,-0.016732433230163265,0,0.8092520958114169
98886,0.19841232552115676,0.00747974915521544,-0.05115024893181505,0.05551317749736965,-0.15410187492147143,0.11440825327416018,0.005349782266547266,0.027878538338613222,-0.022253343993616986,0.010531225290180413,0.029855962334525813,-0.00555341509129492,0.011962645421234491,-0.0031918345134338264,-0.009772624949269448,-0.010671767116848193,0.09912168372487022,-0.0400750853003773,-0.022062800333089494,0,0.8793463379750901
98896,0.18118741564846302,0.034260588589711774,-0.05461360006916973,0.05235314719540695,-0.15338110335436977,0.1101638623999734,-0.00355129479408832,0.015861375605836062,-0.03009834578626143,0.014992583944484973,0.01221526408475266,-0.015848591558090666,0.024816552885972832,-0.00041185060380678485,-0.005016137631668014,0.00037499152139350105,0.10204128668777687,-0.021994035626207904,-0.009992373459857097,0,0.8431744014472917
99150,0.18820350645958606,0.02822066777080676,-0.02424895511479033,0.026560538607235035,-0.13145428582326507,0.1052385424192962,-0.008935463343145555,0.024677039551304625,-0.046409794026693374,0.012438361335108693,0.01704159177863927,0.007259024173929249,0.007009823491021678,-0.0031971071988110816,-0.022037484294747306,0.011369384933024794,0.06889961500015847,-0.031211703778388243,-0.01040131462423374,1,0.7748142037241855
99223,0.1830324711776958,0.024257178201684992,-0.05596263372203945,0.05000697463368888,-0.16167239258556831,0.10949023209226558,0.0068374424892894215,0.01573012252957172,-0.04020874245251164,0.011933101673856914,0.025821722784883743,0.0025976204032510976,0.007865865313569765,0.014550417043576411,0.002597730946155977,-0.0006234811336744981,0.09730472920129427,-0.03139882012662242,-0.019867439368499436,0,0.8617591178797003
99249,0.178080803188817,0.007810723131485788,-0.04596577564633458,0.050263864809517105,-0.16215760300130752,0.10583496329582084,0.0023723007940747803,0.020762306256326322,-0.030849974095476636,0.015344091293719287,0.022310032973757762,-0.00379783557110736,0.007959346849970236,0.008340779011185634,-9.60639210819393e-05,-0.010006518244414416,0.09641656567450406,-0.019184796344579726,-0.008249123047758499,0,0.7958034671512395
99329,0.1866554781293905,0.02471761464104022,-0.044324950358584726,0.04667327134974869,-0.14876947400508173,0.11527241975386467,-0.009998181470583279,0.018670874070556894,-0.033452335897477335,0.007484701693263488,0.015623593353620234,-0.00235948432566404,0.006234491256547416,0.007054407377844198,-0.00867430478828834,-0.009881935824360057,0.10858968723308456,-0.0265146773021671,-0.017060181187704217,0,0.8380120640188717
99438,0.18996620668532946,0.02419844723940858,-0.048235115638389774,0.04505530998712995,-0.154126032820605,0.1064788349249836,0.009346686331537266,0.018224358194842957,-0.02718444247376634,0.016914160452004827,0.01619786075251041,-0.002160380191075522,0.012537776112190487,0.009817256676905478,-0.004149825537261832,-0.00953896330969274,0.1039715806195908,-0.03291390851208888,-0.010764028295266804,0,0.8417811747545807
99458,0.1734492433060367,0.023177001364641497,-0.06059774785797667,0.049658464951206426,-0.14902641037374584,0.11096606632702989,0.006024119276111947,0.032162629963838486,-0.040330442423280086,0.020754903244353716,0.02073038544328418,-0.013686322970395801,0.010300479345477776,-0.011004659384148683,-0.015060932371257132,-0.009473121283694663,0.10060033334708099,-0.03311353245853868,-0.011560875199846452,1,0.8916776708919456
99657,0.1801466528853973,0.026964243741751544,-0.05905685419328936,0.055349379927996774,-0.15557949690877992,0.12175214110054115,-0.011658763804225609,0.023623833831656282,-0.038557829702124555,0.012818064497042073,0.012911463877810827,-0.009038849456318592,0.014536790906136568,-0.0024152080972693517,-0.009949544042524041,-0.007194070572893557,0.09862223751810295,-0.0262356300593371,-0.0047024210771250755,0,0.8711134762003226
99672,0.1990610907278507,0.028473088403942786,-0.04695199255780832,0.048837650520899556,-0.14657942100476537,0.10685653644112154,-0.0023769893544843324,0.01949987695244419,-0.02658297698725575,0.020777864659732928,0.012914601585270137,-0.005499207606629398,0.02011731050989388,0.0008276175691466079,-0.005014738760601307,-0.014411351180952844,0.09337122200697101,-0.022924854179079277,-0.022653210338144304,1,0.8437316013469942
99713,0.18639759097793945,0.022272027420969582,-0.040349318543901995,0.04930715708938499,-0.1647729511763385,0.11000289186327096,0.0036291252053901814,0.022757862575802458,-0.022179397479817394,0.017852565073324583,0.011383601410144998,0.006509463652303893,0.01825460667031807,0.006010278546129307,-0.014022183341111692,0.003951988190238473,0.08519494982601218,-0.032083977945529904,-0.009526567131203239,0,0.8264585041191319
99721,0.18131750604285166,0.025839042632227117,-0.04444920217779257,0.042921566856114035,-0.17156090254313933,0.12581288782640648,0.00015149443284649314,0.026898141079048983,-0.029827021393035714,0.008310850742536803,0.02240039812925734,-0.012130801356037448,0.014340272591214539,0.013367097912714513,-0.01023529182030229,-0.004994094428156766,0.09385563531903482,-0.019482143968246973,-0.015269929463889904,1,0.8631642807148537
99769,0.19476529117818908,0.023703674208567775,-0.041709491848322844,0.04058949579986962,-0.16536373411692476,0.12390292682971442,-0.0006072696375693449,0.02103071789065746,-0.02990942081652012,0.004281123045892044,0.01165223957482268,-0.0023216624954280384,0.017664168962880054,0.004888685550788181,-0.0035476588338876993,-0.015307433690425308,0.10190260207243569,-0.03742190463798303,-0.015848329861125974,1,0.8564178310520041
99826,0.1819960677938847,0.02696387908487792,-0.043732506553811425,0.04606985895229336,-0.15620752853354525,0.12030918852439569,-0.0015298547035239693,0.0227880104900384,-0.022256129496450762,0.0025645875856285956,0.01753491454787754,-0.0012817869632448338,0.011394173451592793,-0.004443944573076086,-0.014478925848031588,-0.005235660772280947,0.09424259405738389,-0.0342956320908232,-0.024168381470184342,0,0.8314936254929453
99877,0.18414012152295764,0.032974972768534894,-0.046020074334240456,0.05385569014091704,-0.1516868561336573,0.11774677216548432,-0.00797790038501827,0.01661349309328275,-0.027409772142907903,0.007589852548900172,0.015704326496228015,0.008063567096345904,0.021367385166029856,0.00860020384188554,-0.007244958724273979,-0.007367495145112655,0.10911722880529773,-0.01922622229754249,-0.018679129307645915,0,0.8613860221162628
99880,0.20575483914160533,0.0238424252855602,-0.042394534821320544,0.04949311940515338,-0.1600081067180567,0.11134210147552076,-0.008963983750216618,0.015367170099898545,-0.026963185223426247,0.0165589262924081,0.00990618044769202,-0.00915924246989133,0.021421397071049817,0.00943881068246746,-0.00323475076928913,0.005817412279927021,0.09201855773888303,-0.019590668538687746,-0.024817252005467284,0,0.8560926642165213
99988,0.20031766876671359,0.017031677327657653,-0.05883154097159193,0.040692536017809665,-0.16058662593314224,0.10630252566748565,0.0005031079080311673,0.02366083654566583,-0.017025604440328187,0.010462415992087465,0.021648579709725873,-0.0025949080302357305,0.015165811149986852,0.009714753005765454,-0.01583979181298496,-0.01517464442930815,0.1024297438629759,-0.03565767434297975,-0.010384398829587785,0,0.8640248447440638
100001,0.19696441193844755,0.021408572565947418,-0.04768317893145231,0.05747063512173108,-0.15340671825309032,0.11510695496865744,0.012084019897290224,0.02432528966297431,-0.03904299308211609,0.013303628563383794,0.011642126683708998,-0.003224755414400265,0.017838344351386776,0.00835075906486243,-0.013030403686192878,-0.01381326153180126,0.1030424295677559,-0.042023481275346435,-0.015837962610694766,0,0.9095999271712403
100114,0.1847151981739048,0.014612824177416309,-0.050005090248362485,0.0554075447147946,-0.14893946617593862,0.1057813332227059,-0.0002514457839305812,0.023795789734850723,-0.02231357235904115,0.014454002450618538,0.0127999215508719,-0.0070453758797454505,0.01359582863300182,0.0020191895936718116,9.447964639543177e-05,-0.004647642252299891,0.10660525836983425,-0.030155423300957804,-0.011616166201642308,0,0.8088555524699844
100136,0.19467428534946982,0.011098573541857355,-0.05298370239698314,0.052902249926429036,-0.15344122950310918,0.12047126823061165,0.0027326663311612776,0.03064273270806178,-0.03274619199753742,0.010862451377092562,0.01347438454404777,-0.007716757447057407,0.021706152128099794,0.007793493115801999,-0.022992067592899217,-0.015526596281120533,0.09494065941531896,-0.03426540328850164,-0.012588856738750173,0,0.8935597219139108
100176,0.19254838939551266,0.029208533054732557,-0.06364784372306109,0.055261940376110714,-0.15511448511421574,0.10873323690889242,-0.0029884835911785507,0.016528213068311138,-0.02528340979149804,-0.002626561453288489,0.0025464491610020577,-0.0006336438092345888,0.009840512861206583,0.006813180704255837,-0.0037660797125816325,-0.011928950459138712,0.09865435747526645,-0.029013761868032697,-0.014798735141001032,0,0.829936767668521
100231,0.19975804439654962,0.026051169854012478,-0.045602827646679486,0.056274489146029304,-0.16122230721980624,0.12311090688558235,-0.0005675941323770436,0.015319457646382548,-0.024714254209058217,-0.002004701693952231,0.020711323685716522,-0.008413598851895226,0.012912790996910558,0.00833862177807707,-0.007067437581954618,0.003798225695220445,0.0966753621984554,-0.03645631444749561,-0.005981241148419595,1,0.8549806692145746
100300,0.18248913246251555,0.023699003871624522,-0.03933564897976063,0.06252533410571742,-0.14752513726837335,0.11577384987746732,0.0042149857367369415,0.015505771981657031,-0.034420742041645525,0.007079726647034338,0.029521860474791398,-0.006062105989883352,0.024843712745927556,0.015209819911099199,0.0051547741958203365,0.0026849653688887304,0.09355169759638642,-0.03813444231210094,-0.010471811171425292,1,0.8582045227388558
100389,0.18468524322338753,0.02509474555940333,-0.055007453942663126,0.049106973872025075,-0.14493668145261826,0.12893966563812564,0.0029202408517493735,0.0029933505611103254,-0.030858190054943394,0.007480282647089554,0.015568906592505942,5.3375266200803306e-05,0.018025749677742973,-0.007725524830089015,-0.01739842832511494,0.0027615786881019493,0.07832509720354548,-0.0260635925414476,-0.015673803158387654,0,0.8136188840862519
100464,0.19743592721892564,0.016757308270738062,-0.03937038596231297,0.05503499935565633,-0.1489255011095408,0.10386752365911442,-0.0006043178015289198,0.01785121624788001,-0.024064019794458845,0.016475349095073512,0.029703033338185497,0.0004924716124485966,0.024987892455742605,-0.0021463679605144294,-0.00674973054531764,-0.0033067355442057845,0.0866940577115365,-0.019377196980680703,-0.02244129791319585,0,0.8162853325770572
100546,0.18485267232752947,0.014245473240655209,-0.050426047002651714,0.05481807377515101,-0.16502652386260294,0.10431674898991225,0.0035810810759925983,0.025668040945662673,-0.0392302735672381,0.021330576239746345,0.0143001588802578,0.00043275660449025935,0.0021845948484334322,-0.002588128896414579,0.004398245220210782,-0.00436606517218268,0.10728223463768674,-0.03663814823162053,-0.014568041193758626,1,0.8502538847121978
100622,0.1899570873393819,0.02419060150910553,-0.04372407435947605,0.05609118977333722,-0.16147367416658245,0.12447428740930397,0.013826676091771309,0.006935804010615909,-0.031094487650132157,0.007680595561468714,0.027555218504881736,-0.01845883277142301,0.01684679672004036,0.006392055574064178,-0.002558293614725784,-0.005230029871772042,0.08716558542220873,-0.03519670160090057,-0.024628303042894976,0,0.8834802949940866
100661,0.20278073252114062,0.022613949662787167,-0.05033268381232751,0.049946293783843076,-0.1625478861328976,0.11885792028416282,-0.008556591447567664,0.01485973314782759,-0.0288089503927772,0.028749598535450862,0.012605477203033547,-0.013252277757524274,0.023365675939153813,0.005362764145348575,-0.004480556286925229,0.004723994426737153,0.10064530224286657,-0.03607173581159523,-0.015707381761989065,0,0.9042695052959556
100863,0.1837666104553966,0.02876765342826834,-0.047919578936067235,0.05344556747367361,-0.1602741101132175,0.11084757771984752,-0.003662992580230526,0.02367097320858066,-0.02486080761301742,0.016083334092452096,0.01689324199184492,-0.019535608679582917,0.013613636857744306,-9.253600674281371e-05,-0.00064390683793154,-0.003197787476170648,0.09428096528663495,-0.03384123043826797,-0.00862719948426193,0,0.8440253186799335
101017,0.18307808413814247,0.03521226345723579,-0.05513540812103847,0.046662789469516484,-0.1537704064811407,0.12010580804215272,-0.0033366703706442283,0.0015943718274575899,-0.021741483521779882,0.00923280921588303,0.005697691915361581,0.016106041124880045,0.01616037407034802,0.019414149324773946,-0.003571183373301541,-0.009337924293133463,0.08678403520882039,-0.02334762864705572,-0.023526423349842684,0,0.8338155459525087
101054,0.1859226990624161,0.02457487643474896,-0.04700542566926565,0.05591330791827544,-0.166540488499317,0.1014444299021688,0.007570266572555697,0.01040781891706772,-0.021404023259187645,0.02303176202989501,0.007366880410696289,0.005059933522122377,0.01808675512306575,0.007026150799829268,-0.009138138394678797,-0.00243346118757624,0.0917667476370219,-0.03314906903005486,-0.019594399190097724,0,0.8374366335600412
101082,0.18540327553507546,0.022518179535660904,-0.038343948715283474,0.04981971398330189,-0.1446724999994579,0.1124418374147692,-0.013327444730380491,0.011369491392174207,-0.046442386439834206,0.015069440951483423,0.01811557993332254,-0.0013441793183873517,0.02937198838230822,0.01440269325203812,-0.0061575003690962915,-5.695394088952161e-05,0.09587400249611143,-0.014279787843339022,-0.0170413674183789,1,0.8360522716512926
101094,0.18927304510113563,0.03874804580019939,-0.04826117840564783,0.03749551588601829,-0.15065749216572474,0.11506269483149563,-0.008552062179485603,0.008080144426561246,-0.027361654767134553,0.024038829616394565,0.01780188120176456,-0.00793881688851227,0.015134201102271531,-0.003728544571865465,0.002350806660700834,0.00908591294009794,0.09153900939687665,-0.037943980850964176,-0.00830773327700686,0,0.8413615500698578
101110,0.19019649899460409,0.01920784422214607,-0.055391928998572,0.04164520867751767,-0.15809790958717204,0.112664569894075,0.012696556149815953,0.018873256312915268,-0.031064104414804918,0.0031551385317206858,0.006379153800670621,0.004292653180160558,0.014890971860956271,-0.00031015497766962563,-0.00013700002131348136,-0.009300411155494515,0.10351387895199712,-0.03141137611102906,-0.013727802123866446,0,0.8269564179665014
101121,0.19784522409511415,0.020657428451582947,-0.045907277261798086,0.05785277443628328,-0.16026227349981315,0.11218694596542472,0.0063157006082692905,0.015734594332118997,-0.02273744513152803,0.018240535112688354,0.007396291671750401,-0.008399048953036019,0.015391281749341328,0.014383970393831224,-0.02195154008177251,-0.0015808088162877205,0.09744527602724026,-0.025986402855448232,-0.015397456971548555,0,0.8656722764148773
101229,0.1912269508544138,0.02602219844912618,-0.047308516662486984,0.049035197843632916,-0.15394447965623195,0.10318958478793118,0.0031145774100027144,0.012320112117865387,-0.033540219134554045,0.011079105743977838,0.019888842901159914,-0.009194647368050927,0.010596758637172564,-0.007370447239623572,0.004805646787463289,-0.00039156843122298713,0.09367362597703933,-0.023615601427738622,-0.010064959952136349,0,0.8103830413818306
101237,0.18409126778883653,0.02000934156299993,-0.05267044220718953,0.05789283480760731,-0.16213853296407,0.12235536992382308,0.0006327853804127051,0.012795864626731952,-0.0305725416508054,0.016046473803035654,0.01903677723343578,0.005390456669288476,0.019648564105628957,0.0024262971436603557,0.0037272676933957356,0.0014940681975432236,0.09618152571623358,-0.03900397477616509,-0.01640107757692856,1,0.8625154638277919
101272,0.187235290027521,0.02032536708963054,-0.04539796990214811,0.04618727051753463,-0.17131376094406187,0.10755644386716005,-0.0007640974369435034,0.012124217458382058,-0.022273594705754043,0.022949949193488643,0.00668017693247944,-0.0031177846690756727,0.023268518693473954,0.00011339284718657294,-0.004159999414888127,0.008972996414192129,0.09968578299954897,-0.027085987487834834,-0.016833314802119304,0,0.8260459154034234
101349,0.18466017498487144,0.030875532065018956,-0.04734021749925311,0.06162297097538208,-0.17250267974754158,0.10954178554963394,0.014476161095419013,0.011384761579097806,-0.02239945242716543,0.020655063255399658,0.006346797933460539,-0.009369395816497077,0.009815637526409333,0.009334908619661748,-0.014098583391505276,-0.006911757085715968,0.09614759713209879,-0.011035065071175524,-0.01212318358189384,0,0.8506417253372011
101452,0.1888218595882305,0.02368200072083231,-0.04288723251390316,0.0499960242838308,-0.16547122049795895,0.11520176305845815,0.003000423918245361,0.01288911690591429,-0.020101786885188943,0.022332139046470505,0.01958917210090315,-0.006384536089187652,0.024007949406200192,0.0017084621432667225,-0.0055258932230158216,-0.007624904064780942,0.08774990665976097,-0.019336768009013572,-0.01598539137992007,0,0.8322965504950821
101474,0.20591892003071788,0.02294748534247269,-0.04678882110247127,0.04805069572628298,-0.15904180152130948,0.11401414001980813,0.00657650498776754,0.02400758402709142,-0.026861358670475625,0.004421748296085477,0.0007988628834179265,-0.00265733808806269,0.016013415620712238,0.016589581150923054,-0.00499837793524881,0.00011297152513867138,0.09749953190742977,-0.030414611777083145,-0.01637650385542027,0,0.8440902544679191
101494,0.19155396108428202,0.009255793889830163,-0.056139408964147416,0.05462562440628099,-0.16839336252389484,0.11813080089286737,0.01121277740414601,0.024612731173926268,-0.02469904245515792,0.02412271741542609,0.01705294165822551,-0.001518577661099383,0.01903840925680933,0.002391392770911276,-0.011916306272982647,-0.0007647474941782697,0.09749619254286147,-0.04317891264379024,-0.022570717189578322,0,0.8986744177003956
101526,0.18507328588448058,0.01470604783732441,-0.047930065999603394,0.04307532990966198,-0.16708392061765534,0.11584643849926257,-0.006792792331681623,0.00999423648997034,-0.037000265013181516,0.016964839951266245,0.023438356296516805,-0.0010855749568390277,0.021252248746188068,0.013286418842651282,-0.0009696652070513044,-0.007263373892476332,0.09857830381980424,-0.035021055324656804,-0.023693181789639466,1,0.8690554014099113
101549,0.20136346719349033,0.02963226835858011,-0.04861538332598149,0.05234311037759102,-0.1570238145171643,0.10995479873031534,0.003350441634155206,0.015423337733471864,-0.0313682626162905,0.006513951822254704,0.010224897058774482,0.008349928237273735,0.014908841208203938,0.007000541001117575,0.001700816044226241,0.0023560370642640937,0.0998263217165324,-0.02984663541911806,-0.008323738947833228,0,0.8381265930066386
101640,0.18922194711106735,0.014124739880038364,-0.03720753118143804,0.050184778709964364,-0.15119513432167803,0.11587011572239764,0.0006231031362361479,0.012755042745841688,-0.034748279624279316,0.014321851991932534,0.006635516415879322,-0.003494731959227713,0.01819396026587855,0.013476458883117147,0.0008538271554134954,0.002363264098590735,0.09860256411854589,-0.024942111985677144,-0.014803434731669987,1,0.8036183940388735
101738,0.17546403241000463,0.02642364021701821,-0.04666918866746214,0.04771935659970902,-0.15646703193550152,0.10924841256556403,-0.00571321586248627,0.01213843030812153,-0.013327025001520056,0.02691912084862035,0.006195778375306434,-0.0035684335239749084,0.015496628088099299,0.018527469169920374,0.011913009936930058,0.0030989259184885866,0.07666171533536217,-0.03091652903888488,-0.0025137801641678752,1,0.7889817239671424
101786,0.1764168482214322,0.02088652651418928,-0.055470771895475356,0.040598632079192946,-0.14656933172037578,0.12066415796902755,-0.003423191940281727,0.021694294972225952,-0.038093480681328576,0.016200030370563192,0.017811535113358343,-0.007795774437197639,0.00529752615017012,0.014599354395538411,0.002666041885584194,-0.00808222567928391,0.09819295162414815,-0.031135191589744947,-0.013564616580596437,1,0.8391624838197147
101812,0.1810545960254929,0.018620278920988616,-0.04700762060571243,0.046770781446844246,-0.150407512678213,0.1041199097039403,-0.00202564352723775,0.009573714751706583,-0.021862109472512884,0.002349281872081782,0.010111365130465361,0.0028465105696032157,0.019538748104315336,0.004241455884369833,-0.003443179034754253,-0.005578728760603496,0.10040956322973385,-0.03107349688248501,-0.012845627238251668,0,0.7738801238393125
101822,0.18520954801707867,0.01892494790251133,-0.05090027492366811,0.04079577124879765,-0.1496632421387888,0.11935160529923369,0.006150292990406109,0.01337136047474664,-0.02685990331324136,0.009144226062434256,0.017117781548396493,-0.004989789980343421,0.029146893864738503,-0.0021220235266324783,-0.00298273311660807,-0.0009557378786874035,0.10005896217152432,-0.02730352286896801,-0.007889850078970747,0,0.812938467405776
101830,0.1842900455515557,0.029459061745329876,-0.0452216511038595,0.053642974329406595,-0.16072311890972707,0.11238753582659423,0.003214606062971618,0.01977277308899801,-0.024877439630248313,0.018690401361102307,0.0225175591757078,-0.015276245013108371,0.013221101028054742,-0.0007533567322106333,0.003353447298817687,0.0074817763776541335,0.11020935922391568,-0.020748900034382393,-0.03305712206117745,0,0.8788984745548222
101840,0.19027989175310495,0.015299753713843763,-0.05613290991541245,0.044311476753088164,-0.14689680630939633,0.1109574134243573,-0.011942641858939885,0.01489707872186677,-0.0385547492718776,0.02661366992134984,0.016903674859543954,-0.004465889022589549,0.027847945740568616,0.0034701802215473514,-0.024100437041672435,-0.0038128511604250594,0.08675621949999741,-0.02181633569341542,-0.016230076089842616,0,0.8612900009728395
101878,0.1892055940883661,0.03206419138066923,-0.04703762730434192,0.0442052334122758,-0.16197343697160888,0.11276676727497584,-0.004843459470822869,0.014702147522354053,-0.03340569993793226,0.004456967129229563,0.00818203106193562,-0.0035866259861146188,0.00887131538683891,0.00032113438762393294,0.0011284366872503396,-0.00327327626764099,0.1017771463482204,-0.039737799248003414,-0.007816523733966452,1,0.8193554136001712
101908,0.19468767248704005,0.015224453740706963,-0.04777397541297287,0.039054716521593695,-0.1703791936685726,0.12423418123093558,0.005795339975845127,0.012110859086183732,-0.027267150237455847,0.010095326085783047,0.016660398584710134,0.0035071154936189386,0.021570008571339828,0.011143949134969999,-0.008900751665095538,-0.012223235278843562,0.08851633783606215,-0.027632094873305358,-0.021279242210813024,1,0.8580560020958481
101921,0.18478058015853144,0.0030732888495091184,-0.06065527503026308,0.04984361383793274,-0.15637409994499243,0.10488619284818779,-0.004574565207362291,0.012396964166309208,-0.0270679839021931,0.0022999225181352125,0.007586270722777814,-0.003790699921617147,0.027709316329878664,0.00346780849125459,-0.025314741484989176,0.009780788013891368,0.09623549347397112,-0.010775643207185413,-0.006868421187275645,0,0.7974816692962573
101926,0.17932528987036728,0.02845243099696322,-0.03551421283894799,0.04394852409945916,-0.15182977057380923,0.10489632046022214,-0.0007301984923037482,0.02096976323149034,-0.044422713194645656,0.0013414262006860307,0.003264495942802015,-0.00016746224357470612,0.02293126558178041,-0.006699676563476942,-0.011829175679875563,-0.0066394531687977805,0.09259698848045163,-0.027857636207838755,-0.012928275365025433,0,0.7963450791925181
102041,0.19020623560805738,0.02666320362389859,-0.05527004492345776,0.054509621221992474,-0.16568025307896994,0.10903594489246644,0.008622994550874162,0.01617643867740781,-0.02929230146938321,0.021030693167810602,0.013580891883369578,-0.004585804458864443,0.007892069592242161,0.010450433181801827,-0.017858531571256307,-0.01048968460799225,0.09536327619589338,-0.030876392801037298,-0.006601337578854511,1,0.8741861530856301
102045,0.1873358004264077,0.02742549100303763,-0.053291499084713874,0.052039286072626596,-0.1523533341389625,0.09552153183055252,-0.018255744629176313,0.015085042087169973,-0.025750601592144855,0.007314874895021771,0.007312897882005417,-0.0026991179641173498,0.02356899636756164,0.010305456351117315,-0.0010727234165868683,0.007468212418676435,0.09202790396501023,-0.035092295463747564,-0.01697976008169044,0,0.830900569670327
102169,0.1867063480197472,0.020986837721750837,-0.043092051683521565,0.05584646132967623,-0.16410369549442766,0.12199284011431089,0.003604973653731142,0.0219042207184604,-0.03605986593704438,0.0025086281608400897,0.02636383376039578,-0.014484001377373296,0.022551994853997746,0.008126342200052145,0.0017784920952195688,-0.012399207740248776,0.09813937938984207,-0.028242550460902398,-0.018701047966018094,0,0.8875927726775603
102173,0.19698316418103845,0.02384165453944536,-0.04699177215010629,0.05220934032637407,-0.16985844674576872,0.11534366941890863,-0.011260695898736482,0.02307394483880639,-0.02104814147555741,0.01606292519511221,0.024967220834122783,-0.008311168099198003,0.024804568504806543,-0.0002503185805912565,-0.0058231861248851415,-0.00048339420626221613,0.09358265948364615,-0.025245087324851777,-0.02011087764945927,0,0.8802522355776772
102297,0.18406720312037303,0.027999762735482058,-0.03923160786424163,0.047255961998928064,-0.169750483616127,0.10613750236444107,-8.725950965545102e-05,0.005462581379315901,-0.023274418934070656,0.023326702703611632,0.018708157162640925,0.005350778189316083,0.027903234246266607,0.009380829464947726,-0.013473663692019964,0.002829020615331892,0.08859058901709659,-0.016149725190669893,-0.01775525741307945,0,0.8267347392176156
102311,0.1807939004709691,0.0139148056398019,-0.046678624421472026,0.052082987236864456,-0.15480081083196853,0.11747387648652582,-0.004467788115932859,0.021849478962481305,-0.03264354928046529,0.019240929214601465,0.019257542048412297,-0.01056563075054239,0.007220852653259049,0.006382624041079618,-0.0018712428811157515,0.0010654478435379762,0.09248645117987511,-0.02589886405878523,-0.012355820400625422,0,0.8210512265183156
102318,0.18670441131293317,0.012961330998770651,-0.0427984592887495,0.05719499579252565,-0.16202987548184308,0.10976806750219163,0.0013442286412345512,0.01979744926211619,-0.02681045703111608,0.007570962662980575,0.019618567017399405,-0.008851525555341178,0.00892626858632133,0.008514817659591329,-0.0064374884649044724,0.003942976164965382,0.1043715108449351,-0.03672554065542707,-0.02052202748697014,0,0.8448909604103165
102340,0.19115737570214097,0.0024634704074585597,-0.056690105881884924,0.053917727561868904,-0.14325208977273368,0.11226579863396204,0.006769499735949468,0.01803862880732214,-0.0326011162070679,-0.00017904431498473887,0.020860374456661848,-0.005987265823487728,0.018021595157810832,0.010195331260002391,-0.011540668614759752,-0.00029145625071574444,0.09803427462608315,-0.03201145350650571,-0.014005388834053572,0,0.828282665555454
102348,0.1937593868274481,0.01755269644342075,-0.03789504501141979,0.050657115068217004,-0.1581204854205236,0.1154942205205333,0.008725861703800415,0.010475137970245236,-0.029135054182007476,0.018492498026918477,0.01869746886409898,-0.006511907752418952,0.008211692215404074,0.005596499281905414,-0.007509145430155725,-0.003144905462849449,0.09461253592508438,-0.03132207985281665,-0.016165534983475643,0,0.8320792709427434
102466,0.19164770844704407,0.010941322359807278,-0.05128725507422822,0.054477300568589834,-0.16982124122799175,0.12395390479780258,0.00020996313751686651,0.014657947596173075,-0.02669111226482267,0.007287362449772482,0.013444678629045656,-0.0068746756147891165,0.026759913554939455,0.004591147279117974,-0.004261060137124744,-0.001856936395108196,0.09203320374169398,-0.01985510308487032,-0.005351833975057435,0,0.8260036703354957
102488,0.1753332002072257,0.02602025558730577,-0.04015561614309785,0.04710818917148057,-0.15489926411433327,0.09867428194298322,0.004207180142856019,0.011057420075847263,-0.020861656393163293,0.015252244550308183,0.009702513952392878,-0.00204234816411881,0.01577017584364143,0.008502593858974195,-0.01762376685047261,-0.0027679582553447302,0.09538493523775443,-0.02512093693449279,-0.015443705607309876,0,0.7859282430331029
102521,0.1912053036255304,0.014106700948535725,-0.046400897744939204,0.05797103826421384,-0.14555596569575696,0.1188650026087037,-0.005499482216417066,0.013669863037793361,-0.030280221883765755,0.0017468869002739296,0.013666011919306687,-0.013303369523752925,0.026846633271712547,0.016707933590091664,-0.0034806099595921674,-0.0076856893660782084,0.11202013903860884,-0.031766191216096036,-0.013625528308621673,0,0.8644034691197907
102586,0.1855224314999843,0.012035883720383314,-0.05179476257016258,0.042068661175271,-0.16826396914157551,0.0940424172571864,-0.0006445645117155414,0.027859958590781112,-0.02479184971770688,0.0042456383861835265,0.015920194877272188,0.004121523086270743,0.014099219748988546,-0.008767977832994784,-0.0059976256121791775,0.0019020344045116205,0.09331990917155447,-0.04309666520244465,-0.019372627128785028,0,0.8178679136359513
102629,0.17979221844269488,0.0051348994907062595,-0.04987767148338446,0.04927071550494658,-0.16143435434045267,0.11455004438115994,0.002052822999686118,0.014718899220088767,-0.024339437474925424,0.011343296104597524,0.01771173883763047,-0.00650166248446918,0.015713833623334447,0.004934892103295829,-0.0005440339695324015,-0.011852020590815825,0.0923873850753418,-0.01701361968631472,-0.0032798858139202226,0,0.7824534316272975
102656,0.1883999457935452,0.02628019873121631,-0.04643987097679897,0.05288830599542419,-0.1643918952122502,0.11377544576500666,0.0023775897232773237,0.022371729789044507,-0.026957800654916476,0.019347886317424044,0.023090444976959588,-0.000867624233195017,0.010614668158743693,0.001217927836822796,-0.01001775307637865,-0.005868973136099364,0.09287443479932646,-0.020289072975550246,-0.014762707573545761,0,0.8428342757255255
102670,0.17990035039072944,0.013097505386282158,-0.052320772381102845,0.04439885214980854,-0.16814525772017586,0.09645098407332478,0.0008927385696210149,0.017253523007497603,-0.024891124266485598,0.011000635824225356,0.012156247617508819,0.005010300347314156,0.002902685210793062,0.003187708508611579,0.0014123476051670675,0.01085726611298871,0.08977763196580868,-0.02657711008842203,-0.019191380724309762,0,0.779424421950177
102689,0.18285935041067608,0.013228985453902695,-0.05507606493262257,0.05702250867452691,-0.17660084224399672,0.10855402270681384,-0.008036167051458801,0.018489532680688796,-0.03066498833050455,0.01054249894612894,0.006438659173059417,0.0019924726853471136,0.017866472288129875,0.010393037220180978,-0.013993029600247094,-0.0024814476347139952,0.09396693075081854,-0.030420324475041154,-0.01221078857104835,1,0.8508381238299064
102777,0.18481913399041977,0.016661942572975572,-0.0543153125219337,0.06062666972120903,-0.14813304224915574,0.11310817080965488,0.0003015727456493951,0.017563754130878784,-0.0240858408857845,0.003642703225693387,0.014174884160904108,0.0014064094152558832,0.01608687988555374,0.003567840079878393,-0.002903687927725917,-0.006281442573568409,0.08658840192533704,-0.026260657672058298,-0.014498447626640416,0,0.795026794120277
102835,0.17503457635105277,0.028460543229490695,-0.04425048752594186,0.038707927432454575,-0.15507193014223727,0.10667135902628756,0.006074816197933121,0.018593105833763925,-0.024938733343712723,0.005797098485365933,0.022142922710949135,-0.01767257401196773,0.013493419669778316,0.0030050902355407464,-0.008384300227403824,-0.0047184889858274725,0.10489816120185824,-0.043675805351023486,0.0008493735057468135,0,0.8224407134683362
102837,0.19710147138459486,0.023027492251850107,-0.04956110994312617,0.04882001183287099,-0.15223268397185377,0.10441985024850789,0.008117851939590186,0.010716527814873946,-0.020708154818487885,0.016936087855652454,0.026675604632258383,-0.00596852965082062,0.036736173435425144,0.01467147653152488,-0.0001691937030420522,0.003953168799297115,0.0907965285582498,-0.020521736714455542,-0.02679252888841051,0,0.8579261829748923
102858,0.18641516171064487,0.01725398215023836,-0.0565071220110929,0.05292766642327736,-0.16116308937789797,0.11291796825619071,-0.005903623735452685,0.030395658802016678,-0.0158063662435668,0.01751261708337052,0.017440362733112943,-0.003138864562451145,0.012765650495578052,0.024942037300058437,-0.00529003730624728,0.004030943589613331,0.09170354007158174,-0.037302082410851124,-0.014119999455951287,0,0.8675367737191942
102978,0.18517157026544256,0.007550824041014108,-0.04982882475375993,0.0386635127786694,-0.15316864774545144,0.10325106671533135,-0.0034350186797482683,0.024050142780288598,-0.02807650446233867,0.013517652488382532,0.011584020606786828,-0.015213052279556858,0.020583851113255877,0.0013773194068877471,-0.01380982116343989,0.0005842583468924342,0.09946901638041188,-0.022057844880521798,-0.015617349341556902,0,0.807010298229737
103045,0.19036733396369568,0.012407518967671328,-0.05057609185834415,0.05381979078010653,-0.15431952330421236,0.11100929185629287,-0.009895726452384465,0.011155139077303785,-0.026499574748896717,0.01335830247783406,0.014491857244575959,-0.01393124273144649,0.007705177591197593,-0.0014180203026240936,-0.02024806567083485,-0.011960342088198413,0.09620458993732461,-0.02915104490253302,-0.0035203532424096483,0,0.8320389871978866
103080,0.1890899370505858,0.024451110558724273,-0.03251273102309397,0.042983985927481386,-0.14109338829501172,0.11238074670819966,-0.001690840829636339,0.005668734686108433,-0.020652019752404435,0.009964555391342946,0.009984378000094758,-0.00944589508011206,0.010479276640337775,0.003699524864586319,-0.0059806579911887816,0.0006463925476438784,0.09171756396168339,-0.03155179141709244,-0.022381689542766838,1,0.7663752202680952
103109,0.18207792321704994,0.015556561715423693,-0.0458445652594527,0.04665536879602804,-0.14780514537900877,0.10318459509084434,0.0025796221428942548,0.017951509437046046,-0.02912012948510742,0.009423227095797418,0.01028707996207773,-0.01903837983962725,0.013302210135417512,-0.006857545058059606,-0.013477656328871357,-0.0026268268123379413,0.08940516015206075,-0.02622210380945059,-0.013391577470049014,0,0.7948071871866044
103164,0.18095568157450045,0.021840636721935577,-0.04209851748078129,0.05428755152405899,-0.16031675025617728,0.11048604479735087,-0.00234056537703965,0.005612442618241194,-0.023329641485022767,0.006472901104423043,0.03031070980897516,-0.009773969528998663,0.011960389708074453,-0.00016715770317551266,-0.008370019199944193,0.0023535590841248497,0.0917387901088463,-0.0211631441298607,-0.026869780218605022,0,0.810448252430136
103261,0.1832913166748542,0.016400487598056058,-0.06035130313084552,0.04769046318322935,-0.15853942380936287,0.1151018018070606,0.0044757097906934955,0.0148372815294638,-0.03597759646631922,0.003684363895418942,0.024896224022637737,-0.012929326250592269,0.00913699974139971,0.0034955422416491936,-0.018389801695948536,-0.0005839961544142674,0.0992091378408297,-0.029709433956585575,-0.019904124709347666,1,0.8586043344987088
103364,0.1870913016685141,0.022589929542116364,-0.06479663407914052,0.0357454252963368,-0.14997519279273716,0.12640672379924037,-0.0050376234925785385,0.019556819792750868,-0.04875867518793626,0.011390170397408054,0.01540662595345219,-0.014590996421479697,0.020199906192720104,0.018111487584444228,-0.0073763476798926865,-0.0029165959069789686,0.10163141308952298,-0.014310304789641215,-0.017079565137940317,1,0.8829717388048314
103377,0.17651967501418797,0.01656486855250208,-0.04572375396499108,0.05184714847728596,-0.1569661163864565,0.11644716670278829,-0.010656528980545445,0.017869644402359733,-0.021117771128965335,0.011460271308434153,0.014191905304303757,-0.006060260935451672,0.018964842369465815,0.014247768479290006,-0.0011408680521331344,-0.010866944427332399,0.0854098337272636,-0.030432245977176756,-0.023966100321745322,0,0.830453714512679
103415,0.19253552830496992,0.015682229429425088,-0.05505236691479693,0.03729656823626558,-0.16326755545644775,0.1142128878933285,0.01130086291288987,0.020093706006400577,-0.03393758281341806,0.008933488836970961,0.02168453547971914,-0.0151598596463958,0.02792025263840811,0.00828148638258665,-0.010167803273170847,0.00748038051599091,0.09540799369479883,-0.03861847724247916,-0.01283439584537154,0,0.8898679615238342
103547,0.1831911528553009,0.011882864480057952,-0.05077818214039224,0.03700679835081467,-0.1506099562967048,0.10855620880203051,-0.006643647356829523,0.020663553816856233,-0.032983072899929224,0.018400840247288643,0.00983164223768237,-0.003850917310494946,0.0033244227168658723,-0.0024136031008974825,-0.014935173682832995,-0.010555465212978635,0.09899401080409496,-0.034099417390960444,0.007845133696903034,1,0.8065660633999154
103554,0.19086550487472947,0.010620862836981734,-0.04391639157518172,0.053353034085453506,-0.1667964502421014,0.10667682383641815,0.0046718592772265356,0.013052990205126711,-0.015926795795171797,0.023158829977291375,0.02235087505197678,-0.0007713774704204896,0.011884360380434241,-0.0014682481031275956,6.602625559118341e-05,0.0018577987281551485,0.09699412890457548,-0.03454069952483396,-0.01261308990325121,0,0.8115861470280485
103659,0.18197947541040208,0.01646468178181703,-0.05969282832427051,0.050017635617866436,-0.15519229659206876,0.10363799819899618,-0.008585488765392744,0.008537278442518113,-0.030551706982639988,0.016534773704152832,0.01905973972506984,-0.006356115758003378,0.02452764633635752,0.013917696722084056,0.0035413009578928235,-0.00013429295935843763,0.10135932660436255,-0.03565883744830031,-0.026717244840630032,1,0.8624663651721836
103670,0.19357079782588604,0.019676859003224606,-0.037587669978250804,0.051005587559890986,-0.1724246854930436,0.12133174786103067,-0.004204902792927408,0.031146179873405493,-0.035763033024721655,0.017366379046032828,0.017828620941610324,-0.00689584961149495,0.02244053199555733,0.0169127536542824,-0.004694138403626445,-0.0083122814019268,0.10415344617465891,-0.014901409957378629,-0.01785767413926948,0,0.8980745487382193
103883,0.18412473147489702,0.020375040481,-0.05514271813906755,0.05032446794449517,-0.1699472725711692,0.1217786566261949,-0.0004537224252973296,0.016360726112696063,-0.04175588277060348,-0.0005721808168493206,0.015340138795465934,-0.011324582202612536,0.023268328430917348,0.0010062179520206242,-0.005251648026103335,-0.006329429304726274,0.09173712059859072,-0.022263529954157056,-0.017951663015816206,0,0.85530805764268
104054,0.19284334344126106,0.016687564133278633,-0.056708699937111806,0.052360372560396246,-0.1612687585590498,0.11073403682100312,-0.015778961210650814,0.009763763489857481,-0.02736328333728357,0.005867167867312168,0.021049369544137105,-0.011517443531742153,0.03099914064723292,0.015474822067547165,-0.011582038022763991,-0.018759643548871732,0.09926057779962214,-0.03342626564320032,-0.013348441551973643,0,0.9047936937142959
104083,0.19275155573165334,0.02494743985814155,-0.05286514928741384,0.0665514141358966,-0.17003717441679544,0.12088721929308034,-0.004119464059946756,0.008506245538242344,-0.0294523690737259,0.01569498822543112,0.011275164443195203,-0.013828964542662085,0.012295364212556144,-0.0024135579569583053,-0.01117356296370348,-0.005891013085663706,0.1050366093442772,-0.022246189606095704,-0.009434562655252249,0,0.8794080084306913
104129,0.18447956410699762,0.014853802731228183,-0.0499579231179479,0.06675362072076202,-0.15847730870414328,0.11623712315748858,0.0008932991855463633,0.008823647535236963,-0.024084426253798866,0.016510691385152654,0.018858816513947028,-0.010681316998137399,0.011039307108184189,0.012233279916720938,-0.005539831340390141,-0.00590181188689774,0.09397974912999191,-0.03909234760881784,-0.00409646790212601,1,0.8424943353035156
104175,0.17315699989088762,0.008150553537017692,-0.04581440536554387,0.0645212528387589,-0.16232362905953604,0.10558363446802073,0.0117154486048507,0.012579384127330489,-0.034970411538751495,0.02141730927903168,0.01835629987476992,-0.018410450249765592,0.01861673721779602,-0.001229245793473687,0.00043000146770561377,-0.009736924834425982,0.09690373823286072,-0.012313352283993564,-0.00839037021748484,0,0.8246201488820052
104180,0.17782349847471401,0.019861517136864903,-0.04698381427893586,0.05247822717346901,-0.14755378370878058,0.11051024142560995,0.004845271261752644,0.01654781193684064,-0.023609992682272186,0.008831225576113714,0.002386494055403566,-0.0010527574152917835,0.013810151825760921,-0.008906479340059696,-0.0035589501632868983,-0.0023672483679951823,0.08198158691664229,-0.018598639299309803,-0.0035687797142536595,0,0.7452764707533573
104200,0.18974404051723523,0.019608758547151585,-0.0448838730221511,0.05654937418461608,-0.1607013187298491,0.1110147387950423,0.0050679458515774396,0.02218060971118905,-0.032641201942244666,0.012418113078226026,0.013729366855389951,-0.007855024337624668,0.015822754719736508,0.009308989455324133,-0.014144618241732045,1.5925274179572527e-05,0.0931473217258972,-0.017584425277522544,-0.01651119404637616,1,0.8429295943130654
104216,0.1861758842902339,0.02422319995247434,-0.04561426056781039,0.058749992654184686,-0.15896225622564197,0.1115753349776599,-0.00513714286934931,0.019765793222859818,-0.023382368606605242,0.009912316335615533,0.01708595634625123,-0.005754875899606176,0.021264605329029043,0.020003711517118255,-0.0016620549627941541,-0.002282649367893205,0.08782433034445038,-0.033506888873762575,-0.010630091220522516,0,0.8435137135638626
104241,0.1699247361969949,0.02610438253835287,-0.05673390242808664,0.04569019718813619,-0.15671090862954545,0.1065904473766947,0.0047768285013618,0.022167255820737745,-0.04391650889819345,0.0015463796169720813,0.014019466747891843,-0.007045319383030319,0.008522328546990428,0.0038208868105554135,-0.004662504557402618,-0.006434118029195493,0.10089789038706926,-0.036169764149338805,-0.0072349934109630434,1,0.8229688192175131
104257,0.18965957954434184,0.010383837040462598,-0.05054452699493479,0.04917887029771895,-0.1657876997251563,0.11341296659414463,0.0033177068335839385,0.012464914014018955,-0.03521820342534644,0.002539129376460775,0.02442513789537857,-0.01204460564958621,0.01626722489987006,0.013709258631885397,-0.011178399541329345,-0.004032040953585507,0.09252366609594627,-0.027672402104717702,-0.020968122994149435,0,0.8553282926126177
104269,0.19138274189857524,0.02156788779976607,-0.04242258398759824,0.04581213052175992,-0.16438917061617675,0.1180680034138049,0.009899205087324002,0.015429164153370773,-0.028972075967835024,0.008277113505946159,0.017380738135478618,0.002986753889609273,0.02221923362372927,0.018212204431313977,0.003272513214005908,-0.0008602022181021129,0.11117470384723335,-0.030846706668807976,-0.020772384796510217,0,0.8739455177769477
104339,0.18384245103006305,0.019551577815383633,-0.058478670940311304,0.04357989591413624,-0.15830413006204105,0.10623994686141046,-0.003358298625749652,0.0044240121119453555,-0.025228957608430694,0.022498359351501126,0.016267371383220108,-0.003568534183785737,0.016203170890414682,-0.006301253041302892,-0.006405858451869999,0.002259097242991431,0.08082421609148888,-0.02663492367321143,-0.010659796734286853,0,0.7946305220135446
104531,0.19373897878915605,0.018343600720539744,-0.04349097454918092,0.04363556090604993,-0.1575960495921548,0.10578536413178628,-0.010253074626532676,0.013967000091135353,-0.03989754659834442,0.02294493190344559,0.02704717833641967,0.0009072578523155965,0.01575262540665517,-0.0042141717907620575,-0.0014513859268083533,0.0031196781866374003,0.09128433159854844,-0.029572455218223298,-0.008097937381208658,0,0.8311001036059045
104569,0.19265757218226615,0.033638827305401346,-0.05457106378416284,0.053637959962841646,-0.15050590607586026,0.11338011166563393,0.007814041808978392,0.01412685006767114,-0.03952660203720774,2.9763852997541673e-05,0.007629651218542389,-0.011460748614704726,0.012666722566051883,-0.009467871260671652,-0.01465711856301158,-0.0025287570508001804,0.10343103421549253,-0.028637372402988748,-0.008444053262116382,0,0.8588120278974011
104627,0.1748349970788091,0.029854698237661164,-0.04158308064670989,0.049675952092017306,-0.15059396622106644,0.10033419412479433,0.0023879044392216857,0.018532287140957362,-0.018444225064388548,0.010949390964388881,0.0004090181079424489,-0.017458359479908415,0.01713653463243691,0.0007299525896355285,0.006521123360729721,0.00710850790913634,0.09885851808533094,-0.04253200292431164,-0.011051084908480668,0,0.7989957980079273
104714,0.18582839719519556,0.009422774164599601,-0.04310414571940658,0.059829838542551986,-0.1573100099011116,0.1118301431208277,0.006545136062391228,0.02571290636174272,-0.02364438698699612,0.026710328303385635,0.016266399541721124,0.0038294183066097578,0.023013212100643263,0.011348415791641758,-0.009941266283102707,0.00026017742786348086,0.09204197804100918,-0.02254031974245821,-0.010952144524593695,1,0.8401313981178519
104788,0.19972256805736507,0.020291948257847765,-0.037493643193822396,0.03846008710240932,-0.15227852432343641,0.1105787082730844,-0.001977876109551864,0.0013823396935989237,-0.030666087732243993,0.017463271005203465,0.005071966148051832,-0.00770209017723053,0.013408035644827499,0.005639688595358449,-0.009216673084761089,0.0043039310823671795,0.10040468080905815,-0.020864026072543892,-0.013414569506465943,0,0.7903407148692282
104799,0.1765377790835068,0.020745522959996168,-0.04395343429379165,0.037822952170765485,-0.14214832452563003,0.1150294067556731,-0.005414521562327968,-0.004225855261467298,-0.02793100187359522,-0.0002614018323872382,0.01398847980604362,0.0030102157610271173,0.01462845594020489,0.016158692804447945,-0.011630286175188789,-0.013134353298770792,0.09475801441337971,-0.02338844348315075,-0.009459226926778959,0,0.7742263689281336
104858,0.18326179177143934,0.0158464529026227,-0.05586539798840569,0.05880204202497592,-0.1471888863758281,0.11912582027995149,0.002225577209454551,0.010001055915565604,-0.02619100452095307,0.022635059832251656,0.02059723085517734,-0.0037407266189087964,0.025507028050536236,0.0031419826267842276,-0.012459350865914876,0.00030072161023885494,0.09884617792576515,-0.030766327904267227,-0.0038738053478666935,1,0.8403764406269075
104921,0.19018345572230103,0.024872778494082638,-0.043500530246658134,0.049627154874330046,-0.16034760185148336,0.10373031223664458,0.004180719900154344,0.010427177336057478,-0.031601053019339555,0.022890714689868162,0.013969051034813561,-0.0035948122197842496,0.012144362785594675,0.0002459506558005072,-0.008775335473045957,-0.0029949893317927057,0.0845393615518177,-0.023779871628691072,-0.015554378950095881,0,0.8069596120023557
105081,0.17623185357256416,0.021519800394598266,-0.04809890707022537,0.053512996177260935,-0.15052660747674435,0.11759291442367309,-0.003137827958546951,0.005790047824521558,-0.022591306972944175,0.0025208469446959033,0.013916208305352047,-0.001158354717240435,0.016821703565812196,0.015611106768755788,-0.006203433970367419,-0.006199176344036008,0.09470700994135756,-0.03344594342058622,-0.009151480784615647,0,0.7987375266338981
105130,0.19112247181512163,0.013980466700307932,-0.049437907284499046,0.05418267460562581,-0.15409112409673625,0.11702824435682922,0.013866434928550157,0.023648414754472262,-0.029797394095752525,0.019236755442943513,0.01773801363289516,-0.0018731245737674473,0.016247742205563274,0.007868056170680189,-0.008809223691284283,0.0006907333591565162,0.1003210576736524,-0.022137754312237946,-0.006640647766698217,0,0.8487182414667738
105146,0.1860224486670689,0.017405137455720945,-0.05006597506471627,0.052303989302490854,-0.15831542976056198,0.10900865780496559,-0.0031909878878623094,0.012395660283945484,-0.022367492689614913,0.00274227129222889,0.002543891178390535,-0.0024094663931110032,0.023695959744088137,0.009379798809542097,-0.015563745259707355,-0.0015350842033302148,0.08453608236502848,-0.017846065819939794,-0.01656034135488678,0,0.7878884853372006
105186,0.16800330890802226,0.025201911501245552,-0.045978363446937086,0.05103121787777865,-0.16067540647014683,0.1278950171657501,-0.0010937531351018696,0.004466972246315427,-0.02490759308148264,-0.0016413004290817222,0.025191053716984935,-0.008223576379125443,0.01849963530661071,0.002035584521808321,-0.009315082996927428,-0.003340428810009908,0.09002467722416663,-0.035147628273491376,-0.016743439802125476,0,0.8194159512931124
105305,0.1723295602262338,0.016158152452091873,-0.04792071791170386,0.036534180550286725,-0.1426704642455253,0.11475237970394861,-0.003228305177581343,0.020136408243328487,-0.020067415976031112,0.006891367432847244,0.015787505121864404,-0.002871254829627972,0.025190630908983377,0.0017016743973388242,-0.0033188131390634707,-0.006500151920151204,0.10380272505202646,-0.01414940761668598,-0.009396458267256708,0,0.7634075731725768
105424,0.1764483417668313,0.01593496120534844,-0.04870038487660161,0.05234111253329201,-0.16205469383556645,0.11507653737704274,0.007275347163786591,0.018735591873123975,-0.040645303910424986,0.0018372169639198786,0.02987271895410903,-0.004371500424812114,0.02396445858400475,0.0023113053373922296,0.0017225497664423962,0.0004233172425406695,0.08667586324449973,-0.02983913443173789,-0.014287086693813945,0,0.8325174261852907
105434,0.16985661312994285,0.030271312593274778,-0.04334757783616039,0.044485508127484384,-0.14804434434508315,0.11665978211432423,0.0010996116877007578,0.008584342220384919,-0.02898835813661467,0.0067776188572916795,0.026765288508055044,-0.0231876647607157,0.023903149778788154,0.013065932916739575,-0.01336849068836546,-0.002055524322558437,0.09486358780504746,-0.03725747383406163,-0.018761078565184615,0,0.8513432602277778
105452,0.18037316419168403,0.022381200245604013,-0.038674421646266714,0.0468539540619468,-0.15753809588319678,0.12290212039829189,0.008571278408793176,0.02025389482981592,-0.021808276870762464,0.014545982141656666,0.015923799540876162,-0.011606991193019325,0.01992176575915715,0.011904522184545524,-0.003988664339578234,-0.010313702698679423,0.09659621199934053,-0.022774266133807734,-0.017591403826257852,0,0.8445237163532804
105464,0.16169970750511697,0.016105512933157963,-0.03515152227621051,0.042301835508035256,-0.16455123087454185,0.09423326822577477,0.0047317782407919765,0.009729024903489505,-0.020432135031863485,0.0122652654338594,0.01095496523375555,-0.004845967689484998,0.01623188103499212,0.0009829901192104338,-0.0009745095870697503,-0.000494339940331196,0.08869314528836371,-0.028185925596634197,-0.023515637608313874,0,0.7360806430309975
105484,0.1813903190788606,0.01521935604126343,-0.03938081429950559,0.04723266983776605,-0.15275584688401017,0.09714447265998973,-0.009287917997688333,0.008018604139299534,-0.046839771452522265,0.01823759707665733,0.006315250374567914,-0.007593177513632522,0.019129728891239504,0.00743917691523334,0.002431229465789153,-0.0023754234215527187,0.08634932233043953,-0.03398652409943887,-0.017787954430989798,1,0.7989151569104463
105586,0.19097915790976305,0.013479081446782207,-0.04641900420155368,0.05622775159376863,-0.14572604673641862,0.11777993880559467,-0.007698358565619927,0.0093576582082364,-0.013342985268092189,0.01168715448412672,0.02089906620051489,-0.015477586661090538,0.015131051351646487,0.008595760932567718,-0.013450485169439131,-0.00756014598242188,0.09818983071193647,-0.03822711966740408,-0.008029030623144208,1,0.8382572145201215
105591,0.1843499352909652,0.025082339599417632,-0.037859812937654995,0.05705042317138599,-0.15713877495836864,0.11745389832724255,0.005139741766831665,0.01818930573721749,-0.02148363969388316,0.008028676366082099,0.014676833762973959,0.00022562433727222844,0.029738547448067292,0.002348907948832555,-0.009731316259140001,-0.0037032215942608498,0.09066046347649355,-0.03590105145384011,-0.014099562546604777,0,0.8328620766765348
105603,0.17438660112521231,0.03135484032179311,-0.039534503039886565,0.05356087083582677,-0.14342178548293993,0.10600628980304204,-0.00435547696898954,0.03450629487977133,-0.03796397685742414,0.009225741452932678,0.006632232671398844,0.0007164959151260816,0.00257593427425171,-0.0076598142741819706,-0.006932963714190715,-0.010007744511820897,0.08995978097625949,-0.044006386598627246,-0.0135908109672126,1,0.816398544670888
105617,0.17377982606984396,0.02111031521741267,-0.04727860734200371,0.04672807726162444,-0.15744823397536373,0.10625845727369697,0.01500417063639808,0.019366839900709098,-0.025715664791145856,0.009365519619060353,0.02121589234755611,-0.001213292509411286,0.031151464653151963,-0.003991039283576179,-0.0036342638799350467,-0.007186489215412668,0.08688249575140015,-0.018410241112100025,-0.007951485919457851,0,0.8036923767592602
105729,0.19705341965112771,0.020832627267417626,-0.048795140828516624,0.05432367216979163,-0.15892799645380323,0.11620937921279678,-0.004838698312480363,0.024251257357930666,-0.02910637135671959,0.01692252971552856,0.019338754695248452,-0.010055535072388736,0.019160881596402238,0.011024875556412123,-0.0009638843467568053,-0.00959301904075754,0.08513315404360339,-0.029092901657169407,-0.01703035303502257,0,0.8726544513698741
105831,0.17902945869995254,0.02266352278106053,-0.028825154119158286,0.05429037525530123,-0.1481787724198418,0.1126663177712411,-0.002919240716092491,-0.0008419636253734148,-0.029810183265189052,0.00028136901667876965,0.012150378977278659,0.0004667954171635214,0.03835038744411141,0.013163854397899605,-0.003615773051056149,-0.012075115014993655,0.09819269482267148,-0.021930803509595247,-0.012458144408109557,0,0.7919103047127685
105849,0.18978871638069908,0.024327638830844035,-0.03834733074394959,0.04431453154396194,-0.1516593279099857,0.13094669316162863,0.01297563950054762,0.011880472684061548,-0.037019989513848134,0.004418293440156778,0.02059363796558491,7.835986024519294e-05,0.02384342155999435,0.005049994220209865,0.011126637479488458,-0.00666777054378596,0.09567307512653449,-0.01996742313418063,-0.01505088878148438,0,0.8437298423811913
105881,0.16597667286986154,0.012235990420538335,-0.04116498756484771,0.04950109720273383,-0.14570473520524604,0.11090853276201264,-0.004036110550498446,0.015154364272750406,-0.019053039409296767,0.005024545951098518,0.023418082560830913,0.010525283733914136,0.01932254383505035,0.011409769786189588,-0.012909908632469472,-0.013204722222590164,0.09588066734101774,-0.017223011457097093,-0.009506573527186113,0,0.7821606393052298
105926,0.17664018718611293,0.015661288831200867,-0.045476680566382786,0.05257337087705263,-0.13777747817182426,0.11634811416045154,0.0045148862999952,0.019238704883576593,-0.03408207736384298,0.010293317377021808,0.01262146479891048,-0.012371582402905548,0.013445939298003477,0.005349263320354187,0.0022674799196097314,-0.0073992086070447565,0.09495815922289577,-0.033008699953601374,-0.019542723147514377,0,0.8135706263883014
105939,0.1634678285805141,0.03919409578817342,-0.03719972318915692,0.04766080453343099,-0.14971157655022355,0.11983526313809831,0.007416023928899755,0.014366480198667219,-0.023211213243032817,-0.0008041609716896492,0.013890227222357792,-0.004517206828282913,0.01930122923677125,0.009977295845352754,-0.008150962779445723,-0.003992200413511055,0.10434229952782334,-0.026096000455869066,-0.010213167859786454,0,0.803347760291087
105968,0.18674581599607998,0.02728718726954802,-0.03481124265089654,0.03046023622199191,-0.14153412369332286,0.11445382724804734,-0.002736055727112762,0.011365619637699293,-0.026929617370731868,0.004859818825854396,0.02317876956230356,-0.007763887308516293,0.022460621730900236,0.00839990355825286,-0.006733357783414277,-0.0008513749553930957,0.08937177177462384,-0.02203353474414016,-0.0161543447294076,0,0.7781311107882369
106016,0.19301121512264635,0.014395245414314225,-0.03660367138198118,0.05597859724110221,-0.16630491206023104,0.10365182529335824,-0.0051934333293724355,0.01497663571475663,-0.029427257444251488,0.025376444464890468,0.016832685784219807,-0.014801649123564919,0.01812366477552193,0.004602800469924786,-0.002491740728409815,0.0017594150656838714,0.08443072598778859,-0.020511760711380653,-0.013811679286404558,0,0.8222853593998032
106159,0.17203947890117324,0.0066031007966012864,-0.04135859798433528,0.05354270723116601,-0.15940101653792005,0.10149263468387591,0.0071464287365896806,-0.0015234768930168865,-0.020405671521988546,0.006015889171836091,0.021049238713925684,-0.015813987544537774,0.0022879674876145986,0.0057592076046202355,0.00773463501267619,-0.008496092498060218,0.09309971319732253,-0.033182860611190565,-0.029879745178267702,0,0.7868324503067184
106161,0.16550696861980183,0.008622967494538336,-0.03702964700540393,0.05241507884810216,-0.15486509302543197,0.10908801416048618,0.004127906851226186,0.014108281923410041,-0.02572090705273262,0.008963363479188727,0.014130214019681163,-0.01225576283104776,0.018942665671162644,0.010519925016323832,0.0019832234391073036,-0.004294572986485614,0.09107093720276492,-0.038904919620735,-0.015274020458628192,0,0.7878244697062584
106216,0.17600362947757137,0.024077925437229725,-0.03937817816280404,0.041314956483786434,-0.14621741696681198,0.11377834076457183,-0.0032469370961192004,0.026996768542484288,-0.026983740288731104,-0.0013064622007978592,0.014074236325394044,0.015300565703427072,0.02204478020572031,-0.007764868083783347,-0.02292979518787796,0.0069014135267545075,0.09044889473405862,-0.02675458162743933,-0.020480699268460332,0,0.8260041900838233
106231,0.18323610216986674,0.008350278324134968,-0.04531138453616554,0.04823899983520298,-0.1389162514389158,0.11477343576905964,0.0014378940239567024,0.01718218802892412,-0.028898993867177144,0.011483614786437448,0.021205066478423774,-0.012657910248654619,0.019106697231670418,0.0065259718010985054,0.006181653179426362,-0.011105145834967252,0.09160359937568056,-0.034686048438489346,-0.008551460564339046,0,0.809452695932591
106235,0.17862388067996296,0.017924708894562016,-0.03449290351865748,0.044220316197499165,-0.1519535013020666,0.10711164291950093,-0.011555443628195928,0.005090090962021391,-0.03666686036130013,0.01636938034862176,0.013049051771724994,0.009012295145653024,0.018194554600270675,0.0014698580694496308,-0.0059065381418358185,0.008543682071274443,0.09017913070856587,-0.025045557486776365,-0.018391976157538265,0,0.7938013729654775
106240,0.16745945579768506,0.01834456306121018,-0.047863048740320074,0.04917095024714408,-0.14059418770018625,0.10877144243829955,-0.0014314237339883118,0.010406657955935596,-0.031771499981638314,-0.006959060239270011,0.007351577030055353,-0.010900105219115915,0.014553269440695609,0.01584381864588609,0.005841303580526003,0.010264743477355787,0.0933950688927287,-0.031408804175324524,-0.025837272888757992,1,0.7981682532461234
106352,0.18249113854418933,0.01433968809109076,-0.05031593849129325,0.048043544585787815,-0.15335556324251742,0.10916726718574161,-0.006677100780728447,0.01615189876722455,-0.03101333284759471,0.0035716865683576176,0.011730104924590415,-0.008867361317006876,0.021633561169869718,0.007103415010182922,-0.004312787381509529,-0.004221617984375994,0.08513378911761502,-0.026634614115498736,-0.022020385611838274,0,0.806784795737013
106393,0.1984579495556946,0.01972163896438798,-0.058555819582627004,0.05326939783529201,-0.16218684956290239,0.10636876155827796,0.009454071261188003,0.022206807074588244,-0.02763100777665108,0.00923698083966539,0.01804252111908601,-0.00024397672423069033,0.011574415407292113,0.0034443206655741902,-0.0035851197926951295,-0.0029832097927827467,0.09697584349325931,-0.03059989528453548,-0.017192417269120346,0,0.8517310035598507
106440,0.17624956560430585,0.026415298008149797,-0.04056518841184476,0.05934792084649782,-0.149700493481704,0.10679466277777533,0.006749120524117048,0.006735044735026562,-0.021831661346475646,0.003496482130240015,0.01865671430485394,-0.003266093607287263,0.019192749003066344,0.003722492382785823,-0.02248457684256014,0.0031980742501916837,0.09382331471175753,-0.022539470486679897,-0.0023301275532820096,0,0.7870990510086014
106443,0.17862087331136284,0.011145175054352302,-0.03944706665665105,0.05740702398647724,-0.1419545173611418,0.10836440926230542,0.008142884499423792,0.007980498415463222,-0.035652762457602016,0.014249308744541726,0.0169875639744189,-0.004566536306848658,0.02891190698813897,0.010976820494845932,-0.01307094188628651,-0.004154506332517388,0.0913826230440489,-0.028145516260863864,-0.014780662877942633,0,0.8159415979152331
106480,0.178382210308831,-2.53031879303369e-05,-0.04902696741124074,0.040219351028013064,-0.15808483014081803,0.09804600800086827,-0.0012497363081003154,0.016524896911723246,-0.025338424133558485,0.0017498732682012482,0.013337528206782905,-0.0011208874232325997,0.01495771214806196,0.0027740356457011716,0.007608159661988738,0.006410084552990703,0.08580876602946541,-0.036505954166832597,-0.00889936554455931,0,0.7460700940789001
106481,0.16515273182421278,0.020462815487832686,-0.03975584442659016,0.03568949903170021,-0.15998466631900446,0.12374368432964601,-0.004682149406005126,0.00930765001636293,-0.024736698118448076,0.006628252051964066,0.017027579283527886,0.008871403381518752,0.012175415739432626,0.004724466279155458,-0.009196473415159457,0.0025672560939918434,0.09342825387351696,-0.04038219212295003,-0.012922842672397138,0,0.7914398738734166
106574,0.18001552463117457,0.023098126690091234,-0.0341555303330729,0.060069283181449974,-0.15930081068152763,0.09921078800352436,0.006452851744645614,0.023740226294440787,-0.01671092439931196,0.018492936787514975,0.02729970423216545,0.005029734283564524,0.012708604917294348,0.0015884904438694084,-0.0062123700185677195,-0.008659820915298636,0.08813943316607244,-0.035455989931428074,-0.013887579947722103,0,0.8202287306027367
106575,0.18818328470804657,0.01648215080808897,-0.04036992374157498,0.04179740226075246,-0.15346112859637676,0.12028249424869718,0.00944971850114239,0.021939781440050574,-0.02570163765152027,0.010562076829918247,0.015884435056437184,-0.008486943780893515,0.019836428090456975,-0.0005391871225848398,-0.006247887513452312,-0.009944611746026058,0.10116244634348417,-0.03484205428874983,-0.009248267048147437,0,0.8344218597764007
106589,0.17751444761810609,0.007748402508294453,-0.036772844647147106,0.02604373145452125,-0.13777706320986502,0.09922083290758678,0.013281576630882594,0.016847856039557983,-0.02711986831517858,0.0006168987766157446,0.014552978605761985,-0.023544743578828718,0.010579313531313951,0.013486519902183008,-0.010073879817147509,0.005229227737919402,0.0902692421106214,-0.03691742738250508,-0.022638801437394353,0,0.770235656211431
106921,0.1832542502460897,0.037033001391541975,-0.02634271378936971,0.04073438504921118,-0.14659708191392337,0.10847317720518489,-0.0031898319947018814,0.015251805373663814,-0.026538979498498892,0.014961528453237824,0.02473116495719072,0.0074518353407301355,0.0029298420237994505,0.0014850057617529827,-0.003464964060280363,-0.008809205721659294,0.09143611328407047,-0.047640710322102764,0.0057908042555763215,0,0.7961164006425857
106976,0.18177908676419338,0.025593399569973276,-0.0387525193068205,0.05247951831038528,-0.16194589457625636,0.11925542722245966,-0.007718048909530039,0.006962729885945091,-0.03136033564277763,0.006498569593364911,0.020046621522688594,-0.006298099745300492,0.017758177926037,-0.004491277717565682,0.00018892397489657492,0.0025088076503577026,0.0895253107391165,-0.022175118988845915,-0.010679190781037117,0,0.8060170588275517
106997,0.17191261812668826,0.01389332377789473,-0.048250437779820035,0.04295428915218273,-0.14881988628046175,0.10636406443424314,0.002330287725255796,0.0022817244044011226,-0.016381222345104522,0.02061768149391558,0.0178677107228246,-0.008075619399312915,0.02279110069827029,0.01595760862920909,-0.004097182227859684,-0.008690781006404281,0.0762397866932756,-0.010629609435577156,-0.013063045390750082,0,0.7512179797234514
107013,0.17142319428241753,0.01750666800006924,-0.04336781068195849,0.0539697892450744,-0.1593652161314785,0.09881512666928823,0.004138040517479021,0.007953894618701739,-0.03396165284067984,0.0163548541852512,0.01285661912544502,-0.006028203885135612,0.015257626119665876,0.0005538111751066063,-0.00058149006987337,-0.011815883633941973,0.0978660996458491,-0.018083367305983433,-0.013517283467429093,0,0.7834166316008283
107030,0.18440726813373448,0.006703935823776427,-0.04923354729883342,0.04768319507829276,-0.17576341788965152,0.11731773082560683,0.005720407004691448,0.026742477151430997,-0.0343531027490403,0.012758180891903234,0.018344796255901175,-0.006072588778645173,0.01840149887537475,0.018896584794459204,0.00025229403486520807,-0.007670553195967522,0.09215207812636009,-0.03463421326319537,-0.00725937736222784,0,0.8643672475339578
107034,0.18766418111911712,0.02453539045821267,-0.03980618036388187,0.04634753164755998,-0.16178712475452828,0.11078643274696488,-0.00020971117083200442,0.021544400363745286,-0.02177664349568807,0.017315066525334866,0.018695806976494537,-0.0047605734476202435,0.02201832715261381,0.0031160690583847666,-0.009089049852843244,-0.006914038690570072,0.08785215433323869,-0.03173172303037624,-0.00401596660796186,0,0.8199663717959685
107059,0.18406543784287885,0.011021670382430532,-0.04183277441297476,0.044954031286995495,-0.15226700008588967,0.0986269540776695,-0.0050824136303311935,0.019477924328815146,-0.022095405352843496,0.017189374289143678,0.011250341796562861,-0.00709708885424505,0.02838767407510568,0.003981964596980232,-0.02092353786096369,-0.007828923033043675,0.0921338844160605,-0.030463023588789797,-0.02269069320693779,0,0.8213701171186616
107107,0.18593899481335793,0.017825666523314375,-0.045846481005857635,0.044731507916798745,-0.1500778605575211,0.10610734467345763,0.005770894819945462,0.005198595980588223,-0.031162872714565772,0.008074938540529519,0.012178332091137339,-0.014973025769683438,0.011408158986232075,0.011371904875791278,0.002032164105061461,0.00013367835616209998,0.08113822044636888,-0.03059207384331279,-0.010760884054368224,0,0.775323600074054
107149,0.1692360349607169,0.015818935974561753,-0.04922622121638172,0.04674234102107273,-0.1509531655661052,0.11814569280904573,-0.0036193366589072954,0.00907682373001229,-0.028172413308076058,0.02250414226757534,0.02721809189090289,-0.015205718050762724,0.0269039945265782,0.016180013552291962,-0.010997850792673576,-0.0037390379637797437,0.09189449676707245,-0.03552342581818827,-0.0011562121235068933,0,0.8423139489982118
107184,0.17082554026616623,0.019256306475776138,-0.02170996916356723,0.04959193126431869,-0.1458160413632377,0.10271758006097587,-0.00950143465775459,0.00046216714050817685,-0.03518610313390032,0.013668082416950155,0.027029066140811766,-0.0035668863956258346,0.020191940912764206,9.926486434882391e-05,-0.01269577557660808,-0.014718616955661025,0.09756965734045184,-0.027791266800612884,-0.006692892869983176,0,0.7790905238000227
107230,0.16007669830731522,-0.0019122002836328411,-0.03356871473233803,0.06706502612855869,-0.1545082382083954,0.10698597516551579,-0.012977593847155642,0.019584728732048143,-0.024694672277072907,0.01801026681153099,0.02573951710124913,-0.005032034421133354,0.020596794075258128,0.006590476479907615,-0.004842963852262396,-0.010263877210134421,0.09953635376831924,-0.029344250113436197,-0.020007731829330057,1,0.8213381133445942
107255,0.17855014469122932,0.020587046628141977,-0.03145874186238819,0.05259430991649981,-0.13748950583783176,0.10653297972474997,0.002534270004602398,0.007187897950785414,-0.023466293833593783,0.004386520411685431,0.023307461382188435,0.00984612243516948,0.020198051220346437,-0.0063613868653625985,-0.006598959708880096,-0.008956993471947372,0.09457367694090105,-0.02626099332606975,-0.013316442869121668,0,0.774207799081495
107292,0.17729684131778597,0.012592991215652988,-0.037478742554006544,0.05034244783319142,-0.14581173677984574,0.11170623637277897,-0.00536672415227471,0.007132208939058685,-0.02851354059803315,0.004761440743613036,0.0111780040675684,0.0032337094219448215,0.010210155595352672,-0.0001210902459889075,-0.005037219873884285,-0.0036960064846527367,0.10285246029579169,-0.030688774510644088,-0.01221969722224639,0,0.7602400282243152
107307,0.1755918640197123,0.011666334559164493,-0.05659263749536651,0.0618894146156102,-0.15219450454269995,0.1175810252397443,0.012257513097527884,0.012465571950709851,-0.03668729810347308,0.012042994612851346,-0.00019590082955945432,-0.001363709222761741,0.012592907329090741,-0.0035348793971530304,-0.010755263508969336,0.0035132673844600966,0.10482356901785668,-0.022478373431826505,-0.015643466171044763,0,0.8238704945295823
107419,0.19517132401594073,0.018029679795622283,-0.05218014773137377,0.05026932844437293,-0.1587996035160664,0.11274019940789162,0.0032492283678827194,0.019279458531762012,-0.04805708125284624,-0.008490535679168916,0.018112710183274,-0.006236790212239289,0.017209008260642904,0.00405471771746355,0.002543397651771939,0.0010796598219297532,0.08867252284482462,-0.03391570766244358,-0.013988076583971044,1,0.8520791776814883
107440,0.17333228856772007,0.018731431821988012,-0.04103684767611749,0.042807028753146965,-0.1525118906558666,0.10200723522408145,-0.003815769016537347,0.023959298653621532,-0.02465623984354526,0.006196790377685509,0.0118446824708534,-0.01860246199173415,0.029279088544981506,-0.0015426018995682014,-0.00779297737800075,-0.009947180314309901,0.09586582371942075,-0.01823142330891214,-0.01842895189114838,0,0.8005900121092394
107571,0.18230737127307775,0.030912875416553163,-0.05818445854286569,0.05533228160235815,-0.13989846153239144,0.11772282511083841,-0.00010296264625166062,0.0021988861368806684,-0.030707332508378916,-0.0008627827520020073,0.006343645971685425,-0.010321085798894148,0.013004334747613495,0.011113571972506871,-0.006720756467564938,-0.004578344317417153,0.10046092644070577,-0.024662556648350986,-0.012168713160887802,0,0.8076041730472244
107709,0.18426037321518662,0.017521618882575217,-0.05067259034999688,0.03144147747465663,-0.14652785755425946,0.10684542530731017,0.002997726044256318,0.018660554981963055,-0.033571305450250034,0.01596092140898368,0.027143753118949964,-0.0014825227996876774,0.014864389707191497,0.01996224352868936,-0.005114971503292526,-0.009638279815679529,0.08725228314432891,-0.03645109228090701,-0.03194853776418372,0,0.8423179243323483
107760,0.17919446918542478,0.023773672400799573,-0.04744303826321355,0.06181700930282336,-0.14209108342853,0.12101609724300798,0.0032242895472686826,0.01323345422903988,-0.028111762280078122,-0.010232281523588432,0.01891163779268958,-0.008099570179218921,0.036903514934742504,-0.0042720916421089845,-0.01289042251165738,-0.0012986745209633372,0.11113663352612653,-0.034547629928016355,-0.006247466067211897,0,0.8644447985065098
107855,0.1766464659139581,0.022909075138528388,-0.06023350046835199,0.0463092309348182,-0.14783469782787018,0.10758274112307319,0.009310154115006731,0.001194572238343282,-0.03881323268873766,0.013103704195586261,0.017873109078119554,-0.011816812289929726,0.0254574676492142,0.017911562129531624,-0.025414338279475146,-0.004698919359530235,0.10449130231783464,-0.04058827667073858,-0.014441215485020179,1,0.8866303779036678
107870,0.1858355467692296,0.020448673404062857,-0.05733586294774668,0.048898510551653875,-0.15266372520104923,0.10559617880156826,0.006206945272862786,0.022978120046555257,-0.02589711089893098,0.005733331684896132,0.010109692522357968,0.002681877748205137,0.005526872286013868,0.010979694652798296,-0.021541376663211393,-0.011916770483627033,0.11181119604788659,-0.04847183294765302,-0.015000161134676955,1,0.8696334800649859
107954,0.1876176224844818,0.02051218239485584,-0.05314606723985367,0.050856029877741016,-0.15005382838172357,0.11776285093189905,-0.004898992202241698,0.007371725229520088,-0.0386222868650117,-0.0027214052930677646,0.009895520028807935,-0.013483626656951173,0.023774655549170683,0.0043330992496723765,-0.005246735616369059,-0.013566185237539748,0.10474107745667902,-0.034882623690459545,-0.027679361224360616,0,0.8711658756104064
108090,0.17583925890418653,0.02153275796102689,-0.04390001847277171,0.06045561338892721,-0.15298213281075543,0.09616313771079932,0.014042113919134748,0.014483245368174889,-0.03856157450816973,0.00906614611700235,0.00768399828302045,-0.009524153726192969,0.029372281094086447,-0.001939140711526795,-0.013762795772964789,-0.008893334528613196,0.09503765294133193,-0.03526154305301029,-0.017070272913505512,0,0.8455711721852012
108268,0.1760364158456212,0.024023147324203534,-0.05915572932300097,0.04418781437205277,-0.15251254894264463,0.11701567937255743,0.002690189838407003,0.01836797661399869,-0.0318096270030401,0.003586281972061408,0.008627358078606182,0.005104647500513701,0.026698186702870455,0.009456709705353509,-0.013290762751690192,0.004416157047816421,0.09964862173410227,-0.02703123223460951,-0.01585821951636568,0,0.8395173058795157
108333,0.18983966921741965,0.02009444530563422,-0.05250549147284301,0.039612293455615545,-0.16122531010860247,0.11529661810890879,0.0003478489601503775,0.02355650862131728,-0.03096961734669142,0.010434232138884348,0.01610580982560253,-0.004574252272521337,0.022800643848713404,0.0059165963958810385,-0.00708709113369682,-0.0030043709620571368,0.10072769991517108,-0.04222120319798572,-0.016332342844905996,0,0.8626520451326022
108535,0.1707727102445685,0.0017878332806752825,-0.04458206427737539,0.049337932231237766,-0.14505429068530082,0.10853460480924554,-0.0034317834693714717,0.02352433657187224,-0.027594234694701653,0.0009457075517652972,0.005278792455428472,-0.009327963390660835,0.018688355173947815,0.015336222755478407,-0.016727300482625714,-0.006705661950363575,0.10597655706454949,-0.042866829087076105,-0.01830203991219891,0,0.8147752200884433
108721,0.17892842118337945,0.03017071203371747,-0.04120225727583015,0.0648114514255762,-0.16607029333820944,0.11985870374174584,0.017267738085419624,0.011304280721042476,-0.029270255321629662,-0.0025285835424008578,0.0067311913420328995,8.559477226928874e-05,0.01302106662000573,-0.0029604181545737716,0.008565554573165981,-0.0014827974776182725,0.09374026622992067,-0.026081706479857896,-0.014606291766633448,0,0.8286875840850292
108737,0.1740107554696583,0.02460232439158945,-0.04632401738921117,0.048786858483706855,-0.1475511398214931,0.1100578170099295,0.010564991736898857,0.02182822957071339,-0.0337881385942543,0.008153982392337814,0.009537581936343931,-0.006847592968329486,0.012111956990643779,-0.004588871640151537,-0.0203576459360577,-0.004414044464985532,0.09561641829226178,-0.030962306612945554,-0.014353224183657238,0,0.8244578978851693
108774,0.1835127106373935,0.02855925556704391,-0.05664107212336405,0.055536322409114866,-0.16181756198734967,0.10665918133119079,-0.0005333525825263623,0.014727791461663706,-0.0380046341580727,0.003025659742985147,0.011398000007715537,-0.015304118603371398,0.00262593496694731,0.005124219199019667,-0.007676743835720447,-0.012271897653374862,0.10480052502272304,-0.034289756552987195,-0.00885997035022374,0,0.8513687081927879
108819,0.17599777170418685,0.010496868856829806,-0.052047677115373704,0.047627994104281646,-0.14638877948775844,0.10731678566723847,0.009688596296738888,0.01899720004014339,-0.038298222602508855,-0.00027320926177273587,0.0042849857603601505,0.002078019300556616,0.006777210861964645,0.003419705448689845,-0.0007739596193442542,0.0022764547926894894,0.10495899308994193,-0.029946707234434964,-0.01621814277280698,0,0.7778672840176216
108861,0.18511061068383136,0.014617197222274277,-0.04056339912284506,0.050515792630519744,-0.14404689102782844,0.10229275161567547,0.003438270771048856,0.023308356000949607,-0.025158211550230975,-0.021822848092153645,0.010680671994520306,-0.010170825343641485,0.007495905999799712,-0.005547055508567833,-0.009365873683811258,-0.008723099180908819,0.08998048126987546,-0.04493361251796178,-0.016355650913643657,0,0.8141275051300878
108904,0.18066730205057172,0.021849526812101942,-0.05646766204570376,0.06325211762836822,-0.14564511607738645,0.09666106537611587,0.00796882296089627,0.019085619396180056,-0.032863904465448,0.0018683027238785817,0.02058945771203538,0.003392329550036245,0.01587355247664969,0.0065198307161031185,-0.009911818813216858,0.001414552064488543,0.08331901078392856,-0.038316908400819034,-0.011781043380550147,0,0.8174479434344785
108913,0.17900201456809814,0.012185009883101545,-0.04705338238737837,0.06281056391906117,-0.14513320813850442,0.1085036806404007,-0.010787702745685435,0.014477907393276281,-0.02412385207507412,0.014687092849395535,0.01194736775593385,-0.0049615536572516425,0.016225202586326787,0.005094290854416665,-0.008978476903768783,-0.005046668081293231,0.08965986417496788,-0.02199044715393586,-0.010999691778032793,1,0.7936679775459032
108948,0.17635749816248358,0.01687621783249717,-0.04287455102461342,0.04804341202271409,-0.14965808967200742,0.12292757940019616,0.00015223963944306347,0.025867040149475346,-0.027160038046500475,0.005599066263452482,0.014496781895039106,-0.0029864346997880687,0.02550026060909888,0.004091682806249036,0.006298031165692496,-0.005971814712484108,0.09587366394352284,-0.036138642220966445,-0.011593671115127907,0,0.8184667153813521
108969,0.18852796249212977,0.0032551150925392417,-0.06084960648133797,0.05121869796553786,-0.14658542060816948,0.11191289767579429,0.006332021862960485,0.004454024270788121,-0.03566183695974766,-0.005420043371042903,0.01600352709304263,-0.011950048382549351,0.016391782288913505,0.020152053100961714,-0.0017093605655611641,-0.00236611885233582,0.09713664048877481,-0.022143796361040115,-0.015432804882987556,1,0.8175037587962144
109018,0.18325037267569477,0.011885512734748206,-0.06052240363896041,0.04675455715156556,-0.15212298340804162,0.11930968105264611,0.007106348296059921,0.009598594614873302,-0.039680800488868836,0.0029947075889178144,0.007207902240304122,-0.006455947769692093,0.0019579870936935824,0.006070079886622288,0.0011879406164634686,-0.00868607933600963,0.10795244931630413,-0.030401796824240133,-0.027381616014258505,0,0.8305277607479645
109049,0.1939742584052502,0.01778120132355208,-0.04973573640960196,0.04849161051880073,-0.1617492208291256,0.10649581865484287,-0.003786192757701517,0.012780464421538762,-0.026859079701008808,0.010246186161103113,0.005349579767726331,0.005916978042905278,0.02222205003414922,0.010425415504957205,-0.0010887619432610278,-0.0038999218339175012,0.09077223449993126,-0.021647462094847112,-0.009391545404738223,0,0.8026137183089588
109068,0.17398924887633122,0.018012575865821907,-0.04563874394936074,0.05906943492130218,-0.15532131476933617,0.11215409200450623,-0.009061552235567335,0.014845534329128995,-0.03376372514512712,0.004611778888113966,0.011747941119729394,-0.0049179280347311696,0.013921948838571258,0.012531135767321223,-0.0016593856085896396,-0.0014547067731735283,0.09634666361990893,-0.034165270358782494,-0.01457592916496091,0,0.8177889102703644
109072,0.17933737749881787,0.020961503366599202,-0.04787933730409952,0.04454499306097142,-0.1594739856064362,0.10867873000557161,-0.0005004431393602669,0.026743866337126745,-0.02866357251983761,0.0017295840828922202,0.018056427587468577,-0.007273871686819849,0.023631710612836473,0.012892620938833017,-0.004369531386908328,-0.009754315195572,0.08544429830263336,-0.03085669191821791,-0.021863541417334896,0,0.8326564019683371
109090,0.17506563227995134,0.026717808422783536,-0.052621967897316164,0.05741700851766836,-0.1496228220330226,0.11022121555525559,0.015386030836175407,0.02138193363428761,-0.02613948044235575,0.010443415315740175,0.015603367812343567,-0.000877458867693749,0.007503780321767132,0.016783373221486902,-0.005151026139359713,-0.007508454047297813,0.09480664978019086,-0.024750137272126823,-0.011630051904618728,0,0.8296316143014418
109170,0.16707428765556284,0.00453273725134521,-0.04016753844177407,0.05642651323968536,-0.15118779173940153,0.10936764342881114,-0.004942464062074986,0.03336097863105595,-0.04083752154854004,-0.0012898609344734922,0.006353675979320895,-0.00585241633155575,0.0011043480587554898,-0.004003586627377247,-0.013029076219913524,-0.0014814802926534359,0.09361297866309798,-0.03238810214100239,-0.010930877955436714,0,0.777943879201838
109199,0.17581810271845374,0.012108106329862787,-0.048372147487891155,0.056206157634591726,-0.15387813389248167,0.10676853431874758,0.0021586599521840606,0.015132090654173815,-0.05450238112673475,-0.011176044979639215,0.017733049500466242,-0.021310207611551186,0.019768802892516726,0.008433551241992493,0.00809384271289315,-0.008622825824203793,0.09328310161872824,-0.02709244283050064,-0.012558086863849816,0,0.8530162701914628
109212,0.18957578603624586,0.02284212823519782,-0.042172005964814456,0.04781576598352719,-0.1448975899918349,0.10932354040475466,0.005363819200649582,0.012763020857228784,-0.036574531848060754,0.003062906531650958,0.013745186896644897,0.017830749727847647,0.020257203201606212,0.013129014063687744,-0.003739876553281031,-0.009853878086457964,0.09472265367444277,-0.03301048278146969,-0.024478370617084973,0,0.845158510656488
109248,0.17224018958132353,0.01715638788423132,-0.03972331326639898,0.054686286626444335,-0.14113560280529985,0.11569154747688004,-0.0002558348053377613,0.01400875505750381,-0.0314493784577784,0.0006571858597717737,-0.0006370097018358833,-0.006337362400593497,0.02205439358052165,0.006946090774417427,0.003712148486329665,-0.0016633385141525386,0.10140770343245611,-0.019099914983248947,-0.012216097297543558,1,0.7610785409920691
109261,0.1801080679099168,0.015336750052540976,-0.04054075334036217,0.05241046353135331,-0.1409624334649618,0.10369468309458936,0.009623370159527645,0.004449325701195325,-0.026472777214818992,0.0009514881707236865,0.0026084910071521293,-0.01799626773633588,0.0317477124956503,0.016310299810784128,-0.01815929498011999,0.0005827700669386115,0.10566214633197966,-0.025780755706707407,-0.021902079012908096,1,0.8152999297885662
109352,0.1754583126812253,0.021879139473024237,-0.04883108458160589,0.03924374782496216,-0.1432775453859588,0.11118575391081179,0.0013255245128452426,0.018775648314105702,-0.033964401898213176,-0.0006979714050907439,0.03345803847197358,-0.007390767781678378,0.021188185801474264,0.008667902605607122,-0.007949252113460268,-0.018450765770878164,0.09513815444196708,-0.025777173375016022,-0.02061287759620886,1,0.8332722479461068
109468,0.18266070335066656,0.01673894660838381,-0.057705627949642006,0.04103983300123943,-0.14397200656013065,0.11179189677339389,0.004772435128444973,0.012093906107704394,-0.023802929130077494,0.00856920804659565,0.010156886233912907,-0.006952059750023481,0.02022652720113461,0.010008701249993843,-0.015157605716504605,-0.0035358307022270085,0.10790011389319527,-0.031403597406045466,-0.0014198421241568013,0,0.8099086569334728
109478,0.18654818935737627,0.02280725609742928,-0.04683697922588672,0.05405912362476112,-0.14477888630826555,0.11340594661809375,0.004260113577409618,0.03650876207535748,-0.03890044374121636,0.0017258261253751792,0.012269066748567859,0.001207616115869719,0.011526472173403558,0.015075614431371367,-0.017992038727118777,-0.00941061470459745,0.09785533775849688,-0.036751253054217274,-0.006391439947419434,0,0.8583109804122336
109479,0.1847615441506276,0.024640517693269585,-0.05309988744083213,0.04649172579410671,-0.148517514825669,0.11296685725375814,0.004447885859192258,0.02322154385382289,-0.02621332322282848,-0.003928856377499502,-0.005759942416107887,0.0006650642512779903,0.009831417094493098,0.014902119337222772,-0.013506911916696568,0.000801657673099229,0.0909958650832422,-0.031106167565141153,-0.027537257258448966,0,0.8233960590673362
109622,0.17311226087330198,0.031147069695312283,-0.05118703080142418,0.05708778074723565,-0.13876902853160186,0.11001762946179158,0.004364265723157034,0.013792345752802278,-0.0306740736445448,0.003981038242924313,0.014982652321029901,-0.007796857522634062,0.01820793702451467,0.010483831576016813,-0.011610096363984445,-0.004631879102452722,0.11243163073124393,-0.04716421045380951,-0.009018998897734472,1,0.8504606174675164
109647,0.18685648331331958,0.022732204837552634,-0.0424017372489529,0.056251231558372056,-0.15610929359959447,0.10257206652381354,-0.00047617241367481285,0.0192272976352818,-0.02927726376421235,0.006345579926338341,0.011687415693346503,-0.010073895027520935,0.02314539223113174,-0.011008720078054837,-0.019432660017528375,-0.0003791321902522089,0.09038500530744013,-0.04131569040769273,-0.0036714130515214326,0,0.8333486548256014
109655,0.17723134914858532,0.015132064758825612,-0.034559173104105965,0.05981114289781872,-0.14322834490283926,0.11449653270094329,0.0063404083088446465,0.01940397339370723,-0.01954876454618644,0.011733067417297629,0.01877939871366564,-0.011331588737399199,0.005402012090513459,-0.013088263716760041,0.0013037722195855933,-0.003386667791986665,0.11034782380208431,-0.02417531827211454,-0.021996434347619977,0,0.8112961008708836
109760,0.17628630164762632,0.020150059142705894,-0.03905280425858732,0.052038935920028034,-0.16092135168074803,0.11690635148062901,-0.007195320269542786,0.02158204083376312,-0.030899752274963863,-0.0017275839964485127,0.007017635332843741,-0.011535185322014824,0.02244257311753772,-0.003205526683578502,-0.0026939863814696174,-0.006992492308880727,0.09678637699720417,-0.019811260383368386,-0.01216999349941848,0,0.809415531531359
109795,0.18113642188906245,0.0374191409324266,-0.055880761892145955,0.04188600554270946,-0.146659046604907,0.11865630433557377,0.00822533133953303,0.008344757294579355,-0.02589518380924023,-0.0020952756166017356,0.019024825213772946,-0.003976868212511474,0.01924676938327711,0.015731613626935786,-0.0027172617371663886,-0.005263584393220554,0.09558731564594607,-0.03469955821610556,-0.015568481172486583,0,0.838014506858202
109880,0.18591086861274966,0.006067781730415732,-0.04250073889204857,0.05891149609826616,-0.13769478698384297,0.11467557094492496,-0.0011559803070493259,0.02698674445714371,-0.031182139235361263,-0.005139610508183433,0.02351849049534448,-0.012163180654360983,0.012220735524328261,0.0034222009719772416,-0.010523148748697357,0.00016611607972590858,0.09234735503469864,-0.02484209376226262,-0.03036222946526769,1,0.819791268506649
109989,0.18788476902881646,0.012407383969872985,-0.046172045657462066,0.053167328555453794,-0.14863826591313417,0.12034841118876302,-0.00847532758398665,0.007091771102164324,-0.01873835087484458,0.012918772658174512,0.016930717381905148,-0.006244800479489153,0.007451821379375875,0.0026805568270593457,-0.003473560073324504,-0.012742334569185394,0.10183294716875017,-0.017129276817324138,-0.015589370399394153,1,0.7999178116284804
110270,0.1162293683821373,0.014742059016136993,-0.02667316050692196,0.03291880812927754,-0.08845296229495841,0.05240732236257892,0.014638247197309074,0.013425582312999179,-0.0061135411390943525,-0.0021101988263980097,0.018695489141020517,-0.011868541823441795,0.01863984633174548,-0.006036919779472845,0.002237249936400693,-0.0073983047506982974,0.06166160123027072,-0.016145474299933807,-0.008752442367635224,1,0.5191471198284311
110322,0.17569809040792106,0.03127349935787755,-0.04883270817808039,0.07033038334299263,-0.14658279673446228,0.10074849907260251,0.006120599569593746,0.0277420852012954,-0.03061982755302861,0.015529380995075679,0.0036351014163537054,0.002520706022384464,0.036386940460334645,-0.0035628058371174687,-0.012058059134890508,0.0018105121241835296,0.09668068601445078,-0.02534598785047174,-0.009002461992285028,1,0.8444811312654017
110348,0.18216545028501857,0.026591521397435713,-0.02413709843328515,0.045829665794284664,-0.15929186814115723,0.10355571935336808,-0.007382316537480574,0.019902231441499853,-0.03801021761348033,0.005121319106115762,0.01017328859870866,-0.015581723909690079,0.037885424981457756,0.007303244447914374,0.002936272764120027,0.007578443345573661,0.11170137217833565,-0.030467022991685397,-0.010261368541374261,0,0.8458755698619858
110428,0.1860288537505277,0.013743574460832478,-0.04714881337326652,0.053607449333040146,-0.15470966502544123,0.10730025067255262,0.006551658171293938,0.015491792000520034,-0.034359380859541155,-0.0019234224198451282,0.0019894366490393013,-0.005568757686639015,0.013781960947870046,-0.003932728454369393,0.01232495911374059,-0.005009186306346706,0.10458722412666842,-0.03315815313736565,-0.011973285016701701,0,0.8131905515056017
110509,0.1756003997556929,0.011150091758086398,-0.036474605834616106,0.05227068243207775,-0.14552761520908683,0.12289643871387511,-0.0008087883601871338,0.015749206542009803,-0.029397769944284554,0.0038414258611566333,0.01745560977826546,-0.0006490091967653725,0.00824266284431654,0.01830896830980441,-0.005495013463151148,-0.0217862868464431,0.09901543873128354,-0.030925042280379,-0.013220871730357221,0,0.808815927591839
110516,0.17392747652224722,0.02249413620932153,-0.057848224320559145,0.053425939013878695,-0.15567037157751984,0.10902912280784327,0.0019016487981846947,0.017634013312010564,-0.03507346826244734,0.011170198025468966,0.0167040583204523,-0.009467366486832827,0.02312596107261483,-0.0005164339891129518,-0.01272193092840853,-0.005034969517473423,0.09543443768347055,-0.040857227821393026,-0.014122719551323847,0,0.8561597042205635
110551,0.19765423932421472,0.0198304265302056,-0.04441027114492481,0.0563082192556319,-0.1584912727090486,0.13036784028368775,0.007131307773199008,0.019580898839248437,-0.031026716088219244,0.00974140761648114,0.009195583001395478,0.008505675578370243,0.01853822039529138,0.010713067128021185,-0.008467463484843406,-0.0034346760190487133,0.09799181700041204,-0.029993794383616965,-0.013286674991058518,1,0.8746695715469192
110709,0.1908778654508783,0.02761626796198091,-0.035417472132770585,0.045094634581091246,-0.14021482119478243,0.10585700517255685,-0.0067028227064421875,0.01969421776037101,-0.023419564041805358,-0.012464802299374545,0.020086234217124573,-0.009101969691796587,0.022395041201774664,0.010442979013127475,-0.0007800355642243285,-0.023610147947083174,0.10164972547694034,-0.0362191856448299,-0.018284806731721153,1,0.8499295987906756
110777,0.17716078147510833,0.022455054148344256,-0.039840037821033854,0.044762803579737595,-0.14034560461528078,0.12286698060119425,0.005258714224260239,0.01650932335747478,-0.025727333995603216,0.006136193803140827,0.011570810982153944,-0.006508964586989362,0.021718441733377652,0.0024726115292511993,-0.017721924492703676,-0.023598137542733533,0.08066016004802759,-0.02263126829217619,-0.010969782098054342,0,0.7989149289266456
110848,0.18332861423676852,0.010112443019897548,-0.051173908778234176,0.04807483896766473,-0.15363229077588375,0.11765375604676045,-0.0033349975360304047,0.019868538194302142,-0.02796044546363639,0.0019057946265186355,0.01840296152617372,-0.013581181781922405,0.012079731532939716,0.00906710716699541,0.0016732962486256647,0.007132254820732705,0.0770281093706815,-0.03333113670007952,-0.005830509984964295,0,0.7951719167788117
110861,0.1777064147121566,0.015554373357517012,-0.0614450081288482,0.061832424125114735,-0.16066824935885884,0.10846281787276377,-0.0018023145024650715,0.013006842146689186,-0.019860886502974833,0.013723055194564404,0.020487589897006275,-0.001563150137342348,0.022236872182663618,-0.002347862165254435,0.0006020788739891599,-0.0006375049819804666,0.09569169962931032,-0.04242872112675204,-0.006280085036828514,0,0.8263379499330799
110915,0.17443186130621005,0.01969613163435802,-0.04068220451870291,0.05067983297918402,-0.1453215971367024,0.10501057047242515,0.004265906425005264,0.0123992669069587,-0.027402504363707593,0.003241294150436373,0.027699387145855906,-0.008185486389848205,0.014742913321068174,0.0012111880110299916,-0.01119699729540438,-0.00975446196974523,0.09114904692406946,-0.027228091812753086,-0.007138253691778823,0,0.7814369964552438
111040,0.19128715961526072,0.022033286493394078,-0.03224711562351479,0.04987007113771052,-0.15622013590043993,0.10827302093693335,0.00430443459744235,0.021342975142758333,-0.03501035033805232,0.008374038054134945,0.013450163207184753,-0.007869688082443085,0.01630207879056045,0.003153998106757463,-0.004555449698879887,-0.0158433416868304,0.10963187987953356,-0.036939106065903754,-0.02272487008758651,1,0.8594331634453212
111069,0.17789204895990926,0.01724783288798192,-0.05102192299304452,0.058631939308332,-0.1516715844389735,0.11984232305106851,0.007439935616830908,0.012117874786428218,-0.03317402468705317,0.0013540984790449866,0.03176142692707069,0.0031885778414043045,0.019164561776562936,0.006440937154613158,-0.00228059221263777,-0.00799831401222293,0.09964128373423548,-0.048174369381443864,-0.022514662900045064,0,0.8715583111489031
111111,0.176714165239368,0.011194469855960858,-0.04812873954347682,0.04996076125678009,-0.14514287567657969,0.11091608107072794,-0.006749469429914328,0.029129182413998606,-0.03644809836331521,0.0051106546489820825,0.018199890474203825,-0.00795392602693467,0.013600950003095736,-0.0018263665874622284,0.003915270592258993,-0.008471243410614709,0.09186299791804066,-0.03092357828854568,-0.008644012197495185,0,0.8048927329977553
111155,0.16821867924523082,0.015944393401084216,-0.036491491772426075,0.046258589748892756,-0.1543686842606248,0.10373323997572725,0.005620044488883616,0.01821519211226689,-0.0335253843997884,0.010946660406200848,0.024528694258963785,-0.003734983354671892,0.01142074760409793,0.0006343380831012349,-0.012570292094713893,0.001373701938467443,0.09924421050736584,-0.03152595352358411,-0.015423732649731665,0,0.7937790138258235
111182,0.17338496745070547,0.020262235603292458,-0.048575393172284764,0.04081518264843896,-0.15310803783689142,0.1205454777202958,0.00798028325354182,0.015713686611178307,-0.01837016352242749,0.0024436430778352666,0.01069278294906995,0.0017988319233890912,0.016586085329164987,0.0024506866926226564,0.0006251316072705212,-0.001386020250546387,0.08676146810719475,-0.028413106872716056,-0.020343757344228188,0,0.7702569419730944
111201,0.184562705691688,0.020337593382084785,-0.04849614326978957,0.05121728276754395,-0.1702264621127007,0.10658260391966858,0.005222594212818223,0.021073704018399583,-0.03174733447858433,0.013260027936234263,0.013256928571681795,-0.01607256522494926,0.023115960351169185,0.0005322492638888645,0.001026061822511174,-0.008920875195347486,0.10042427246586927,-0.035287334759771,-0.009102066557868044,0,0.860464766002568
111214,0.17619725739333225,0.03716540718847038,-0.043000380027505086,0.04224996101090588,-0.1470294837919676,0.11442058576683703,0.0014104981063227176,0.003284945177054194,-0.037801851370205475,0.00441811875697087,0.014720764809921865,-0.006525123012031732,0.01714751272494683,0.006747321151589554,-0.003742430237640891,-0.013770631550081352,0.0969345904091042,-0.037713345458838865,-0.023129079616506124,0,0.8274092875602329
111217,0.17542940447649744,0.028662441827136485,-0.041227594589467086,0.06349669904447763,-0.12782867448898663,0.10588228759865195,-0.007511264026159589,0.014240625822609359,-0.027376712743451468,0.011430931353437378,0.02081857905389069,-0.0015545089172903936,0.012833391783878068,0.013016156875498711,0.007066129107217331,-0.013170780383948975,0.08660149720593209,-0.0405445353236344,-0.018989203754383687,0,0.8176814183765494
111223,0.18968381374896645,0.017968106771752014,-0.05057081332584104,0.042064557442662805,-0.13175813713039222,0.11322228535438567,-0.00373214223180623,0.019787468211934986,-0.03965098794185844,0.0059295207182401485,0.03043884897869233,-0.0011000287171681257,0.011944633922691404,0.010356578719190544,-0.004550167841494783,-0.010384027266334493,0.10262710361429254,-0.02915758631263898,-0.02527819293004118,0,0.8402050011803844
111312,0.18651275243208518,0.017403645265261752,-0.0371520367361654,0.061511742659895834,-0.15055583791468954,0.11045955868429969,-0.0011909698397949474,0.015832685906680136,-0.021606384119910886,0.015507246572831042,0.008138480145350352,-0.007776229810980973,0.019736644967109654,0.00610147923959425,-0.014510898081941725,-0.009258363302472653,0.08140086762524278,-0.044984291051591505,-0.019783384340890213,1,0.8294234986967886
111318,0.17843430359138068,0.026918216591382136,-0.035192695723965724,0.05604512245488513,-0.14059105589168064,0.10122608994763091,-0.0034195642567388315,0.004510649863005065,-0.029715924251272695,0.004773124962807812,0.013112406177731344,0.0011814598050191973,0.016248157693057114,0.004271947843249559,-0.0024629044739456034,-0.01656356073573131,0.09548644169623235,-0.029725888438488973,-0.02057025113008325,0,0.7804497655282884
111373,0.18453039191508133,0.013890199534538045,-0.04621037834312424,0.04457156377014786,-0.14481725006661883,0.10619966539135778,0.0018512346529888188,0.020156425865234067,-0.023655828814066932,0.0031041163884214617,0.014126154456806924,-0.008992995202540887,0.009714433313774563,0.007894673376799218,-0.010846855744227977,-0.022691666670240647,0.09535695792951736,-0.027405822758557703,-0.01452336764812587,0,0.8005399818421705
111384,0.17880496188924813,0.014142773023155778,-0.0533324319602492,0.05013125868950455,-0.15548054835786754,0.10191805699800684,0.01210002792833267,0.021783358939828693,-0.03453070716891778,0.006626971213857112,0.005944154475335352,-0.010115695692934535,0.007864876106658336,-0.001729581117434844,-0.013463563452717412,-0.019615834763431185,0.09754905340616088,-0.033776793858475734,-0.0019754762731212915,0,0.8208861253152379
111462,0.18889722467103873,0.019511672609465108,-0.04129888490554667,0.044769064135613094,-0.15687525224553678,0.12350028688802261,0.004945088221437444,0.017262256668837194,-0.029672088089922236,-2.8150363068097955e-05,0.01900903084497577,-0.012462579656289354,0.01288969779023393,0.010061167215456673,-0.008222654751339343,-0.007755902302496315,0.09709005810330236,-0.029978779402879473,-0.013752177101504356,0,0.8379820159669655
111544,0.16915731529792033,0.02652042186308359,-0.051838407091471334,0.04137418991152683,-0.16672673287153045,0.12090448764611518,-0.005188588773426189,0.01849455844911753,-0.02619020721615591,-0.004554021211931004,0.009022618415277751,-0.007073068281904841,0.014999324218088701,0.006677355458319985,-0.006697766838997624,-0.0018229297538800882,0.10497077651883165,-0.04718583560740132,-0.015108482158820321,0,0.8445070875838007
111690,0.1644163531590371,0.01272967213239882,-0.04110770350203746,0.04842839242285393,-0.15001884094280113,0.1160256304424285,-0.009253760963365821,0.008904455252915758,-0.021407286838189547,0.00293975662275503,0.02232543482966946,-0.012714124435987606,0.012956643625771966,0.006943708672510099,0.004875869591320915,-0.008747877303594774,0.10397529648330035,-0.03844155755977354,-0.008964332500003261,0,0.795176697280715
111716,0.1815919420662486,0.016132563001144337,-0.04839864434780252,0.05173410049343461,-0.1540465002193036,0.11658777753966762,-0.009008017744328271,0.019840224436131218,-0.029001493373967242,0.011376709531082654,0.01577821426870382,-0.005537626856291007,0.026949339146144266,0.011756409077665623,0.006980829357893547,-0.01086361763691767,0.08617641009013453,-0.027698028784850906,-0.018582166294449892,0,0.848040614266162
111841,0.17073114422399754,0.018037028881237753,-0.04500369719284203,0.049376607566515546,-0.15914305677663448,0.1215129637099311,-0.0003142317566349911,0.022447577361544735,-0.020211932968237947,0.0017105904152197994,0.01932268057304804,0.0015734371475992158,0.007582647034809523,0.006839543447626459,-0.01152774073102237,-0.0009611454909207694,0.08744468947378323,-0.037222879774700283,-0.020903643486950896,0,0.8018672380132568
111858,0.1815882346618933,0.022134378701536703,-0.05298097871089212,0.05565515956953576,-0.14766328227463849,0.11199615274210457,-0.001204016421859735,0.00889794556364215,-0.034051977327101655,0.011900657342986357,0.022047247985367537,-0.00621587815185628,0.024633320007680638,0.011526357453769969,-0.023669798671820837,-0.0033134215445015268,0.0911618673898835,-0.029584217397146752,-0.007502753195374211,0,0.8477276451135921
111904,0.18321470292152647,0.028126186137082627,-0.04028814918897671,0.05235521919961046,-0.1580959867858526,0.10781731884775769,0.006298371031614765,0.014504631458614557,-0.023737704969129383,0.008364219493253635,0.006383848011973879,-0.0031702214255247196,0.01378845867549375,0.001630644804840111,-0.0023548699845661715,-0.000562315562457048,0.08326759816587563,-0.02918654563367513,-0.01683971875795112,0,0.7799867110557764
111908,0.17319238052215172,0.01594275427857703,-0.04895240156871082,0.04929878554591281,-0.15195866219545534,0.11513150617854558,-0.0038572990183174958,0.01666569718271791,-0.030546727782608925,0.01164147198269087,0.005887238532881929,-0.011384600167995107,0.024918400753051462,0.028891402474506816,0.0014975450180520781,-0.015762451135486296,0.09179725156345368,-0.0437106888068749,-0.007079934140875543,0,0.8481171988488663
111944,0.17973511715810994,0.011450650899104315,-0.04719915059070638,0.04805180726515279,-0.17235187536044433,0.10997296350357771,-0.015642038281851595,0.017038064389449832,-0.03276731834759552,0.004575744360846779,0.004489715647599124,-0.01515582558955997,0.027363037402179602,-0.003327734140365851,0.0055036511069752264,-0.007263023012647175,0.07873746607865872,-0.026652930230605214,-0.012349403063427565,0,0.8196275164288577
111951,0.17764029709969448,0.010930528051923624,-0.041582796874169665,0.04315006377019762,-0.1593922403067413,0.10278644344207405,0.002960610932387611,0.007473495354577594,-0.014545194476057035,0.0071663028514569556,0.027195179371556424,0.0017445580859939379,0.009247335600755722,0.010861365182031974,-0.005132829404028634,-0.008250835285089436,0.08870228153616565,-0.03963261916825541,-0.019787695370282313,0,0.7781826721634394
112047,0.18208941118379182,0.014971783525135266,-0.0494142150694586,0.04982024117302282,-0.13801955669557697,0.10573824077598094,-4.233772798277061e-05,0.014337533273337366,-0.00919822969630153,0.009784954665442526,0.02763398860451099,-0.008594949307979594,0.02519558992214153,0.00774273564919562,-0.0010739535343473748,-0.019619689837086264,0.10435344847848864,-0.04761691460408615,-0.009869119260046199,0,0.825116892983913
112268,0.18466799317551627,0.03157420887003384,-0.049404995769149626,0.04379555982168747,-0.16704152261573965,0.1120852716810332,-0.004556594937399481,0.010764607389071602,-0.022915323923520223,0.00786139695708854,0.011889726713885305,-0.006273978823616187,0.01355374131926231,0.007715889587884373,-0.003313916922377831,-0.00033297500938519477,0.0876088861393617,-0.03234913004422113,-0.014981326726334813,0,0.8126870464265687
112276,0.17180450734922273,0.021495816339750153,-0.054307510947053925,0.039565202314256954,-0.15930022587587495,0.12097214992588957,0.004960118113406143,0.02050448404551694,-0.02775455462194686,0.012556954212121992,0.009092453102368623,-0.019019801576359907,0.007962765605813743,0.009275015092418635,-0.0073165917840129595,-0.00986974868201726,0.08774698947681094,-0.038650521854090826,-0.0161837321757557,0,0.8383391430946888
112414,0.1725502199657362,0.02261723864932505,-0.04721399165429842,0.04504996688352469,-0.14505566175483325,0.08514393448081352,-0.002420377377587795,0.009086182510869413,-0.02794225753150334,0.008722784650440392,0.015490369579267959,-0.018444853941411682,0.02093027702313377,0.008687842569880927,-0.0037848316220528517,-0.0018269985838531004,0.1023112223836215,-0.0304539694749958,-0.016712888795877383,0,0.7844458694330271
112494,0.16929945054877893,0.02144242054463234,-0.042858376253429746,0.05666682093340442,-0.14159452657260307,0.10750611642878088,0.0005234895627476862,0.005015452693776835,-0.02247979032016982,0.0197080965606733,0.022405541595260054,-0.00901996673745275,0.026580716740913814,0.016324350220049105,-0.0018062586843991184,-0.01259845954460421,0.10323849248445205,-0.021889499247770772,-0.02202965585807662,0,0.8229874815319755
112583,0.1761675339587629,0.004837316848211523,-0.03972995202572452,0.058061340465062554,-0.17226401407299774,0.1028272592537298,-0.0030937376486640956,0.01257081233064189,-0.02204466695364848,0.02015060737844401,0.016637546250286957,-0.0013459932029078624,0.013561903944418596,0.008662579292280051,-0.019375337873671496,-0.0023539170935003417,0.09770640377134633,-0.027985504205278053,-0.01593723507003161,0,0.8153136616396088
112584,0.1843260888468269,0.011937108238101195,-0.04024289347319663,0.05025019496000475,-0.14515643324787394,0.11452490561592064,-0.003211674196355368,0.007113967340482439,-0.02497941346321155,0.0013298797910183172,0.009609961832256177,-0.005746565502664434,0.015192194052054969,0.012009339904009517,-0.002497452776142476,0.0012921914819628117,0.09737422052046306,-0.029319496766472802,-0.023145634828451733,1,0.7792596168374697
112590,0.1797679833273794,0.012702459988351953,-0.05129872973911462,0.04329657465648173,-0.16543063112769377,0.12875610185299116,0.0040713580747721865,0.016214521076305936,-0.03177612214314689,0.019465615642317465,0.0056881030707326315,-0.005184238997242463,0.015211369410694486,0.010950936938264055,-0.005255899541382187,-0.01121839513755713,0.08064353269498546,-0.02798091063368286,-0.01317136888970028,0,0.8280848529427967
112603,0.18076291335357822,0.03345439083638318,-0.04049151555895026,0.0403908956680479,-0.14957405487143677,0.11670762326855073,0.0009421569606515521,0.0077938708441396,-0.03560197247934576,0.020534386719161683,0.008340322730269831,-0.0011851829915080316,0.025211895488862907,-0.006443117453176,-0.014459800894277203,-0.00732833001718037,0.08028895653496466,-0.02251757894701781,-0.016717183932665046,0,0.8087461495501675
112624,0.1773592308313085,0.01679088906046416,-0.04452578884134471,0.051579823198756904,-0.15158104734592195,0.10753683217754766,0.0016470741114107163,0.019342707978787194,-0.03565852688264365,0.00319997672093553,0.010728964313143588,0.004410095712367654,0.015955630486296304,-0.004809313687984708,-0.012061222441208315,-0.0010478394996229481,0.10453563096303699,-0.031995263365152446,-0.016563289196423966,0,0.8113291468143579
112629,0.17790011617463627,0.027245370393055593,-0.0365608301233446,0.049785965503192,-0.14728888717640118,0.11433111479139345,0.002940673375737435,0.015658719601150846,-0.02304824286503003,0.007769250394035017,0.020495987818814065,0.003495835351040957,0.015260279902007337,0.005758488441558079,-0.016990954053835317,-0.005953565048781542,0.100628508631158,-0.023592087664987535,-0.019684965055465537,0,0.8143898423656248
112781,0.18037503107718006,0.018026079758796557,-0.05237974139761725,0.039013554900101464,-0.14277619523476623,0.121306020032359,0.002379536954905207,0.02408480122989872,-0.04419766576617058,0.006317567049944718,0.0092108473249069,-0.007763956370927774,0.006984550626164896,0.00934567776817686,0.005937533229847982,-0.017152015505157946,0.08673807880996744,-0.03388259779511213,-0.013276071807241817,1,0.8211475226392435
112918,0.18655523348557013,0.020746776861515947,-0.04185258506546379,0.04723247994143842,-0.14474403787276238,0.11100375953794073,-6.248263643958933e-05,0.03291650514348438,-0.024512988447997496,0.009010396318827161,0.01198435424538551,-0.012637556749905304,0.005926906733361709,0.013790151679616024,0.00690410010011511,-0.004953810112170569,0.0889634363750258,-0.05053058665990438,-0.007903750768118004,0,0.8222318987350424
