round,aucpr_mean,aucpr_std,num_clients_evaluated
1,0.6904454475079601,0.10324388703417975,44
