Feature,Mean_Abs_SHAP
Humidity3pm,1.3878343
Pressure3pm,0.36064255
WindGustSpeed,0.33999863
Pressure9am,0.17852455
Temp3pm,0.17689213
WindDir3pm_cos,0.15360479
Rainfall,0.13698421
MinTemp,0.101037264
Temp9am,0.06364789
Humidity9am,0.057736106
WindGustDir_cos,0.04116038
WindSpeed9am,0.0397373
WindSpeed3pm,0.038722314
WindDir3pm_sin,0.03382032
WindGustDir_sin,0.032404505
WindDir9am_sin,0.028353252
MaxTemp,0.008110856
WindDir9am_cos,0.0014971696
RainToday,0.0
