Feature,Mean_Abs_SHAP
Humidity3pm,1.6602945
WindGustSpeed,0.35873103
Pressure3pm,0.3353163
Temp3pm,0.17270066
Pressure9am,0.15800942
Rainfall,0.14891943
WindDir3pm_cos,0.13910273
MinTemp,0.09656422
Humidity9am,0.06046378
Temp9am,0.056802545
WindSpeed3pm,0.042744704
WindGustDir_cos,0.040500525
WindSpeed9am,0.039839614
WindDir3pm_sin,0.031945564
WindDir9am_sin,0.029125022
WindGustDir_sin,0.027048351
MaxTemp,0.008839029
WindDir9am_cos,0.0028135097
RainToday,0.0
