Feature,Mean_Abs_SHAP
Humidity3pm,1.3103142
Pressure3pm,0.36784884
WindGustSpeed,0.33466956
Pressure9am,0.18436165
Temp3pm,0.17808442
WindDir3pm_cos,0.15773083
Rainfall,0.13358828
MinTemp,0.10230986
Temp9am,0.06559555
Humidity9am,0.05695996
WindGustDir_cos,0.041348103
WindSpeed9am,0.039708186
WindSpeed3pm,0.037577868
WindDir3pm_sin,0.034353733
WindGustDir_sin,0.033928458
WindDir9am_sin,0.028133672
MaxTemp,0.007903689
WindDir9am_cos,0.0011226409
RainToday,0.0
