{
  "max_depth": 6,
  "learning_rate": 0.03985325993300444,
  "subsample": 0.723611953058621,
  "colsample_bytree": 0.8784668317136188,
  "min_child_weight": 1,
  "gamma": 0.399713685294389,
  "reg_alpha": 0.00035712434735366916,
  "reg_lambda": 0.003446989761444974,
  "scale_pos_weight": 3.5138761991777065,
  "metrics": {
    "accuracy": 0.8187735222492805,
    "auc": 0.8920674831425686,
    "precision": 0.566472303206997,
    "recall": 0.7764235764235764,
    "f1": 0.6550358196375895
  },
  "num_features": 19
}