index,Humidity3pm,Humidity9am,MaxTemp,MinTemp,Pressure3pm,Pressure9am,RainToday,Rainfall,Temp3pm,Temp9am,WindDir3pm_cos,WindDir3pm_sin,WindDir9am_cos,WindDir9am_sin,WindGustDir_cos,WindGustDir_sin,WindGustSpeed,WindSpeed3pm,WindSpeed9am,true_label,sum_abs
209,0.15495144973986158,0.04437802764203048,-0.010870001097986217,0.0375062632128412,-0.1366702571068513,0.07116374664888118,0.00552584311495228,0.021016387142406823,-0.08559125825426321,0.03156121085821998,0.028239049278969895,0.019274417709551853,0.036679786305418384,0.004175979456790003,0.0055970041712790275,-0.0046745800112992985,0.08010694061516642,-0.01551795946551697,-0.0074126861633799545,1,0.8009128479956661
293,0.14916775979050662,0.03326600680698079,0.0005766608185336741,0.04088148542199429,-0.13250605365394466,0.050393265589645936,0.001177344197044154,0.018650128604293305,-0.08508817149782075,0.03584845561011379,0.017248025117573708,0.016604745195413842,0.03209241245719808,0.005891236625097201,0.01187523765336487,-0.0037752875611595945,0.08334486844132934,-0.01828219779907554,-0.007293305039706509,0,0.7439626478807966
339,0.1110468253497062,0.04585390061520501,-0.023902249486294106,0.031003812447920474,-0.12424133877546784,0.05611038080570389,0.005120629721661079,0.020625116840068517,-0.09667911689417871,0.032677320365871905,0.01767673514256927,0.02753904594013794,0.030503340112582693,0.011115353889805644,-0.0006556834494977904,-0.006867187990564354,0.07125394747631476,-0.022264830803569186,-0.006391472174776032,0,0.7415282882818954
347,0.13788558165811296,0.05478701501072673,0.011216795167333487,0.02297085258425961,-0.14592458323174545,0.0636162820362068,0.004244207023734283,0.03566721838794957,-0.08517873670575114,0.04120617495022494,0.026919075557784874,0.017273543596421803,0.03241451403484992,0.015066099136266576,0.008466768316533995,-0.009636798805529553,0.08476717617900184,-0.02069153703024108,-0.017051639573664405,0,0.834984598986339
365,0.14428588963229153,0.05511259945387681,-0.007635981869350263,0.020184821212222284,-0.13222985818564972,0.05516742254799691,0.0014952616525058134,0.029619649176648163,-0.08081863799939704,0.04547511218201567,0.03391837378504966,0.022339658916434225,0.03484088259984926,0.0038789183245955907,0.010278910520445873,-0.012521069991048458,0.07870473189192279,-0.003922455556702055,-0.01748250173348606,0,0.7899127372314881
437,0.14477528237435938,0.047712552507436994,-0.01068752424534175,0.036611190889746015,-0.1383968545811699,0.07243943777486075,0.013066614569079295,0.014982955395287682,-0.09927857677960347,0.03335603060979663,0.022972925008203398,0.012115456334354685,0.026292850441180328,0.017288730590814438,0.027700730155624596,-0.004529640786715179,0.05388064573498816,-0.01431753666506211,-0.00730381545703369,0,0.7977093509006584
596,0.13295943396993895,0.04806958702295893,-0.006637970015940949,0.04315362292526693,-0.13605296051401125,0.06957884066825186,0.00031206745948811874,0.017650437763135258,-0.10714719329249545,0.04305230445307703,0.02169421392391904,0.018055830687938212,0.030240606762684398,0.013870916767495231,0.013530071229302689,0.000976890572733612,0.08863579092298755,-0.010219304704229997,-0.013581247290691566,0,0.815419290946547
617,0.13889276740857864,0.040253554983503234,-0.000490803762519846,0.03196613250204753,-0.14823479749326768,0.06617018998943489,-0.010406570201065852,0.025726890182592478,-0.09889344114683159,0.035574487067525584,0.02363458856343303,0.025377152847903577,0.03927324422931291,0.016532487620859068,0.01706040805579423,-0.013103864579037925,0.08806243185932362,-0.02006216909387562,-0.005546858881543802,0,0.8452628404684511
705,0.14260695882824503,0.049852175321287884,-0.001720065002439924,0.027175778164527577,-0.1435363136713222,0.07146775190338056,0.001604329926240404,0.019255451331047148,-0.10207288657853364,0.03153264289871865,0.03168887464635164,0.01001891846799907,0.03576329630960716,0.0075619091220574,0.0051874070588309625,0.009456225605927519,0.0761984722383164,-0.02493512411908004,0.00692979918624196,1,0.7985643803801552
786,0.13883873995277954,0.04448931161764235,0.0045096325661014985,0.030611823526332092,-0.14350619397226486,0.06705786558267635,-7.202798323170879e-05,0.03191035430116818,-0.09512858414443096,0.051640612129577664,0.03888193055268571,0.02349564271133432,0.018618123376546725,-0.0005712554679178137,0.003997260974385413,-0.002925162096961641,0.08287673938648098,-0.01170478491472338,-0.0116666165416903,0,0.8025026617989315
805,0.1398194501876236,0.035397534474198175,-0.009686450644273502,0.03580457168079516,-0.13392577330744018,0.0594747533677205,0.006724570341031667,0.021652469343882777,-0.09215062374362375,0.04192399805956752,0.02515342447299826,0.023480807939928357,0.03755297626928054,0.021776575504986986,0.010335015415596031,0.011289296922519567,0.06524917473715805,-0.010389336289041422,-0.015102987857113427,0,0.7968897905587795
821,0.15193752064920832,0.04562399706756308,-0.008643921121062256,0.011599490136610307,-0.14373808778964664,0.06937992455625008,-0.01684368101701233,0.012225639000604084,-0.09655150349784056,0.03818970451153056,0.028409213936879483,0.023549524343550864,0.03301721075272546,0.008890067349875259,0.0005227881736828336,-0.008068654533628036,0.0724226046699303,-0.032492103678538206,-0.025288234756454493,0,0.8273938715425931
838,0.13521016107295,0.03952004257421926,-0.011816207803106197,0.031022260261745076,-0.1198767983021287,0.06454805366237755,0.003944342406772137,0.018926826333922106,-0.10048386729956883,0.038684575988513076,0.020446194227617547,0.017445256977103498,0.039366337842947303,0.006641182510271621,0.019026542377336097,-0.00759035581452627,0.08008644947495024,-0.014107742162775981,-0.010192410318688875,0,0.7789356074115203
845,0.1305777445285235,0.053192380796197855,-0.015914617602221494,0.04244383310350805,-0.1567416839984695,0.04384844443456925,-0.008506669699963058,0.026179482980176434,-0.10697808327739042,0.04430472798906572,0.028101920756430275,0.005579069612369157,0.03635879953540767,0.015678996230941027,0.010161000499301631,-0.013195898619413012,0.05800226965906889,-0.022571396174269964,-0.01899633356641321,0,0.8373333530637
858,0.13329859149242107,0.04292938003336492,-0.01040120065929133,0.03482437253648465,-0.1445817040526415,0.07508017837434129,-0.0008467045943310617,0.02111450982088238,-0.09593552677107235,0.036232922226696,0.02576389589291563,0.02666509600582958,0.042773211595283786,0.017806015348424502,-0.005999583890133732,-0.011664908250701479,0.08421428133718512,-0.021926760613941516,-0.0037903097512751076,0,0.835849153247217
1067,0.14556718098535762,0.0516500422922514,0.005109774469091488,0.01621801915720504,-0.14589667941395879,0.05915944183658249,0.010015240112504818,0.03264046918824534,-0.10562604270274126,0.04286020056592669,0.02506997564405056,0.02679116607923799,0.034793026784901086,0.012169252616229028,0.003936149283081806,0.010354122249194768,0.07064436156132115,-0.015188644096602803,-0.006190710194811309,0,0.8198804992332954
1088,0.13661574170881635,0.04938911078952523,-0.006651631562643694,0.02423847159548938,-0.13068182839187892,0.06948476622193415,0.002664902818970762,0.02503440111802486,-0.1037193096765982,0.04128118506474335,0.025136981275810537,0.017963338977452295,0.04610586013450074,0.02509188371393209,0.009692238640582483,-0.02134358955219845,0.08338806351380472,-0.03061512315430563,-0.008657422554031022,1,0.8577558504652428
1155,0.14541774333573623,0.050054733694330146,-0.0017221724283287237,0.023137490728307283,-0.14122677618441934,0.060152919536161434,0.00640914001333266,0.02051509538478041,-0.09261179353608859,0.02641178012361636,0.017711060043118843,0.009887047371232388,0.041946902131216865,0.021196379212933197,0.0179910309986208,-0.004353710009438176,0.07307856643539869,-0.01457444687297161,-0.003949204249098793,0,0.7723479922891305
1262,0.14711099285776602,0.04498150413184801,-0.007519559706003874,0.03543845339570002,-0.13868255986835246,0.07615914335776383,-0.006133823661394805,0.029867722667513752,-0.12019681285029597,0.04480228000740485,0.030272729513835347,0.024075169755968205,0.03677470046096466,0.010178941002515884,0.010617521769727908,0.0013447700536650018,0.08095164542823548,-0.010055713974711446,-0.004884699127085353,1,0.8600487435907529
1277,0.1381979910638752,0.031753284495502215,-0.008602753105085879,0.030186937026901336,-0.14526853554925198,0.06550197522210612,0.0003758201932682198,0.014791977636383699,-0.09492933709913796,0.0367433399648891,0.029039717109651392,0.027758829117897142,0.031509770371253736,0.01217257287002502,-0.0006479582354927331,-0.010843279639621775,0.06972993132466146,-0.019346998528279275,-0.022610491414129952,1,0.7900114999674142
1278,0.12463588574531342,0.04115612940953453,-0.005760826356688958,0.03518610164854843,-0.15192022392543222,0.058904252615928215,-0.0049964721748511015,0.024325095117631167,-0.10372415505601998,0.02798351890031395,0.012226816581472134,0.004140884482422974,0.031603925305642926,0.009979564638825794,0.018720336589725724,-0.012636380515215756,0.08264384227084025,-0.013231772983583932,-0.01107438461643669,1,0.7748505689344282
1285,0.1490365450697509,0.044092792548882986,-0.004175804439086815,0.03540302442812115,-0.12726440704667957,0.04483037667517758,0.010958769965058169,0.01657495451390714,-0.10426916132755072,0.032318555297754105,0.03418768498214894,0.007078619439383281,0.03893277128033553,0.017780254430956977,0.01392357458246785,0.01081365548960717,0.08169596016068872,-0.026448722221873982,-0.01655026581990034,0,0.816335899719332
1559,0.14162490469429098,0.05467461494454379,-0.00485447938695011,0.04384030178526691,-0.14295467953616578,0.04167037263917165,0.007981182873261172,0.024879070598150643,-0.09568860866040263,0.028594148256781384,0.033161155223819,0.009469389408599812,0.03730331798672078,0.0033893383448954616,0.008451663595465456,-0.005464401234054571,0.0929531145002964,-0.012510175583860621,-0.011947172052530512,0,0.8014120913052276
1597,0.14381648867037816,0.059751492300085834,-0.0006017849607418818,0.033793219612953805,-0.1390402618978433,0.06979421995092895,-0.00510181951721968,0.029144241746642936,-0.1046141131745967,0.03248808111274441,0.043404096747794635,0.01713376151335493,0.03083764860809989,0.014110679410603708,0.0016756336479185133,-0.00870359497251443,0.08961004860743761,-0.015036404432651682,-0.003099635350295287,0,0.8417572262348063
1638,0.12156340746893483,0.05018827274551665,-0.006115741045025841,0.01782487561071584,-0.12873533184450978,0.05395988338503795,0.007268943001313563,0.025610235807923203,-0.08937200016898662,0.023132793993461933,0.027623531358555158,0.030046666732305716,0.034483842629630924,-0.0024006158049704896,-0.006378345001345136,0.002872082814871347,0.08700317137412553,-0.020509170801028348,-0.0017306361176162766,0,0.7368195477058751
1667,0.12326175598187912,0.05191128895984321,-0.00039367856220645046,0.032412666457080415,-0.14155999519781026,0.06017574709901807,-0.004500375823801896,0.01697363253219573,-0.09898734694194869,0.028826465266527778,0.03891509518708995,0.015013873431779538,0.04762080748115768,0.011399330208872132,0.027676025551801126,-0.007485494540583871,0.08446588748606744,-0.028787745708239835,-0.018594400153054413,0,0.8389616125709576
1687,0.13718972839633142,0.05002227380743658,-0.0076835889383012595,0.0225588429638368,-0.12095944078403882,0.07041215815746327,-0.0001405337771325942,0.020055335408850045,-0.09784139949172387,0.024497836505206476,0.03711216451907439,0.022518780812453645,0.016530657344745063,0.006192882940317684,0.008656248360396012,0.0062809082212149205,0.07531307069294418,-0.0387716284716243,-0.012659125059892404,1,0.7753966046529838
1744,0.1517037445781075,0.03169783295813369,-0.009431723967107014,0.030676479052668956,-0.15056003391563644,0.051871586360828954,0.011381292772653574,0.03318597534096569,-0.09979354761770455,0.030692698573154906,0.02149207454742919,0.0008031431940257893,0.0368476736250391,0.0029606588747879523,0.004123821375706033,-0.01291033304676982,0.084175894115465,-0.022870992662786617,-0.030565297228819694,0,0.8177448038077905
1807,0.13136559455770921,0.0489707193824293,-0.009568017865165323,0.0406763318843852,-0.1528631087498621,0.04682117083162399,0.00030630628675696394,0.01839273616538375,-0.09744368924945797,0.03787726994243087,0.023034655236067826,0.017173179257705177,0.022532447145901562,0.009147978672991029,0.00012327716113610409,-0.01815297886092928,0.08080413098671649,-0.02090975755194924,0.0009989696643149541,1,0.7771623194529164
1854,0.13396967803280846,0.0384090431317226,-0.005761132203605492,0.03612708655994728,-0.14124112481161205,0.05337859991253161,-0.0031759410758846135,0.02679999928594993,-0.10426509461724359,0.03166107838145106,0.02226985212851521,-0.010969173092193743,0.02714473213330413,0.018002007736974412,0.03191624232432768,-0.011410122105784074,0.08946595806158746,-0.02129867702043357,-0.005290191062371883,0,0.8125557336782488
1958,0.14632257479878072,0.04721180744844188,-0.0018961855194360323,0.04225901715251851,-0.1475806452563327,0.05445917167300807,0.0003700616342571076,0.012198067751683021,-0.11213937736276297,0.03236953217019054,0.012444105093184077,0.025693324138589584,0.03374303549903493,0.006805118478922791,-0.009463189477190038,-0.005237604278401095,0.07086665232643832,-0.0035430585467530937,-0.014105188933960117,0,0.7787077175398855
1999,0.12799831848260304,0.038711699699791526,-0.00411429253726413,0.0442839510578788,-0.13690051110007231,0.05433843400105964,-0.005284681994502417,0.028423849027883665,-0.10216551534083386,0.03398892578960662,0.010588682195099263,0.012865103500621117,0.022063940839377533,0.01397551556421556,0.0020441109927818064,-0.015523626100018555,0.08367518442439155,-0.03246700103857173,-0.01942859114836301,0,0.7888419348349361
2023,0.15289099305794987,0.04955564223676828,-0.012588345453947802,0.032763901087262626,-0.13497380955390417,0.067584888250567,-0.006816071099091282,0.01160724162760332,-0.11419413873991566,0.03992509871007836,0.011765130202807308,0.013751591101056499,0.034727317955497244,0.0022870265834654124,0.008265678032933111,0.0001590797223103251,0.07464065689557012,-0.021100716387651857,0.0004840666451818216,1,0.7900813933435621
2036,0.12485307898643555,0.04054386879313858,0.0006122873879666538,0.04147998153000663,-0.1488128535097856,0.05647540272234987,-0.005513524478416473,0.0058915885277094505,-0.09218910005029798,0.03007060568117924,0.03526587328068078,0.009231469497780271,0.04949348211231005,0.019831229125362906,0.005363853999876183,-0.01894645424707762,0.09079262186320547,-0.025502425103668454,-0.00043894381107236277,0,0.8013086447083201
2063,0.14328296571333082,0.04882108420953662,-0.005454086284526687,0.03720222503126377,-0.14844398788123478,0.05758831448922606,-0.0012849729204065942,0.018912076427920164,-0.07876429618062966,0.03712717156985458,0.022785059104379748,0.01170925272600853,0.023621566330266644,0.014358719663471945,0.019220856956988237,-0.005014403966332059,0.07710779458386034,-0.014388534547558828,-0.00867336823135086,0,0.7737607368181469
2127,0.1335576621971019,0.04858844926608848,-0.014015818756481942,0.03223637461501264,-0.14999439038354262,0.0573489144983097,-0.0018121896939048065,0.025766569622145855,-0.10866923912515973,0.03496510269511239,0.02462638353694199,0.014332652164404132,0.04518104321736079,0.007790922725405268,0.011563355462337178,-0.009207597686751251,0.08032011384783753,-0.01726070033354506,-0.011451943480140444,1,0.8286894233075838
2159,0.14870228619212236,0.03964454793906147,-7.96203522695281e-05,0.0391332347467385,-0.13774446838748666,0.07943246361996877,-0.009891739997911202,0.020006095756776535,-0.10087794075082249,0.031068988653096923,0.022667852606223737,0.024012416516118497,0.02871482199958886,0.018091166676363048,0.006313087629788975,0.009226077585349414,0.08891714082304529,-0.021063964814569378,-0.00435914652542832,1,0.8299470615727299
2172,0.15319584273844294,0.03945820304067171,-0.002323456956144199,0.030628126234095367,-0.1432561615543515,0.060423693341845205,-0.008007001465632406,0.01907317974075922,-0.09635671532803786,0.055332594590052915,0.02134386292489525,0.013781115791549187,0.02471792750957226,0.004714798621387403,0.0072869671976859415,-0.0037520533433809426,0.06851076965708855,-0.02042816936130485,0.010293439672779478,0,0.7828840790696772
2226,0.15228676442844247,0.03749341493353559,-0.0016363281297024973,0.03657862359127218,-0.13346248611982992,0.05727275849927304,-0.013745797440714594,0.017748284551496102,-0.10047161170182226,0.035422037683104084,0.027800370984028475,0.03077176582914011,0.0439457167203414,0.004906020889878316,0.01619688703382463,-0.013710141622641293,0.08583301881190981,-0.02688106021147679,-0.00896083842176677,0,0.8451239276042003
2230,0.14361031845731628,0.03157443323090783,-0.002280249031747064,0.03836203889182486,-0.137821691732584,0.06017046768767707,-0.0027881107468903585,0.020674825160754143,-0.09452472672116907,0.039877578255350314,0.0270751973646807,0.020347496534790302,0.026797556876226793,-0.006042541925600209,0.0024418431760644586,-0.00047387936708376233,0.06413847715228693,-0.02211002500369559,-0.006711183123176144,0,0.7478226404398258
2367,0.14122283091017498,0.04570900566890717,-0.0030202164846117674,0.023014245048620367,-0.1250311398370695,0.0682406978047168,0.000827914284763168,0.021432270942963752,-0.09813849653968774,0.026320946094208302,0.03253752778395544,0.021121493025894857,0.02728875384665761,0.021558217808315967,0.012013926426654642,-0.0007679844610377146,0.07166877104940238,-0.004761925958816903,-0.008981223225833255,0,0.7536575872022924
2416,0.14975972584787048,0.035826987906096626,-0.009769346888822592,0.039334203910017976,-0.12881515738035604,0.045680266898536326,-0.010788495045297962,0.019559405288784724,-0.10029199707643673,0.036693942864458186,0.02013043105812824,0.018784034114980717,0.03453285662679983,0.002949338634802903,-0.007897540256652503,-0.0014209152254626037,0.07901669371492294,-0.014670453879333975,-0.009979021385815358,0,0.7659008140035767
2515,0.1272744346315118,0.04404679303063059,0.011577804464412539,0.03498278840061473,-0.13352163703373646,0.0602804862425952,0.015551621938693114,0.020113365883490063,-0.10204055196496507,0.034211146115165965,0.024898250872965388,0.020313382807401633,0.026022903021482136,0.013879836854782777,0.012890600894574273,-0.0018933946682735546,0.07213371743733832,-0.02540442597129506,-0.0028099427155901554,0,0.7838470849495188
2608,0.11344976982760621,0.03936738921413194,-0.023919622686178116,0.02986802326657957,-0.15251193753045997,0.05699804464034831,0.0035974542390592437,0.03313228639491193,-0.09278687805358476,0.03835450041538384,0.024028320330212006,0.023689374554971724,0.041892854992673874,0.011185780823727398,0.008594945535521344,0.00020524888998145873,0.07470721990808968,-0.028801050259843673,-0.005218721101240823,0,0.8023094226645059
2618,0.1343075218306757,0.03424244078876927,-0.013390212694919041,0.03930825806456166,-0.13525511946114555,0.06298442318186676,0.008987191187138036,0.02009799919345125,-0.10391785858280202,0.03331205228503014,0.03338483604389741,0.015629494686489893,0.030243743640447802,0.012693302517365135,-0.0018086593332930633,0.001799639750341225,0.08749865026865274,-0.0195893778379107,-0.01190801334908197,0,0.8003587946978393
2667,0.14741011839802265,0.04574223804130458,-0.0003983239836420276,0.024641885157276312,-0.13870000946508498,0.03714507506531088,-0.011264633413830681,0.01535055722363082,-0.09573165892591123,0.03435642404677118,0.011792127883089318,0.024255660173140757,0.038865585662688114,0.007352319342702872,0.015373443270737855,-0.007069569537537638,0.07088296190533551,-0.01686177018189679,-0.004503500361828941,0,0.7476978620397432
2674,0.143214132844089,0.04605206271099488,-0.019208087081550782,0.03168967717318148,-0.14798886908948078,0.06467390090386606,-0.0021926439087133504,0.027462662661268362,-0.09027623096549424,0.04520690641478796,0.027709626366413026,0.0033497948755003434,0.020713203752789986,0.012368068564996327,0.02792705627060221,-0.018294733000845907,0.0694403474791133,-0.017355207101093516,0.0049827804118854,0,0.8201059915766669
2701,0.1452638244406353,0.04041162410600511,-0.01048561382268906,0.03160942665203527,-0.1388768920023049,0.0548469138786852,0.009853379505823608,0.01893899749676848,-0.08309911416758822,0.038261628465564045,0.02062803286389785,0.008130182075618867,0.043366522210918274,0.0014169408486031667,0.02131460208221764,0.007740238781151211,0.0813990028669993,-0.021117163921137348,-0.004241242534136512,0,0.7810013427227793
2733,0.1312072448312169,0.04363634672036141,-0.012739476897684792,0.026955514917494792,-0.14332310111473917,0.06814653829216717,0.002022577345056251,0.02330298862358957,-0.09053282490982113,0.033804332279780865,0.014077681358412654,0.006604162509484291,0.042602875116631356,0.017275101513227094,0.006493312651648997,-0.018276166635916753,0.0817706283347115,-0.03443301466699402,-0.02349801740724939,0,0.8207019061261881
2799,0.1349516143488068,0.045750373847826126,-0.021799512194761353,0.039042953015660214,-0.15568191750561589,0.05383045143770253,0.007722527514635695,0.033646530061063766,-0.11014136352898311,0.031006344123364324,0.016145538160651073,0.005711555973404405,0.025475382501630357,0.010968485103347777,0.004251504456031881,-0.0055822337934448305,0.058890874801529124,-0.015675164508783992,-0.015699467759987706,1,0.7919737946372309
2906,0.1466286599992223,0.05226753507446769,0.010715155423198843,0.027647464090965704,-0.15204225807802765,0.05213010462326919,0.0034847981652267046,0.019951169761797585,-0.10255869203387372,0.03484865101135991,0.031397101220542206,0.019646805110443328,0.03494688552100186,0.0036268081762258152,0.004172035729575523,-0.00503873651452081,0.0850364440150164,-0.009246671802404101,-0.01132161077449908,1,0.8067075871256384
2934,0.1550419810858285,0.03898548708568305,-0.013618677821074765,0.029520779598978402,-0.13865722476353676,0.06011680870747619,-0.002837276259127235,0.02536475037630017,-0.10521535974439641,0.0508858840292345,0.014506127485457727,0.020946252286757706,0.02989316884641403,0.00019259934457834814,0.02432676293340096,-0.003286778148013089,0.07364626808559654,-0.02085366821461201,-0.019477508106164915,1,0.8273733629226313
3023,0.13816151738987043,0.05578443072099164,-0.012779199447151338,0.020093233915700264,-0.13843995648468566,0.05518529898575673,0.002719365043555578,0.016911864626718925,-0.0980472123573701,0.031061689084960802,0.027362539979138106,0.013142483822685697,0.021660123679227646,0.011304105586974549,-0.0014995138320552715,-0.006891341536903633,0.0819134223657607,-0.035573284607265394,0.009685383801640563,0,0.778215967268413
3036,0.14723025459460745,0.0504416188148741,-0.010357726264978068,0.029434568121544224,-0.13583517527467368,0.06468209337305975,-0.013134506816724682,0.01900438916276484,-0.09851946229632817,0.02066337230089069,0.04011851248261557,7.372163354880113e-05,0.018414936340992605,0.018131619755654447,0.005384441399332533,-0.021642483851383315,0.06944424655672544,-0.022615231853414366,-0.00823528349214525,0,0.793363644386258
3076,0.13943421876731443,0.04263772715093964,-0.010019956731121838,0.026763464083769412,-0.1293877888672741,0.04239557855586681,0.002132027430402101,0.014399640692034124,-0.0947232126065641,0.029358906709408036,0.033566019764274695,0.01744629669097957,0.0513932853559989,0.01723594747409546,0.006403940172297712,-0.02063829974779614,0.08809235297903804,-0.02454772016967811,-0.010444094325203363,0,0.8010204782740565
3185,0.1357901712069911,0.04871553353849112,-0.004824031453140988,0.022380224943126657,-0.14139356262850278,0.05883145154069809,0.0003398788375437519,0.025058270427511218,-0.11417620246245715,0.038264350781108444,0.019754916108390093,0.004684106976226277,0.048004711547080754,0.015723032682708707,-0.0016264073994666853,0.002699212722725535,0.0794950668976316,-0.014777060577249325,-0.015523624908146042,0,0.7920618176391964
3310,0.1495810642202031,0.04685588194886077,0.004106647309359023,0.031700122663174436,-0.14267839454982828,0.058342140303918676,-0.003577487977150774,0.029769104700518148,-0.11709843003731454,0.024838534107575888,0.01918168973851893,0.00247580136464518,0.038176444277803576,0.008490867070926139,0.01977197956210847,-0.007432839778415097,0.06837744744928435,-0.022305557307355527,-0.007491943903598846,0,0.8022523782705597
3314,0.13420515336893069,0.04143725537187282,-0.004274044259487314,0.04081506368042075,-0.1459663902581678,0.07348737781211485,-0.013462066206414868,0.023291750437702888,-0.09975961993122165,0.029523529157716968,0.020798039738425825,0.02572676770647469,0.033659692565454,0.013612984729827493,0.019993292200257976,-0.0015731196141526057,0.07672324444944502,-0.01695053597639257,-0.01195637702397029,0,0.8272163044884511
3358,0.14745299557420738,0.037605703405847124,-0.0032557606584300244,0.04759504183285604,-0.13332677247367997,0.0373258302895579,-0.015176294887541809,0.015477478237105519,-0.1038015415910578,0.03849222332063079,0.013066627472817336,0.009033969983932579,0.03398495474353303,0.028678148706820217,0.001882653224747656,-0.025164858072463818,0.07949250577486046,-0.0027141937440728937,-0.0003782129987756466,0,0.773905766992938
3362,0.1316036312677999,0.042889686072730984,-0.0033050854520961016,0.03857027249620494,-0.14729617479666518,0.06853553598726857,-0.008407583556824557,0.022249847260469583,-0.11178071909217527,0.028801361199705045,0.024994082492446147,0.025309023697166456,0.03705230071488791,0.0036739759111361456,0.02704148290256359,0.004879638219462487,0.08852156831615592,-0.015544668354467736,0.007909437912847475,0,0.838366075703074
3391,0.14694830859706576,0.04633408053681963,-0.0044081786782376115,0.028699116574123076,-0.14311071654251184,0.052165853423346745,0.01125951678932972,0.00019271737187265907,-0.09716798023198353,0.023262866899769908,0.03618189263212283,0.01580146631470424,0.03289567071582982,-0.019554321832103132,0.02045595168394668,-0.004393526669680602,0.052642529527853844,-0.012210473862095795,-0.01202996669235755,0,0.759715135575755
3432,0.12393428151400564,0.04583163493601936,0.0026113009133604797,0.03489340400857524,-0.15358665642183153,0.05995368907932834,0.01215307539913128,0.021980864739058845,-0.08166783780765996,0.02652265767652185,0.008121411033258258,0.01919655288256048,0.03308310131102716,-0.011267718119155409,0.009400142900503578,-0.006275901651574243,0.08161585932750431,-0.007983980758423595,-0.0025046491119911744,0,0.7425847195914907
3503,0.13555982113145212,0.0490349293342309,-0.00793922076515331,0.03553201116243791,-0.14893867098742308,0.06924755107175173,-0.005123136493757482,0.009670614340412817,-0.10332235322070568,0.04080584234426309,0.03136356401454374,0.00898669792347678,0.027525360519289575,0.010540842826805513,0.0035270663583509337,-0.004025914279574298,0.0832959138506796,-0.013341566489879567,-0.011273181412377141,1,0.7990542585265653
3575,0.13791835195557797,0.04899935546659459,-0.0017960333515253044,0.030074952310605495,-0.1392993205812374,0.07472668828806432,0.003196671192810545,0.026650604774645533,-0.09869002478909193,0.0312428024177118,0.014908506844642996,0.022995262306272805,0.015625817918971656,0.009263871365447648,7.618052931557242e-05,-0.000550988397375974,0.06493120094132411,-0.03626703394738435,-0.010679399340750361,0,0.7678930667193503
3646,0.14102397270465886,0.04602502597676715,-0.002830981908570499,0.014218163132388134,-0.13443293638558598,0.05046515691861763,0.0042502442735976335,0.017281392214831836,-0.10095182820929637,0.049396880893145374,0.03517437277954795,0.021635887970060177,0.045682935208108955,0.017161049204306302,0.008165777711469903,-0.00791889978559226,0.08720545874281302,-0.014053393408457264,-0.00311574090031069,0,0.800990098328126
3724,0.1502564982195142,0.04448941241645325,0.000750443523565213,0.036887793893825765,-0.15425657086220107,0.06755338106195075,-0.0005353813498178491,0.018355798887538625,-0.09364865203698988,0.03723529492580143,0.024121695346227486,0.03764819773311964,0.0392776291307039,0.010233391964193157,0.006435406106525773,-0.014203904964882176,0.07845343835345371,-0.018954301438356976,-0.015352193622717487,0,0.8486493858378383
3794,0.1499817646575215,0.03757592770132823,0.00020717561555213342,0.043536138451960874,-0.13425759949169916,0.06890794725208013,-0.007403637439083151,0.012421542260894683,-0.09529707195748852,0.045451803813169184,0.043397986074711216,0.0037482202887705336,0.03407965962866118,0.014876344346692829,0.008611515196470632,-0.013179360585409937,0.09176612299154702,-0.01954107365262286,-0.011211537925814443,0,0.8354524293314782
4031,0.14264274266356786,0.043704904324758424,-0.008226064019119647,0.02324992393678624,-0.13954659384393045,0.06463889697556281,-0.002997883256338741,0.026507908146657336,-0.11196337085479725,0.0338400429157975,0.021616130571048265,0.011719014244021907,0.03656012112326915,0.02049961959991352,0.00888952773367819,-0.026359741646127383,0.0723622387992289,-0.02675523862358828,-0.011485181180917401,1,0.8335651444591092
4070,0.1534839038192046,0.05110739055824896,-0.007110183460837722,0.03834143040795202,-0.14030719909623526,0.06442912989227914,-0.0027883295539348567,0.012322259643606462,-0.09484112632216633,0.03479259429898723,0.03561805903597825,-0.0017348235904684494,0.04023106993776151,0.0005390971378476271,0.011414582178903801,-0.009772557446609808,0.08624916799298894,-0.014369687777052557,0.008035668751401262,0,0.8074882609024648
4073,0.14603070154846903,0.03946069107978492,-0.001314014059458054,0.02987630235309218,-0.13988193783687627,0.06509491127281694,0.01769627457117428,0.016426790038886818,-0.08374027578097461,0.02962987340932529,0.016029319524841615,0.02078913667609407,0.02828972013421448,0.008644698309311595,0.010466443228778271,-0.015566972401100799,0.08382129359746508,-0.034558215252090435,-0.008035092765097522,0,0.7953526638398523
4109,0.14195978210532553,0.04843030552241673,-0.002383128570403534,0.028660060878390823,-0.14159162178194223,0.07371354722321505,0.007747596640129459,0.026357270871219123,-0.11751089018665051,0.029776833826243826,0.02963140506070794,0.016159989969754866,0.02888036280613056,0.006814863439580242,0.012124806479967177,-0.011609635279144227,0.07592097715807115,-0.012483592624787942,-0.008667591665582921,0,0.8204242620896638
4160,0.1448440171888057,0.04428662372558418,-0.005685578021419732,0.03722017175804605,-0.15575512324368598,0.06838177022823697,0.004554520247490345,0.02356831344389492,-0.10297900386362256,0.038890125605347554,0.03293115909151905,0.009562089475106039,0.027382882074908223,0.011354410117259735,0.012053251863827231,-0.00227640200003529,0.09004679075377532,-0.028627333679794784,-0.0251067356980296,1,0.8655063020803893
4189,0.13920271615217497,0.041522423111057735,-0.0008550934546557686,0.009175239256011545,-0.1445503783755233,0.05423774538715864,0.00918605941147685,0.027990438375047614,-0.09070877769946717,0.037669397660257536,0.025377679276251966,0.023850467445304224,0.02188498816775046,0.016867196920502234,-0.008943880179691114,-0.01991564114123946,0.07754834934509645,-0.023773213014952218,-0.0027387126016672294,0,0.7759983969752865
4194,0.1415063643677683,0.027220694090776404,-0.017455269600616767,0.036785118154219774,-0.14925006588698722,0.06643524089639676,0.012597086618674558,0.01455048763561261,-0.12831161321351572,0.04254615621452758,0.02404701097751385,0.00690631916109067,0.03664616756582915,-0.0023679610348179125,0.014083379018145218,-0.010876377141286964,0.09596529318625464,-0.022962300322743486,-0.009145332424515696,0,0.8596582375112933
4273,0.12619465545302952,0.035631882730380815,-0.001010689511652958,0.03617261235863664,-0.13735892199730484,0.05021328329019434,0.0030307134815612353,0.032035004032936486,-0.09169733056835437,0.03640985711154897,0.03546692888076057,0.000606773624645663,0.03443286168251778,0.002219538325209881,0.026840488348518713,-0.013967280196143659,0.0761185301251731,-0.029121739731954747,0.0036968215834935043,0,0.7722259130340178
4308,0.15046546718273188,0.042807408139920136,-0.012902809888541542,0.032553935155492805,-0.14687497031223096,0.06795497407425401,-0.0016691501668195797,0.010549849441600222,-0.09329861524339224,0.0434022291874091,0.028871591907457257,0.017490113603371774,0.0359067096783044,0.0008235918505940244,0.020213813480493642,-0.01675647048374103,0.07124524935738345,-0.015126730322877886,-0.0037797432176159065,0,0.8126934226942318
4342,0.1410458087029398,0.026927550447102346,-0.0018642592656793059,0.04401227084665621,-0.1424264783726122,0.06324347652782182,-0.0029004538806864473,0.015152852830603783,-0.09547106956970855,0.03511471251199863,0.03863468675216026,0.02970923694286525,0.032141993566483826,0.018609820302241363,0.011468053512394554,-0.004398434860992377,0.08006715034181544,-0.02843766896654221,-0.015294404888379232,1,0.8269203830896836
4413,0.1498404439329895,0.03612868218651475,-0.01990692391207817,0.038961330294567734,-0.15540613767881434,0.0568957643458823,0.007078442880961769,0.033534682694913755,-0.10282684322060652,0.02308888289772131,0.03149346920052505,0.026117829226469016,0.04353962773851771,0.001962021158636508,0.009475642812072558,-0.015382864863030477,0.06299128924031537,-0.021339841178496168,-0.023473856588997092,0,0.8594445760521101
4514,0.1467088926123893,0.033711250382733045,-0.003905773788601956,0.037105926901021796,-0.14511568387187568,0.05411513475702508,0.006638264041938462,0.031301940513124286,-0.09582726748597538,0.04107053330864661,0.03167802255373617,0.016527673476828375,0.03584646747775256,0.011568770021637918,0.021637353897115477,-0.009365626287822589,0.07697788184056581,-0.010137040443393558,-0.008439158239107255,1,0.8176786619012913
4596,0.13892726917912948,0.04245509309029798,-0.011613505497729576,0.024974243431447395,-0.14666621749139178,0.06717740369309771,-0.0014116300613227167,0.02996491213094177,-0.10139136151114787,0.033836062050691604,0.031013475776979302,0.03449625471458914,0.03769684199553988,0.0072676552339183305,0.011248074126092546,-0.0006137688939425199,0.07945190662897436,-0.023453719714247652,-0.011836932106528947,0,0.8354963273280106
4657,0.15083437168707606,0.03369763471657438,-0.008577826976152777,0.012518828169497497,-0.13783437605471208,0.07231285055605288,0.010610325897769082,0.011833421136793422,-0.11408678894399878,0.039960789858273706,0.03151698805445578,-0.002322839039674526,0.03720761071949475,0.005215453919088007,0.007191707436167375,-0.009034060538644653,0.07405106447617833,-0.023827230074098524,-0.0033600072569731332,0,0.7859941755116757
4699,0.12963832941428222,0.026419365097039876,-0.007035468756386605,0.019291550854688526,-0.14643969280359947,0.0640800023699968,0.0017129036226249798,0.03457515271881443,-0.0805243995210227,0.01374428276775767,0.026929427629488276,0.019117377795502963,0.03201285392194271,0.00703914705862059,-0.008938042898353126,-0.02539204735142778,0.09109293267899708,-0.04458733957853292,-0.009603137847891094,1,0.7881734546869698
4714,0.13587038793621864,0.047608867196808964,-0.020780051320524684,0.03075586908051399,-0.14284683686411592,0.047688825860333836,0.019947001667572326,0.03377573767679282,-0.10923783869726983,0.045865343852704216,0.020935764360945387,0.0033793049415703972,0.029686346909652283,0.027308004932900795,0.0020169731825037873,0.0018324108539179498,0.06885059400800611,-0.021780534309136748,-0.011325958251606877,0,0.8214926519030956
4751,0.14293221076905446,0.039266936629177344,0.003799487221436675,0.04009027484801613,-0.1502894950931994,0.05235533089279532,0.011548331035416588,0.01703773802992071,-0.0860448621771479,0.034291330913186105,0.006550627115104968,0.005127406272360141,0.03136640067571621,0.022361128257473536,0.006549933874487694,-0.005553083411310165,0.0782157284633143,-0.02360636211262884,-0.006814771279722628,0,0.7638014390714691
4922,0.13506033036279685,0.04076296511556945,-0.005462696530839397,0.024074265057215445,-0.1518885411028525,0.060026100624259705,-0.010980763666060067,0.01826639706876263,-0.10484362991052093,0.04622723450654025,0.028646294373220887,0.025340887271640432,0.04175898849789475,0.015776510957176058,0.012634895833130417,0.0035506993694492594,0.08603293025420916,-0.008804200420561998,-0.023226559889095267,0,0.8433648908117954
5168,0.15940541964192814,0.03996448183382897,-0.003917920949449876,0.02330735504942852,-0.13106340466642416,0.07140812088529977,0.0049693010843523235,0.029709693506712122,-0.09404049090528256,0.02395861863253629,0.017244064757082362,0.01690400364897333,0.047883526529724975,0.018277385503678956,0.012953716266150673,-0.016663277383359553,0.07297808738754358,-0.011663757385101635,-0.017293700754991703,0,0.8136063267718495
5217,0.1477931930962402,0.04165920365254395,-0.01258520813389135,0.02344223766431657,-0.1550380564711048,0.053383279742290755,0.004796598870416438,0.021267892461503096,-0.11650076607073578,0.027944533955017576,0.021739823669162158,0.023050211185217325,0.03957607666985682,0.0115907152633406,-0.00829689421535466,-0.015349552342234878,0.08804028666937815,-0.011957376523474453,-0.008947849072074968,0,0.8329597557281545
5281,0.12996242935881358,0.045812190026969984,0.006633762763478735,0.029894122549063974,-0.13952623526732788,0.06158097336173584,-0.0036479794278300496,0.013224822295901119,-0.08974059581840767,0.026645189206135504,0.03139839921788683,0.004322174978226455,0.03454270101456926,-0.005111055873717731,0.010899345701992223,-0.010080135025981313,0.07742953636623263,-0.017349950078314913,-0.001664399220831483,0,0.7394659975534171
5361,0.1446980013585804,0.04261549827670359,-0.0157282471978015,0.013615867177929248,-0.1379017966444245,0.06809913012519787,0.008609724835786788,0.04006906519845812,-0.0857337838739296,0.02362738664956576,0.03770103371435367,0.017467674038441797,0.03911352148085228,-0.007801545584636168,0.011431448828721854,-0.008784055829854009,0.06953470784254982,-0.007441283600173105,-0.01258692639923081,1,0.7925606986571909
5378,0.14828695375948042,0.03728851058150868,0.005563495287333215,0.0348585459048397,-0.14818468532429743,0.07086893830454585,-0.012909457848401805,0.025750596257583355,-0.09486875427114377,0.041591931966352885,0.03451745934705871,0.025265360511307507,0.02899154770514133,0.013187281061486252,0.0035369980207930586,-0.010051217438279452,0.06156107553385922,-0.003965567550351186,-0.003639040879066445,0,0.8048874175528303
5381,0.14200986539253704,0.03713846570167121,0.005989708514057982,0.027860367100300952,-0.15641775790799584,0.05295179938570566,-0.0006657196192862816,0.021141632625647656,-0.10240288046670999,0.049755006047495595,0.02406883472625363,0.017217413719259982,0.054214322113736356,0.0013601650252986334,0.007909210164656448,0.007387655951855149,0.06756696373542502,-0.019084547374262285,-0.007560083610280449,0,0.8027023991824361
5515,0.13195924917615362,0.0652498449613574,-0.0097662661276522,0.037263353242503454,-0.14750558983291462,0.06741738479053389,-0.012632271986755034,0.016359960012464685,-0.09035184930202853,0.029333679523043905,0.049471922682243284,0.0040826606378084555,0.00897270489661873,0.030135638566342257,-0.0011796169847111697,-0.00803875277885458,0.07724698313961556,-0.019821649766205776,0.006616881280082479,0,0.8134062596878896
5535,0.1422111922878822,0.044440350785172354,-0.009633149348568992,0.030612082804903348,-0.14573402308754088,0.0746009904125495,-0.009021289468714857,0.023225153381648128,-0.10036345391190493,0.02485263998537449,0.016381035796542598,0.02046075063321058,0.03268660613743285,0.008087827148338214,0.019538646543553657,-0.014759101713147966,0.0789092340890329,-0.03188246048591726,-0.010492018002620711,0,0.8378920060240564
5638,0.14141489657198766,0.03775159117788824,0.003539064181310082,0.04422833948037923,-0.14772864988630982,0.06530146073201848,0.006156623595978275,0.03296958601179121,-0.09503236632498611,0.030378205911643953,0.021634205721466515,0.024052380510272347,0.03766201210745347,0.01698311806931374,0.016852203861280047,-0.0009579752896175668,0.06750134403516278,-0.012904899834139625,-0.007945255892966177,0,0.8109941791959653
5655,0.1363310042237478,0.05816203999974787,0.006461655346303849,0.030086802111148822,-0.1276378388058941,0.05146968043260523,-0.00028751582481466374,0.021108747996299363,-0.07407492727391389,0.043737626657230376,0.030414475254931267,0.018558464358673248,0.02689016265048621,0.007457284586595838,0.009957296448252006,0.0006422690783970261,0.08391773049981092,-0.027552485134394938,0.0030303897525976982,0,0.7577783964358451
5729,0.1263473616831668,0.05050976518174715,0.007012672920401147,0.02241136322848602,-0.1373059230378598,0.05577743605610324,0.003028461021881236,0.017577147015083866,-0.1029794163584048,0.03618247954613628,0.013511217869459826,0.017011543505537144,0.0376812436734063,0.019076141247768512,0.007385524854477204,-0.003429512275292062,0.058313506247974434,-0.013210713334072163,-0.022325553700965214,0,0.7510769827582232
5738,0.12186124530167042,0.045900076023724146,0.010876308693625367,0.02923837397181377,-0.15362116316315208,0.07268792347435879,-0.015002629199752244,0.029015184963383116,-0.09446177431474419,0.03271001935612774,0.036920384541174175,0.004997539665888635,0.04014771205417717,0.002217385919828089,0.003169599340166019,-0.013865377479391103,0.07292245684218039,-0.039752247530826734,-0.022300365560017948,0,0.8416677673960021
5744,0.13819903777283307,0.051980406322062966,-0.008201144652547539,0.034708706227300525,-0.14831706012897533,0.06379230350141551,0.0061152613323360696,0.027907970742111026,-0.09346928486813684,0.03173971079983968,0.0251334841235039,0.0157290562883977,0.03689079008571907,0.020787045959234467,0.007150381511588037,0.0025670341125798787,0.0782009555104152,-0.03167930677578663,-0.0013435510198337509,0,0.8239124917346172
5772,0.14153357654944687,0.039677949242979654,-0.0055572759517664985,0.0242209169562654,-0.1453750178236898,0.0677665395558495,-0.00788881869161069,0.021934986209905492,-0.10944762517716032,0.03725904193265376,0.029413247475328475,0.02242373900049439,0.050385164249545256,0.005068849127408671,0.011264069584163901,-0.0014149444153402431,0.065943386960504,-0.03250259645803791,-0.00742308690831536,0,0.8265008322704662
5775,0.13873796031687557,0.029512753624586604,-0.003729832689755148,0.028928453551067074,-0.1313921629207806,0.06468254424442904,-0.014770748829722312,0.033662502595780436,-0.09145328165591425,0.033704420371379225,0.031759305000199765,0.020490479937937987,0.03446261457600797,0.014464332704277593,0.005720498610027826,-0.007958857326571273,0.08337981102220003,-0.03185381331559286,-0.015084628622432579,1,0.8157490019155381
5795,0.14308940956509297,0.05460158372743584,-0.009514022911367876,0.014866435262723545,-0.1453806588626717,0.06421120081309263,-0.016302845316362037,0.030387151430604394,-0.10065842924961398,0.02834119711921449,0.02313008212724516,0.018840299114674552,0.01677967210724484,0.005159588050280464,0.005218435644550966,0.0009003391892983724,0.09562036074834855,-0.018486442784695505,0.0038334080755837567,0,0.7953215621001016
5825,0.14188664314341487,0.04238029473082336,0.0050929918378873245,0.03656939953984918,-0.13540820605588524,0.06823048877387783,-0.008479650716061042,0.02093397765343713,-0.09019677583987178,0.03166100477951152,0.00201836455135609,0.005406265574939006,0.04356978052327395,0.0006435302414682018,0.0013235099199534965,-0.0028008694606957087,0.07914786874166507,-0.011787315380792671,-0.023682633799602254,0,0.7512195712643657
5833,0.15349191245523683,0.03239906667984092,-0.008611123549951954,0.036080924371296355,-0.14195848606075726,0.07365647525109419,-0.015530972917236627,0.025993074527343327,-0.1108374305210183,0.028256282313150874,0.03227985097287316,0.014456124954111116,0.0334185929884175,0.015111848264196648,0.003339990430175801,-0.017510593049711993,0.07827059399689237,-0.006475225418874962,-0.007760280082817498,1,0.8354388488049976
5935,0.13738633420226185,0.03901800140418439,0.0012135580368163063,0.02369192581874766,-0.13271559692047716,0.058474078646758215,-0.008038585411733934,0.020061001406262643,-0.09437788712845985,0.03405446319358926,0.03192057013521389,0.022740611935112228,0.038104592746924196,0.017548525941723767,0.0029378960037663338,-0.012324191941910362,0.060805772578736185,-0.013231081002014552,-0.013427477751959785,0,0.7620721522066526
6003,0.14322343940309004,0.04940388324076901,0.005626111591278353,0.028731533197571945,-0.14951579102429635,0.05704438449825653,0.000389531575512336,0.01563022872982124,-0.08877199788335051,0.037218104218150826,0.028899267084742167,0.01986215342771775,0.03855406793231145,0.022123042741959198,0.005050168165521188,-0.006237363929004452,0.08102218339195562,-0.026075654874134747,-0.010861811729261102,0,0.8142407186387048
6066,0.14673089344021129,0.03799542547345967,0.003878640758923351,0.030136247715394197,-0.13067666919794804,0.054523244367419885,-0.006753385928732385,0.029689187062469508,-0.0980741225795458,0.03410139754190896,0.02757776968688056,0.00581110436788483,0.04644939586448827,0.007612806411955431,-0.005180493654327667,-0.0024311518644609133,0.0714888405621369,-0.0025755205437248854,0.0029981248974032993,0,0.7446844219192759
6109,0.14340961017730275,0.03717418906795852,-0.0003407320406026291,0.030772812575490735,-0.12677996873869699,0.06119602586863126,-0.0004981780439187395,0.012817460968256119,-0.10443327140811463,0.04097473356510164,0.014004817532011849,0.01073824482930809,0.05257178792258564,0.019479182852085008,0.023139606427294464,-0.0002911967407182634,0.06172772553127271,-0.03156100603358969,-0.013881693407725992,0,0.7857922437306657
6246,0.1403020066373974,0.05419815844342665,-0.0012945763058557216,0.025108908304202773,-0.14819406362130852,0.06540473803234362,0.002783072264496411,0.011907605611328698,-0.10292682644511646,0.032164649004415985,0.023149758703562884,-0.002354542220074983,0.03775390076562595,0.018157151811099035,0.012408725929693146,-0.00034744642204781554,0.07362167751988877,-0.019060706093215498,0.0001659757233363324,0,0.7713044898584367
6254,0.14036117438015325,0.047657533306406485,-0.009420754123503749,0.0417796012950361,-0.1411545757275391,0.04242893740218159,-0.0019967435755692984,0.030681074151250144,-0.08749053148518482,0.02748109781539142,0.01944950357183002,0.025529047087742476,0.034662789861204156,0.002367081891415824,0.008413928752398055,-0.0035515572735711604,0.08769409495616563,-0.01680790952455565,-0.010426229926689977,0,0.7793541661077888
6295,0.15245139978445996,0.04509359685322764,0.004289510862103952,0.03577572702899392,-0.16143310171870373,0.05802912653592489,-0.011773141808546722,0.02116778475161129,-0.09502992574064938,0.03136571058561467,0.030397300117007597,0.0226690444090831,0.030025103078201183,0.017607497901165708,0.013714126587150748,-0.0008086100330396279,0.08383888966564063,-0.018858085321241863,0.008575645449024116,0,0.8429033282313907
6369,0.1361454867689564,0.02433458974450061,-0.0020401988492877816,0.046529379918613015,-0.1421076505365172,0.0678162949772152,-0.007434969897455078,0.023631900263258582,-0.08287547992889209,0.042415509966192456,0.023980779923924823,0.021535727357147243,0.04055504534155315,-0.002373589466562844,0.015002135666832062,0.010009125910073633,0.07673394454008176,-0.02379598303753066,-0.022295688789606312,0,0.8116134808842009
6400,0.12976111709087695,0.048863942798917065,0.001946663338746379,0.03431470799781561,-0.1229426436324436,0.04956594213563785,0.00014343048043692036,0.021412504082526526,-0.09296838575872932,0.02626593610345424,0.01631789571773704,0.017642482279968046,0.04447452591526685,0.00888025826530653,-0.0021209261535124857,-0.027933916061238028,0.08535885583341264,-0.0308701653379991,-0.0083424703139668,0,0.770126769297992
6401,0.12648705315898603,0.035383611654675885,-0.014853765381189713,0.028397887519454282,-0.12243115132830017,0.05428289174321098,0.011940974745891238,0.02013663986159712,-0.092199873390189,0.03204703449139567,0.02854374690525735,0.011373143199960337,0.035385604529545714,0.021263485825222726,0.00813695211168885,-0.01423200017849839,0.0702517811751489,-0.029975195030711544,-0.005888105996395631,0,0.7632108982273195
6404,0.1333587497511749,0.03563642093428705,-0.0025629726944783812,0.037315719167758506,-0.13948361155886013,0.07467148326591981,0.0032046964228492846,0.011742752046070016,-0.08720696961212,0.03736054197425471,0.02022858786647413,0.014059100721404013,0.022760491841181375,0.009457379972890485,0.013668802477273244,0.0019715224938036176,0.06387175770307485,-0.023416878893868173,-0.004647710396591911,0,0.7366261497943346
6419,0.14223837205292347,0.044453383414817076,-0.009815072065139908,0.03111950490611256,-0.13241037127112526,0.049537212861633796,-0.010869701696157036,0.010472378237740722,-0.0906239474970129,0.04049527820713314,0.029645060997216977,0.023759092318538073,0.036453016383549725,0.010256920365199724,0.01080620122647239,-0.010705561578787437,0.0742323187303273,-0.02552417882314068,-0.005513307902800498,0,0.7889308805358287
6538,0.137099088454082,0.04093231538110583,0.0006337110001661097,0.023277808177096723,-0.13847222477065482,0.06135275334179857,0.009986382686556234,0.015637253149974356,-0.10697581333051358,0.03570050440878182,0.024044785229398333,0.012123338015238608,0.022449064066773987,0.0058055029251886,-0.0014668181673589927,-0.017915610755402045,0.07397241941374297,-0.031218381262671815,-0.0029813016776041143,0,0.7620450762141096
6543,0.13722986121079714,0.053366177485571646,0.004057419914479863,0.02954603995466278,-0.14397251833133964,0.06057235233206309,0.009206426858801178,0.010816597135605704,-0.09379300733568083,0.0384020874227855,0.03555816403927146,0.010596168231917702,0.03773017793434114,0.004576874931743666,0.01085130250745325,-0.0014581649879833948,0.08335435079859983,-0.014751909195898841,-0.01704544580195448,0,0.7968850464109511
6563,0.14107555116379905,0.04504185606442459,-0.0031591809847141984,0.021113730611440812,-0.139645292023061,0.057539467285338104,-0.007842964679666322,0.012950446779943166,-0.10377109048096195,0.029643984662514593,0.02790130677503647,0.00041448240850750466,0.04515016318097432,0.014262579047672542,0.013749671749219003,-0.0029605378317610915,0.0714276013527264,-0.0181613391535192,-0.010431988812176012,0,0.7662432350474563
6564,0.1328691510682679,0.05398008094392622,-0.008221037826452992,0.02443458154829681,-0.14076977349306463,0.053911141937383195,-0.005216701216358183,0.008607601527471231,-0.07667227743923674,0.02939650046891444,0.026940031052337363,0.003365498118771818,0.03753684707580114,0.007835022477837721,0.0050816184801609505,-0.01823580319509478,0.071623763597859,-0.028895634266132356,-0.00941016750729748,0,0.743003233240665
6756,0.13135413819396488,0.04070919366145302,-0.005580914951772443,0.031182052177309037,-0.1391595498123871,0.0604077681161876,0.0032065591498183633,0.014972140081923498,-0.07334946002193868,0.04223218053814044,0.022548671219045077,0.024926250985722955,0.020997280128277576,0.01141311617727208,-0.002313375232269739,-0.007339614515246758,0.07656783404764611,-0.026548370100738287,0.0021058015135713144,0,0.736914270624685
6768,0.12965985753135237,0.04134759280884045,-0.013528409907878134,0.038372744437291176,-0.13333246851372624,0.06458054011304226,0.009399257034577009,0.023213847906838513,-0.09947901144950373,0.02358903230158808,0.023678759878234704,0.022302881519773176,0.03583146019574039,0.013859520288603565,-0.004491720244603919,0.0021848479519937115,0.07460456457211755,-0.024536087778276365,-0.019046418594127933,0,0.7970390230281093
6823,0.1259842876754,0.046127472891076,0.0043902833516928814,0.03676706467491998,-0.1340826898070828,0.05365371270988494,0.010779730574339546,0.043462672576633846,-0.0876677776779752,0.0360659903883328,0.026919560502607992,0.024255511936867664,0.030832608631937625,0.006177182487960402,0.0010775032775117948,0.0011432769455212355,0.07602790604225268,-0.027310215710833315,-0.01338625429237069,0,0.7861117021552014
6927,0.14004862317722647,0.029343648665420507,-0.0015105871638469862,0.028604972587901217,-0.13865341596655675,0.052126137139412915,0.0023388023680974476,0.008894272800950176,-0.09921882810207215,0.028138379066596032,0.03991534016643008,0.016069397342256982,0.031713169947550024,0.006738729681445474,0.003565614751090881,-0.01730472082278512,0.07144047476727353,-0.018733852163875808,-0.005454059866069654,0,0.7398130265468582
6943,0.14675399947644593,0.03170106154176621,-0.009410807006843627,0.032980403022263904,-0.15055422327952042,0.05761671267565909,-0.009435248678067738,0.017459128068407596,-0.09735139017030099,0.03758947653117869,0.02772273569823273,0.01702704002480346,0.021756152632949197,0.00689660045792766,0.014420719520240172,-0.01012497016170177,0.06986324372504849,-0.023403295929812794,-0.012527596263939568,0,0.79459480486511
6944,0.13131826352085268,0.042409694731904424,0.0010744867159941747,0.04635901789787755,-0.13361201012215934,0.040847750549754716,-0.015519377494837196,0.030380160169667433,-0.08529739021168298,0.032559412860532586,0.03238048402052256,0.01235112984138157,0.035762226863300745,0.011075416921085442,0.003863715485256004,-0.004765930314517453,0.07319538884946922,-0.022094477460937408,-0.01453648805534212,0,0.7694028220870756
6961,0.14476375618075946,0.044709976621724726,-0.008179350838437663,0.02824136951361885,-0.1492238228845471,0.06233742865898746,-0.004832588702292213,0.015439110826437511,-0.09515775308314879,0.03379193098161372,0.03840816689763609,0.005068330087106745,0.0339622771345953,0.024889866956809763,-0.005819055058987696,-0.003928958526024407,0.06839813082815148,-0.016276629491493798,0.0044101307129589245,0,0.7878386339853317
6963,0.13213813452126724,0.042704349112641087,-0.01011770426901393,0.033321879948588276,-0.13178794463266913,0.04927321838934384,0.00021011279764019493,0.04514828624195273,-0.10213185713059295,0.03089538954922502,0.029012955781964465,0.0075872249223824795,0.017535154380843774,0.008557800771246243,-0.002770678812243534,-0.008966923535487267,0.0899600635529287,-0.027701407263949006,0.005424414047470054,0,0.77524549966145
6977,0.1365857414132119,0.04673245311764485,-0.0035783186235047006,0.03627921409248362,-0.1451679065755953,0.05431186453855879,-0.0028371178819720203,0.032833749303654416,-0.10906970949973625,0.030641971562243856,0.02234467799279521,0.01655743989925207,0.03712767263369552,0.008566206539758679,0.010432732884033114,-0.0070458330325535255,0.07689535119860312,-0.01497707106583725,-0.005583861810835564,0,0.7975688936659697
7062,0.13691648151988178,0.04054916837450136,-0.023864925826029115,0.024442668174881197,-0.12986036071156956,0.07077261781234014,-0.0016449538360482257,0.032728963805073036,-0.08931676725344743,0.025623888145604953,0.02865185096597292,0.016629383656015604,0.044040548167178124,-0.010891401161760144,-0.0022201935407794218,0.00019815022899942017,0.06403263633552762,-0.017874541536972103,-0.01062856159044899,0,0.7708880626430311
7079,0.12665261404602654,0.06179478197300109,0.012207919069782617,0.03582636331130407,-0.1406744846554116,0.04644496179562692,0.0070486761216177396,0.028224697496055814,-0.08924467685700761,0.03896848342901219,0.030783000799605924,0.010380031205498899,0.0290291791336596,0.004550851922738775,0.0012594064782708505,-0.003585165342944762,0.07731645710676505,-0.03507201518392458,-0.0056321962902537975,0,0.7846959622185085
7086,0.12215764638670944,0.06279952380889832,0.0004418295147164392,0.03721420322955839,-0.146617490677504,0.04869929191162227,0.015543828579687297,0.032091532299210704,-0.08705953250505144,0.042619371639037805,0.028993758991865605,-0.0004886350714430458,0.03250846228175834,0.01347354221793565,0.003267627336224071,-0.021129583627226493,0.07329407201180858,-0.013644712508363747,-0.017337123872402237,0,0.7993817684710238
7101,0.13641492370014796,0.03166912414416886,0.008246760653142794,0.04120486934090662,-0.13964754713850971,0.053874480854830105,-0.012096978993752162,0.010284493984933092,-0.10891723605857159,0.032767599462316416,0.04461217096321306,0.023506597124974268,0.04091277285761024,0.02130507683432362,0.006572991368416376,-0.0025625253935148222,0.05828158213653098,-0.016690652977640816,-0.009017014095449017,1,0.7985853980829525
7187,0.13682328349158243,0.03465513123396446,-0.007572161896854127,0.04436608415648001,-0.13521729706241026,0.06705234311739763,0.004776626617536989,0.008308304408563892,-0.11545295818604069,0.01859520457518639,0.022363320157324017,0.01682642481282286,0.03738142784761604,0.014818598811279882,0.008215086064287539,-0.005020151579546206,0.08143226221859284,-0.025497461915192428,-0.00238572220524791,0,0.7867598503579266
7220,0.1321764178229667,0.02775520722902917,-0.006408578781776024,0.025347779339957587,-0.1487694774849421,0.06264426531771022,0.00011685728290531553,0.029415213539290903,-0.09199887076934345,0.036413180891126905,0.023953191408205562,0.021299716444006953,0.03355183143591163,0.010539832402495496,0.015091306516533405,-0.009661262264725093,0.08044213040601125,-0.011033348787375824,-0.00740421911464149,1,0.7740226872389551
7258,0.1365503192954975,0.03911830503681822,0.008630343896070968,0.02084207890958346,-0.12981096104027046,0.05945562646021502,-0.0004648423342645244,0.016879156346511322,-0.09335924386783977,0.028673414522062443,0.02010378666139018,-0.007080710561071142,0.03192462868863933,0.010038055773986388,0.01638858538974071,-0.006945963635157661,0.04809385470152954,-0.012983785798002438,-0.004386728536964935,0,0.691730391455616
7289,0.1409573626381806,0.04186425689507828,-0.0009459305399878196,0.035500224406426875,-0.1544535439440934,0.053401548509065186,0.004787483849073096,0.02333799589177281,-0.10256235574199069,0.02731976321930926,0.019063755994054066,0.018073616585755778,0.03444269967750623,0.005566035020531597,0.01184115542094354,0.004764487021707376,0.08689111607523944,-0.03053334105271402,-0.007688751568253501,0,0.8039954240516836
7334,0.13328331292374088,0.034556856376529214,-0.0030510804587494046,0.036450142365573084,-0.13631698798382214,0.057693757439194644,0.0023169665061393485,0.0228959469206443,-0.1013146152817254,0.03477920620933474,0.042866889027225276,0.005918858753795958,0.03542971125430525,0.0024669445691710887,-0.01287732772123333,-0.009327553981389574,0.06490505947616206,-0.008862573909705327,-0.0015710048807047058,0,0.7468847960391457
7362,0.1317263937955156,0.04898322032282977,-0.0009334921361518419,0.030147588441781507,-0.15251377921887807,0.06462277185596554,-0.0024733795774895696,0.02026991998735381,-0.10598401383127314,0.0402432557844146,0.031033230550664596,0.022880508110731296,0.02938666631807232,0.011530044798910271,0.015114873911258748,0.004414187002980158,0.0766999773601578,-0.020673469294685658,-0.029939086525962125,0,0.8395698588250764
7434,0.11942588210627342,0.03737309662139183,0.00571243022269512,0.0375231291539907,-0.13863300937172562,0.07165644292851828,0.009454869902010435,0.012350585289359567,-0.09365235581796419,0.02535668341479349,0.026814538571888882,0.023060777455251567,0.030861626277991792,0.012537566747358208,0.0025957056380734936,0.00048478883280410643,0.08390064065575925,-0.03177777072991678,-0.010510490278744832,0,0.7736823900165115
7596,0.15585126566123955,0.05032171569832861,0.003605248079102283,0.03916910760726142,-0.13757821250233926,0.07059591789567427,-0.007804995620526675,0.03338483416470267,-0.0834585651527788,0.03326919859809918,0.029736709977114972,0.010166841096295391,0.035965022233784325,0.010360654914719122,-0.006111883409879053,-0.010273459554784939,0.0819888601849449,-0.015621442179727827,-0.02005998781435522,0,0.8353239223456584
7611,0.14568248469848055,0.04607994037619537,-0.015402462862939122,0.03601129512249787,-0.14355017343013748,0.06348005734187583,0.004111807148377163,0.03113564937854182,-0.0888634895578526,0.03127549412474162,0.015362013932873772,0.02493374653500538,0.024655606588099024,0.009593581857102218,0.017310704415878526,0.004176258848990905,0.06307851763652693,-0.02050013222056238,-0.007691586610491885,0,0.7928950026871705
7696,0.14727274059759307,0.04616298467509947,0.0012824753558338864,0.03014646027970167,-0.13203147972018434,0.049022545435929904,-0.006192836978179214,0.02622678554602371,-0.09797441711489203,0.036461395066827024,0.028792417478118115,0.020519259094818956,0.02970762582242992,0.02352562364710601,0.032688848767737366,-0.0023433011751114972,0.09245355609067751,-0.029477297532470546,-0.011833445065872649,1,0.8441154954446068
7731,0.13814230523156054,0.04585195190313735,-0.011739873496576625,0.02081195164617209,-0.13426226355840948,0.042473516832202345,0.010556995174595834,0.007409103378495229,-0.10818724419743946,0.03392920571425967,0.03885613490137413,0.002285465354113909,0.025299292560909112,0.02013673158775434,0.0027914137541498974,-0.01523082242273222,0.07091510340780931,-0.023207762635832525,-0.0100010500234771,0,0.7620881877810012
7822,0.15453395574046952,0.05910394053441615,0.004837846224442528,0.01958346753176481,-0.13869494548703237,0.061208447060721996,-0.00127017281919383,0.011257671675049243,-0.10080685563154901,0.028409030628046335,0.022836145960787424,0.018511388771262526,0.02963630265612434,-0.004401390698760574,0.0017438633517141114,-0.0166976501650967,0.06915910070624058,-0.020020677939450015,-0.008233147554039321,0,0.7709460011361614
7826,0.13960865434866723,0.04629154543422944,-0.015669526740145417,0.046775135412088824,-0.14647223586369346,0.06007069786307847,0.003303133776657141,0.021413553527016228,-0.1100991158907676,0.022500360772782186,0.019230139827796335,0.007847529726815662,0.041728066618066634,0.016560272830879692,0.013662667813659227,0.011882876872214503,0.06975496596271274,-0.028919653484128827,0.005640704850656842,0,0.8274308376160564
8046,0.1292241774596264,0.03565925840432145,0.002969183461056896,0.035932153679358814,-0.13831226083639736,0.07097980970473927,-0.008511682399302892,0.028629628512949187,-0.10318037081098676,0.03857166217060565,0.03801465510000865,0.03214428876907815,0.027241884735309287,0.010043387738989768,0.01675370600595768,0.010047079023393966,0.08446060802665203,-0.022596153933718294,-0.011114931907200561,1,0.844386882679653
8080,0.1344613663731863,0.045204746668160004,-0.007036746238939651,0.03569727866319928,-0.13821563794795003,0.04696647199444767,0.01050358797419319,0.01691335046787857,-0.09295943438859706,0.03440664136069637,0.027234029540129403,0.001990526044467878,0.04712532745139345,0.02326635294051785,0.009746429999317996,-0.010714296199118562,0.0704811941694199,-0.014115009798552196,-0.013647577788854755,0,0.7806860060090202
8111,0.14775118253504274,0.054085314143322925,-0.007346026266006879,0.024906970357517714,-0.15311310778354909,0.05864317933008554,-0.016804418180981547,0.019571019901617557,-0.10915655900197432,0.0369459145533819,0.024138552223244132,0.020139392989984153,0.029996079268852918,0.00013576895427147256,0.002295749527094949,-0.00765638413158462,0.07195690281962654,-0.011025884302419513,-0.0020565598898867206,0,0.7977249661604452
8148,0.1319791149865874,0.02406666976715674,-0.007662919542208442,0.027242340359707,-0.1538558661781587,0.06136388910630973,-0.006612380208518442,0.03452967132537672,-0.10235245546765803,0.01586867956865023,0.022288843962137567,0.005049257865260845,0.026779415410769638,0.011147917996958754,0.020922474030168472,-0.0016249890914068455,0.0855703298451809,-0.01254759602507842,-0.003141376892197218,0,0.75460618762949
8162,0.13999527132545428,0.04452737493865257,-0.021562035235632854,0.03540370339034177,-0.16598037033407534,0.07230675985457004,-0.0013035465822945958,0.019595585790430893,-0.11327364074839051,0.04319725420198075,0.035005626080932266,0.009593710562880624,0.03532960535092812,0.012926889252580048,0.013145600681862601,-0.006712074795055681,0.07483292143099393,-0.01682268539369334,-0.013763320332538,0,0.8752779762832882
8186,0.13148383402033598,0.04241494083911184,0.01100093838942339,0.029670502897641157,-0.15455129504333837,0.06482932801504353,0.002697767579238413,0.012879436878005121,-0.09308190942958297,0.03643930184141484,0.03715965118302142,0.0034721385914687182,0.02713116133723373,0.009849770643278199,-0.011890677180937316,-0.015281927140753765,0.07284831728685948,-0.016800181810156793,-0.0031749996908278415,0,0.7766580797976729
8206,0.1446048373233212,0.03474060669026826,-0.019694989438846205,0.03125265025392847,-0.1529426543721203,0.056749796649749995,0.0068076142964277305,0.020772135504423223,-0.08268880988171987,0.03219706724998473,0.025691234111337342,0.0162288701372187,0.024862110161407193,0.014272783203435868,0.003562543105828829,-0.014656654323787724,0.08376098271010617,-0.026020798233454785,-0.00028954851649028325,0,0.7917966861638569
8260,0.1368950265567491,0.04895575891207707,-0.01346656390724271,0.030360400385337594,-0.13676386998041498,0.06971041546676361,-0.003557821592258364,0.03545672894626882,-0.08910441738602086,0.017268000276515132,0.030313146041788093,0.01818836822507499,0.03567810613323027,0.003254533029364849,-0.00029228940798356175,-0.02468366850640001,0.06669191362747189,-0.03365049514406148,-0.024109365232056177,0,0.8184008887570795
8363,0.13960595326463088,0.03917699254103808,-0.0002735718299728103,0.045454990426824084,-0.14082311934716715,0.05141991328639036,-0.006142956352103834,0.02911877974181943,-0.12352932855133075,0.026900817779201402,0.01506587687986843,-0.0006319455568834431,0.0474870498154076,-0.004935124048840196,0.01176038362736344,-0.0021644893708210717,0.06768181985825857,-0.011998853283118883,-0.017198575731695132,1,0.7813705412927355
8372,0.1402511982544341,0.038081738243879615,-0.008058855929075535,0.029225849994971277,-0.14780106370535187,0.06281410577221652,-0.00198164599016166,0.020142473597742103,-0.09000377468744296,0.020085973084844354,0.029804870631827154,0.024163293326378264,0.029634569056960096,0.010838594375578303,0.015257528740151155,0.006814529714845613,0.08638673627575458,-0.023299458514175062,-0.012494912597789091,0,0.7971411724935793
8427,0.1298627742095505,0.039563503969155915,0.0020862462645191656,0.03894195257713638,-0.14558816253680507,0.06963380743732002,0.0023000143894152574,0.02860477760423048,-0.09227337259762929,0.02934212592852763,0.0250909432242749,0.01948803530316071,0.03493343981127263,0.013139502351698267,0.011540152930345401,-0.026981322011760983,0.07770047947152493,-0.008442249360206528,-0.015866533958302353,0,0.8113793959368364
8454,0.14417506874205027,0.03600203263409063,0.0010869792746152124,0.025783237378673565,-0.14063720519437986,0.05337947743943041,0.015799199530332382,0.032976113991228316,-0.0969453816677074,0.030625459011386445,0.03152757505080752,0.024978051921590454,0.024284053012613445,0.019018077358460336,0.015413464977355254,-0.013615315759797103,0.05988689008827141,-0.01704248039761954,-0.012221607418257124,1,0.7953976708486666
8525,0.125335067236275,0.04722957328521935,-0.0069371301868797215,0.044304264038481665,-0.1480927793103504,0.06728309065444762,-0.015184364086553164,0.017774106006404382,-0.09820630920521956,0.025208834032002057,0.02654490964985666,0.019757537277234682,0.03459321800565791,0.013321134932967927,7.851540742887412e-05,-0.02192402738575933,0.0832767168722057,-0.017077226905925526,-0.010774913286088759,0,0.8229037177649583
8541,0.14605236359572807,0.05280396690068993,-0.010456910206696262,0.028728941175326136,-0.1334442347249814,0.06292931041550465,0.011226801603325648,0.0055636428503860105,-0.09083667369758253,0.03323173378645693,0.03368095125147044,0.015400859818490148,0.01856103445397611,0.03220897863406627,0.020263671741174372,-0.006927659836354147,0.08243810788654483,-0.027086439681497123,-0.01121763951398144,1,0.8230599217742325
8546,0.14623013575216676,0.03276369998572083,0.006675646187966703,0.04088919548967935,-0.13507541139531917,0.07556491987440879,0.011865204096710675,0.02663385105148336,-0.07751774529065575,0.030735172667534703,0.021979886241956445,0.017729185019289752,0.03141028511815954,0.017651078309977954,0.00457644365343901,-0.009156205688683916,0.07138333769465877,-0.013922912984514878,-0.008394068955145313,0,0.7801543854574716
8555,0.13869825823027707,0.04819354445266239,-0.008742465218238522,0.033942021090094775,-0.1414603560392275,0.05567982098297827,-0.010034796345938048,0.02404766844819426,-0.11386452981795403,0.03420980844905998,0.023038756021528935,0.018503456571740635,0.04193827862183396,0.02029397007606468,0.00972613915533147,-0.005726655250218426,0.0787315705537211,-0.02572372493853549,-0.015977691271066387,0,0.8485335115346659
8579,0.1405817260265039,0.042884914445878705,-0.003950575256715164,0.02497466476165377,-0.1442344056422214,0.06624548864115255,0.010392755087528776,0.011221361823070436,-0.09442940396734167,0.038742767640638096,0.027613934824435183,0.019187750910772097,0.03214485147708314,0.011106417229153568,0.0035367143024111346,-0.009322454197458491,0.06765540258886125,-0.027935353573394064,-0.012295394977266422,0,0.7884563373735398
8673,0.14020026368177455,0.030133022774607075,-0.0012392412634699022,0.0399236631173807,-0.13581115993452064,0.05895153765651661,0.008626905254143055,0.012843942121379064,-0.10080965638495147,0.03176705918259238,0.04507586350153298,0.01110725717559079,0.04436292547174288,0.012596622850506507,0.004115842387692608,-0.021609186614541854,0.0729940583571014,-0.02161726260149034,-0.010749316153266414,1,0.8045347864848013
8718,0.14009195660160131,0.04455076320897972,-0.008473916318848692,0.014318994658262831,-0.12986774213538851,0.07758853701327892,-0.016228273892877863,0.016319253334136048,-0.09141943781610411,0.023137380711628904,0.026078543808450573,0.022849706783988594,0.029630364443133734,0.009042300834144918,0.010594968745118854,-0.013056843079390165,0.08319737019041865,-0.037012341979281,-0.0015142818776851443,0,0.7949729774327186
8886,8.243444918885673e-06,6.6698097000548565e-06,-3.2734769702984666e-06,7.759069967759554e-06,-5.368480453144969e-06,1.637212745772055e-06,3.516385655359322e-06,2.308514994086939e-05,-9.177029178073049e-06,2.3503425071082876e-06,-1.4511994316049733e-06,-1.529720540003484e-06,2.32134240392232e-07,-2.67800922125066e-06,1.165011126549774e-06,-2.069799940826791e-06,3.905141682717426e-06,1.291279861450187e-06,-2.6379040759397287e-06,0,8.804060215806087e-05
8901,0.14420363538590575,0.03745336449531552,0.005861442283152263,0.039695772554606275,-0.12417607117385754,0.06443377287999237,0.001221526995032742,0.025916373566442278,-0.09431044573204596,0.023496405393535542,0.02839892255442069,0.019790142308069247,0.03368250404334508,0.012740571550578533,-0.012677025976416857,-0.009415087449090576,0.08771941879296083,-0.022357854008798823,-0.002293088722592272,0,0.7898434258661592
9056,0.13678163972443128,0.040620989323695164,0.005065634372325209,0.03791689525181395,-0.1545423451146123,0.06434638803553672,0.01080431392500147,0.03819222476723973,-0.10161491255898991,0.03986977842019811,0.03203424304714293,0.0030321122415175625,0.038972950719385134,0.021483015740460496,0.0025056438606046627,-0.01965396610610084,0.06711081189254466,-0.016853697092945482,-0.008975321209855214,0,0.8403768834044008
9112,0.1276110797382181,0.05843698827446575,-0.005042464280977721,0.026213441198636927,-0.1497258202359645,0.06757526041554691,-0.0007230054057061538,0.014288492054471337,-0.10715960881252294,0.04777937429916729,0.03420512346608581,0.023836715454145715,0.03888367166243908,0.018035018809613196,0.0054712404964608625,0.008434396673989195,0.08788052008774831,-0.025211563346754572,-0.00465087485189319,0,0.8511646595648076
9175,0.14357745159969368,0.0444817500865404,-0.005480207279945697,0.02663657019244543,-0.16607209358561026,0.06798796182216098,-0.011610568080728814,0.020557604134333843,-0.10898048890020769,0.03216450403388083,0.03234523892386256,0.01791981101288046,0.01877219512742105,0.020139726758157055,0.025908564419585257,-0.015994632329003534,0.08472786367149993,-0.026934423885523077,-0.008387236771564076,1,0.8786788926150446
9211,0.15370167432545095,0.04777543399559879,-0.018387736503889626,0.039236109138444435,-0.15045800509220564,0.06552326526257467,0.0042240089277083516,0.02002893075503657,-0.105135983152483,0.04187452332543357,0.02784498378516382,0.017392064686393656,0.02046919405869309,0.0006051616666143798,-0.003283139072220338,0.0005175117404445425,0.06643721818926689,-0.014440724963606415,-0.0065279527730683845,0,0.8038636214142971
9269,0.1479325136729342,0.032595483064577144,-0.014125710377587924,0.03685514662124156,-0.14407171517802106,0.06510945984091188,0.006061252394278054,0.017851730211448865,-0.09260566584311875,0.024419335766295444,0.030325643882860263,0.0009498981072139011,0.027004849669241937,0.004912368975943576,0.0098324000257933,0.006629339907558072,0.07894060892805033,-0.023839966772127744,-0.011831134301855877,0,0.7758942235410599
9283,0.1362569657486678,0.040796510089786235,-0.007234212493993084,0.021093646422273113,-0.13331067156435697,0.06274588702407177,-0.01782884746629357,0.008501138090946297,-0.09934974262843167,0.04120330965339864,0.02761382978555828,0.018436653901468147,0.04837819344118856,0.005522634696837925,0.020939265881549637,-0.0035162962495150912,0.0708909884695052,-0.017148785453132344,-0.002801044544492499,1,0.7835686236054669
9338,0.1345820512002428,0.055757948591647497,-0.01089743594655459,0.02350207452570673,-0.15531238870911515,0.07897650102526388,-0.00398983457830441,0.018315272719362296,-0.08864973269505694,0.041069675256940844,0.03126095460638024,0.027771396691043143,0.04034131973453108,-0.00379408501132847,0.015449458075352671,-0.013217292320292342,0.07535702016265408,-0.01607316828272839,-0.0182815946825621,1,0.8525992048150677
9383,0.13123907898612344,0.025288797022381074,-0.010088147196844739,0.03953701129377724,-0.11100889848859667,0.043438502892840916,0.00559468022373272,0.021159308853952778,-0.07149515512457591,0.0270502188002176,0.03193484394033742,0.019998921877304714,0.04001639391014278,-0.005402961280875543,0.010479746206681326,-0.01818490630086423,0.06655128396509262,-0.015583027178259016,-0.03039594507124626,1,0.724447828613847
9427,0.13900983490648017,0.04541893648959045,-0.003653698236567208,0.026694501552919168,-0.15372217291492052,0.06226613855003155,-0.0010894209908504757,0.025536899227035226,-0.10058838986900863,0.03144996775529322,0.028717521296429446,0.008769062533692694,0.039374716590107016,0.000844582618098917,0.007771698604144115,-0.00408601820266319,0.07068083913705758,-0.018224461833974238,-0.007401606026354919,0,0.7753004673352187
9428,0.14379929416930942,0.05436140371807091,-0.00648655679522707,0.03196420864233893,-0.13633041687740438,0.06962774182228824,-0.02129194080711786,0.014856344548515222,-0.09799488863968073,0.042022058145522366,0.028712651609178852,0.035030711004867425,0.028634707526941895,0.006646404782196689,0.008428474131806082,-0.0036994713023789398,0.07244639561578212,-0.013690077698759073,-0.010086360586380391,0,0.8261101084237666
9467,0.12925361406985966,0.04065089807342682,-0.0019523267539295196,0.0461675359606893,-0.14264593293469516,0.05842841042115733,-0.01063306291468206,0.028862760625771228,-0.09380308355842368,0.048287210946207616,0.03130771282931929,0.009026517779194266,0.015906741194055496,0.01767943049544865,0.0065427245465597104,-0.02206413166696176,0.07674516639241874,-0.012343010757357846,-0.0038589531624658785,0,0.796159225082624
9486,0.1296381424404742,0.050724507632900054,0.011341664614887441,0.029515252666718866,-0.13558464553396327,0.07429725682273862,0.0044099291840138935,0.022948577220187557,-0.0990552252452142,0.04185913328124913,0.026909537127002784,0.021318305377080942,0.03234064400815913,0.00787919264355759,-0.0027182204588742723,0.009939220924532009,0.08600247888093367,-0.014897909716092563,-0.014752292408400905,0,0.8161321361869811
9511,0.15777733024388182,0.04437248781431322,0.0007812208535919613,0.02975011821125263,-0.1355380649012793,0.05509844261943386,0.006748810504063123,0.007630892421604599,-0.09851390367984877,0.018188107642337418,0.025347857084787703,0.01396938403770509,0.023149273749419826,0.00014125019970706243,0.0013209289188218748,-0.012442243636049786,0.07345176489331331,-0.0069168337593999915,-0.009997690310942622,0,0.721136605481754
9519,0.11774641087745014,0.05672672776548121,0.005510329847199218,0.03920310738631738,-0.15507811263085278,0.06432929004833181,0.014496243933424718,0.03529385834108148,-0.08700557119579971,0.029399178767581656,0.043612892938410634,-0.0017536577185816552,0.036374794640290864,-0.0006739511467057267,0.01898602223863612,-0.009302291729692675,0.07387553073305123,-0.026421295833901577,-0.007432520338034724,0,0.8232217881108252
9566,0.15052072322636473,0.03699976165707943,-0.01873967051343235,0.023932852642528216,-0.14817550493147352,0.05830298890872962,-0.002454531168605713,0.01965873705036174,-0.09914918830029758,0.0407395710009078,0.026913855687322012,0.02526719652065402,0.035710350925347446,0.007088222867943821,0.0075265635825337044,-0.010959064568387238,0.07582911189406231,-0.014833392957496952,-0.015576161393530115,0,0.8183774497970583
9610,0.1496210468427395,0.04891911013144891,-0.0037637886398253317,0.0404867075984136,-0.13739338477107643,0.05301938745624584,0.001582829426133443,0.030390205590618065,-0.0933398613737221,0.04127481302169591,0.008682286613477417,0.018427732365131524,0.02614503796751705,0.011762450781720437,0.013261321496836523,0.0008133436316305017,0.08632700468704858,-0.02336408019848775,-0.009632897042878362,0,0.7982072896366473
9653,0.11657692160601875,0.03956270744871517,-0.008498576253162934,0.026530444909123964,-0.1350169578982581,0.05763419153511261,0.0009251821261705464,0.02868752231901371,-0.08931738637349862,0.0333807508463157,0.028040544256469707,0.0035350060585292494,0.026577283119514707,0.012526365698662136,0.004637315735058297,-0.013091341222724161,0.08568482514331557,-0.025191787377264074,-0.025932452688364457,0,0.7613475626152925
9663,0.13610630143554725,0.03536612642751622,-0.004062876616671001,0.03585606944393676,-0.13785363196982203,0.0832078758487181,-0.005299279499848918,0.007352628085742697,-0.10090827284160955,0.02672775135177421,0.016992686366611533,0.009687646668949165,0.030508931784702535,0.007577855712556909,0.0006830693659826979,-0.021820864986584608,0.08379345610338569,-0.03299620789192117,-0.005181489041759925,0,0.781983021443641
9738,0.13330942693004497,0.027143306036594272,-0.0051127720415234,0.027498227915328157,-0.14365690271545378,0.06076698633898976,0.00788903332954047,0.019191995706250742,-0.09591340117260302,0.03997428383151439,0.021088959697258935,-0.005908408122091636,0.04170796476160447,0.00591165932385701,0.0021711273960422226,-0.010107725420550467,0.0716936098804833,-0.033375290113752856,-0.0026638208927563817,0,0.7550849016262402
9746,0.14600282568403894,0.03419918678632533,-0.0033197161368284252,0.0284729309100372,-0.14244025251035772,0.07037633465394057,-0.008687855616089559,0.027557996974731363,-0.10986217790343858,0.025610873580158604,0.02926871398985493,0.012266794800015295,0.03708994638486838,0.011891521802597423,0.01073547013687936,0.00543955589474579,0.08251962438170961,-0.024650299470070473,-0.0022097553902357086,0,0.8126018330069232
9750,0.14284699907424683,0.03853546438645288,-0.011832476354770317,0.02565227768414276,-0.14975715106644913,0.06334695154903207,0.0024000189289199326,0.028565140111377417,-0.09533196364980827,0.037388731023995446,0.031520812605510665,0.020221133825161657,0.04432653749432155,0.020777141137107068,0.010344646666320722,-0.0007075542124025531,0.08651796935946918,-0.027422225097559375,-0.006404245559798624,0,0.8438994397868465
9755,0.14055923060054137,0.04934353239443519,-0.006658876498579252,0.025114734031288496,-0.1468677756031298,0.04455560968740297,-0.010384231693694986,0.020757926126015194,-0.09673009864209266,0.0387085070826224,0.0230354403780894,0.01333824820851866,0.030220565834020708,0.009855698301546794,0.003837672679966061,0.00041343310015328193,0.07817412470907914,-0.019763176658174522,-0.008399832865295614,0,0.7667187150946465
9798,0.14593408047728434,0.03786925762021576,-0.019500074697930754,0.04642579227421442,-0.13616455941620764,0.06503790161286521,0.013369304680601895,0.032399399997235234,-0.10834628507524555,0.02498302876434541,0.026102043145591714,0.006110861797965415,0.03060051394426828,0.002159104708896827,0.008670989572690514,-0.011962290119605725,0.08073038529962215,-0.015827602713423664,-0.019376513374585586,0,0.8315699892927961
9902,0.14876709535849678,0.030036379706959097,-0.01778922144772011,0.03925520323687874,-0.14996901482675135,0.061629224940699036,0.01255086411050005,0.025947432714576425,-0.10936807152107517,0.02847767982647401,0.027305979069764428,0.016128165258696734,0.024065979849164063,0.007062678048053321,0.007682993691343776,-0.0026735036435110104,0.08532387765435065,-0.03105632699794266,-0.007886350592745358,0,0.8329760424957028
9937,0.14327990110436203,0.03786772639553844,0.005186521334092033,0.03987408382801724,-0.12791315131539377,0.0559663686206112,-0.0035862605314805574,0.02623514177885862,-0.09611815452446681,0.033926830744368974,0.022154506331014692,0.007412240167495676,0.03438240066996907,0.02665409542555287,0.014026466514913,-0.0055982320384273514,0.0859951110005889,-0.020581688614197367,-0.015979442347203013,1,0.8027383232865516
10018,0.13436436770634308,0.036996649794401655,0.0037202562970897733,0.03104703708736165,-0.15193610566469462,0.06314500652238778,0.01168914989142718,0.023931124084222585,-0.10984801122581683,0.027203352772676794,0.022573581643558698,0.012868313506803826,0.02700596254611961,0.012918336661072217,0.008033877452203998,-0.015540928450126678,0.08727311385097539,-0.012448559399420434,-0.016637968300567508,0,0.8091817028572703
10051,0.14858444775334165,0.033804266568876924,0.0007822791447799981,0.027379568301090684,-0.13766370858180743,0.06920445929952727,-0.0020362633377203256,0.016544131816092805,-0.09567439384353585,0.029898756327444372,0.03471831572291989,0.012416945598844778,0.023502028377203714,0.015917827491183954,0.008374782400705655,-0.005501275816787457,0.07186993671930732,-0.01719416388146271,-0.020929921251967316,0,0.7719974722346001
10157,0.1513816659915401,0.036445151685213555,-0.0044828153279144285,0.017943355018008252,-0.14305251968884883,0.06305166841783408,-0.004949816812190895,0.02424082839368873,-0.10347741567744882,0.03029478009563875,0.03243961673256817,0.00915112010689629,0.03942742229808321,0.013219104122356736,0.01587618334989466,-0.010411505811691403,0.07429434165773816,-0.025264580574746117,-0.008655357431342488,0,0.8080592491936437
10187,0.1348212563495873,0.05517288857615159,0.00027159475407496046,0.04007289680696065,-0.14627153519440686,0.06875709205908538,0.0017785675322646646,0.02793543046883774,-0.10752763451687873,0.039840049324422505,0.026783064856617557,0.03025453457016903,0.0370524600701161,0.009431497828064898,0.007678787105793898,-0.009543271423832517,0.08232650153348418,-0.010234606755525127,-0.012966529719365457,0,0.8487201994456391
10292,0.15578253524888686,0.04376038814961749,-0.009020056772574605,0.029624025913708767,-0.14608009745990072,0.0514834216432453,-0.010380881393963693,0.025770159518220006,-0.10315267903350146,0.036821283466452095,0.012708233045172549,0.007897515867109349,0.031696475411065655,0.013681587964833137,0.005027625768991717,-0.011625123512788804,0.07653906518237663,-0.04031711305488383,-0.0025911283150981375,1,0.8139593967223908
10342,0.14554971128762148,0.03823652935007493,0.0009649136603136492,0.023260508885394257,-0.13122338491973504,0.07558022243546748,-0.007532076381715111,0.03374166932847736,-0.09141699008935564,0.042806340723402066,0.029964124479536013,0.01908693814162072,0.03588142869607841,0.019782199932662392,-0.003361210624413505,-0.005378043148310779,0.082122856339858,-0.00748892625779473,-0.0031608133883787204,1,0.7965388880702102
10349,0.13512314691578645,0.04210012166865586,-0.007226721746380847,0.02702551708940937,-0.13877234609929032,0.057840099084728876,-0.0015351418043515962,0.02591791871654133,-0.09276118364853451,0.032070767987291054,0.019550552865936002,0.012754557337342584,0.0394424030450339,0.009395673510925327,0.014873588407970094,-0.012051578589992668,0.06125198103560547,-0.023818038820641686,-0.011314324637150599,0,0.7648256630115685
10496,0.13480082424854417,0.05049652769046137,0.002027084522151283,0.04167834086559737,-0.14025009359412716,0.04304364239442916,-0.005549693010983192,0.013223606928030061,-0.10863421908008529,0.026939172447913152,0.01795530863115177,0.008547148891094732,0.033168716160426874,0.009824182900428715,0.01413418276165889,-0.011136030406471686,0.07035433972474671,-0.008239387019550582,-0.022635952419342877,0,0.7626384536971951
10549,0.14398073535438274,0.05627456023391256,-0.011431824879036302,0.048595342235451824,-0.15275858907147752,0.04018649266674348,0.015824998282613027,0.01992464698508615,-0.09399548629834534,0.04753371575820552,0.03693353003860654,0.008614659877212502,0.03839616387721942,0.018539941057023862,0.016589911866613558,-0.007783713014586717,0.08639356403892348,-0.015372688337904679,-0.01772060660704902,0,0.8768511704803943
10570,0.10618119753917503,0.050927336227548435,0.002922099405453555,0.025784929070869943,-0.1498312728699046,0.06108401229374332,0.017641932627410494,0.03520271308409448,-0.09716966222871634,0.03892646358752812,0.03170495426384971,0.023800186410416323,0.02835830379594214,-0.0007419034565332976,0.02013837547537063,0.0015412516264306504,0.08259231990282846,-0.013847186321890116,-0.017875013318151504,0,0.8062711135058571
10577,0.13547000307999785,0.03725277548786612,-0.011687109154082272,0.007699262607997437,-0.14999150218652654,0.06842430390247385,-0.008528644093871647,0.03192419587312832,-0.07589892083360081,0.047263640481013294,0.03540703764811071,-0.0012033019081574927,0.033921539330065954,0.005963667226186671,0.013750505724210368,-0.008504385669840303,0.08160379349175174,-0.01557085665923885,-0.012429009690667377,0,0.7824944550487876
10583,0.14690805286468722,0.04187770778024174,0.002450947803427829,0.023017724729059486,-0.14790411336723921,0.06025870015025356,-0.008982833847736465,0.02572404076256928,-0.08680074469821208,0.02104513853550202,0.02777131466497463,0.019346333350312318,0.021434651270430764,0.012421345206924376,0.019636796372952244,-0.013247404544047728,0.07513734674408434,-0.015942296447907293,-0.0010580894329795703,0,0.7709655825735422
10615,0.1326426493963205,0.03791524203391418,0.003212411491169675,0.035828537174682804,-0.1458559086267011,0.05175777746867885,0.0070975081129160365,0.02525539645802975,-0.08962737263046462,0.03442271618154338,0.02145967286844442,0.0105325840329751,0.03188179967639858,0.018261622729569528,0.0113083753084708,-0.013833847975821665,0.08405488528448704,-0.020118021967922336,-0.01927476787494239,0,0.7943410972934527
10774,0.14230999437452607,0.04365690634763741,-0.0024250752650708416,0.04286739126956861,-0.15402922538190428,0.061257588540814395,-0.004290773993833729,0.02468518698248709,-0.10421813386167089,0.03048011678850326,0.01127718955381363,0.01466204960413586,0.033528775930756705,0.0038172828915076637,0.021870124599049627,-0.013298982579290141,0.08154651958645581,-0.029117177100453,-0.014441687615299346,0,0.8337801822667784
10868,0.14227263155362022,0.055011915799017264,-0.02093003894264673,0.03517508349990164,-0.1414204430930675,0.05921018677274016,0.006034601762297798,0.026021100458147768,-0.10737949354469617,0.02235008695342722,0.028412655770850424,0.015744179506507618,0.03496746158748111,0.008595611529033369,0.012526198120320468,-0.009839149864899461,0.07686343275807588,-0.03039140550656359,-0.02305650313721048,0,0.8562021801605049
10954,0.14660509271760067,0.04172578210007218,-0.004458836787746168,0.02776200449317329,-0.15691111039240999,0.05293636506180859,0.0018831914602734305,0.026022866634765947,-0.08907780785179045,0.03635037939919942,0.026300739731162773,-0.0010047795778960651,0.02930379474746829,0.01940574597862879,0.010117245243113344,-0.016430227914203087,0.068258754330612,-0.013188316321635385,-0.011224014889350785,0,0.7789670556329107
10958,0.1368366257676911,0.04800814172475609,0.0046118280937530775,0.030893158906081207,-0.12384369645874492,0.0701543598886322,0.009065863148080673,0.03127575706963724,-0.08920729009180163,0.0383118235187087,0.025184380690174618,0.007991178998644549,0.033271389703041526,-0.003761715091110166,0.012904887789405463,-0.007753543946149957,0.07428246742811259,-0.019064982997138557,0.0017066953611035913,0,0.7681297866727679
10959,0.13208304812812785,0.03946903572624495,-0.003910966167486032,0.04022393688108647,-0.13067427768565956,0.046583167603460325,-0.0072644472208563534,0.02524666828480685,-0.08932927980886564,0.029696776762155437,0.020496462768591465,0.01063947838530193,0.016765990396685113,0.03367194722766681,0.011973647298393677,-0.005995682765852231,0.07194184401803995,-0.0373159971590208,-0.005986095505929589,1,0.7592687497942311
11013,0.12667501626834884,0.045187049653247005,-0.005843316294074955,0.03466248946287767,-0.12455443189071953,0.059856506809011965,-0.016038641819049643,0.003297175297540352,-0.10447256105895467,0.03340543029250519,0.03495999986899916,0.031013605980977455,0.03249524561595445,0.0014705448118299451,0.019056084352421357,-0.002536500972368415,0.08177063204896325,-0.014306299098690118,-0.012538297002923629,0,0.7841398285994576
11066,0.12911155511199568,0.04817304240976185,-0.011234028828088613,0.0099182975199054,-0.1302613761528555,0.06458269840490814,0.010063716932402805,0.024145096526872478,-0.09697496920894119,0.03856084204603388,0.02542120133350536,0.02600929206773763,0.048687030801584555,0.004819295356423012,0.009058581611771593,0.0012390880524817342,0.09000393151635964,-0.013333535976688444,-0.01860183950878612,0,0.8001994193671036
11117,0.12528063509573134,0.041878957113018145,-0.009047648355926167,0.03760148016286298,-0.12563657113129514,0.06732000650756165,-0.001862176331739408,0.024728701811564495,-0.1170337030022132,0.03828992447585439,0.01819020346997755,0.01217442899484934,0.03332608610487446,0.015726658195156933,0.010092100004890999,-0.0030902507564182623,0.0794893228494161,-0.02966307930198262,-0.01797377752014544,0,0.8084057111854787
11136,0.13863181209290493,0.04401543004520923,-0.010929886825098269,0.024834937927581298,-0.1396584623194085,0.060051149223740656,0.0018516942015173205,0.02642274226496337,-0.10632914301305367,0.024506617382892226,0.02784283928772058,0.02674073946232537,0.017596492020546733,0.02246945460109127,0.015289431319812169,0.005990926539670836,0.07682566148853164,-0.020978149653494562,-0.024931304572117723,1,0.8158968742416803
11141,0.13460039764728007,0.032638795440907795,0.0042872164107673316,0.029786064102946812,-0.14781890975314502,0.06954325166040312,-0.00032487088239764795,0.03138047432122542,-0.11943133480527088,0.033535288489138754,0.03480270399993851,0.030259338405603936,0.028059699780000027,0.016537942267198447,0.019201956685316535,-0.016377297475319418,0.08435149416588103,-0.0024450021838444648,-0.008725621539264431,0,0.8441076600158497
11162,0.13432769430531685,0.05134293519149394,-0.007915203487824145,0.025686646671600623,-0.1457367525427957,0.0550845134934254,-0.010434428586672397,0.03050526988987116,-0.10291645565665088,0.03105998897513123,0.024530067702539703,0.013456777260973402,0.03285825238176358,0.011973262929372695,-0.003947722185066979,-0.01719416613457503,0.07632033620715507,-0.024114999867607484,-0.009415443813097597,0,0.8088209172829338
11166,0.1532120508411579,0.06296427219983125,-0.014124175265149383,0.022939698376770172,-0.13836179696052867,0.06563870155854268,-0.010042550557968011,0.021573038981862844,-0.08576243464983645,0.024587241572992396,0.019361357208761712,0.014546123937239128,0.030030369487615807,0.008224219607228765,0.002605142231211375,-0.01752860679619767,0.06674516839741608,-0.006948820479599979,-0.020971929457796096,1,0.7861676985677064
11175,0.1328970311008736,0.05272036245176144,-0.005026393546104053,0.03432382171822017,-0.14818295467730064,0.05425216291161571,0.0035666191765408185,0.0343551280691933,-0.1039612776343445,0.049814983474096144,0.03428960746860078,0.014376414480387862,0.028657785938840632,0.01966011473861418,0.003930351089367008,-0.005468985542783648,0.09612559217526549,-0.014995237398996606,-0.006612039034073717,0,0.8432168626269804
11185,0.1453680922882491,0.04805291970837775,-0.0014030131347276726,0.025496011026425243,-0.15056410766028375,0.054413977234618376,-0.002631707499270292,0.02647006172441377,-0.10413370418906691,0.030382634892438268,0.028842715577168738,0.00860236552407736,0.028085844416245703,0.013053308873344802,0.0013471396035664236,-0.0024428464802759594,0.08316002086930484,-0.012669142384272485,-0.02850171696552793,0,0.7956213300516554
11218,0.13891151490027098,0.03079318150083937,0.0025980783408129857,0.02135022026199537,-0.14813373453331247,0.06000124057863684,-0.0030808983869878405,0.041952560278958106,-0.09117356856889235,0.036509724982831275,0.028634399919523774,0.0190900300936466,0.028922901482011668,0.0007699267642043144,0.025490871891523163,-0.006106857997170051,0.08698786139657858,-0.018209434826402623,-0.005888562948546462,0,0.7946055696531448
11276,0.13209455638879095,0.04489052838772278,0.0068833749958483095,0.04064757312130858,-0.1500935615642992,0.04313887323089157,0.0012311040632580139,0.025736845816182352,-0.09050524728717471,0.036822456817504186,0.033330887672969024,0.02479779530507271,0.03346838884405961,-0.02057302213560021,0.007481389390176037,-0.004850917534970114,0.07904274382485527,-0.030906654689550398,-0.008227421945358563,0,0.8147233430155926
11293,0.1405735463888545,0.04702999471619612,-0.004622888691423871,0.05154687344457965,-0.1407563070184644,0.06977493752623207,0.004584825654943167,0.023396657548990802,-0.09074460361737437,0.02552649879185441,0.027150426868268678,0.021749584718836788,0.020468701205848393,0.00563806277584042,0.01377730208331161,0.0010930423757546674,0.056351293758901695,-0.025161304103887762,-0.018035431063107867,0,0.7879822823526712
11294,0.14206415644010467,0.050948713430671776,0.01007184678947724,0.026010094848797315,-0.1332760915597682,0.05303015839915166,0.010657713672536765,0.022763391832046148,-0.10423046594075822,0.0378539097562775,0.009412629529198514,0.02087820987464276,0.03076296861345438,0.01187942698705586,0.001632970122498943,0.0013515547838779834,0.065582040845567,-0.023295167651539595,-0.008857121651411198,0,0.7645586327288357
11394,0.12645912431373993,0.039459932757014024,-0.00924633481067687,0.026619995158056176,-0.15688698105122084,0.07139370426844391,0.017319437305119194,0.02510456464041045,-0.09069351255690275,0.03775472049512234,0.027514287217819944,0.012541943277604741,0.047215365600839866,0.010046499875307695,0.0011464587143584794,-0.0006961365092560333,0.0663427771660603,-0.016924624398826433,-0.012353665566407558,0,0.7957200656831875
11403,0.12668508488569216,0.049454151184808684,-0.00825675901894434,0.03861367689414994,-0.14431246390037394,0.05754173191564371,0.0021308575693251433,0.022963494549511746,-0.0960913605192558,0.03656135017816198,0.02882393413509518,0.026636069975579962,0.032030037781242714,0.019622921993212552,0.0030803359623659985,-0.0036273986747469285,0.08218910995224496,-0.028691444948008075,-0.012640547626860666,0,0.8199527316652245
11502,0.12231814481657716,0.03930204337202765,-0.023653859359982335,0.04520294795881538,-0.13498134696193612,0.05127222591214355,0.007516646436636926,0.02790438571619684,-0.08861214133615826,0.018099539839584417,0.021770385506536427,0.0018864635997108625,0.033318190549000544,-0.012688239534460001,0.017624650718367336,-0.026029810273699133,0.07062683470955933,-0.003231922728057303,-0.009947681040222226,0,0.7559874603696718
11508,0.13435660028235488,0.04478783802511512,0.0004352010178273728,0.048250907746345606,-0.14151760456938997,0.0603645005170314,0.005869214746409796,0.0305659886076166,-0.09046300468002505,0.03827483049012523,0.018091645325539654,0.015112067950950941,0.018452773847673645,0.024375812834208595,-0.0034527709519565505,-0.0009257368670754677,0.07596525303786805,-0.025106632531361243,-0.01055783363459728,0,0.7869262176634725
11512,0.10960369361458411,0.028391178074499368,-0.0062983776820543,0.009973289403767748,-0.14297069815330843,0.04740355627165979,0.009910808847065716,0.013681732898970447,-0.09082003299002611,0.03202020469038964,0.02668200570824885,0.01702648980253318,0.02124379337673747,0.012535304180361051,0.01964066926875843,-0.003865872988874364,0.07391898476775656,-0.018343251429575363,-0.0015618946779548423,0,0.6858918388271258
11513,0.13579656340185497,0.04212435988087064,-0.0007462954817335235,0.02479795802092333,-0.133216908006951,0.057283523130756984,0.0011532353271633943,0.015437370959284795,-0.08996406912342557,0.036025855074372524,0.02685374414130035,0.005346737183804155,0.028908013559874973,0.018218661888006547,-0.0009845943515254122,-0.008818664030172596,0.07945646551777387,-0.02407880806403324,-0.023751300986784348,0,0.7529631281306122
11526,0.14661597344851207,0.05350416524093564,0.0020444895640865206,0.025036120085089382,-0.13804638328869118,0.06776776567169764,-0.008040544600202055,0.02646661506552827,-0.09399571255868285,0.023155095875392214,0.03680059789627629,0.01325119366228467,0.03180579118810556,0.013591102040062784,0.009105357789261923,-0.005101651031593064,0.0834684132128782,-0.027628177540549442,-0.009545447223758326,0,0.8149705969835881
11716,0.14625433962100776,0.04315346736334415,-0.0007084127040091674,0.026919286896016786,-0.13807727304640863,0.07042223127934857,-0.002097357034142988,0.014845911398920886,-0.08922149582092825,0.02926322990375814,0.01668328129791225,0.031132435349325947,0.016474366760939777,0.017622513560574593,0.007781351743794427,-0.010914745073282396,0.08956211347236358,-0.02919765989374965,-0.017685626276557877,0,0.7980170984963858
11781,0.13983080840361634,0.047912461155891914,-0.004780617443950471,0.018278282169434674,-0.148217319178637,0.06509171842740535,0.007629806652145787,0.032322314112496885,-0.09183014329917022,0.043746123999677027,0.013439731112014644,0.005564184889873818,0.03896526534138092,0.01980871163352511,0.01787092432836142,-0.009445496709267094,0.09190224734233832,-0.01514047170585941,-0.022324486956339696,0,0.8341011148613862
11860,0.12698317018275854,0.054539741405828956,-0.012464535803952025,0.030403955419367034,-0.14801669443786414,0.06400065521061954,-0.007429424030007984,0.02304740071225867,-0.10196593702493215,0.02161665619574626,0.008852630528016643,0.009287339700894086,0.023364907095185652,0.013278880320797564,0.014221245208181629,-0.005791092977520692,0.0671337037801027,-0.014950914384428915,-0.016782652267716445,0,0.7641315366861796
11942,0.13576070243347133,0.029275142159007495,-0.013315298683697734,0.029902061598003713,-0.15451709507031808,0.05837773424817202,0.008926992601935685,0.027137130435180484,-0.08782503035433616,0.013425051356378058,0.030430659446193276,0.023883212672885547,0.03164537300242363,0.014096921362923875,0.010835842576847115,-0.0059568548449555675,0.08777754136698021,-0.010870218883848521,-0.002346301276773661,0,0.7763051643743322
11964,0.14033648888066758,0.05190698728048592,-0.004015236998226866,0.030608939232748177,-0.13404192286091263,0.08079754945833001,0.0018351630437241423,0.021057685429571132,-0.10051256184114928,0.032971642866990634,0.0118539480440161,0.010322700991704702,0.023332330678455037,0.0187383472403649,0.014822882472773089,-0.02204866419520051,0.06332725227472033,-0.013358959512609169,-0.004691565246142795,0,0.780580828548793
11997,0.14524133589288007,0.040408163884673984,-0.0010082816856686252,0.043007551832055645,-0.1509901081414863,0.045946274734056665,0.002431096844470467,-0.004851154233012761,-0.10799604314532904,0.03151651130832647,0.02548540481589958,0.004328698898403194,0.005548372845444161,0.011463025046098406,0.014420578226075518,-0.0273951362780445,0.07692008013830118,-0.0010266160040867424,-0.00915330640715009,0,0.7491377403614634
12057,0.12706478472566998,0.0423182107050718,-0.010181075988132266,0.04349476131411859,-0.126620441605207,0.05971923434355097,0.012060892917312608,0.022855285708812213,-0.09680051520019696,0.04325036245582182,0.035479009382477576,0.008985234297498538,0.02910510097854341,0.004153391848778421,0.004664373170493159,0.01746905734923429,0.07306956976135638,-0.021607345335410498,-0.0026015174419973795,0,0.7815001645296838
12120,0.1325969133611223,0.03605602064335541,0.00760668075614023,0.030366763918802758,-0.15305176812328844,0.0642611626785295,-0.004315662262071848,0.01947026226493055,-0.08423375518566664,0.030068584412218217,0.019129528423252724,0.017106868189940814,0.022220690900129528,0.009451153322946226,-0.0017737399289568549,-0.009320465380711586,0.08104452796594416,-0.020361131068572243,0.0012535698838304435,0,0.7436892486704105
12192,0.13070020223706263,0.04563430590161284,0.0005619294339148322,0.027691897285685815,-0.13959075424531328,0.07257801843581481,-0.0011049342166721743,0.022032079029469236,-0.10591774921129575,0.03997041429602211,0.02662658433439987,0.011213439088554364,0.03897337645176748,0.010105442052334901,0.012293514333439602,-0.012216990986235216,0.07511869928862326,-0.01280057940201955,-0.024030474860237253,0,0.809161385090475
12224,0.1417538734821034,0.032262192569154476,0.005609373754485153,0.0287175426686988,-0.1307801168529265,0.06373170580799169,-0.0074529904323039405,0.019327295741912293,-0.08357067246518049,0.036862664598248156,0.03775196316943072,0.017276155792156623,0.02096278741797319,0.0014613564545850075,0.008437352947861625,-0.0022334438968266896,0.08212613631236948,-0.024420165584587986,-0.005391637565818197,0,0.7501294275146144
12233,0.13989858928401652,0.05164962042968294,-0.01514551374216099,0.04388835801032682,-0.1283645398258057,0.04765813911006102,0.008544265881365724,0.011418044261163097,-0.07544705001439271,0.03628097533174249,0.028695553649497486,0.013824866267674644,0.03721445262180485,0.006174658526484301,0.01546547921322809,-0.0052681250819046005,0.08691473043306687,-0.0047720572525245305,-0.011582972579433082,0,0.7682079915163365
12235,0.14313232216894559,0.03959869873170169,-0.006359194656772567,0.03818964707328032,-0.14253836691515143,0.0538940649065707,-0.001345280499625978,0.025689471025574968,-0.09654285369079935,0.03543903516615744,0.039464245333238064,0.002836138430734797,0.03699539900546621,0.018067042967241154,0.022806944910315794,-0.01159627283355423,0.0763271196950541,-0.00706199149225156,-0.015532831809557725,0,0.8134169213119936
12236,0.1480133676216447,0.03304260052972444,0.004913480505896984,0.02055967747418297,-0.13878763122339532,0.05582622957195678,0.0004635696979256251,0.03466244385306766,-0.09507116202851079,0.026679432394921855,0.028951771918040516,0.017873916632804708,0.03590261267769948,0.0165878548506429,0.006624044295542112,-0.01434570790569348,0.06539114825022051,-0.02492640348766047,-0.005154906637650384,0,0.7737779615571817
12256,0.14982902327498276,0.05073767311006566,-0.0058923040769328534,0.025441645866898583,-0.13837612103060365,0.0637404586998447,0.013102699780184525,0.0235026456153016,-0.09576666176689286,0.04045977158569522,0.02634911630991645,0.018038322221686665,0.04119949286625406,0.0054289404493348785,0.004904218500220868,-0.002488137366272365,0.07461545738587338,-0.029235726935183698,-0.01816963482311647,0,0.8272780516652612
12279,0.14776230942954335,0.03503294872593072,-0.008006611041990195,0.04169071504999438,-0.14648127170286024,0.05745033909419326,-0.003912054843076045,0.02398305437404115,-0.10448815927462862,0.03820618164800612,0.028647012361966713,0.0016636260181313119,0.06105624990578442,-0.0034166223217408824,0.010024205921010717,-0.01870487134956745,0.07029651110598022,-0.040889261152378946,-0.00597152077434128,0,0.8476835260951661
12358,0.1526272835245283,0.05488889779269086,-0.012999848507093213,0.04069886783382795,-0.1472996975018583,0.057677061532372696,0.006585756326503031,0.02388325685477095,-0.089386832257267,0.029729897337387092,0.023236291978454424,0.026483837918778744,0.02930757157684148,0.010991035925309103,-0.006656217939552184,-0.018665761145877566,0.08696687610501101,-0.030308221846764016,-0.002717029902698698,1,0.8511102438075866
12385,0.15186235295419565,0.045718124610666544,-0.008435097800708754,0.01946688952891859,-0.1372926718384358,0.07610322973330946,0.006091957001375922,0.007984078071951967,-0.11937867945309222,0.03700345340188765,0.03651212263470581,0.024374681756849145,0.03649911328949537,0.012246104040669777,0.011968230250501994,-0.007051055841062022,0.07304359212241204,-0.014349445051514824,0.005950328780411172,1,0.8313312081621647
12440,0.13994461368292666,0.04370666555095504,-0.007011539272658349,0.03208237264930455,-0.13572647215863085,0.04796926405003289,-0.003022492455444423,0.003872378415182067,-0.09319702552458739,0.016314145168632117,0.023802329397664954,0.016129268537242013,0.03851344816855759,0.008305779378963108,-0.00010383145511239115,0.008490058902384169,0.07145310867823625,-0.0213987551735646,-0.018595047706732606,0,0.729638596326812
12515,0.14240851427284976,0.04230798216427225,0.010464653428973078,0.017198113947233078,-0.13635706009620638,0.06411270892510662,0.006421182893771221,0.007365861818155478,-0.0996221978609853,0.035641883780052,0.02318149106702384,0.02934250551653463,0.04749439472151066,0.007664486506909289,0.01834296755971239,0.005206071442431949,0.0712011219361695,-0.03324421851690213,-0.02589836307010291,0,0.8234757795249025
12538,0.14322755349872188,0.05283673468507434,0.0007110870595927691,0.03557368251431319,-0.1337248729279354,0.0720314538460964,-0.011588238513786377,0.02648090603477301,-0.0744332369112134,0.038725713870881875,0.04229586891796691,0.0013090108994171297,0.029112944633816862,0.01686465075228038,0.008960271612751777,-0.005806017359594545,0.09635912185727749,-0.01959552485107714,-0.01873919187951242,1,0.8283760826260833
12574,0.12056909826803407,0.05384419953977178,-0.009177378668187562,0.03603948097498549,-0.1314755707084074,0.06268079253990422,-0.009281166365440532,0.017046709638493907,-0.09388741216006298,0.030444848015005643,0.032180826491391,-0.0030631036570702474,0.04342686077266004,0.018398142571896724,0.024865720270045306,0.006937929515807939,0.0773528059776211,-0.01153584497227512,-0.013599923241195886,0,0.795807814348257
12580,0.12970204292076068,0.05161984823448986,-0.009047963726972526,0.029652882984944902,-0.13924814696373403,0.062163107403596714,-0.01586295223451315,0.020552680637588614,-0.08742350803379104,0.043674555771218704,0.02032024287513385,0.014949166745140515,0.04897636406930886,-0.002665575618513565,0.011023453010737028,-0.007469610694219048,0.08842551520302706,-0.025521856597681206,-0.024271988841079905,1,0.8325714625664512
12608,0.1407687731798425,0.051519847615846465,-0.004224636117717398,0.04315266507292437,-0.12814438908088613,0.05099312509710253,0.0012623330682830836,0.03759396010259876,-0.09561737836664452,0.03215823677679014,0.026495637086632873,0.022687798880482286,0.04420107700417414,0.011598065571949987,0.005135997989513661,-0.003854175545159696,0.06658689678044472,-0.02258863278088968,-0.009195620390590688,0,0.7977792465084736
12611,0.13423998368442577,0.06041828498937776,-0.015771842755347903,0.03009958642660419,-0.12619072106789597,0.06956923258435367,-0.02681963366865374,0.028899225296689375,-0.08942881434788065,0.03020538434206245,0.040782818611206494,0.021233235566353283,0.03855220036365994,0.0011969082179221814,-0.007724880326902433,-0.0065614853235203725,0.07657803926362663,-0.021648053428396777,-0.011687968785990386,0,0.83760829905087
12644,0.14360868620205094,0.04883616302789003,-0.013243637787394355,0.03097234850546487,-0.12942510489186299,0.05655820314154522,-0.0028710270544658988,0.013078857914188877,-0.10306107740792768,0.015246903949370746,0.028195798603065918,0.0036225276631214423,0.03312084349668893,0.012150258705818739,0.00562387353646389,-0.010425657798262078,0.09932604368930396,-0.027230925980790018,-0.004249465143166792,0,0.7808474044988434
12766,0.13593467349567792,0.05433281677811159,-0.0022074198780863167,0.028128057881652933,-0.156267753317125,0.06887974761495505,-0.010408621604966408,0.019585286990555076,-0.10742523450844367,0.040273726699932545,0.04242802836181603,-0.013217871548391316,0.029470843990279223,0.015509423927532531,0.0022547173955024587,-0.010964695507872178,0.08248771275948347,-0.019245632712242944,-0.008358383028717446,0,0.847380648001344
12803,0.15214113119858516,0.050174568498180486,-0.0010755163114614579,0.030305615055216336,-0.1530172170689576,0.07001303427169656,0.008392412214506803,0.003324531084607958,-0.10204274907763548,0.039981427913335206,0.015433600403458638,0.019387056041136497,0.03961315890827708,0.025818413978932444,0.0057576804466651236,-0.016838884002994606,0.08739023720370148,-0.02043748792876395,-0.0013435411279415302,1,0.8424882627360544
12823,0.15423837671274337,0.05150906057576293,0.00409652289259538,0.023969033632931937,-0.13906615292721852,0.07794666617172631,-0.0042536691898204864,0.01654825520575402,-0.10164792956018194,0.03978898601044647,0.019054228366568133,0.014625593912141415,0.04676616277195289,0.01309344886208665,-0.00681858403035325,-0.011847023454874622,0.08664963569157033,-0.021961660834908667,-0.005826934286120961,0,0.8397079250897583
12849,0.14642052500348146,0.04847381039236029,-0.0012185308359936764,0.04217685276651818,-0.13158160879291328,0.05449982099300742,-0.0036312669180270873,0.012662977044936062,-0.08876427288413079,0.03822757368982929,0.02791929695693084,0.01774932286650263,0.01729745170665281,0.0022164914355236897,0.012010340716682628,-0.003940948654749189,0.07104150366994916,-0.011973941893980766,-0.014941156853038517,1,0.7467476940752078
12918,0.15545190823563904,0.043471710085490944,0.004615633008501414,0.02095173809629546,-0.1544833078800958,0.06342912901545869,0.005360641150629942,0.021546237454488908,-0.09374362446042349,0.03144858230316447,0.0298383183785784,0.016312994181637102,0.021765389130002945,0.014696948865680513,0.00010777885561015015,-0.007320445130298233,0.08089533484466843,-0.028985762794741937,-0.0029674757506094785,0,0.7973929596220153
12926,0.14291648849355906,0.04119547443918639,0.0013449642826431683,0.01772432070737187,-0.1345089817624829,0.06774871517397105,0.004520580545361375,0.04384954497174936,-0.09746045123492254,0.048654004136500235,0.03388164267131984,0.011039594972960916,0.02527411826715993,0.005865969929491219,0.008890536648119106,-0.004657042156177396,0.08683516938375815,-0.02096339605717881,-0.01979310441542583,0,0.8171241002493391
12963,0.134943017036573,0.04914903978616002,-0.011472598684378962,0.03654691349218471,-0.15429053961413627,0.05119397504550919,0.011892589847834548,0.02139639784031176,-0.08460090861921203,0.028347228089711705,0.022146535244378273,0.022738062356076012,0.03286606076760237,0.007684942853334117,0.001274930166928521,-0.006256370172845555,0.07935127349779768,-0.011159683889447011,-0.018559776022234232,0,0.785870843026656
12999,0.15523872181130205,0.04908895765862509,-0.002308367851481026,0.022789901966946153,-0.14590446452570058,0.059725949799425214,-0.017599880076768364,0.019816056116267942,-0.10272772139314254,0.019344211801681502,0.026035883206202235,0.005450586427496132,0.024995371311745895,0.02048120996005028,0.012414861593073248,-0.0041423120571851095,0.07854195324755608,-0.03025221207149752,-0.014045738903138196,1,0.8109043617792852
13037,0.14580394609007447,0.056915266282323934,-0.009179531128907768,0.028137085984373533,-0.1423348517442351,0.06533998935573565,0.018745105238993236,0.02084247346736009,-0.11184031934561346,0.040777740359964086,0.02719455836820924,0.026189391641960283,0.040432941355905985,0.006948573156285667,0.015312266630436852,-0.00549531826344458,0.07915353410617869,-0.012184885118364679,-0.01647905820698696,0,0.8693068358453543
13077,0.14448812686482032,0.040012566786400854,-0.013302925460116655,0.036485141721757465,-0.13897030162045954,0.07306618565282735,0.0037016722818704055,0.02686559863188139,-0.08074949637884857,0.03411719679649431,0.03155966425636613,0.013748678596172634,0.03857497102712084,0.009222185931590896,0.014567225632785527,-0.0045354908098978325,0.07454840739431283,-0.017914571864000993,-0.0048663520137315055,0,0.8012967597214561
13101,0.1397892900047464,0.03007749949568218,0.004110501728705142,0.026128775150457934,-0.14940906176601662,0.060705953970785466,0.00302978604694489,0.025874312042986358,-0.09375517851711622,0.021853367450256758,0.028073281852355,0.015067159320468477,0.041546031158771694,0.017754417967875427,0.004521207725305984,-0.00287944043968251,0.08052635115374332,-0.02564972444138852,-0.007273759728642284,0,0.7780250999619311
13102,0.1414397051675897,0.04622028355995863,-0.00812298976603599,0.02788613126909964,-0.13988642459598566,0.07781857684843935,-0.00982753691819556,0.018396005129772602,-0.08632450670696361,0.04295470457461856,0.02307150281271471,0.026253939876435577,0.0392751972611225,0.007596887123014345,0.024454803667742383,0.012632932083526744,0.06799379433827586,-0.007857766207990523,0.008698771116514991,0,0.8167124590239969
13135,0.1501879224955195,0.046159039487390294,-0.0006260277243391747,0.02408320214182727,-0.1431689217785493,0.06508458281468404,-0.000744381154150438,0.03391563328624923,-0.10923926304201238,0.05204829050135498,0.018026931876248386,0.013512707591777478,0.03802912483150352,0.014497656943937723,0.002397117961427877,-0.006147813512171742,0.08011643261673652,-0.014544107278151785,-0.01638174580528484,0,0.8289109028433165
13192,0.127071850990838,0.048479386207095104,0.005040537551516405,0.0318027700923597,-0.14429451141070612,0.06857439594346194,0.007748098496390085,0.010951560582369539,-0.08604071128794086,0.03217307585981226,0.03359634250709258,0.016291741705434036,0.050577887970480434,0.002658110531792171,0.01873312994905469,0.0003695599644036559,0.06668490579074632,-0.018171025850441006,-0.01256227237092124,0,0.7818218750628562
13205,0.1348177601585018,0.03813016707947445,-0.005625508739411871,0.029031484709309354,-0.1476487530440824,0.05828582636234903,0.0065236828031913505,0.014714015938433056,-0.10057164175793758,0.045804318294751394,0.02514669931979399,0.01212418955976605,0.027875758786235588,0.0032808583465052795,0.009227297386649132,-0.008311234957694872,0.0842275420586461,-0.021553534416916667,-0.01275730609631886,1,0.7856575798159688
13206,0.15119444315741493,0.029883323914829202,-0.001098627278528134,0.03236946150902223,-0.13531197581722712,0.05596557055162963,-0.007107817585899427,0.0224504904689912,-0.10428308112601918,0.033692353692826096,0.027337728930813633,0.020358031651423934,0.03879998132332985,0.0030487081994717766,-0.005391502467980229,-0.0015355566365533816,0.06891542107180842,-0.02268495641985638,-0.0057153266416992785,0,0.767144358445324
13262,0.14049887888032173,0.045052696219020714,0.014071629235214718,0.036020505705947344,-0.14067791330071094,0.05462612591538413,-0.003588448695232956,0.019815783216443568,-0.10665664633523667,0.019160629989789235,0.0186598381868434,0.026341546297943223,0.03483730498997988,-0.006129036329316705,0.013506136406063452,0.010628958472959965,0.0908636728804854,-0.012278124804553498,-0.02247443281546907,0,0.8158883086769166
13278,0.13569112641186082,0.03605982311450336,-0.00517157699236634,0.04694347706047426,-0.11564842241543563,0.06595104069986434,-0.009257506254807714,0.01852370502886,-0.10529134493780451,0.03189282269066875,0.024259658584508,0.020160818841163112,0.03239334667113778,0.001616721479157147,0.004223339872938246,-0.019955734023367745,0.08427965221309783,-0.01697407060064219,-0.016756499109260272,0,0.791050687001918
13350,0.12220345258984432,0.026123254310705512,-0.01732905634053895,0.03461553624579112,-0.14984336849949492,0.07972957642704315,-0.01667185770623549,0.032211630166757835,-0.11079966421023787,0.028747522220119514,0.033390314713777985,0.01935110510674394,0.039493696088415624,0.014756491008728296,0.0028855734378063803,-0.009480027887691905,0.08073129250723891,-0.021191227738301417,-0.009953778956295657,0,0.8495084261617688
13402,0.1415917226816097,0.028892921811240438,-0.0031970647339837365,0.02754956888792691,-0.13809428197678303,0.04242093321425186,0.0007559606833095456,0.016427883743385895,-0.09011953658424791,0.05232007216257267,0.019736619026570857,0.006603567031231912,0.0459875395615132,0.016604661097640083,0.022558705367289832,-0.005264010666848047,0.08581536571443844,-0.02062136980363929,-0.008372557870148758,0,0.7729343426186321
13413,0.1399441467226372,0.03708081423834316,-0.013767387796535878,0.039895244202286156,-0.14030702324686228,0.06269079914328914,0.001088270578633765,0.028140461892126066,-0.11534254875217234,0.027365580511332973,0.024501724215950257,0.012620539936031043,0.028381130445105505,0.018700152603109525,0.012138665683819709,-0.013434735750578566,0.08126206462471128,-0.010807451809510897,-0.020788500451658757,1,0.8282572426046945
13420,0.14239881623848397,0.0377254419276654,-0.01784560286198229,0.0333674643962736,-0.13304157639682274,0.06946485948591953,-0.004291047167945502,0.01923870187199329,-0.09128732392462462,0.031241933611517517,0.029164360175815765,0.014940207943566316,0.03675172404553529,0.013522598330070289,0.007315393712850245,-0.013991221999070345,0.07801475064488202,-0.023628482417383308,-0.015796154078386974,0,0.813027661230789
13600,0.15227941176336257,0.04291822343447693,-0.013517970752542742,0.0335777865010671,-0.15069383483287432,0.06418653096612369,0.004869767463211956,0.038155315255017266,-0.10132760016766497,0.0474979200058935,0.0322484678574433,0.009536383821627525,0.04282577388792224,0.008914785719824162,0.018030427122918732,0.007248670178607665,0.06165319998692017,-0.010151499056319655,0.004278601773778478,1,0.8439121705475969
13683,0.14600096922398187,0.04621342405580941,0.001646578919092788,0.030776353055840578,-0.13943851237792798,0.04744233081629462,-0.007775740277893111,0.02948886366785151,-0.10239429466639074,0.037707141317695266,0.03358526808683832,0.00044283476178519143,0.028173811597203877,0.00473087555036073,0.023584104433300362,0.0015514915548928815,0.086114341112535,-0.013039768321240893,-0.015396385392422938,1,0.7955030891893581
13688,0.1396259793253454,0.04564929267795,0.004228216631855879,0.03693968629282228,-0.13745340578121987,0.06242551506732813,0.003036429740550754,0.022930469684754966,-0.10274007881275314,0.037214177402708264,0.02785922438649907,0.01002101734409027,0.023305245917790297,-0.0031228241860674962,0.016352223275389637,-0.004818658989175938,0.07966745094739078,-0.014873255751253707,-0.010725670612046326,0,0.7829888228269922
13914,0.12630715527679381,0.05203817981721692,-0.0027780818217547935,0.03612188121413713,-0.13655767846384742,0.05270881769251182,0.004191837112365938,0.023564044801481897,-0.10502528993759258,0.047901665880061936,0.03065629027084801,0.028480452083293483,0.043464750671814836,0.016139806403737255,0.007550135064343283,-0.0008309179621476498,0.07149376096514756,-0.026775382156800698,-0.010199845578260418,0,0.8227859731741575
13939,0.15387454125064864,0.04684388504587427,-0.0038281653265293154,0.01900925844583668,-0.14951377225030116,0.05924394721561814,0.007113212501395234,0.023989332939561993,-0.09463661258880471,0.04033301782538894,0.032478262777388925,0.017704169511251828,0.034948399561880346,0.004652700510910649,0.014378342185394546,-0.00021118845220903005,0.07138073515887564,-0.019065686140913814,-0.01559820833268753,0,0.8088034380214714
13940,0.15193065371600636,0.030392521817878302,-0.0025729804307868653,0.02998568289308522,-0.14537566881925118,0.06546004853902701,-0.0019211863271943958,0.018523911335849193,-0.10833381014268002,0.028266384231717782,0.019861971379057687,0.004225608305143409,0.042615335863975944,0.013408839768157382,0.009914756332984703,-0.004725477120909001,0.06132921530165122,-0.015895383824105408,-0.005943121727046165,1,0.7606825578765073
14022,0.15039329794156805,0.04004038552468398,-0.01665684588757435,0.021761948016657158,-0.14611973861803046,0.04934004255321709,-0.003887359531092035,0.0360710096207158,-0.09953061708632122,0.026146635754240633,0.021269636917288053,0.011954563588998086,0.026777146233470484,0.0017240090405292255,0.007524944895357627,-0.012062422650680676,0.07091664009765854,-0.03348791348057326,-0.03282916896948951,0,0.8084943264081462
14036,0.14582069580267604,0.04688611114750628,0.0001549449268609823,0.028392794811234027,-0.14048661671422985,0.0671227530808959,-0.012758864478345936,0.021412610223373478,-0.10487683907955705,0.02782797425530566,0.0239232803805203,0.01157953715001951,0.0231275822937052,0.020585572352188462,0.00960835205178486,-0.007048423803224532,0.06936343887770816,-0.04100233541421421,0.005989117098911974,0,0.8079678439422624
14043,0.1036500727281843,0.03926743543910798,-0.0019000097395176674,0.029414498708657807,-0.10263128055985625,0.04326494115199508,-0.003590329538000231,0.024331322682152018,-0.07434639897274534,0.01457311289961,0.022470260357824276,0.00027123988962789863,0.017267567724258203,0.004595904081795478,0.013758416903948602,0.003480834788597079,0.06357948239116676,-0.0108719754448243,-0.012349480321848986,1,0.5856145643237183
14058,0.14443790834111114,0.053422545350580025,-0.004668134390772295,0.02438872156638627,-0.14805562475913814,0.05984170022428668,0.014099686192083476,0.015902505955515175,-0.09943035039853865,0.01998354663176372,0.029571642815878138,0.0047711681632840045,0.039988122809880025,0.012572394276309533,0.008556599083175444,-0.008509820814668114,0.07067247321499417,-0.022787344979182656,-0.024207721608978387,0,0.805868011576526
14106,0.1405544256016541,0.024826607252013782,0.005106905577313733,0.034615483800461894,-0.13825550857521832,0.07603388908380496,-0.009552191522986957,0.029668238741034306,-0.08833349683871108,0.041691077354793195,0.03304478903834571,0.01523980164350466,0.048057127712500564,-0.017515391254675508,0.004296156050790237,-0.008545426092265005,0.08933293292522886,-0.008761447027146534,-0.020044159902973552,0,0.8334750559954229
14112,0.14553477976660917,0.031694791240174214,0.0024338165238722703,0.03153955678829252,-0.14107906609688609,0.04861891565219558,-0.00294285428214469,0.017257569015950755,-0.0962796500559121,0.03137844227753378,0.013037761563437708,0.010558079905300369,0.031577017938427196,0.008740354057262716,-0.001349857852838741,-0.014053326969549678,0.07732427845947198,-0.0300190671031641,-0.012236612734981946,1,0.7476557982840056
14222,0.1463300393941919,0.06181200546409646,-6.258116834723649e-05,0.03218500034362162,-0.14773156056851677,0.07086613223944468,0.0011079228477291034,0.015006298466877246,-0.10217692114702157,0.027970565955829176,0.026220610587101463,0.015305555383976325,0.03127171062925862,0.0057560013809680845,-0.007131442294425881,-0.00915023038698957,0.09335406848849055,-0.017560644212620373,-0.006722248403333603,0,0.8177215393628402
14238,0.15465198837490382,0.04066414347123679,-0.01623715815702244,0.042848542930673986,-0.14551699774099142,0.05938565142454176,-0.010290436962277064,0.01737448584095152,-0.0984393649426964,0.03290208666419926,0.019284363268324917,0.028711215266684704,0.04476354741601266,0.004105841109872349,0.008401910924721735,-0.00409845563347224,0.07259996022399766,-0.004649770864923763,-0.017197277239740953,0,0.8221231984572455
14384,0.15257731285390022,0.035351664293568445,-0.00572007662790669,0.0285569781798887,-0.1421965518765296,0.06241710314306987,0.002968534089349977,0.04323096238559691,-0.10833254531561634,0.03019098374533115,0.024116721819613423,0.00018011072955824263,0.039993299505076185,-0.0011017225963018676,0.0023397990742986944,-0.024965463340194595,0.07893977578972527,-0.009131439565846423,-0.010515731521264133,0,0.8028267764526368
14441,0.15098679039557994,0.04832905323504083,-0.0030471009593023095,0.02704343168303313,-0.13905139302382147,0.06113294189746496,-0.0030755249326982876,0.023005883888397072,-0.09171426336678852,0.021302305362424716,0.01232494259961901,0.021834048984581814,0.03316526931451652,0.006828097385035703,-0.007531015005828308,-0.01424254145593359,0.07604289050171202,-0.01562955726923745,-0.010697722386052643,0,0.7669847736470683
14462,0.15082782816857526,0.05115340078533366,0.004181419331620559,0.04180523821794764,-0.1326197045770529,0.06117143930604214,-7.996514795403344e-07,0.017529859285122528,-0.09846211632562024,0.023854890890789265,0.025714048299677713,0.01959793547559293,0.016034364145492714,0.007788947021116628,0.004086103346124778,-0.004643694944776668,0.07527400349263082,-0.023434700104594385,-0.025904246669451614,1,0.7840847400390419
14482,0.13939652330010505,0.04475570388409658,0.017223624082747874,0.027744994578963206,-0.15439764510754383,0.04824242940231417,0.010576192849395151,0.03450587061756515,-0.10473574503763337,0.03894158337494468,0.027472457363203927,0.0260849142713033,0.04208125504030864,0.005486335028849198,-0.004129676713136347,-0.0033462642720673485,0.06971306961994098,-0.009686409155280396,0.006849139260965791,0,0.815369832960365
14571,0.12901286322225405,0.042634911566564654,-0.002800937593308903,0.03092743964972456,-0.12530063615664153,0.06344024910485949,-0.0054211649936514155,0.02117247762585335,-0.09490328094201189,0.02008237463346361,0.036674583369469896,0.015609307020907888,0.03330265078570775,0.008711503876044425,0.020794071013151602,-0.005631466615112436,0.06959898445092468,-0.010432785001201985,-0.021428293414831535,0,0.7578799810356857
14579,0.1479091742832265,0.046246886130792905,-0.019343496358563694,0.0335055532609129,-0.14637385136922296,0.0674772693871692,0.0028312617662353654,0.027999731889427313,-0.08333764293963779,0.04647446653876931,0.03407692878003366,0.006993311906921276,0.035744857804467345,0.026983286697396414,0.006656797791289358,-0.009395346888742682,0.07439776873935115,-0.01678359874597768,0.0006789718169654426,0,0.833210203095103
14594,0.14813584483007755,0.03434662201372047,0.0006962673736238897,0.021630492327073942,-0.1384162126263621,0.07651429342218896,0.015751053680173287,0.02949493624395941,-0.09215638664822977,0.03355557079730197,0.04438921552610317,0.007721537216866471,0.04564538266244839,0.01669195958368584,0.0191377340307215,0.00285608591079687,0.07839985495380035,-0.022687735164776585,0.0029598928430594087,0,0.8311870778549699
14607,0.1349346406022171,0.03556297394461754,-0.006984088183846291,0.04684445723249323,-0.14894861117497454,0.05501670028935156,0.007994983974918927,0.02699639641314724,-0.09741696113613606,0.014040595809429422,0.011758105708442787,0.016446524346986367,0.04166601016130471,-0.0006142094756596704,0.0060548130164691134,-0.01619465817316394,0.06535140098184215,-0.0076215848900295785,-0.0006566941320847329,0,0.741104409647115
14615,0.13605044842985095,0.041499319264237285,-0.0033949720446861537,0.0368747319228918,-0.13762958383861754,0.06616903649599655,0.002460748775830483,0.014836223255049739,-0.10083798390408369,0.03509791242938375,0.01965383712697746,0.02820123895083458,0.02822007292961055,0.0012108343893121097,0.01709340753207389,0.0018453916662958768,0.09053628033051991,-0.028229038033665988,-0.019799307473624874,1,0.8096403687935432
14651,0.14924404936569288,0.026210168098241227,0.016447240847630547,0.039519645313218464,-0.14474685156558093,0.06062900524336473,-0.016158792352352704,0.029858078319385948,-0.1058861048040003,0.023919457563886352,0.023748172998630277,0.028072144008009295,0.04583162486555381,0.022235257580656805,0.005768680189271509,-0.012196855817506784,0.08401494253370789,-0.023853331111229864,-0.008095337305246274,1,0.8664357398831666
14671,0.14626547147448155,0.034931867285725136,0.002913088052168347,0.034183729252313576,-0.14089603964076342,0.045159624769086464,0.00872095541576372,0.020129071055431023,-0.10767161852115069,0.046097635823021094,0.029872208745070628,0.01441760330541286,0.02554804002750492,0.012501402334934755,-0.002466635872081737,-0.008963981023071846,0.070456236543463,-0.022107271403903353,-0.017773444553840178,1,0.7910759250991883
14697,0.14467279155764892,0.054823034260259654,-0.0047060569323305185,0.03747809610247206,-0.13891277249605738,0.0583628633723816,-0.00016177991422981525,0.019550476334212658,-0.1086464523459168,0.028609321450399024,0.021088133159627338,0.01890662443420361,0.02345845084455211,0.01790103626417218,0.004693647192132339,-0.013642019287697135,0.08128216099237855,-0.021781848236044413,-0.011899521312128748,0,0.8105770864888449
14760,0.14991324451863594,0.05215394289928954,-0.0013777367232978854,0.041730317832974595,-0.13073986940037005,0.05625910348337706,-0.006540939800282397,0.015240208162005392,-0.09476694086140995,0.039702722610850096,0.03341794109468906,-0.0003305221818494526,0.028334768027948237,0.020220997551867244,0.0010465064710116643,-0.0009187878982386121,0.0816340153622731,-0.027048684465997813,-0.023301217317205927,0,0.804678466663574
14851,0.1365531563993503,0.045388091918680366,0.009361035936615093,0.04032580893791297,-0.15985132667481639,0.0434464083459055,0.005755864402774594,0.01775596084430504,-0.10983863809760758,0.038387024015190604,0.03784718563126953,0.03814519178435907,0.038493325160114764,0.01179921847074439,0.005232808646841004,-0.00021935556956536917,0.09907624179502215,-0.023401512750393323,-0.011792225360210185,0,0.8726703807416782
14865,0.13413294205988585,0.04922184775447898,-0.014840919383730684,0.040412505357386594,-0.1364888905496922,0.05577805945605572,0.020285141638273548,0.02078127075412676,-0.10297575327886614,0.04486849421802961,0.024862478351493165,0.020433491119008957,0.031060944043187343,0.015432904663951747,0.009385562523310114,-0.006485929416438371,0.08537820862742818,-0.033137537383958304,-0.016709383023373464,0,0.8626722636026757
14872,0.14154590051171836,0.029334748715818273,-0.009365188040807163,0.031384012451224186,-0.15251758584602929,0.06332317866806397,0.003384243248528121,0.028846454802575684,-0.1043848325654528,0.0348899909872406,0.037613865051196266,0.017527834838018314,0.04211591202805528,0.00219860122204505,0.011092747657572923,-0.009728766960923367,0.09091911594363063,-0.006061860765556371,-0.005015891750975785,0,0.8212507320554324
14938,0.14123804595769127,0.056272160120512754,-0.011938237858895931,0.027868672156675035,-0.15651500369777285,0.06770484575743814,-0.002822660925098322,0.02913820595685347,-0.108666796926993,0.03144107982682864,0.011668518952344041,0.016936285260893958,0.031527283893241734,0.003668215194519478,0.017082091996162004,-0.008377865395059875,0.07314312924045913,-0.032198294118254076,-0.008115835597008104,1,0.8363232288327018
15069,0.13595759456603917,0.03314976150616414,-0.0008940551927405369,0.03348686697377551,-0.15178449741000657,0.06216875758771403,0.005115444582953791,0.029865373347310428,-0.10298313718917644,0.044387037310492414,0.02893163216493088,0.01769839029869729,0.035383159561469146,0.021967348013126504,0.002905171786881733,-0.016855014881118912,0.06705164172976806,-0.040423564566832486,-0.007976714728823053,0,0.8389851633980211
15112,0.1387716512843325,0.03444458533427374,0.00401804766182878,0.026506490565106015,-0.14127233604381717,0.06195416900430896,0.00384740489667548,0.010028789882424878,-0.09988165933547247,0.022556730590013858,0.03402987362992597,0.025988766995449285,0.03703463837928365,0.020255081516330944,0.013353652498977952,-0.012084502183215768,0.0684117640917267,-0.02749502632164907,-0.016816011658258714,0,0.7987511818730719
15135,0.14525057149157877,0.03304298867688569,-0.0021358606151276886,0.025824914951263274,-0.16189993302019856,0.05255902873232517,0.00379879679339833,0.01940333888383339,-0.09220600485411419,0.03224198648453534,0.023160771933028006,0.02007663361767127,0.03101249505154682,-0.002400532709156854,0.0024216718969828645,-0.017757080331223134,0.06520325132391017,-0.01458819962218505,-0.011626854941037094,0,0.7566109159300016
15145,0.15064499539025436,0.06038612005519319,0.0007163661658616762,0.041755876316932526,-0.13387982403102766,0.04673401842341081,0.012438128910501653,0.021803185262147102,-0.10129520033062953,0.05714872913988863,0.03314640511749687,0.01363788151260427,0.03499556247172336,-0.016082783731826387,0.014886056817663525,-0.01079811558180443,0.07638149342691876,-0.015145648537057311,-0.022379297023442334,1,0.8642556882463844
15147,0.06374133625194675,0.018399376338139633,-0.004658024596181456,0.005448435722874825,-0.06827938251568837,0.033547975177654975,0.01264110146063698,0.0009091654657010192,-0.045511368636540726,0.01852743601220765,0.019652690973889594,0.016001895286714102,0.0006140031273877538,0.0037871071047753295,0.003576447257430254,-0.017725981649351887,0.03234375454690304,0.00790329086705149,-0.01332443694521791,1,0.38659320993629376
15165,0.13934753863160718,0.03964568873801682,-0.002531684132735609,0.04832948759793288,-0.14897216511871372,0.06682253117056959,-0.009765444121761262,0.023401439905382154,-0.0949712726387062,0.03976203764760734,0.018705937033269806,0.020096939135241076,0.016522498646934808,-0.004145059512700269,0.01161082719722639,-0.006555929256006831,0.06808456939309158,-0.023626440975793805,-0.016546518919343126,0,0.7994440097726404
15235,0.12387932634453765,0.03761009419164647,-0.007213906851824924,0.023674113671391255,-0.14390105130555614,0.0639078478001719,-0.0070337012529322705,0.014764883828565058,-0.10005931610663411,0.04061342848808723,0.02474094943055874,0.009142592022704319,0.06393541001279338,0.010025356316707824,0.014908588221214464,-0.004334826202920822,0.0764960239858088,-0.025579526255006254,-0.01692788958536697,0,0.8087488318744286
15245,0.15259466374282749,0.01544961455857887,0.008750775112220098,0.027563739801532587,-0.13712349383286906,0.05816994418926756,0.0008482796125271374,0.01916697908645353,-0.09906838260510355,0.0452109833986769,0.02806356203071304,0.02378066730714023,0.03300003526219476,0.01806576318963399,0.011104776505178266,-0.00298986050121707,0.09353806382808726,-0.01755156222617264,-0.00846447046035956,1,0.8005056172507536
15271,0.14479396639128797,0.04007939980711016,-0.012246099165400766,0.030712222324044677,-0.1318644923122425,0.060525863123716314,0.0060998083024972494,0.022153246975911034,-0.10031875192159585,0.038088716290739476,0.02564241868179431,0.010704527659257975,0.025196071084099523,0.008263708335916308,0.004158202477977591,-0.01277254850311545,0.08032293079521001,-0.01841059583461497,0.004203722024157962,0,0.7765572920106901
15356,0.14670824570406382,0.04848900281281835,-0.01096111622918763,0.048087056778027305,-0.14719719346402077,0.056990667838652115,0.0004596953221631212,0.021257339543809792,-0.1035642679976886,0.028800979625832387,0.031986304606150165,0.03288404594705367,0.022520620589876222,0.016318079672062766,-0.003788912036927545,-0.005832200501458882,0.08187082083162465,-0.03646592050903342,-0.009058181821901346,0,0.8532406518323525
15460,0.13752935566205973,0.03384670219949174,-0.003518141535636613,0.0318049696244127,-0.13399091227232973,0.0781260889275604,0.00023965908324056698,0.023925910671857942,-0.09664743872722782,0.04005764680896314,0.04848874539022753,0.019665449995226413,0.025638028132028538,0.0012952853619014283,0.006960372870978958,-0.01603228108286367,0.08068021179534761,-0.02768730467344197,-0.01472658748164797,1,0.8208610922964444
15506,0.14856074115501586,0.051616176794263384,0.0011999047316284565,0.022533638746666175,-0.12938343964127633,0.0713411538991304,-0.0041499118346125415,0.024561263353739243,-0.09971901831690724,0.030064223331368278,0.02227911413247006,0.012608458522386175,0.024242697522265367,0.008427056173519878,0.007627913605858618,0.006735782309022776,0.09170962384354572,-0.028061131627255074,-0.005302145708980057,0,0.7901233952499116
15572,0.1394840322686598,0.056888513506286265,0.003958652788863905,0.02969075014479215,-0.14244065694915006,0.06686880975906374,0.004001667139097661,0.035385319631468945,-0.10184599065845833,0.025646713536386125,0.030620423433957877,0.003932988859054594,0.0326054686263329,0.021615547580649423,0.01592855564443731,-0.010967608592510104,0.0804070624573399,-0.038289677623905324,-0.018216504562413204,0,0.8587949437628276
15676,0.14610444102688294,0.03942969365876947,0.004633692823673631,0.03474555567366869,-0.13895265839818338,0.0724038510305427,0.0027386658255779462,0.021179372729647834,-0.0968771712419947,0.030329347920001054,0.03653466102509787,0.026907426251570523,0.04063781569010513,0.011969612689292058,0.01316785128954709,-0.009942658892148112,0.08517564026121936,-0.03466360661242696,-0.012699697499019908,0,0.8590934205393693
15753,0.14463235756258025,0.04909642037352518,-0.00020070476366907465,0.030280807440135865,-0.14577455799318145,0.06885153774392475,-0.0024708991984559903,0.018944913766514807,-0.09351734378297076,0.04554098287691518,0.014943642826324138,0.01920904974523989,0.05351972507139938,-0.008861515342234089,0.005970024870816398,-0.011689731820121514,0.07998836641473538,-0.012143562294869422,-0.008722219262006977,0,0.8143583631496205
15852,0.14314451519460342,0.04941710526517465,-0.01261850341676117,0.024037418580730094,-0.15225591790094675,0.04558247207016166,0.000645062919257873,0.03142812389900356,-0.09518884543671985,0.029581039583902458,0.029731040826009483,0.0008856512864466178,0.04367603409426269,0.012414958650543588,0.0016560096365868108,0.004522435187121058,0.07829741992719978,-0.015560048699645022,0.005076552958311718,0,0.7757191555333882
15864,0.13883419802329794,0.041516817844159976,-0.0028246602138841215,0.0329459524427535,-0.1528718856432609,0.05425953754688841,-0.0003152599742600364,0.026506139809283784,-0.09185389818015188,0.0307855279026864,0.012070567041542649,0.013433945895718011,0.033664366073774536,-0.004546805065693841,0.016873739753807723,-0.0064094430273829136,0.0768139551902313,-0.02537062088333719,-0.005423453592313636,0,0.7673207741044288
15877,0.1439488181235063,0.046453933321108164,-0.002033437392871024,0.04280363337300986,-0.14324378472362748,0.07402192927882352,0.0010363411846280252,0.02950110146786771,-0.11539279727967297,0.02779865768010858,0.022041822892995413,0.014816977960293581,0.02357893318094199,0.01551780860561308,-0.00429990471063749,0.0007928654913295879,0.07515579821639737,-0.014226342541178423,-0.004621024684590166,0,0.8012859121092007
15906,0.1339096832982898,0.04567809444135075,0.013433531858562968,0.03367671984591021,-0.16673380997168596,0.07662229942047136,-0.004088384607354784,0.017474896041926608,-0.10083170082487938,0.038675859255291004,0.04249522864677361,0.008452237985335648,0.046729305174226146,0.007904067790564798,0.006257585181613075,-0.017545556636319383,0.06814638614788567,-0.018822393009253188,-0.009654346016496172,1,0.8571320861541906
15938,0.1512126748587443,0.037169570212315796,0.0124436964819798,0.026252333297544308,-0.13464282832765642,0.06674536148804339,-0.0004548911590787676,0.02162876786497907,-0.09235210724995614,0.030054989197734586,0.025036268264686117,0.003189974684309824,0.03675206190917082,0.00857639194574186,-0.005653117147386598,-0.016002887062706646,0.07359331469477177,-0.013049172873161086,-0.010771698917195805,1,0.7655821076371631
15942,0.14654422941486656,0.03824545586758498,-0.014278765807420704,0.022971338926603205,-0.13650298052796808,0.054224054583071196,0.00515301529185172,0.017663827403542474,-0.07949029533913018,0.03900052891373917,0.02126382900322506,0.016837447686956344,0.036570011336294096,0.00970576431023944,0.010326347105826606,-0.0028786024930419615,0.07909096039422682,-0.019452483005795405,-0.0062702239182631705,0,0.7564701613296472
16040,0.1432196492685632,0.049006322404411544,-0.009806441821956792,0.033931895497967275,-0.15179834724473062,0.0755534370039557,-2.210273742506489e-05,0.017979825058314428,-0.11676749239785786,0.03987853153635269,0.026078485962763104,0.016903222815819966,0.03131405769221993,0.007594833980301914,-0.0011196809950449885,-0.0019981107590944405,0.06919573434105832,-0.024023292004373416,-0.011283894084688571,0,0.8274753576068998
16133,0.1517773804822473,0.04652628493823183,0.0005029178531180924,0.04732378931599395,-0.14641636177852843,0.06360701037135214,-0.003089455938449781,0.02298800105477827,-0.10159205115619566,0.036286656169136636,0.03725857475603123,0.02459625858596993,0.03077218986296229,0.007609986139403589,0.016724512987412787,-0.0008234861984252711,0.07112295571133628,-0.023160460215265997,-0.0015887094508122734,1,0.8337670429656517
16149,0.15030198706433281,0.039434512555583834,0.00533171331606811,0.026487252857960015,-0.14914770100542316,0.04693139514279161,0.0014446090554779039,0.01943178469395014,-0.09932517268775942,0.0337223744116637,0.013616456443457828,0.013081145782998998,0.03036771988307314,0.01593763854908832,0.00463977783688506,-0.020636321986865252,0.09317319378042227,-0.015017308257624144,-0.005993569704366442,0,0.7840216350157921
16187,0.15167906666965913,0.04072658066102407,0.013072554856062199,0.022704756889762964,-0.13860437797242897,0.05253895853175999,-0.0018546565362450292,0.011118410242012383,-0.09804171434947351,0.02922811920215241,0.02738082672309923,0.017861793888997564,0.02621892807475303,0.00666676158311438,0.01730634750218389,-0.014222873915830651,0.09403642632351443,-0.0258992551936286,-0.008471435449552908,0,0.7976338445652553
16204,0.14816227255220768,0.04754972918266572,0.0019363603357802199,0.03927375722189437,-0.13919581237924555,0.06356433564796019,-0.009589048217482361,0.030210148789013513,-0.08966399797579704,0.025379730203609927,0.02308915878893333,0.013332992599898223,0.01861155206422201,0.007372134981517979,0.010321318176992144,-0.011222101122557176,0.07858888291104871,-0.03162704816075916,-0.021745814450291598,0,0.8104361957618769
16214,0.13658307862342292,0.029707617737885134,-0.0036241078304769993,0.02746589964179941,-0.15467657383207134,0.06954137347710682,0.003042499506140201,0.034297570755836594,-0.11295199282100774,0.0398500626611858,0.04259681984571588,0.016933159420780393,0.0306728406753152,0.007126278549930729,0.008773767476598412,-0.017421850869668312,0.07488259333166825,-0.024714934997202277,-0.018401186950685166,0,0.8532642090044975
16221,0.15271443418273586,0.04741637359558677,0.011472384512434479,0.022392747856985223,-0.14622102545180682,0.0667429666574008,-0.008232683619675118,0.018813685342940485,-0.10693095795763748,0.02007316209824515,0.018846048954438796,0.03228936314173944,0.04708455479989205,0.02263571549949067,0.014481432075272846,0.010591105859206218,0.07867688904596996,-0.017101106805873036,-0.006825408070140316,0,0.8495420455274715
16284,0.13689006559185193,0.05229702584339046,-0.015550327036282919,0.04791021277208187,-0.14701414529888676,0.06673550060824102,-0.009482641371715575,0.028918305203115724,-0.1055290096015415,0.03864657255892599,0.008887601097498898,0.008043086268774922,0.03811977128940266,0.00932416765335278,0.008846657751835747,0.003969705432392636,0.06941541741780508,-0.02471261409043222,-0.006440078388584618,0,0.8267329052761133
16334,0.16376687672666507,0.048614760532458584,0.008689423845494308,0.03281966208990061,-0.14537894717819674,0.057641258490109454,0.006149415002840482,0.026505112690306854,-0.10137303907396494,0.039078513831677486,0.02747161991711961,0.02374351991997718,0.02857258682849434,0.006975502562053107,0.004948257308449116,-0.0022823879961099895,0.06473938246386791,-0.004409408213230728,-0.026035058126074807,1,0.8191947327969913
16441,0.13535021972436476,0.057287283896329894,-0.002897688144318918,0.025834354389292782,-0.13887908887892808,0.05801618010878637,-0.012652622644032788,0.02291100537773775,-0.09182274686600903,0.0267318610987724,0.0340982496009617,0.022880356093699174,0.03950299697623558,0.005398231871198887,0.0072290353652810346,-0.022348627877018593,0.07375411150560751,-0.03981126025581295,-0.006878030703553124,0,0.8242839513779413
16586,0.1493521263777078,0.032698863642330704,-0.0034082296220280537,0.023759592473740924,-0.13997320821123327,0.04959469016100781,-0.010508900135269377,0.03396566436809109,-0.09663209732970551,0.04134887846788781,0.04398138308693296,0.012583007446728165,0.023651092970579362,0.01554874732130642,0.028997838232334195,-0.004706828304249759,0.08928162227495054,-0.01067122309729498,-0.007968000636311276,1,0.81863199415969
16687,0.13253792004502504,0.046912429186982046,0.011031351626422962,0.029654306116361186,-0.13946646517353517,0.0610624837492626,0.0117324859902308,0.023200985390662274,-0.08371125306820075,0.04153504993879644,0.025738681086308265,0.019467905191245968,0.025722257042436282,0.0032224988419069234,0.02533513433123649,-0.007819751803766407,0.08882860159717008,-0.018079784094438195,-0.010761396004177047,1,0.805820740278165
16763,0.1377376007875184,0.047853543011515634,-0.001756875134698708,0.034724472240973386,-0.14302269434979248,0.06980850763632036,-0.011310573535969542,0.018799967680995407,-0.09121519426675273,0.05178585985759001,0.03590205078206254,0.0016942322567772112,0.03803475176727009,0.006152644332984224,0.006258227866355454,-0.00984680576361486,0.07768949030094893,-0.017923086485351517,-0.018009987032584156,0,0.8195265650900756
16801,0.12763852710862594,0.028959031377485685,-0.0016646363677512352,0.04375112671747025,-0.1408970597282427,0.045906320440263895,-0.013874769643680337,0.01532463796086139,-0.10830745149258444,0.025673285016986333,0.02707073317495997,0.018392159721465125,0.03707570249828077,0.017205511345970058,0.008973800553266367,-0.011423102824939996,0.08376366594838841,-0.01368378568535765,-0.013265248649458569,1,0.7828505562560392
16863,0.1346342430135378,0.05856491846295451,-0.0032358214013062042,0.03801005071946677,-0.13252734336823108,0.06459414318058922,-0.008100057337337837,0.027489899368523616,-0.10960934004386827,0.030609820925914345,0.023447240608602878,0.019377328068685036,0.030506989896575923,0.01445229839679547,0.011744149225763586,-0.010017768742823202,0.08824337892331383,-0.017265793955120814,-0.019031681548947365,0,0.8414622671883577
16936,0.15241886487546016,0.04080247827166578,-0.010615653784259499,0.03783402744994956,-0.15129740858202878,0.08227044815638018,-0.006852137983620778,0.037201038553607374,-0.10162902427809027,0.040571398661433125,0.023119326871619838,0.019194372981880915,0.03548992494954245,0.01194851391845675,0.0044674367348417785,0.002308666761366273,0.07088903904199832,-0.008949878149397864,-0.013737257127644693,0,0.8515968971332444
17035,0.1452300381663703,0.05213854715512952,0.008642580147670284,0.0349254260614565,-0.14344108792734792,0.06825808842503642,-0.02122817250341768,0.012483792637055282,-0.10995125415464528,0.050244510626457586,0.029010994798503775,0.024653739191499074,0.03379571617182573,-0.0046736463089745535,-0.011458014972827262,0.00047907700904385676,0.09358412704174685,-0.015427405644988616,0.0006644603136565183,0,0.860290679257653
17052,0.13852870806560957,0.04603694614280206,0.0027884129957958517,0.03401181649919246,-0.12988973427212588,0.05905411231146159,-0.00267568715514382,0.012916948660607358,-0.09420012856757165,0.035329289522015556,0.015376126982933972,0.01751841053518176,0.04651854224192226,0.011686094001178647,0.010906450899463429,-0.010845593386631245,0.07549467142593547,-0.016391804871722877,-0.005982866348247695,0,0.7661523448855432
17059,0.16460191907868374,0.04437788098493622,-0.004890091830007499,0.038457602160174464,-0.15044331613748727,0.06891766011537843,0.001079086365318001,0.03521315285070283,-0.08693690429875338,0.024958823783712676,0.0213263342966448,0.006161569052926066,0.03677822839280567,0.017604872952729153,0.0038181014733034615,-0.005789721378966493,0.0836679590468447,-0.02044622913145778,-0.01322176648417277,0,0.8286912198150054
17087,0.140411819960785,0.05440366382846305,0.008558864755670267,0.041933548375908854,-0.14448324198477838,0.05606987254608285,0.003600863048782453,0.01884770656151288,-0.08572940533413502,0.017880996106149308,0.012229819569189233,0.021159731298835843,0.03947567930331272,0.021107841883563284,0.006344523427551165,0.0039700762187467676,0.07330045343735801,-0.009900818158948018,-0.009047319759965497,0,0.7684562455597386
17152,0.130343560712632,0.036220163070543446,-0.0017980541294737595,0.03165520009619182,-0.14659479004423862,0.05549333998577636,0.006370022128684289,0.01634807892413023,-0.09297685126399678,0.04823778649316925,0.03438824430145177,0.0238595861556464,0.0263195202363317,-0.008602854733122457,0.01588153508394816,-0.02122950763944909,0.078454871686274,-0.012694213373231115,-0.007730219597883081,0,0.7951983996561743
17182,0.14259418978356353,0.027647253353727093,0.0014687923677025095,0.038239898937008354,-0.14115235179274635,0.06743242521872402,0.009652695523681023,0.03132030107846293,-0.10262011444159855,0.02681644698556812,0.036173249657557985,0.027406682681025998,0.04376575988528532,-0.008578727544053437,-0.004092177027242947,-0.008735675535507914,0.0791268374539583,-0.012058682533172205,-0.007848942058960176,0,0.8167312038595468
17240,0.1491274908137721,0.044215484711111114,0.007405648850698199,0.03485546250771506,-0.1464810617018305,0.06172238655679474,0.0036390911838739947,0.018355296508382003,-0.10297344234577269,0.02070430042472555,0.02153762474807936,0.033263658413443524,0.025606612467863245,-0.007607812798712593,0.02262990817775548,-0.012010904110346322,0.0809061588750024,-0.02227765981349226,-0.0036399794125473706,0,0.8189599844219185
17263,0.15834537730703066,0.04534575924264409,0.0054220328127873845,0.033148769375208394,-0.12764873382323702,0.055589407408614594,-0.0012400381770085148,0.032034746070031664,-0.10488887241223935,0.028468805788349535,0.023939024048412166,0.028667968192232413,0.03273370122951514,0.012810166777953403,0.012379935243950882,-0.006568133434330257,0.0727924505863852,-0.019198129360525815,-0.008024113877154439,1,0.8092461651676109
17425,0.1485302692699274,0.03791432506235658,-0.005471638824773769,0.02444961859918793,-0.14293246015717895,0.04549753481454422,0.00448546881257847,0.03208353176532656,-0.09524523032690622,0.028594339988360955,0.026748369114877914,0.019286950756902992,0.02402220866922067,0.011059902605074199,0.004150762590744564,-0.004347969222718911,0.08919368278899781,-0.018306894154767946,-0.0003201245573778316,0,0.7626412820818239
17469,0.15740154955635313,0.05670336207466509,-0.007342900179317468,0.031070414969675702,-0.1526433526417136,0.054288434491573154,-0.00681953720865167,0.048382780427089454,-0.10030528206353045,0.027202142692184638,0.027484019901738842,0.028820549355014626,0.02625842881643792,0.013845198208865622,0.012670332437063798,0.0030650487558825106,0.08932590942327095,-0.02056078682268688,-0.0029547873127745124,0,0.86714481733849
17591,0.161318798822244,0.03822818183912775,-0.0026722190143646293,0.02359574602681644,-0.1428670407852119,0.07172913772900688,-0.009198168711684173,0.028208942565439942,-0.09673929916007078,0.01121538962059617,0.03236294678345171,0.009388423594453339,0.0219858175775176,0.012393223709994914,0.005475157663755743,-0.019726687540281132,0.08438167588789983,-0.009064621365324167,-0.02007290472801007,1,0.8006243831252512
17624,0.14276811987837557,0.04968392635605432,-0.019126728655432804,0.03395874237185033,-0.15629758154384668,0.05770070310889057,-0.008607099333793437,0.018914803307952668,-0.09056885205956287,0.024245084904954976,0.02926814745899552,0.020140485738343514,0.032722224344522294,0.008918499945801565,0.014784008232308148,-0.004220344572444211,0.08737214539706942,-0.02440978378093073,-0.006168803276417023,0,0.8298760842675467
17656,0.14837772535431307,0.025660732558043402,0.0033300560980517794,0.03573192595060407,-0.13971744529133773,0.059116360193900826,-0.008505060416737676,0.01095460911469564,-0.0972715273625948,0.03888066149139943,0.026153437339906518,0.007319306072087326,0.02676325907835986,0.0006341102680472578,0.017147390918136267,-7.843893405024245e-05,0.07329955670965187,-0.012010076988648501,-0.01609655980034926,0,0.7470482399409155
17685,0.14840375762339153,0.035105851258885344,-0.0072675594083495805,0.024324005362927923,-0.13533752264322627,0.07074780107265881,0.002821123670955071,0.023294255300973354,-0.0857959754740564,0.020062145254767436,0.041019834229332336,0.01263488022222915,0.03042137490505005,0.00951862731378309,0.02287037306454872,0.004755700813551413,0.07308579660844072,-0.01869132070395356,-0.02003347634709372,0,0.7861913812781745
17690,0.1745820196906592,0.05557889889555244,-0.010137104561713663,0.034131159368582575,-0.13022787296275012,0.074109716872358,-0.007926167982022453,0.0187015186893251,-0.10245734057608133,0.021540351942150177,0.03598041670728162,0.00497343412469264,0.03043741945943008,0.021440730740097613,0.007373719275124291,-0.011475636564033801,0.07617959181363303,-0.002858630869511777,0.001757777965623966,0,0.8218695090606238
17759,0.1496740080250486,0.040819946282271306,-0.013423478853562978,0.025943969160912704,-0.13442982176220936,0.06418845447341368,-0.006287440132577206,0.015117508529786244,-0.09999848013870466,0.040662119118001126,0.02768402857603972,0.030153407841163587,0.03227447354036224,0.0061696293720323245,0.001589661148820608,-0.0008487876530309171,0.08097184070607898,-0.017857920444210897,-0.0016401291276607465,0,0.7897351048858878
17814,0.14242890212085238,0.036853665597346257,0.0030042606159245773,0.03872797963791005,-0.14274530543091146,0.07127487430884362,-0.00415165609389666,0.0007669096708514505,-0.09972993658313396,0.026440082535701587,0.03718598401915181,0.01696653202883247,0.034071657952774725,0.0233233312883363,0.005675937630786816,-0.009354649539197958,0.08638035598069305,-0.0145835259021622,-0.010093373463781394,1,0.8037589204010888
17841,0.14845556041091734,0.04958263119643988,-0.0038717282784869974,0.03323897928968073,-0.12897595487507127,0.048620672592410756,0.008476654112037975,0.015726082447945662,-0.11396475517919183,0.048600443931427095,0.017227704313417604,0.011194573873563905,0.025650386196899497,0.008789469760438939,0.0009488969554924264,-0.003456844167604229,0.060349544881087513,-0.01500729013920901,-0.006884359055888579,0,0.7490225316572112
17864,0.1493248457235777,0.03284672519676492,-0.008488356780703378,0.0521860245065622,-0.13796173689050714,0.06827870064436554,0.0035011188212326684,0.010954228745940068,-0.10510713129599013,0.035339019782552085,0.02430407214619872,0.02402581990321368,0.04232832423043049,0.005265714912116694,0.0065118966784839345,-0.013081220153432068,0.06819470843565029,-0.019041684553943342,-0.00768010703398868,0,0.8144214364356537
18020,0.1461673316991015,0.028972412870678026,-0.011508895614862928,0.028238317845922293,-0.13664862884666668,0.06668189278123221,-0.008379657706185909,0.02340554051561794,-0.09346196953148236,0.03810997915485043,0.04554668171964938,0.002383816563894912,0.016819330666596518,0.01476007711106339,0.02841659210195424,-0.004665770029835554,0.07020953566138874,-0.012075919994220523,0.0009603924946758848,0,0.7774127429098794
18030,0.15147319852314503,0.04030926430992159,-0.006567311973029491,0.02534854427821446,-0.13527418455661477,0.06676488470531033,-0.019924265890002638,0.024913350272395367,-0.11200677285345342,0.03369467538666654,0.028538077557441737,0.013483016141071133,0.027966134808288145,0.008198502344694682,0.01232811223398531,-0.0040146915302580735,0.08159656375655729,-0.02277173239882718,-0.0048846763851336334,1,0.8200579599050108
18044,0.1469224257886031,0.04877625897752322,-0.020752169460840016,0.04514383747047977,-0.13188258443496637,0.06019549766236183,-0.004990828799303586,0.02988732439531558,-0.08623021200615007,0.03215643816457428,0.027059664737496762,0.021108134967657875,0.02716508885105428,0.015032848352833002,0.015865782715784805,0.004952449778200904,0.0850730803737465,-0.02543621469355733,-0.01200835166621017,1,0.8406391932966595
18045,0.15418620626392723,0.0547656368192194,0.0006005888020519492,0.030177636776296854,-0.1395594289263078,0.06270418538185696,0.014264594702163137,0.021286944194446315,-0.0942887243983108,0.04446549700298762,0.019241708873623312,0.012844644993206806,0.027597168514810012,0.006290386473040852,0.00629964718529889,0.004771688568754167,0.08224382664632843,-0.020092437625936106,-0.009990441253562476,0,0.8056713934021291
18068,0.14462179856359086,0.047444857552331486,-0.00885251152222318,0.039210542613878546,-0.13714028581845097,0.06428794497060221,0.001792825456605811,0.012712830501696477,-0.09866150121269675,0.03309215178219151,0.008633587934256354,0.012660935941748608,0.0348305117017514,0.0031984440839805794,-0.000464102739275959,-0.015251353209071304,0.08721659379846124,-0.03220658515624918,-0.014788800687131759,0,0.7970681652461942
18070,0.15361900642274845,0.04427523662977044,0.00910262294990091,0.0377090141967388,-0.15060935637437545,0.059539257313216645,-0.015977965229248697,0.011169549606733093,-0.0919731184321998,0.028944078988920097,0.03263925397787266,0.003885487457050663,0.019656036323568167,0.023897824316669147,0.010585176585736976,-0.009882692461945876,0.06660890839375039,-0.03196061135641808,-0.018287432584835443,1,0.8203226296016998
18086,0.1574020411520124,0.037872411268764325,-0.012366023948007244,0.028606259313121846,-0.1388448463222131,0.07726243443425872,-0.008150922430428883,0.018574892446876226,-0.10662816223655698,0.03815696445709871,0.0190693880293022,0.014102813677574913,0.036625809314459024,0.011645023576628865,0.0018050713892483917,-0.0038629086752343398,0.08377086126052619,-0.023475505075687852,-0.007295826353719354,1,0.8255181653617195
18230,0.15170908124461543,0.05128960629571233,0.0023511590317310174,0.0422445091895688,-0.15840584960924117,0.06703913858291385,0.009181913443035162,0.010986782370744196,-0.09416866816146327,0.022006669345784706,0.03305732581278576,0.00989312438186228,0.020918289188883155,0.0066806236441983935,0.006635938432671397,-0.007003244584947169,0.07099447359320983,-0.014561829018532585,-0.00607495329102723,0,0.7852031792229277
18354,0.1396859900770695,0.0322975222795986,-0.01444082065078462,0.028632352448868685,-0.13748974921131088,0.05385221727041387,-0.0017604560622457817,0.04037881109280125,-0.11086775081933088,0.032591303618654865,0.040528187479356687,0.00769454253512198,0.03291709317771871,0.01093756247337489,0.0020291885553265633,-0.012767035514842824,0.08958562854252376,-0.0291849292878058,-0.008814914434575645,0,0.8264560555317259
18390,0.13555093057464868,0.05365413915588087,-0.011838271435865497,0.027677185329778534,-0.12984123442118298,0.07465936888253127,0.010127450440938098,0.024844627544536833,-0.08459874890267369,0.029121131140837708,0.038285023467649316,0.016273705581781032,0.04287767823715218,0.017946738465022705,0.0025734878076334707,-0.006658153949350528,0.081649367903986,-0.009327155195649554,-0.01387622245475706,0,0.811380620891856
18428,0.13127620333935033,0.02113152441473774,0.003236560534780568,0.032904811130974924,-0.14485590584630473,0.0770747105014297,-0.002168899992448773,0.014251538834356457,-0.0975473899360796,0.039470213947119095,0.03304182957336307,0.0264960224143691,0.046676760022542355,0.006295965163198492,0.013749441376054402,-0.0013706581794782713,0.09651379518087402,-0.0274613507716321,-0.0009028137883337027,1,0.8164263949474274
18433,0.14235917618473182,0.047193447035705265,-0.010702168925147457,0.027130204127221755,-0.1300029583461465,0.05639089505032592,0.006722447742825376,0.01703421608685469,-0.08655752351483649,0.03709611866335214,0.024482433964135915,0.014771236725730549,0.04010856199548236,0.0034345737926335584,0.008157152648719636,-0.005666370226433597,0.07501361296820117,-0.02268305429237482,-0.021344833303884203,0,0.7768509855947432
18529,0.15606847332194806,0.03530330363344219,0.0031728691144179582,0.020434575366534258,-0.15384101829407024,0.060273809719657366,-0.0027244475654857043,0.015570025030792254,-0.10210266466570764,0.03061613703135279,0.014142473696391404,0.009005166098097614,0.03914981086237342,0.015656058052938397,0.007867976613913986,0.009249419847489664,0.07338264465647353,-0.015172523290348646,-0.013899921140657346,0,0.7776333180020925
18536,0.14140302982418013,0.03806810040526418,-0.017550306235368032,0.03557777246749845,-0.15813233885309178,0.07186095555866617,-0.0034658478078219536,0.02616876631047352,-0.10562147668906442,0.03332422656625793,0.03014033891805867,0.02886085918397311,0.020489496280304276,0.015769852154468304,0.022235898925267443,-0.02161827787005721,0.06419572601371147,-0.038096761646901706,-0.009019603364444854,0,0.8815996350748736
18585,0.11577729252896997,0.04472765184789244,0.0002909784568577033,0.028334361610867432,-0.13250240076195063,0.07905033491826162,0.007439872664423228,0.014878923550375615,-0.10183188717336986,0.033900636462410996,0.021413319690390804,0.01980679931072781,0.017569617645228935,0.016268152258973854,-0.006578606036792057,-0.013588322809322798,0.07068187536906757,-0.015679508318200825,-0.006153890886934859,0,0.746474432301019
18590,0.15206725542271304,0.038974115322959225,0.0027969589471270573,0.016016060782881647,-0.1340712023601376,0.047318731046634775,-0.009135859268741893,0.020442013930101116,-0.0917821150757177,0.037877175495367406,0.025317897403686652,0.02836897827204749,0.03360914566832495,0.01242455761125314,0.006695961776789407,-0.018756893415718363,0.07283002411621299,-0.03698179892014056,-0.01642877213216158,0,0.8018955169687165
18650,0.13481812921281808,0.04157522576628546,0.008625814405436605,0.015881972743499694,-0.13122653083645053,0.06131965884550495,0.009950509428411532,0.04088445297225645,-0.0957908806003679,0.03002467744654524,0.023288087549798872,0.01407148286891466,0.033945818302029654,-0.0020516038528192,0.01586281772535385,-0.019030201599292383,0.0780574481130258,-0.01149947433364744,-0.003729194513119493,0,0.7716339811155778
18741,0.1261460143580148,0.04529906138309159,0.004849603309215757,0.027824856742774313,-0.13947380716790558,0.059415793609314295,0.015551444503965128,0.025136022936689803,-0.09020191759168618,0.03246623210770233,0.007770941292887665,0.009730843038021532,0.04112175312791597,0.0010462666883875689,0.003223725070471957,-0.0011340506337000394,0.08972866360026398,-0.03521135802940971,-0.020807013403990885,0,0.7761393685954091
18762,0.14535446774717642,0.04183570097701948,-0.0062097562806358265,0.03215682933789139,-0.1435068958175069,0.05896804270142782,0.0017682643083015478,0.03553008449254524,-0.10157162979365833,0.03860098088035851,0.030294935590971083,0.014171461399674597,0.02308972818635356,0.008952881511979366,0.012528443427309363,0.0007853977922969921,0.07265201883407163,-0.01913776800382726,0.001073792346807825,0,0.7881890794298131
18838,0.12732116998426726,0.03425552603932479,0.0065053569675561996,0.04479219127777622,-0.1302016604131598,0.055967852424067925,-0.009304626270102347,0.026416467302973416,-0.07825513908152318,0.02286638605626035,0.02962064999976242,-0.0023592835469518516,0.027843386937877124,0.01226847880723302,0.00169999375578035,-0.007873431631206013,0.09180523843451752,-0.011727078158342627,-0.01884432895886044,0,0.7399282460475428
18858,0.13216952542892996,0.04092961592534732,-0.0058553237124162865,0.031902839361452516,-0.15077297281568186,0.062119400266042436,0.006503840144232595,0.022593947677798765,-0.09547467021639294,0.029498212549027625,0.038783248602768924,0.0064208674111826975,0.03431855518863591,0.016955258111939247,0.0038764156070199758,0.013401800228053345,0.07910526436743578,-0.019394077590872225,-0.002261106500871765,1,0.7923369417061021
18879,0.1273059189241132,0.06837220900065204,-0.0013854306913804661,0.03356843297929428,-0.13418289233547753,0.06838896480545154,0.009370433345779219,0.014584864693964899,-0.09952464453606862,0.04322089414320282,0.033668437659828916,0.014658447120491344,0.027395289699917082,-0.0008250431857590301,0.013077635974603758,0.003282108777126083,0.07135324624720686,-0.026238745746600383,-0.010038628392805468,0,0.8004422682597235
18939,0.1309380936987906,0.04841692241480167,-0.002448306896339137,0.02862549147797343,-0.13700882005673168,0.05848981492884941,-0.004076195024396291,0.02513219193533789,-0.08402470224167777,0.027866831194850807,0.021729112637561762,0.005416275201740849,0.03649807305653527,0.008240077000201507,0.01981217790111713,0.004571869673441502,0.07500581938985737,-0.0061899266182680835,-0.0050787358944700805,0,0.7295694372429422
18945,0.1305217628925493,0.02644126956397222,-0.0019505708853270168,0.03656080305359534,-0.14506742368369693,0.06610703091378306,0.0015996134986735737,0.014932184473794111,-0.09233197230478446,0.020724049534358583,0.03502116648238911,0.022526856684393866,0.04082601473261001,0.011280002863494851,0.013924881494002141,-0.007558593587096927,0.07075510241125224,-0.034929935877127734,0.0016344521107843875,0,0.7746936870476858
18969,0.14273779517975732,0.03433013283556576,0.0006101831668814498,0.035878676211933504,-0.13634916358978422,0.05546533424518469,-0.008808938642020245,0.0156299392493427,-0.09376950577015761,0.034355112521999555,0.027202125960685,0.007797652046132697,0.03929359063609812,-0.0034061811251436995,0.029675936238032174,-0.006530771299230027,0.08302480626792996,-0.022433833255981254,-0.01490743404452982,0,0.7922071122863898
18978,0.14124507060318742,0.05481072913850498,-0.0030653645852963362,0.038531615382174304,-0.1448651423941743,0.04823192197639998,-0.0012075446082126027,0.023354964873763564,-0.08832140007043232,0.04322400536241982,0.0300735194173704,0.017671760877796972,0.04100755234728766,0.024827404728936815,0.012144472726266576,-0.007750262826886648,0.0825020880302722,-0.024951166897108672,0.007457695627934848,0,0.8352436824744264
19024,0.14562787448873918,0.04653938682385668,0.0014940441015386312,0.019020238420235928,-0.15021203522471197,0.08531814725247124,-0.001984033767225303,0.009449550725434984,-0.10344928265593095,0.030050658599844723,0.03038421824570018,0.010680066470931867,0.02804456173196289,0.01222452193234735,0.008454216861577477,-0.004672558692440098,0.09204381594439358,-0.03325133027393219,-0.008227524510397252,1,0.8211280667236724
19038,0.15135200310415942,0.053246969997779614,0.000407171834355874,0.03198733623122236,-0.13274235827521372,0.07317068492123409,0.009073831100482968,0.02031478214280906,-0.08862565159521543,0.018818475269635777,0.029021550112871053,0.011293533305801124,0.04408275262502485,0.0118195352540716,0.004097024502238444,-0.009651190183627017,0.08377236714332459,-0.005937898312865591,-0.007094353374103797,0,0.7865094692860364
19114,0.13726022151739806,0.03584241431051538,-0.004289834939742447,0.027733124016075316,-0.14496176426480656,0.062295026442356245,-0.003084733926388197,0.02709987340050374,-0.09870389839380872,0.032738268560815034,0.03179256912633918,0.020317931346325854,0.023295265552965103,0.003694661901865066,0.010893438272416288,-0.006405494310075395,0.0823945299110617,-0.03196448736514607,-0.009926788799465838,0,0.7946943263580702
19115,0.13752039053669202,0.042873103962898514,-0.00016639729759934855,0.02665534127758244,-0.1362447556612397,0.0742201263616655,-0.009561173862090027,0.03177636426066928,-0.08264026440504561,0.030187701158989826,0.01952784771494225,0.01907611107365877,0.0460856695765852,0.009823598647035754,0.0066989946208308995,0.005256967244587458,0.07635177907829216,-0.026003376149061747,-0.004615151323156194,0,0.7852851142126227
19203,0.14928625445972493,0.03900585692342539,-0.009702254349704956,0.02868802953460991,-0.1482106245740942,0.06401397605543209,-0.0009067023829176745,0.016291128067837973,-0.09823869339503784,0.030543231802283317,0.0389054693749797,0.017030472374254577,0.03495606674758692,0.002050254938133395,0.008831302440176948,-0.008914004798461692,0.07834255709682997,-0.01509553821464695,-0.013509256262787189,0,0.8025216737929256
19228,0.14413774789528316,0.04165264584185457,-0.01718550811448899,0.0454504841126848,-0.1326197969607821,0.06567850651242076,0.0022600205155150796,0.025776784476744526,-0.08890804821872754,0.024315569870386064,0.022321544392384346,0.018308165101664053,0.05046609601795225,0.006422430419497781,0.002357950190216485,-0.01555989123643061,0.07453824877409175,-0.023464922729602194,0.0011498387879080093,0,0.8025742001686351
19231,0.14667478762329053,0.049766499238196926,-0.0038987036219045013,0.02621917861105883,-0.13810200732799618,0.07001105036554425,-0.015529997079482804,0.01674730435191508,-0.10288834159166546,0.021949266173518632,0.022262862643958988,0.016088136013348322,0.030158262559735763,0.00800894506753227,0.00295262958372104,-0.009102361602615273,0.09222990858547964,-0.021938587409232005,-0.010741505948015486,1,0.805270335398212
19250,0.12862231142602154,0.02893541781246906,-0.004366145561192749,0.026709375090237197,-0.1257511215461781,0.048482084079033205,-0.011163364852007364,0.011491684897692372,-0.10045419584889648,0.026711728739133567,0.02922183024842556,0.019544710086867142,0.017295963751604287,0.017823249588386547,0.013181533763331291,-0.01376349919346744,0.080241575819674,-0.025982794017615943,-0.013477415474975114,0,0.7432200017972089
19292,0.16146653350088244,0.03616076497396797,-0.001008831341531187,0.03675821808007308,-0.14009410059325045,0.06277632561900572,-0.01079771337687737,0.01691349486088071,-0.1059997156704861,0.03288332207499334,0.033217467974887095,0.021743851159605206,0.026218819619039525,0.015979673451388288,0.00907598243391263,0.003915775416485631,0.07859056232960039,-0.029954274770790695,-0.02906380945243125,0,0.8526192367000891
19327,0.14122245111767814,0.03831620487135774,-0.0041078844197779095,0.021972106696158053,-0.1277488648634619,0.05991191857318427,-0.006090931315721426,0.016162002684523454,-0.08984442095705483,0.016585670049716644,0.026975188789177623,0.01959504226948043,0.015375727241566047,0.014064855201416673,0.007678898542329873,-0.00491874625845775,0.07187534497827085,-0.014806419078329223,-0.0151089724705145,0,0.7123616503781773
19377,0.13349820384594735,0.036021373217867976,0.004347275573954686,0.04261346509489624,-0.13627952332641394,0.06854465629578826,0.008748145654706609,0.019728226399620297,-0.10660889838881858,0.03930970801537982,0.023978641128448303,0.0066249453051523835,0.026337122981148403,-0.001878058758029461,0.008187223762970501,-0.011915482481755517,0.08620222927314612,-0.0029396218642681253,-0.011229994637651753,0,0.7749927960059644
19416,0.13176897988193478,0.04618652479901036,-0.009716188904563902,0.03959615058501175,-0.14188136657772307,0.062319723485965046,0.012191768163710658,0.03279963789344941,-0.08256791847048302,0.026316039363534237,0.04149704448441486,0.008596755515762378,0.04674452925778193,0.025336843478668932,0.0026540167958314753,-0.009583073616821284,0.06596402278815473,-0.022908188034598972,-0.01486096883917736,1,0.8234897409365982
19453,0.14849038640398948,0.039176767456755475,0.001627232584979927,0.030611535293293732,-0.12985644466769336,0.07764050097736928,0.011112983151944046,0.016740116791019135,-0.10291411651685345,0.03119700605886014,0.02398778858305501,0.014857443107309316,0.03728523538774649,-0.0020573942309197527,0.021342785181319365,0.010899987750490623,0.08487497815875829,-0.0010130231015953962,-0.005694229365224645,1,0.7913799547691769
19516,0.14710450956837132,0.038310438294623654,-0.006107693759384561,0.02350912287553696,-0.12981510668512203,0.04650598345512357,-0.008536943436749898,0.029577615356605108,-0.1042075382080777,0.024965046606812872,0.033711428957323264,0.004708130814894035,0.03469393878475788,0.010100209588800379,0.0056307755994613054,-0.017860868773502375,0.06685709534645945,-0.0012475664196853352,-0.017178432387928683,0,0.7506284449192203
19530,0.14149938562560285,0.03562004524833146,-0.0012357584848530791,0.03676411073248765,-0.1463046535079386,0.042084052635428755,0.001631447992504529,0.02736262896157246,-0.09986120735251496,0.0416575941701272,0.023966233298864183,0.004802585812648917,0.04307406875538851,0.009248155303658311,0.0017011489317712688,-0.02613382693346832,0.08123677579842,-0.012584393877334515,-0.011532361200839324,0,0.7883004346237549
19555,0.1313445235965555,0.038352778701730136,0.00103088545648912,0.02894079391681114,-0.1355314156228987,0.07875213434265832,0.0008514217029660112,0.030268681537605976,-0.08278293431221116,0.02676809175051414,0.03478359195115175,0.01516024242012928,0.031227488376782346,0.020857532981411568,0.005091948417459102,0.00252523900002343,0.07832348871239836,-0.011111468754708606,-0.01023092312108585,0,0.7639355846755905
19739,0.14414974365454827,0.0456289396660822,-0.005590294408660755,0.048664225874494545,-0.14395816513488052,0.06854443775828489,-0.010998044110258051,0.03536286307522605,-0.10381482528720914,0.03568068627995986,0.03527290015678519,0.008582223488099632,0.01957274213146094,0.02029993416279413,0.01198870651497397,-0.0073272918291235455,0.09763212990231808,-0.026365599055856663,0.004451707693525015,1,0.8738854601845415
19786,0.13183317646877912,0.0328863778805218,-0.0035105875770379976,0.02812150750354835,-0.14391070963855188,0.05052237058123948,0.005846892014764337,0.01819686788336867,-0.10522005471730071,0.039115336625118444,0.030740275031522036,0.004211366923350769,0.03300026413487044,0.01604091519056327,0.0046444435567168235,-0.0007184566453024848,0.06497208536834513,-0.006944066090161433,-0.01681226325976625,0,0.7372480170908294
19796,0.15037587079917064,0.051943503876462065,0.0018285296203216614,0.018944656218324186,-0.12650545426819476,0.0448808733369932,-0.0012782792688731512,0.020955934530139286,-0.09630992871495773,0.03100305689681049,0.03867856160491687,0.02130033549856635,0.032299362191096366,0.015534311215050667,5.7535569223924326e-06,-0.019773223752637206,0.08372814024036813,-0.020472717366001907,-0.016052360687269965,0,0.7918708536430771
19815,0.140968043396889,0.04923386787849587,-0.0007946185895373234,0.029439531678856913,-0.13757356858870462,0.055253730205992786,-0.01017899006650172,0.007149786262040117,-0.09192040192072862,0.03312759652731404,0.02123260925069185,0.02981517280858713,0.04070235615491026,0.009719895930080498,0.005006570525647999,0.0006955732094819371,0.08360081663327841,-0.019216105968566034,-0.010357304519585992,0,0.7759865401158911
19826,0.12453696267009942,0.04431403574286169,-0.006998039743104113,0.03668052734319175,-0.13270953773778071,0.05714977201349007,-0.006862587113293661,0.02303299783872151,-0.08332172223093227,0.039991100413459484,0.031250569886017,0.02418421387711493,0.04011372444658051,0.012870708308882236,-0.0007421263408672191,-0.010201884470104386,0.07250448028408567,-0.009262680379425738,-0.013660250808834817,0,0.7703879216488472
19874,0.13776017910266594,0.05268881953127981,0.010228013607229105,0.03624333023667525,-0.14585355927214746,0.06164662268096564,-0.0003184616831689031,0.014775099539457022,-0.10954331760079665,0.027444991038437856,0.02402917199313022,0.027681225789324988,0.04813902629823673,0.00791903919637932,0.010081583477707833,-0.011828413552800595,0.06989196238787125,-0.016766455621010368,-0.009866774412453485,0,0.8227060470217384
19973,0.1227561585278109,0.03010247190921693,-0.003035172797343028,0.03564747838747025,-0.1148518446289339,0.05712711424216676,-0.0029852214666501167,0.02880309311978898,-0.06829910728052864,0.015959182890470446,0.022229386791678157,0.0037280866077669767,0.029975900364413614,0.01419994446841979,0.02815624157490079,-0.009772501696048253,0.0771865041344883,-0.012409155265606871,-0.013215550814255433,1,0.6904401169679582
19995,0.15578874551083718,0.045045701418015956,-0.00692519522696444,0.028888274116260625,-0.14586701015770104,0.060066853562462316,0.00755732318506808,0.025952263916863956,-0.09646456504327489,0.02693798091136494,0.02071860237174607,-0.0008084039194113763,0.01977471457230183,0.022315067293294046,0.01816978165024636,-0.0001296669067680624,0.07349947530940909,-0.010911507557567411,-0.013047852392926683,0,0.7788689850224844
20184,0.1420392614028674,0.047698059282266024,-0.0020332047430783266,0.030343212074544157,-0.14590354447911807,0.05743844647403285,-0.011055964880246348,0.015760251847671308,-0.10107179750110325,0.023067623999177275,0.02461765568836226,0.005831094243444881,0.043223149559978656,0.004993397374020958,0.011115380869647546,-0.00379336358616745,0.09159409338885527,-0.016965325141611632,0.006351057283573923,0,0.7848958838197676
20226,0.13052940740619298,0.0532774494813141,-0.0009846397464339358,0.03259462823921354,-0.13872473184075695,0.06483423173689488,-0.009309113989084083,0.025718631356027786,-0.10205261684450269,0.025648293057622902,0.025070744387428137,0.013495799841195302,0.023034779040398377,0.0036257970179220007,0.00982241467064455,-0.005607717759884159,0.07383830103889533,-0.015741183903509173,-0.014350523496633594,0,0.7682610048545545
20230,0.1419379382025216,0.04077909064740318,-0.0023731809518079934,0.03383688052458725,-0.15508206613638828,0.056276774586942954,-0.0021748926571030953,0.02245238481593021,-0.09597772301476028,0.034829926349483564,0.029902525565857253,0.00822284554766049,0.043202100325501515,-0.00022038945350827155,0.0034307426748518273,-0.0038332190298486827,0.0759206717254282,-0.02744172867847541,-0.008689851634812404,1,0.7865849325228724
20372,0.14225739445267682,0.03547056477527677,-0.00016932320458500403,0.044516862212446114,-0.14910519669480304,0.06128491266013936,-0.0001850185649838742,0.030903472390775674,-0.10633707585268577,0.029976722533558584,0.019606481705963585,0.021645292502922485,0.0493332541510869,0.013389276501410577,0.019511753298129455,-0.00030899611346048945,0.08732861878067513,-0.024449177831271963,-0.0080532688349834,0,0.843832663061835
20386,0.13539908784656998,0.04434180523800398,-0.014354532229778064,0.030071430750416385,-0.1320391593993468,0.060770382936190234,-0.01940540008606456,0.022980800479120447,-0.09497075108547282,0.029107946861980552,0.02749361256592595,0.024730275634124138,0.024418514949627365,0.009356564030462129,0.01234578044144098,0.0033687880519306566,0.07399667547738276,-0.015006516593182364,-0.013067385864947234,0,0.7872254105219674
20416,0.13294943457934993,0.040311316890888606,0.0025753884796650773,0.025980192214373417,-0.13011825452487333,0.057753601689535625,-0.000669706479120546,0.027207655439827734,-0.09686606651213567,0.03486193921299581,0.025367298958398024,0.02695854835146116,0.037335092588598066,0.0006413539473509727,0.002239894644427798,-0.02121839827983005,0.08651530600701511,-0.011125049378529633,-0.020160909554824382,0,0.780855407733201
20437,0.15570510666142112,0.0362192353984861,0.0007085275193194093,0.03269895897828917,-0.14319917040033625,0.0477998477516344,-0.006495012120213576,0.01852059822051731,-0.10654450520032625,0.025084976263334974,0.028399434117225446,0.01248487350819646,0.027983549497760836,0.010056642817039135,0.0027312683919033577,-0.00550583428655192,0.07263287251807725,-0.02198526395181959,-0.012499176381398885,0,0.7672548539838514
20576,0.1320803734508541,0.049939811516702154,-0.00647303305488668,0.03402893810458497,-0.1381897577580308,0.05774695925098676,-0.001484086978781823,0.016571955545225347,-0.10119321896581059,0.04274039110276259,0.04542822251637467,0.011337095459393738,0.03844134416206309,0.01138460803941691,0.013004060435285902,0.006295644811548318,0.06852525365316724,-0.021496434236327727,-0.02829808454361939,1,0.8246592735858228
20616,0.15579604409642214,0.03645048099210531,-0.014765945704033744,0.03367512452435143,-0.12967671842073608,0.05289026096098655,-0.006555448126276644,-0.005920891845400672,-0.074932770864594,0.03439265017330062,0.01867699207811034,0.006997016435258449,0.01856317946289439,0.012962604370702947,0.016993879862351582,-0.010137973319622769,0.08883102439884452,-0.015119338457331181,-0.03199635728702389,1,0.7653347013803473
20656,0.12670757591929718,0.042341933516750044,-0.006415106689308167,0.037654952362430535,-0.14960378896474558,0.06649431792707564,-0.005469685259599517,0.010101636710441415,-0.10054944688173253,0.028802939805489043,0.022886832775047522,0.02304982038135766,0.03905676231793846,0.009265183403447166,0.01203134471755488,0.0027759953127715776,0.074040213772515,-0.012844050459601434,-0.010350455566710276,0,0.7804420427438137
20701,0.14755954796763818,0.04641963210309907,-0.003748604344137208,0.040184159683610166,-0.13651331443795126,0.05429628282469334,-0.012340657729035717,0.015294222647260639,-0.10543025914738689,0.027944261036189456,0.016497251313853056,0.018906685677775217,0.03800112114456842,0.011232046466650027,0.012763901757168492,-0.004767765477132636,0.07704634268862767,-0.027844954668675544,-0.012109198134300898,0,0.8089002092497539
20707,0.13796649287871254,0.0425046311236204,-0.010923112517269445,0.04270830109892669,-0.138941997295209,0.07320832735641881,-0.007857028769441735,0.018570394791550753,-0.08974529690604914,0.015063341098589048,0.03499339386093465,0.0002496382107311724,0.031499440522585624,0.004758562648683954,0.003245927380975764,-0.002647116326811326,0.08323411428942154,-0.030431596925492094,0.010893265692640713,0,0.7794419796940644
20751,0.14214260964339082,0.05049820216554719,0.005267312863055333,0.026141487785572973,-0.13892334369561823,0.07140638774679563,0.01057558821337806,0.025073448968304844,-0.10554334128012183,0.022390305355169726,0.02063949175286683,0.012556772841436949,0.04825393470985473,0.002896947876274205,0.012463576177798858,-0.007033901271844569,0.07251442075701892,-0.01782893816756842,-0.009151543964005233,1,0.8013015552356233
20785,0.1546983786287505,0.030014764613008452,-0.008077857130077476,0.03569965722527299,-0.1315999683135977,0.07238208940724382,-0.0023629869339931104,0.01885785551718663,-0.09081364340235669,0.01597353479072507,0.02690057058821912,0.00927875583908561,0.03506979245070985,0.014028148741263631,0.013296912830494022,-0.0063944768026157955,0.07988535158722515,-0.01978361397563068,-0.01827229720346839,1,0.7833906559809246
20799,0.14040020925567742,0.04089606578190377,-0.014876973411814341,0.029654608351704914,-0.14869557486410367,0.0533794637893392,-0.01145443916304702,0.01683193323668364,-0.09509376450069688,0.02607581207480327,0.042801513119593126,0.01824436420446301,0.035253419327754436,0.01105710212141221,0.0266526285011025,-0.00704377899775146,0.08009372840548028,-0.02730704833765278,-0.01821074481166924,1,0.8440231722566531
20808,0.13334172560291507,0.03817062596699919,-0.008077896459521974,0.026329820254853285,-0.1389219156958043,0.0735787602551243,0.007014531271248908,0.011141112554260328,-0.10349086204763688,0.023142298411277525,0.02862702354383157,0.01389736039657239,0.02949343847614613,0.00496182234796728,0.006743643364638974,-0.008077293278157583,0.08698574004142269,-0.03327751030752562,-0.002007098666308638,0,0.7772804789422126
21003,0.14389181841526796,0.052692551153968724,-0.009129490828319152,0.05070010383316351,-0.1385065927661802,0.046337432164473294,-0.010231711894514012,0.009580907631281612,-0.08897640115904992,0.0357144161433762,0.028801560846951724,0.038930616929967056,0.038392990656584566,-0.003879334315247197,0.017465019745451588,0.006032772477716694,0.08371262547311246,-0.027963560303562875,-0.01774231673362371,0,0.8486822234718124
21014,0.1439922250178386,0.03716372093180407,-0.0026053248266910537,0.04360736309615402,-0.14687124812875738,0.05675541442214948,0.004682946202712002,0.0327423075495668,-0.09573488521611005,0.027046664463008314,0.025621978245881367,0.005500159219643485,0.04813680788211871,0.0003464731809734701,0.0037429399559851433,-0.009874397974525584,0.06533347678828974,-0.0077861834746514634,-0.008726244338136116,0,0.7662707609149968
21032,0.12390619250785108,0.046929866513955296,-0.013867131463717087,0.047990136171476884,-0.14399596961405858,0.056482555283247984,0.0008012966166565192,0.027312566084350964,-0.10164763714380426,0.03448587576704981,0.021444677524177877,0.010739310503692668,0.04190388876986008,-0.005629501993301138,0.0007917915620789365,0.007362026853477811,0.07206655350957449,-0.013054373905388585,-0.003651567696091122,0,0.7740629194838111
21114,0.13797104201544155,0.06038486356839144,0.00558209129201673,0.03690669480898682,-0.15084634553728038,0.0523520514392724,-0.015445782514680189,0.03600222095679905,-0.0980567575930634,0.028947553373030458,0.016929747321416715,0.006031561829397037,0.040648001342297055,0.014317013991326902,0.012966234933892193,-0.002511515691794492,0.0763455049064384,-0.00668376745222373,-0.01142158350643927,1,0.8103503340741882
21251,0.1179600812438361,0.05502783179391482,-0.00016329358272652186,0.027109919148410006,-0.1348054640601478,0.044281277390201546,0.002812020863266809,0.018262959894358877,-0.11159590525582759,0.024138257695606305,0.032431707619380294,0.019030199601468508,0.028113205160319815,0.017625996730618196,-0.0017839591633838736,0.0006907265475136068,0.07477864732979167,-0.025423868953050828,-0.022455131670724746,0,0.7584904537045479
21311,0.12673660591099042,0.04253642662665211,-0.011029730647419725,0.012226954577240188,-0.1366187375746971,0.05373183032328463,-0.002805457673455917,0.017799758674827196,-0.09664130367882681,0.028411273125414794,0.017451844112351653,0.019346084036689346,0.041822610213445806,0.012660771570923749,0.008738362111626855,-0.009548139598400559,0.081057164128779,-0.012791324965139466,-0.0037229266242410045,0,0.7356773061744063
21339,0.129435054405449,0.034296796156077176,0.00341534379455132,0.025652686764946125,-0.1385808747266025,0.06477076989120144,-0.0011448359447469624,0.02712881083250715,-0.09614681859761169,0.020490395744552414,0.022830773425464156,0.01832610758049971,0.04254160569967648,0.012064679399941953,0.0007391302876006088,-0.015888069651632745,0.08351673721910235,-0.03459002951249396,-0.014663389943687332,0,0.7862229095783451
21404,0.12624905025327815,0.041324975464354284,-0.010249402837407261,0.03640034417916318,-0.14859560002324773,0.0600406835313017,0.004893089337309831,0.02174119529884569,-0.09946422876059935,0.022892845944463742,0.017119449248713815,0.005247122586902213,0.0379452277186149,-0.0074840404738995,0.003712094333835155,0.0006523125997228772,0.07775868828716914,-0.025783944644371535,-0.010711491774731987,0,0.758265787297932
21490,0.1367282930825525,0.044762584732948994,-0.006813020999600591,0.02576632794285186,-0.13530195759990518,0.06229005738238316,0.022616728705082245,0.02209066917874234,-0.1035942833411544,0.04416998345887869,0.038604829471745594,0.006252588482873199,0.03820928362876739,0.007092112860328096,0.004220151305335839,-0.006016360168740969,0.06977030873402351,-0.027261529927954865,-0.0043143576414738,0,0.8058754286453432
21598,0.12156280870261357,0.0438731248346365,-0.0013241687849160936,0.043511716641480784,-0.13531708251473984,0.05393830509958589,-0.011633573244272126,0.016237458670662924,-0.09551491227510368,0.03507145481058987,0.03485473132275219,0.024569390008098355,0.03598522117202991,0.004783993227000452,0.009691353288580657,0.0014318159845395212,0.07893406322697148,-0.0269269259845583,-0.00955441220123104,0,0.7847165119943632
21651,0.13249546610890053,0.04939399014065128,-0.005823661856432987,0.03543691594149327,-0.13902325624591896,0.05491796260105552,-0.013915540348769366,0.031828280828463916,-0.1066666490145574,0.031332159127369315,0.020989667574135097,0.018887746490647193,0.041386655738263056,0.015681531665892555,0.0037327485357112537,0.0025841676638851054,0.0784982282124896,-0.018719207899169154,-0.01608119114334612,0,0.8173950271371517
21714,0.12789966859560495,0.059952512361286875,-0.023581520872938005,0.02156892406265999,-0.14751951940697558,0.05872356490800166,-0.0047075833354110795,0.01929856214210953,-0.11034608036460003,0.035394024012928245,0.03558175353757061,0.011594899102258215,0.023750854161784,-0.0010016333604926627,0.01958515500717115,-0.0045636319595224635,0.08746120089948702,-0.019696372965407587,-0.012257630968399828,0,0.8244850920246095
21729,0.1422474065922753,0.04944360098940426,0.008245707815969165,0.039389300021069086,-0.14341878408158515,0.06622029735502696,-0.008455509378769752,0.021576758594493296,-0.09576205655825291,0.0479261226515474,0.025436246721559364,0.012649447865971643,0.03319797750435347,-0.0014139579612107705,0.014103300857566777,-0.004703528399423808,0.06902714985686592,-0.01881057574312625,-0.007592534578345519,0,0.8096202635268168
21738,0.12137203847145164,0.06257198972308092,-0.007481375202039071,0.02761474164341219,-0.13068087039887458,0.08002254504201117,-0.00801331817222028,0.028199213699820664,-0.09238288902674839,0.027314716235559415,0.025469967387978364,-0.0016784983844523114,0.027953743572092134,0.0029389985070681192,0.0013055091421798563,0.0018186981786564786,0.07521329336296526,-0.01709903806306482,-0.01663078932912092,1,0.7557622335427966
21739,0.13920492620524258,0.03326496745663426,-0.012212967101526041,0.026568939260163755,-0.1402224592155804,0.04869597427600618,-0.025996917829983333,0.030165940705112842,-0.09848717533375836,0.03406006752151615,0.024671316311486783,0.009364582429377002,0.031476183882310785,0.016515109289331153,0.010016591036828594,-0.014917685366509744,0.08482211201824745,-0.023202861221254364,-0.03034194203139632,0,0.8342087184922661
21789,0.14142580376869066,0.04482859484445001,-0.010115742143878857,0.025706583153119023,-0.1433517870858247,0.0655902529658412,-0.004730007693833159,0.023167221325889466,-0.10769410020251755,0.033515889465129886,0.03462350052305841,0.018803807029137455,0.04203215443005984,0.00953667874201661,-0.0020857432375628493,-0.002504489968654724,0.08801064227814426,-0.012042855868956039,-0.006711425946586886,0,0.8164772806733516
21917,0.14793179514289603,0.033499480925170334,-0.0028069330342102086,0.03522227480285593,-0.1275925012890949,0.044877206749135715,0.0030959569082604395,0.013951711205252173,-0.10469853130291962,0.02757557523970561,0.02282269344043291,0.011381474182673101,0.03179282281527779,-0.0002356432749697095,-0.003973624543361451,-0.0002928835911589164,0.08878381522728027,0.0006933977997396902,-0.014038621835877717,0,0.7152669433102725
21922,0.15536368949730134,0.03831033771149658,0.0046700586314166485,0.04172497450542978,-0.135486253747597,0.05956618149367273,0.005334118804468378,0.027011005690241487,-0.094489515515398,0.03581844399327679,0.02969861778143475,0.019845029789430188,0.034106781371740946,0.03310873382626772,-0.016234066259809984,-0.0002725431961546241,0.07245185795995368,-0.010914722916651631,-0.012489303247157897,0,0.8268962359389002
21996,0.14429924811643777,0.045813794247566625,-0.0058940319777452095,0.03355027355979908,-0.13745038471600998,0.0639553301414701,-0.011251360414323583,0.0238520555920744,-0.09909862464974939,0.02521587224274085,0.004953159552436959,0.016429939083831564,0.04317870073329471,0.015327551996094787,0.002935053535390103,0.0023554420679065334,0.07617556839222879,-0.037001327985195454,-0.013456614262437864,0,0.8021943332667337
22061,0.126871420476325,0.04655590191917355,-0.00427578355954861,0.04087406562291658,-0.1539504454961715,0.048384130492227284,0.0105238420063307,0.02652557505412897,-0.10532230739008615,0.026622613511704293,0.0183967991200414,0.019340165493380114,0.03498968412587947,0.004073044142575012,0.005914746991489168,0.0020860962698595813,0.07051723573298467,-0.025692315571833255,-0.002640874996884976,0,0.7735570479735403
22101,0.13774306434040062,0.04298096070741047,-0.011119212905782234,0.037370007903361195,-0.1408579010659785,0.0653528847084094,0.009470791287138567,0.019312877049330955,-0.10251900613924542,0.03392189836232903,0.02556165995086747,0.0236815896813627,0.030114890685614935,0.012561768788172945,0.004115200252912773,-0.0005930370692246163,0.05994031947973446,-0.019324526696933714,-0.009570882121132124,1,0.7861124791953421
22178,0.1561387167906581,0.036895206901652766,-0.0026935597932328742,0.018593805789043266,-0.1364961518152726,0.06111889759177517,0.0033908594071248802,0.014159336699495022,-0.1018238311317672,0.025250342737492836,0.03515212556084253,0.018063478454310916,0.041527216840321436,0.014458323192330792,0.015559275936807625,-0.01636207153534827,0.08017188550954395,-0.01304392775434779,-0.004185683330350974,0,0.795084696771719
22244,0.15495162162295745,0.0446840871989138,-0.005147040042674934,0.034003965540268834,-0.14290597819412004,0.07188638359824781,-0.005761425798086242,0.02045567508499801,-0.09437647097982793,0.034661622913973254,0.02661946544938592,0.022739673971573452,0.04002338890611056,0.0018117530503272232,0.005718914979170681,-0.0026766375921067976,0.07848397448203469,-0.0213724217236477,-0.03192561646777941,1,0.8402061175962048
22293,0.13053097220354612,0.035748983637700175,-0.00929041271451274,0.0426803080823288,-0.14028096652631364,0.06160541153115081,0.0006999596068007448,0.03474421776247756,-0.09240135554514933,0.027872548794915814,0.03666960579782074,0.03528789228083037,0.030035842917073487,0.015697773548157615,0.008592632310686146,-0.005327541677765337,0.05967935925946226,-0.010934021586966892,-0.013159505890157483,0,0.791239311673816
22338,0.1379147469322681,0.038709134745828135,7.412591918803038e-05,0.03708299440121094,-0.1430416553067717,0.052161617357397175,-0.003753239507624586,0.019445407074316048,-0.10058497397808756,0.03648164800639348,0.026142555377714413,0.02160504794429917,0.032743003811004597,0.008018027287974893,0.012377708947131109,-0.002099400827301456,0.06734180282739576,-0.013489660888993518,-0.0074334004439052595,0,0.7605001515848059
22454,0.14524312894998007,0.03441681446006616,-0.01630370257784898,0.04708828152985292,-0.1587455105282373,0.06926965102169756,0.006715716330251352,0.006720789853760888,-0.10171840860182711,0.04289854027814294,0.028171978891177136,0.01106894795448608,0.030149726293071524,0.009756816589238625,0.007723162933560836,-0.0006488423305550876,0.05928650431670917,-0.02133655717279327,-0.02481915337964608,1,0.822082233992903
22616,0.12406020719929285,0.036610062328015995,-0.0007309492835262865,0.04239470495131968,-0.15506586513278892,0.057953483835839766,-0.009984741435081936,0.0037940226825033097,-0.08805979043011973,0.04225314953803973,0.02567825907809636,0.023463344243702423,0.03717899294716683,0.008603824269024073,0.00436769510906135,-0.019527614002168913,0.06227976775171643,-0.009055038235855274,0.008036803148921216,0,0.7590983156022411
22646,0.13559048620243133,0.0341015657481261,0.0006765368509322102,0.03348737381080039,-0.14631344995230905,0.048857850819044,0.017690274927957522,0.02108190427074922,-0.10200499248771511,0.031997279247812,0.022528314288946073,0.026591004470678626,0.02623923679049237,0.025113044633666023,0.006840159002716699,-0.004435302577086225,0.07690040344135,-0.011190829472376124,-0.011726762532569383,0,0.7833667715277585
22678,0.13564301037545742,0.04212563225056617,-0.004139920691385532,0.020827408661173778,-0.14203868202344877,0.06254491660045851,0.010167681529674637,0.01725590235466407,-0.08754152264404347,0.04779272500557234,0.025210455281837442,-0.0015506275219022963,0.035840499553216686,0.013286721715563266,0.003535722496948397,-0.009199215399543626,0.08060958057826734,-0.01715315523681867,-0.014068163229049347,0,0.7705315431495917
22731,0.15174033487263516,0.0345923382062196,0.00490643992047626,0.03047417476101302,-0.13122895924665065,0.06412150559134648,0.011603730458211664,0.01866092741646527,-0.0904325271544266,0.046131468836809436,0.020401750457226687,0.003048972638059154,0.034337315026688214,0.006300268720229831,0.012820450619685928,-0.0017043533559477542,0.08417766648986691,-0.020348131355683346,-0.01011670677883606,1,0.777148021906478
22783,0.13766245638386318,0.058908055453315226,-0.00031646709473964345,0.031031274316561327,-0.13768469564576974,0.05420549866350676,-0.0012718779196636,0.0274159883829154,-0.10796221913455788,0.019157339451523623,0.01697833256187352,0.0134921521606934,0.033369635964736535,0.020887766335655495,0.0049172993639760585,-0.009063439452343692,0.07011324672173667,-0.0250254114669419,-0.004748570445017137,0,0.7742117269193908
22785,0.128732695900749,0.055647307164795545,-0.002418076968322735,0.04260942743204728,-0.14327436915675767,0.06883547301770339,0.005037214200757011,0.03159220746527434,-0.10722049221796726,0.037687644711006905,0.04061627565351499,0.019064883599083784,0.03379641520848605,0.012662420205011493,0.0030191743833698596,-0.008053915701834476,0.06973252051409647,-0.006715315676722002,-0.020379190365393155,0,0.8370950195428934
22807,0.14076756374730953,0.042313961817775504,-0.001982227074608565,0.021003447795610832,-0.13664222080842142,0.0686398182904487,-0.0056137760779649435,0.023753810588744387,-0.08894070448608545,0.04052977713480744,0.030638174014704107,0.006310839774112868,0.03406034849836386,0.011226450468197141,0.006365778941553611,-0.013617603352589507,0.08675944603633122,-0.015255958304573458,-0.0019664909661682023,1,0.7763883981783708
22816,0.14613751069120615,0.035959580849248864,0.008020739101563382,0.045819377011059224,-0.13159317981381632,0.056863623126192225,-0.002408315940517367,0.009706168422323759,-0.09146961840764001,0.042659090324742736,0.02056956137377587,0.03167855525701571,0.029520279604341445,0.013296383538552472,-0.011150911138752821,-0.005998022451995133,0.07538900138585192,-0.014287168011181264,0.0016161244766443568,1,0.774143210926421
22955,0.1504370971285745,0.04949919116267717,0.010803248477299264,0.02615121448842783,-0.1316334297714442,0.047480948816141365,-0.0001792155167794201,0.0213049620480071,-0.09415589948172579,0.03189630407270229,0.0317127460088902,0.013242855905551739,0.04825666031598542,0.005349845707481283,0.004349925238802313,0.0016272854063699494,0.08011905838044742,-0.027824881350723203,-0.005467470031374311,1,0.7814922393094048
23081,0.1443180985355369,0.05395132574431327,-0.0016192282225548516,0.024069689977087257,-0.14150649492941467,0.06940915375882822,-0.008230802420479171,0.021675719256182266,-0.09126382710023236,0.033318024613074274,0.0237660610109915,0.024030750800773274,0.040986374164191486,0.009392118713199692,0.012936731401953998,-0.005833160188393897,0.09320811976520911,-0.021965679169477507,-0.011033964330059738,0,0.8325153241019534
23154,0.1419755456916934,0.03738606202213232,-0.005544663946143534,0.029108800331486814,-0.13753096772060106,0.05504268429899895,-0.00313368815484241,0.023427865714092347,-0.1093320463563306,0.04071447183479216,0.016381930495914094,0.020264828137411248,0.032154126298334314,0.008801284674424583,0.013656128338436423,-0.020819711686652694,0.0730825405565352,-0.017974009297183555,-0.009316040312826521,0,0.7956473958688323
23413,0.12561760291364266,0.068230668463533,-0.0037817049550496746,0.038116267815153974,-0.1499893324779024,0.05529758244519329,0.008868639024632705,0.01970074446273766,-0.10009254400759991,0.03606635378812641,0.016118639331408696,0.01538321972961958,0.025059519524152238,0.0011065434248854291,-0.007674740536403952,-0.010269119735952877,0.08410682896295917,-0.024284097132905778,0.010268700260549954,0,0.8000328489924093
23508,0.16237069247894606,0.041059588560863294,-0.0021665972358656956,0.023385299567215318,-0.14474198588329695,0.06588834806441249,0.001985338310247365,0.027754579047516152,-0.10114626094603321,0.03931170300938775,0.022108149728931076,0.03145299915948753,0.03920182965773251,0.010691637166745366,0.020078158658500725,-0.006364413514581269,0.08031902138682828,-0.02483622977049673,-0.015043094906952447,0,0.8599059270540402
23553,0.15507342812644886,0.03570533680146827,0.0067439554269546915,0.05133710088237666,-0.1414714575126379,0.06294950776444391,-0.004702400574883747,0.0231355151938151,-0.10463038947249832,0.04408566877323768,0.013894672958841803,0.03146561813805361,0.024174737916104604,0.008317150523922786,0.005411560570817563,-0.012112661253536208,0.061702549990057955,-0.02706839458197556,-0.005040483664548949,0,0.8190225901266242
23635,0.15737175139599435,0.04242133782934563,-0.010703696297405066,0.03446190532629689,-0.13471679976997494,0.06974824896478272,-0.006163436504738071,0.01861830583841026,-0.09267352394869491,0.02754582077778757,0.0365385886941343,0.0018044940283153325,0.03457247886037616,0.006182016803958371,0.024463969561762874,-0.00803988765363526,0.07520706511975814,-0.01902992748739059,-0.020650225920057837,1,0.8209134807828193
23639,0.13350906999985152,0.04602272353364218,0.002781604466342043,0.020186095852925773,-0.13545849262047024,0.05516490583046826,0.005611655041677435,0.030070524986776953,-0.10589140743444549,0.035184726457817006,0.02906373273518927,0.018907270749164325,0.038493819497289666,0.012496830019180945,0.012837689086304003,0.010611992084403409,0.07778392327589637,-0.018598469137241603,-0.008794485953356765,1,0.7974694187624433
23656,0.1439009088084912,0.05437502444233984,0.007909338701355191,0.03938064025625521,-0.14015414522474953,0.06761245482956979,-0.004476957821728354,0.03507531686248803,-0.09615997096686582,0.034416334948163235,0.038698399013371666,0.02282904952157534,0.04000114013296142,0.002842037888272907,-0.007000360709159159,-0.0035822928056938484,0.0817369187890888,-0.019016892420731752,-0.00961721071369323,0,0.8487853948565544
23660,0.13883442075258817,0.04103651389790802,-0.012061455170441484,0.04610004998464646,-0.1597618506968033,0.07257654590604289,0.010039157427485698,0.01976841656811725,-0.09366792569428158,0.026862598380415045,0.024365591494772503,0.027966543699790528,0.03180638432473931,0.013114350717678103,0.017213933869945665,-0.007353967337906118,0.09082095900649531,-0.008464659472001632,-0.025160282226599807,1,0.8669756066286589
23710,0.14438651078251316,0.040405132549664456,-0.01524252759881616,0.034799493387473804,-0.15778031030309256,0.06541315331240435,0.002773309151448861,0.020441992022105476,-0.09284320767725378,0.04305174275097414,0.017681254698117495,0.011965278806583315,0.02579102639980229,0.005599083961014113,0.008828167607926575,-0.016033219055662063,0.07931931647187297,-0.029336241066278548,-0.011641168285739745,0,0.8233321358887439
23840,0.15400273083159488,0.04044072360373003,-0.009482969094744068,0.02858979598764778,-0.13384795183943488,0.05942944297910641,0.0041498717462348945,0.030946675081991615,-0.10077656504363904,0.023206513185775542,0.03301068616067085,0.015276362208922336,0.0316866594250653,0.002260110230460778,0.00622977160215194,-0.013825040088375781,0.07422476142082936,-0.024865091279025846,0.0011329459739337472,0,0.787384667783335
23879,0.15017294917093352,0.04271540680966365,-0.00034676630917197056,0.03270366564929974,-0.13377072766137418,0.05081102917880059,0.004837441941951301,0.015064253764660166,-0.08902433257769413,0.029368833802072003,0.035183767493488206,0.009526308481040578,0.03857961573321525,0.030149054408223148,-0.005277393912835806,-0.019075799227219078,0.07623042406958908,-0.019707630822268153,-0.004572961517794648,0,0.7871183625312952
23986,0.1495414786256465,0.030938921775002196,-0.009004877397334347,0.02845901764493828,-0.13301105919163342,0.06075854875504787,0.0011545060902015203,0.02763642452660931,-0.08921237313353265,0.027877752778308,0.03754058163468307,0.019847656109691192,0.04245034610856843,0.014440683327341476,0.004974252989762108,-0.01574221220626071,0.07560693805908185,-0.013803028634820837,-0.0031474783389142625,0,0.7851481373273781
24055,0.14992604945492002,0.040713195819100614,0.0036904696087025008,0.039067167499871526,-0.13248375554211436,0.0631648375878286,0.005913081152079777,0.017838358285561986,-0.09232937930620749,0.035395267333324466,0.019978371222774554,0.03737913754993256,0.03242495437170935,0.010679371522615999,0.01937898968187183,-0.00433970895458288,0.08440438563389904,-0.02501919972616212,-0.0075573431551059075,0,0.8216830234083656
24065,0.14434901378711973,0.05036024652407594,0.007768488804654057,0.02301588552774149,-0.12244253725734319,0.04741054726546668,0.003365727470795428,0.012322179769433993,-0.09365313919132995,0.02619341647300202,0.02508360621874676,0.02249042321280302,0.032533272830091615,0.003482764723036582,-0.0010332580831025613,-0.01146879643160655,0.10073983712763321,-0.01365988487242806,-0.008515041158938657,1,0.7498880667293495
24072,0.15115456456751628,0.04963236757533399,-0.00932195922210118,0.04176854971045709,-0.1402025218089643,0.059912920351539035,-0.0019362900664202831,0.020002898156391006,-0.1129496069113036,0.0390605559035017,0.022900512021581148,0.016706751661530118,0.03764738462757319,0.010075839734264121,0.009974983252768355,-0.010209918779885446,0.07891579132202169,-0.022065488965683375,-0.00976694197780694,0,0.8442058466166429
24090,0.15945975343409485,0.03859896886492882,0.003887966155286283,0.036293217794255275,-0.12721119705742134,0.06516284431982619,0.0029690240600652156,0.017471078902441994,-0.09644805564168915,0.030556362525574456,0.04403557633529003,0.009548501088537041,0.03087683727339391,0.005891076670309458,0.013870003787295167,0.0037340816074206713,0.07846851971608591,-0.010416286376051806,-0.002700125901390387,0,0.7775994775113579
24103,0.14834645260043058,0.04442683458724536,0.013352803330415417,0.0282843163267652,-0.12697559620813606,0.056171041784307214,-0.004386976019964918,0.021289065826639128,-0.10141400611296279,0.04454353507517868,0.02883877829984915,0.03013589254119583,0.031817023241155915,0.000333960808143306,-0.0027059952934442707,0.002641836758025238,0.07934598171350202,-0.01750575978337917,-0.00838402057751655,1,0.7908998768882568
24137,0.14276717683741097,0.025694327285703998,0.01593440762775389,0.03864788891666625,-0.13983388714554576,0.056163433881391486,-0.00474607917668089,0.01220321610890763,-0.10357404522273636,0.040010089954839984,0.027111197641094088,0.007785448451246797,0.039626678585164644,0.014680317083036527,0.020166932268028386,-0.01076514283825556,0.08392829034090193,-0.02518218021512406,-0.004546411560398255,0,0.8133671511408874
24217,0.13379786515721556,0.043177531088673886,0.007833674668254412,0.028762930309521283,-0.16252697747869363,0.05904009845706346,0.005462880148565398,0.026991830173848572,-0.09404347144061172,0.03416713053040236,0.020720779125596236,0.021620537048216613,0.035286576163465505,-0.0032253691076064507,0.005141786700972501,-0.0021238487951064774,0.0722060704165633,-0.015689931548942358,-0.015799063245411096,0,0.7876183516047308
24270,0.11885359843422345,0.029764514046389152,0.0009736719679235095,0.025620961461526717,-0.13646317368745206,0.06715497464733654,-0.015529277139954214,0.02754970226901125,-0.10044670691884632,0.03213734786420586,0.03439925673265224,0.016555773322831865,0.03105115144828776,0.025123308180393,-0.0064759405407045076,-0.020969585722908746,0.0815956384720044,-0.007053672359416596,-0.012177110869372842,0,0.7898953660854411
24337,0.15057888883639475,0.033829075979735786,0.0014864712959037564,0.03564579176774961,-0.14357342975597961,0.0679393348386737,0.0002378940609176194,0.022373109113116206,-0.09474630633028654,0.03966999123662207,0.04814119538805361,0.03057845029385899,0.038940631851198594,0.011444782001915876,0.02488053515726861,-0.008353956037307613,0.07479688677851169,-0.02923341684265491,-0.022206771099862382,0,0.8786569186660119
24388,0.1338081984296602,0.04794663219360303,0.0023580213977265328,0.031160651316678372,-0.13652940489900864,0.06874256506942135,0.004636212395634023,0.032695815886951564,-0.09848099677820098,0.030911957787790684,0.026593448651327185,0.017840977314543167,0.04532577973486117,0.01466709927142577,0.008657363999904685,0.00039746109767754096,0.07450779531524206,-0.01114277302068368,-0.004345025984979861,1,0.7907481805453205
24407,0.138930719910938,0.043559974128380724,-0.0009450957002436543,0.030835259348740672,-0.13263528839051295,0.06291964218522329,-0.011474907027149253,0.024877023612119634,-0.10529627891120001,0.02111261114018639,0.02275070133230835,0.022241258178641244,0.029375806251871715,0.0034165316301821213,-0.00638881897043106,-0.009246796066437833,0.0729819184392806,-0.017356996469325113,-0.0057528959405720725,0,0.7620985236337446
24418,0.13740654667458774,0.03486477779772306,0.00697755535353252,0.033117045359609694,-0.14071884448735075,0.06731230659286395,-0.010652570972856632,0.012698792699340863,-0.10013828604956113,0.03522083783441483,0.0346317472649552,0.0008393548244831001,0.03105111952215049,0.030887960350706418,0.01685159214982482,-0.004258572756567165,0.07551437460594236,-0.029335511862891937,-0.019741626885197892,0,0.8222194240445606
24439,0.1324985264528868,0.04368471857972372,0.0028387979275573227,0.05223580172376614,-0.12582593530856948,0.05403240536011154,0.0008664333530865376,0.011723001299826055,-0.1039282607293566,0.0484954080832843,0.0317257118961345,0.016080927305897125,0.036504378598039476,0.011940903620006021,0.01807224539586483,-0.012198966679269462,0.08855370872808313,-0.033233332078085834,-0.0016030835220869901,0,0.8260425466416359
24529,0.12856915098509758,0.04419140055184135,-0.0155844465296247,0.020865269548790536,-0.14434503192083648,0.0505252372056209,0.0077736293627795544,0.01902122842558435,-0.09554867044676182,0.039134782871128364,0.03801002821527612,0.011579577189048465,0.03340699811577238,0.0028819066712412753,0.002017608477280542,-0.0219720072057879,0.0836366680132544,-0.020657655516370253,-0.00811036049406635,0,0.7878316577461633
24612,0.1348544075543389,0.05302628513646091,-0.007029228030060024,0.018996069611596337,-0.14340359411382372,0.07090365740696747,-0.015676378282757877,0.018972382707162158,-0.09405637745323257,0.033904621218331134,0.02345804653231942,0.01992061209652674,0.02693136609704898,-0.0047251063730673806,0.013269899163647535,0.004407594584823325,0.06940391889705279,-0.020161640262302282,-0.008909492606728514,1,0.7820106781282481
24707,0.13492390787264721,0.041668263350670684,0.00015205755026812939,0.03537731870324692,-0.1321049725036287,0.062261184651314125,-0.011361190615386466,0.015332696217400054,-0.10192626513958043,0.041116778492138746,0.03724659184686533,0.01907920059841244,0.02437172696132665,-0.001614203817429535,0.01326462247682755,-0.008463918723498465,0.06985337765771304,-0.02833796021412558,-0.01851035742135996,1,0.79696659481384
24822,0.12931555387194132,0.048432668367626296,-0.010366816604587532,0.03592589134166119,-0.13710654037481032,0.06604634012771918,-0.007822310205811386,0.029509984117620434,-0.10339467394546281,0.0309687704136477,0.028264066057968724,0.018044438902248012,0.03640820304445838,0.0065878535388237645,0.013452006183999585,-0.008849571148746405,0.07403088251368677,-0.026507876636507176,-0.013334689064256021,0,0.824369136461583
24838,0.15265983978705097,0.03400136054039498,-0.007900092889619435,0.03622068075724939,-0.12683154226923016,0.0757803378529537,0.0010612323994043408,0.02710750967389891,-0.09370345842643892,0.02858418742439564,0.03333680838503889,0.007549778622436757,0.03696132520240314,0.011507806991498231,-0.0029262644305258884,0.007589513857862123,0.06638456779239485,0.0014501601275784604,0.004166779079425534,1,0.7557232465098003
24857,0.12239032530603969,0.04659551444548307,-0.01319129928076475,0.027889359671749596,-0.14691402844988746,0.07701945541658219,-0.0029505709145807415,0.03292033587356054,-0.10651939760015681,0.044085970416851854,0.04084048382602617,0.031673286081892155,0.04396320304634517,0.0028144011317984717,-0.0015706026729921773,-0.00444525315519642,0.09119223015713476,-0.024234084061823345,-0.026207682435283274,0,0.8874174839441487
24867,0.15348138105454348,0.03296856928490104,-0.002226601862050344,0.01992088915095697,-0.1345991262463864,0.049665623022779354,0.008197914764336643,0.040124138736116775,-0.0775472010957844,0.032855572578051016,0.032120769354459865,0.027398542881293293,0.01719349548021034,0.007634156489168591,0.01219477399654623,-0.008939132098378232,0.0781870276732376,-0.02311072650730431,-0.002419867609713364,0,0.7607855098862183
24901,0.1396020116597601,0.044396862436575465,0.010447176361269088,0.021814472343827312,-0.1437383343983629,0.05914253495044265,-0.012751601086904997,0.028944850974547447,-0.08629672086297917,0.03773149159552463,0.016792753699417805,0.02260184790361151,0.032195776299285446,0.012703237730884566,0.01169249754833864,0.0009748767001200021,0.09267856705743296,-0.014173354796149331,-0.01808097985166043,0,0.8067599482570944
25045,0.1501036017682829,0.038073844623218125,0.0007430288203356346,0.030758601936167168,-0.13396857165940873,0.05806679201091863,0.012112612299652796,0.0203258377096767,-0.08526825085934868,0.02022760389500748,0.013416012589870836,0.010016998531133766,0.02523155297271928,0.001410663040245642,0.00510806482117702,-0.016731270777673925,0.0645636843770927,-0.014472961565440003,-0.004950072556963104,0,0.7055500268143331
25062,0.13940072754715438,0.05294573267763032,-0.010890715913765048,0.015976894781005967,-0.13933122243443377,0.04517770355793492,0.0008597153988622269,0.0166123280535598,-0.09755933697902053,0.030668283848360244,0.022706446953461266,0.024176886406446208,0.030061457861693536,0.007543723945175682,0.012352215005052765,-0.006829111826306565,0.08230665303309317,-0.016602618274962556,0.0008456661188771255,0,0.7528474406167961
25165,0.14899488292869478,0.023862487118505173,0.0005252091062406345,0.0293610439651947,-0.1475139660054625,0.05933821354430675,-0.004727896442569963,0.013169423293738557,-0.0963301218882427,0.018331145155504592,0.025745576982849478,0.011775947769976543,0.046238067061534355,0.004867533721176745,0.01727611315649135,-0.009250165507280826,0.08333091636802638,-0.03039876103870674,-0.003964094511276587,1,0.7750015655657794
25174,0.15160967621458962,0.036434820382953245,-0.016388637330739118,0.038480647563804586,-0.13502510630764736,0.07724479943182344,0.007734174054636097,0.021487530586653907,-0.10113993893187434,0.03938306760218913,0.0040175995346116225,0.0323071649118492,0.03815935112617254,0.0012473903194380534,0.0050120941754518535,-0.013018326789533123,0.07073630626923583,-0.021767590169969427,-0.01147928213792167,0,0.8226735038410942
25290,0.14235156179780178,0.03877723140849713,0.0003307617346169304,0.03920633198631679,-0.13842645917335136,0.05846688366662656,-0.005957211494070133,0.022818241254784873,-0.09110562142429514,0.00849597524348658,0.04198536418940662,0.01092977040354803,0.047896676392828914,0.015037651938339294,0.004379411325853446,0.0017800881901174038,0.08907099574834156,-0.035551205111168445,0.014093717313395747,1,0.8066611597968467
25378,0.1295573484011488,0.045102522677530475,-0.008853237594259497,0.02739874833946076,-0.1455975979084419,0.04078817153084819,0.010544674047782407,0.031205160343649018,-0.09500412404395485,0.03454826885650083,0.020698206555789325,0.020322797656782594,0.0338625749031322,0.0030522562922365563,0.004337032167002797,-0.023623838024115152,0.06848764485329402,-0.021224424158862047,-0.011852687721085026,0,0.7760613160758765
25435,0.14737903495314575,0.037881261773371026,-0.001551669100616602,0.02963987715003522,-0.1581107989844897,0.07341851854735294,-0.0036520761712655367,0.028486990057997832,-0.1093566866441137,0.03755619776974685,0.031904172232461794,0.009745129794558233,0.03712378540473095,0.0037045066695008846,0.011658667519810265,-0.0014596631000185548,0.08124536043800169,-0.02697174120740075,-0.017268114077110683,1,0.848114251595729
25438,0.13936329394872105,0.03791959281613046,-0.0012253863901097388,0.027336586199520247,-0.14295994486265717,0.06640682402846199,-0.003385813621344568,0.01744934469548773,-0.08705614640426082,0.01871790415235221,0.031230516342308678,0.01488434199963595,0.04500205594472987,0.014437879330779549,0.008578103473311434,0.0022359173648809566,0.09190194212506764,-0.026828101510449606,-0.021421924457268607,0,0.7983416196674783
25468,0.14738290922716113,0.037038158573106966,-0.02171209909124359,0.0321541959163838,-0.14135461749986053,0.06856225379184713,0.0036574780135509534,0.008696380241455148,-0.10641651592170825,0.029426240585299565,0.04791550376414061,0.007967078205513747,0.033250008636551504,0.006894082341061175,0.0017133537770919886,-0.006575787826662834,0.08355094586646132,-0.019533381739407777,-0.003153316411508582,0,0.8069543074300166
25493,0.14828003404446205,0.041709420131571605,-0.0033308727438571078,0.028246755296395525,-0.13889982433316078,0.05548905675957089,-0.010404627527940956,0.027068228887488,-0.11317005120812379,0.02165991477760731,0.021330626637298403,0.008978995457380016,0.05848426622494189,0.01241792359124776,0.010491171718428898,-0.004760447075724475,0.08008544217123947,-0.020831576928623932,-0.024529245375073522,1,0.8301684808901364
25560,0.14489751983722032,0.04468095379374273,0.008704530925465477,0.04543569737715853,-0.11157283500436525,0.0705342383732521,0.003948654165485491,0.009983581442787541,-0.10612587624521018,0.030654539434349135,0.037316523802778424,0.04060540246906371,0.034691857368121484,0.009002449642253121,0.017478363725780526,0.016816142761450353,0.058701388775007815,-0.0418049080853933,-0.006155967164302415,0,0.8391114303931879
25584,0.14362657516180677,0.04944974521489265,-0.02544574760796809,0.024694753468501748,-0.14835834612119342,0.07314797443759982,0.005023202925707525,0.039817924927831025,-0.1022698953879911,0.041312504193585585,0.02585321986315379,0.017695549007604904,0.031124662460258003,0.011164409560960787,0.0133043182246493,-0.012091130873738939,0.07929012468739555,-0.018863405164115686,-0.011226542021595343,0,0.87376003131055
25614,0.1575376383779452,0.03596498520166237,-0.0038672311737446676,0.036732679607049366,-0.13604814537037618,0.056507376999300155,-0.012138650477398778,0.01967088328403936,-0.10127662533338028,0.03243541657447063,0.028521613621436445,0.023515974853645438,0.026204859065059028,0.0014008459009084656,0.011741838075743735,-0.016534479879243044,0.08718073416050906,-0.016816729842118485,-0.01701856313569313,1,0.8211152709337238
25627,0.11871410414115903,0.03988528470514273,-0.010449069301495018,0.025918317199931054,-0.14855683138725104,0.06087095963520342,-0.013914625767550764,0.014453424192104112,-0.07903424011082438,0.023095326173531862,0.01984725176692268,0.01587727236587931,0.04137216734693029,0.014037857412080686,0.011800736802510464,0.00031933932913820576,0.06491283995466134,-0.0127081885386722,-0.010032494007095518,0,0.7258003301380841
25662,0.1516315209268039,0.0531841116412902,-0.003179594055509133,0.026572497394108007,-0.12452775340073731,0.06458600049916467,0.015979561943840377,0.013042994347053822,-0.08904690906300707,0.03561858973307613,0.04009538557633872,0.02388756973770417,0.03418598427645199,0.03276905370905141,0.008067893857369765,0.00493497714167255,0.06914300380636691,-0.034438706744730825,-0.01607781561438779,0,0.8409699234686647
25728,0.1399260515683335,0.03213875499539666,0.0017939194098145347,0.032597091657238966,-0.15175858334983472,0.06339532544182168,0.00171846667073273,0.017739318244993644,-0.10048041939029467,0.02536324850732571,0.029625796096956397,0.008095895833058721,0.025893642941976654,0.013743709653296184,0.026183596184826137,0.0006118160254228146,0.06923644559409511,-0.0162135296579751,-0.028396416117778264,0,0.7849120273411722
25776,0.1628952228621457,0.0383797974462516,0.008802024291605865,0.02610287151253703,-0.13690870986413478,0.06163157646439224,0.003100824189825127,0.029651063184487486,-0.11083042036243074,0.028261247070421124,0.02156721336924982,0.006264273478065298,0.045410138474232004,0.011386531069789188,0.006617443839384147,-0.01072865447745821,0.0804571265720479,-0.016373467560565718,-0.005232824948756933,0,0.8106014310377809
25906,0.13529343249569825,0.02911354040437481,-0.012556006607625472,0.03346419932583942,-0.1416977347812783,0.044575176857475494,0.007833360639059643,0.007497005928924345,-0.08579296251322426,0.03771159312483421,0.05006248180949624,0.022799640407830554,0.03712720846828672,0.020677242755377905,0.022116466414745323,-0.01221062800469632,0.0763688895828331,-0.024462863527505558,-0.009082791725074743,0,0.8104432253741807
25973,0.128026250007206,0.04055931443446316,-0.014017230766332666,0.03640775710922926,-0.1406116006039731,0.07685764859173246,-0.005769276822639616,0.025928745551679823,-0.09716651518590644,0.04071456229541075,0.028435341087760503,0.024713627494549938,0.03928439774526012,0.01097599610192575,0.007933408180570766,-0.007547434036598755,0.07979040311354706,-0.013633487584660216,-0.001269836659578105,0,0.8196428333730245
25992,0.13251522327038012,0.052145410107453626,-0.02456560796000119,0.030554995532213157,-0.14605291853264124,0.058094010540027545,0.0030488834024988364,0.02041535490874992,-0.0929665144428326,0.03917775923648708,0.039382709287468946,0.009419872560756347,0.04892661739081295,0.02100590484405687,-0.004174316395154382,-0.011121346131991285,0.07955839244964272,-0.02001235207889951,-0.017122462931917184,0,0.8502606520039855
25993,0.13988838584595817,0.0283393848521074,-0.004622313989396847,0.03232937046008554,-0.1470596049551589,0.06474733904827504,0.00423829375599476,0.03927962730176507,-0.1056715787730524,0.03719508006995489,0.014312026595270136,0.0022715708859569724,0.0326320651618028,0.021642410269391454,0.0024047046183641916,-0.0041669543450327815,0.05696010987786435,-0.020753012504083283,-0.018028102296861716,0,0.7765419356063767
26064,0.15245889650939626,0.037891023458307777,-0.0074042397837194044,0.02843878665209136,-0.12783454839147965,0.07916511949231222,0.008495113191790315,0.022975137125627678,-0.09592828899616991,0.03361907286054547,0.02523042974593441,0.02560465091014583,0.036597008403681526,0.014499333324923036,0.003886671659748364,0.002308194913911428,0.08356980069664922,-0.02836010637750633,-0.002789796311806471,0,0.8170562188057466
26066,0.15876150932664476,0.049113676813541465,-0.010834099511488535,0.025939205845386733,-0.14305470150822733,0.07538203909435118,-0.0005689891736603756,0.020272214949879564,-0.10434399732369602,0.02730811752349442,0.02758080037283483,0.011760090705794016,0.02994001417184224,0.014495405381667775,0.01214186727005606,0.0029500449693454322,0.07621764596499621,-0.015066914688551274,0.009197321201079764,0,0.814928655796538
26073,0.1375544007615682,0.040390793520947404,-0.022250158218507458,0.03602990349418479,-0.13319791550325127,0.06519083674017773,-0.0053910417379957965,0.021603214586374656,-0.0980678517492189,0.03548353887734123,0.026127635729982262,0.00022233070870301922,0.03919231859080169,0.015536811453821634,0.012214461122153653,-0.0064050079292395454,0.0698577014815608,-0.018295560593507208,-0.007214871351204699,0,0.790226354150542
26172,0.1577895669745521,0.05659183824365497,0.0046551099664501275,0.026707956438379966,-0.12561959907895584,0.06839549834087666,0.011947833300492863,0.004335463610243584,-0.11484487145027032,0.043541476928618796,0.03224421779574065,0.014784077518372334,0.03471071593492768,0.004019677489873124,0.002372746980335375,0.0052177935499091235,0.06573377201624274,-0.017121925891019317,-0.02094487279317277,1,0.8115790143020883
26244,0.14620843036407796,0.0325784204064522,-0.00977563033896997,0.034796599074561854,-0.1348339001300671,0.06144561539162744,-0.00874736868609028,0.020640679721616862,-0.10038573778781944,0.028640821830879123,0.028052567870183384,0.008216538654218508,0.0363359009568749,0.0030429315132215933,0.012046929047091405,-0.006994089166701626,0.0741918626818206,-0.0226172429073821,-0.003699465246738906,0,0.7732507317763953
26331,0.14370580930070564,0.03551457203278126,-0.006011054644617223,0.025928364392659217,-0.13000564588296148,0.06966615526414072,0.0037519063450765014,0.0412525669393545,-0.09424622176355432,0.05002591623261994,0.029584690587630996,0.00011714022366602775,0.036960351333519915,0.014698501964138301,0.003622334523276083,0.008267975466635399,0.08646328708547932,-0.032396509920134584,-0.015212870765189816,1,0.8274318746681413
26339,0.12897153454477225,0.032285582053779786,-5.35748307596436e-05,0.03137745843521697,-0.1338086243088873,0.06854862255565776,-0.010158043383756536,0.04276981614212881,-0.0980758379294611,0.034082342004118193,0.04137556227797359,0.02080419603546366,0.039556524743264806,0.022333841515430605,0.010903408263186073,-0.00722374514450619,0.08657630021675752,-0.02348509762489674,-0.007401484717247811,0,0.8397915967272653
26424,0.13813516289966177,0.048320679260494485,-0.0029925172112885284,0.028669131901122157,-0.1452438064170331,0.056635607881659875,-0.0055186243014483894,0.023503001490976224,-0.1086731754405724,0.04194776304507955,0.027988926921377978,0.006176605615863072,0.03181570795588314,0.012132746869640597,0.010065416916603443,-0.010523799825724376,0.07815174836900345,-0.006810493765921282,0.004201246037740128,1,0.7875061621270939
26461,0.1439595033077849,0.04624368578137303,0.00310876328875271,0.03460943041442986,-0.14510866207712653,0.055525358494806984,0.006201317203420035,0.013232923832768655,-0.10074544353784877,0.04118519033089337,0.01752434030990614,0.020467426473294432,0.030456392138149293,0.006207274303706894,-0.011224259937458222,-0.0015092998616589224,0.07309215380747625,-0.018517501278706845,-0.006706777871560691,0,0.7756257042511225
26470,0.12608355507596503,0.03515912275761476,-0.00034483871949553475,0.02693691027403762,-0.13751872650145014,0.05436122526964301,0.001655027309779903,0.019553040430567475,-0.10336346415042097,0.04703406185153169,0.043467014020732025,0.021011695297783767,0.04615154917225726,-0.001367609086184469,0.0184365493170675,-0.0031106919065573557,0.06415694398119565,-0.02745654969755287,-0.005516985429285311,0,0.7826855602491223
26482,0.14963116889626976,0.0488579801271167,0.002031429977023445,0.023814684710273287,-0.14924455824337168,0.053216875623405546,-0.012940590688080065,0.02969954923532656,-0.10067998319836348,0.031046236977395954,0.022007677609411216,0.02812877576191456,0.017310989100123707,0.02199246574176854,0.013105620632660272,0.00037922034342431984,0.09225678048046543,-0.012150769625424144,-0.011560934648792955,0,0.8200562916206117
26487,0.1310137125086496,0.0464661992325497,0.0036928978038548305,0.025209342988224394,-0.1411905155947855,0.06175901035690676,0.004980177971765652,0.02679616492918048,-0.1095755642976071,0.04234136071071486,0.01811103741489297,0.03315746032354334,0.040528095349572614,0.007643466950923241,0.004216746301018663,0.0028946465070611763,0.09248361391997645,-0.022037218610404544,-0.008885786373936886,0,0.8229830181455687
26517,0.14575339429993875,0.04755088231120619,-0.017329803788738652,0.027998788852729578,-0.14977200044528263,0.05315491625637447,-0.004116422107387571,0.01826368036779829,-0.09768752419183212,0.044124700755452384,0.03197795428961938,0.009917597659649249,0.02944088744290559,0.010695309850872962,0.010515210778509736,-0.006640750418109177,0.07607246047458546,-0.0032484654022787384,-0.009285439772301443,0,0.7935461894655723
26518,0.14827771258741443,0.04169965022898081,-0.006627923433584972,0.03496609490290871,-0.14401316773525824,0.06342847866796328,0.005327504947953656,0.01875401478786837,-0.08926463048369088,0.01968396771852278,0.029963912936128885,0.023073086760690167,0.029083575089388494,0.0006340543095779127,0.010228594870573822,0.004024021844083167,0.07255266678011761,-0.035809620838595645,-0.021972799836461752,0,0.7993854787597636
26521,0.12401632395916444,0.040139209221410725,0.006956030378524852,0.0337530594948069,-0.15042549594592064,0.050319896381747484,-0.005419169658965987,0.021846793840274506,-0.09881459687405547,0.03481113692417315,0.023643560178081252,0.020801255765298718,0.046986141339128824,0.011325456261435118,0.0221336059344657,-0.007382072878059063,0.07787991365162673,-0.020195803556501784,0.0010240816433748085,0,0.7978736038870161
26574,0.14184148189988705,0.04546992026033465,-0.0025680683918556766,0.029375137377658504,-0.13923397592899728,0.060377267961218554,0.0006681520700771293,0.018653717870331925,-0.10160567487072153,0.03281217286450476,0.029457775782552115,0.025135717551069792,0.03588980119180325,0.007948880117090957,-0.001636915788668288,-0.02150893803307346,0.08061358082211255,-0.007315365553091292,-0.002692180936865604,1,0.7848047252719144
26585,0.15042200999663521,0.04541694810726492,-0.007048467566791267,0.01799148678645454,-0.13689819489670388,0.054974173285046384,0.007196387329264669,0.021777366628006223,-0.09944661818930345,0.04700018001041913,0.03645000986819126,0.016571768855569893,0.046839473677340975,0.006287473087872314,-0.002933968978979911,3.2275102218389716e-05,0.07846886628564571,-0.026911018433270362,-0.005477325946519504,0,0.808144013031498
26843,0.14439078982177844,0.04443245824020524,0.001166899161632015,0.040204981618974525,-0.15300701475997583,0.06408740009025346,-0.010991635123243849,0.041515825728172466,-0.09122963325164717,0.023917071649749846,0.03808981527770808,0.024560871477744037,0.027443652356311066,0.02408771436543246,0.018695123683404813,-0.015320143281478517,0.06871773435183771,-0.01988314741200996,-0.002966567887986805,0,0.8547084795395463
26875,0.1093083067577509,0.05414948084723123,-0.00733205201967912,0.030466660293313266,-0.14108392053828808,0.07013996302388456,-0.007312785151863991,0.01772296112249071,-0.09287672300910359,0.029552602244659762,0.029827285705599622,0.0251891054084973,0.03671173469130766,0.005490597293538291,0.023684741210016576,-0.015195534746851305,0.08649976000524862,-0.02975474473232843,-0.01655116220714389,0,0.8288501210087968
26971,0.15044564690868692,0.03521858519790244,-0.00466459291770911,0.03913327738985092,-0.1352244631428522,0.06298567295513231,-0.00017388579865953969,0.033852725375286434,-0.09307897924480481,0.024477687703052753,0.030921800176462733,0.01230740175407202,0.0325522527465366,0.008577596851813613,0.0028126125285561463,-0.014801725405022613,0.07088277005544617,-0.011627910908812848,-0.010486925822126967,0,0.7742265128827871
26991,0.1476506769488425,0.03331528087849615,0.0023043747470987727,0.03520265805624093,-0.14195529582842303,0.06136520305529304,0.0030263768018563638,0.021086896033843994,-0.11123275153953407,0.03674479728887719,0.01721304333746081,0.012610648344908425,0.026905062643127736,0.02444853941175455,0.015396014943647111,-0.026351034882943616,0.07620640100054707,-0.023911136656682354,-0.007518434904917891,1,0.8244446273044956
27192,0.1310444730613081,0.035499660849100265,-0.0041859456667711625,0.03762343091523697,-0.13872238891167224,0.06561734833695732,0.010254754768182623,0.026854204262179306,-0.11582504841012098,0.021156433683462,0.032635767505486246,0.015325306988914187,0.024559830929528625,0.006857046416507545,0.012290473563870688,-0.011737625865397705,0.07869304651845732,-0.01185639803184266,-0.01127972846744269,0,0.7920189131524387
27199,0.13537689429699976,0.029703181204757432,0.013769570246623907,0.023138058912979265,-0.1344218605362053,0.07109130158257203,0.007331960255055292,0.004349114842089883,-0.10093331811908803,0.02922926551328033,0.02092587732248288,0.024279213463222284,0.03230043785391581,0.0046865087876788065,0.01257091850590305,-0.0008788936091299395,0.056413979045796134,-0.022167600882080186,-0.009233001281353263,0,0.7328009562612136
27260,0.1146593746437528,0.03751213961510318,-0.0036836110006604503,0.0449579797570667,-0.15188681109038288,0.0609812900288188,-0.0003421659323390674,0.021730257306346774,-0.10728129375773073,0.0385271398970289,0.031159536649083507,0.013713923663375028,0.02642235645834335,0.00219110993711749,-0.002559881786426504,0.0034702971410211767,0.06976665542718626,-0.003084563517622838,-0.02705951387510166,0,0.7609899014845081
27333,0.1339874701075308,0.044730265246653585,-0.000984800542296446,0.02977088551695391,-0.14037516855199972,0.05515736325937383,-0.002178959616503227,0.022436125993437157,-0.08875277046062387,0.03168839820998185,0.02961646631566831,0.01861283598404358,0.0338762225702766,0.012446018228745163,0.005773867245437048,0.0006638857039760943,0.09076480114687135,-0.012127409799490615,0.0003994359189562646,0,0.7543431504188194
27358,0.12992218007163875,0.03842738429876416,-0.005173303633444496,0.031230648811035232,-0.13624943487335145,0.0661251894026906,0.0027302562962483634,0.020750689626001382,-0.09614614001164896,0.049746783477278934,0.025372202346389428,0.009340792326097143,0.03854592091112848,0.001901254506870396,0.0016902494064353958,-0.0074330911933096246,0.07792032022877911,-0.01981170690948346,-0.0021452723509606526,0,0.760662820681556
27459,0.1368396206838776,0.036480766419712735,0.0037803670593408115,0.02850274032506838,-0.15098205252532368,0.0625963671861629,-0.016532999180933518,0.022469369723383387,-0.08615184057187147,0.0268097084386577,0.021381495254253726,0.015457465249466295,0.01994752446707023,-0.0025108276148543317,0.022379707113692204,-0.00906637911358113,0.08994522921747415,-0.025743005707243173,-0.003561061659217563,0,0.781138527511185
27543,0.12343941709476666,0.03950292639604415,0.0013035758254350475,0.019678521935292424,-0.14337182636133144,0.05580141345601825,0.007160675561825091,0.023464301030144897,-0.09331292742087254,0.041603543830431064,0.021389867749084038,0.017518848832892606,0.04775211769554613,0.01738151639241236,0.009636716247585282,0.005778152274109821,0.06946364726143252,-0.024438698728230172,0.000752733260307697,0,0.7627514273537622
27554,0.1385119541821759,0.0349663521173227,-0.003311005945953323,0.02710933082829911,-0.1261577262513689,0.055856095769557024,-0.0010045956680657254,0.008375255191442207,-0.08972264936416934,0.03863827090013183,0.034076039292440935,0.01834458813993336,0.031104432979622,0.01040470317679624,0.008816804387506358,0.00923151649871709,0.08086842488975751,-0.01980890128891925,-0.0018992605773238637,0,0.7382079074495027
27648,0.13437716726475518,0.044504972083104735,-0.0012343638216556869,0.03522290253406781,-0.12759378389008283,0.07287832755595305,-0.003623536935026207,0.02517039325542045,-0.09101113219308762,0.038114023641629455,0.01713588180051927,0.02683076802056815,0.03898946129994155,0.00657501350194609,0.007862378730684788,-0.01668993830692069,0.07942929032706361,-0.029429672900378023,-0.014510438437836441,0,0.8111834465006417
27741,0.11956968686999558,0.043496520852064006,0.003624267040814948,0.02090493012772209,-0.1372300785838421,0.05837326492807203,0.003500736964259938,0.021330575798951864,-0.09829873703870227,0.03283969170722319,0.04154366361671021,0.02921403562386448,0.022881758620334574,0.00942472624827551,0.005984546693948923,-0.011196491564668773,0.09087061244240406,-0.026743335440232302,-0.009265161291204726,0,0.7862928214532916
27816,0.14592331529747743,0.05022505976477606,-0.02170353539382381,0.029177229053197203,-0.13994452691435294,0.04720975312656513,-0.00010251897693317168,0.022238794183606886,-0.10062206701199679,0.029908906746351674,0.04437483521625754,0.021955345113067078,0.022221371136542392,0.023903900138660342,0.014842667172432256,-0.009629672198968776,0.07689380424731963,-0.014979408237999628,-0.00360987957917599,1,0.8194665895095047
27822,0.15056317897306656,0.04234738990246683,-0.0018318544668738982,0.021252497847102807,-0.142376237353863,0.051782589651177345,0.008605135573954962,0.022425460189619006,-0.11548462318206516,0.03082630818580248,0.022269579715809975,0.01329357045636647,0.012123368006389959,0.017670887410788268,0.006965955387825204,-0.0016682056200912848,0.06501434809843624,-0.00852015417364704,-0.011875708386751985,0,0.7468970525820985
27832,0.13967500729116966,0.03801557993608428,-0.00787125704339137,0.014326756531936283,-0.1362715224223281,0.058088038862082074,-0.005053458975711937,0.008831338259017512,-0.10805149700621053,0.04020022636443794,0.016711788747018595,0.02731288549932375,0.04010832578068488,0.012017360879217365,0.0104988220267889,0.008453306464590759,0.0733564806593614,-0.01583576074197235,-0.005677628584789076,0,0.7663570420761168
27962,0.1282953926717915,0.03683784875849242,0.007413313241266197,0.04201256960639505,-0.13930440832846672,0.05944610478212998,0.000598533171009569,0.02317141351364337,-0.09076153903513144,0.054653574738236364,0.05458744434094438,0.016936844313718086,0.03754173234001712,0.01103744153985543,-0.0007624662415234226,-0.023550936775006515,0.08157098505538361,-0.012588698134631324,-0.0010040682282163099,0,0.8220753148158588
28103,0.13730436846010408,0.04576345475259659,-0.014005580087872577,0.03736426747636809,-0.14625056376900356,0.05114816886376532,-0.007322385714736808,0.02422336014559385,-0.09758544586873531,0.03492016091455792,0.02699878340082821,0.0334551870331081,0.04758945217699938,0.023830305294623114,0.03116343666289531,-0.010412768157528701,0.07676766547383446,-0.033520425807122674,-0.005839329308519355,0,0.8854651093687934
28142,0.14011208126251948,0.043518412249670166,-0.01629234508510761,0.04484421491958007,-0.13391973886874542,0.053135430946202974,-0.006764092403853686,0.01973064062668067,-0.1043565018179289,0.041394592313514125,0.018950408183818525,0.026271755296014387,0.02200505925239604,0.0072184539412425575,0.009365189781585645,0.009643341085077339,0.08027448141045153,-0.023274864055223558,-0.013215685036946081,1,0.8142872885365587
28178,0.15577538000623786,0.05627204664303739,-0.002835464070717935,0.044496375086736005,-0.1403133473382174,0.05251229110202643,0.0026515738331862847,0.00225936503170172,-0.11358228287628143,0.0379140948046704,0.011502913058166754,0.03040428597704751,0.035856948341393795,0.02546776332897869,-0.002183035213294487,-0.0014099746302157856,0.058263794336433875,-0.013234292622736248,-0.011908350408924353,1,0.7988435787100043
28201,0.13884442057098353,0.03321081872424117,-0.0011956751713610029,0.026448042347610022,-0.15990422463439238,0.06496376875887427,0.013359866900017373,0.022037869303289596,-0.09321751082986132,0.028937583666432773,0.03041794664608226,0.01908362339325726,0.04560589498227286,0.0027558593465230254,0.0013772661564115324,0.009331783031971751,0.08679361831316001,-0.03940984552993099,-0.0019779920646117635,0,0.8188736103712849
28230,0.1350862218600118,0.04153228560766324,-0.00955172776320119,0.026355223087076815,-0.15190654302985,0.04964106172383836,-0.003134170564429976,0.02574993747677036,-0.09260678518951307,0.030716962584716654,0.012652550617468155,0.017429939914172927,0.03695658776443185,0.0008275890062284658,0.007592325234418334,0.00854627776302381,0.0817091900552805,-0.017875797198537203,0.00103672052877488,0,0.7509078969694075
28390,0.1382582835455652,0.043622965656634684,-0.01545845337095498,0.028117114965447467,-0.13886331702172858,0.05526438516521537,-0.0034874623220431337,0.013085228399098061,-0.10326577225319554,0.04623440589639347,0.018953014587564637,0.01045475825133873,0.041995196575215374,0.015232658829685547,0.0032608018358320353,0.004549428063927464,0.08856246810592726,-0.01682311259769455,-0.011144268084111812,0,0.7966330955275739
28450,0.15225897533624524,0.03919371699446021,-0.005035660554158437,0.025130815423644842,-0.13449083655013494,0.066800992004498,0.0022558432911906146,0.021168597474669034,-0.0846979038861263,0.03024057840708305,0.03608313960804596,0.0068069371506408495,0.023877450601045187,0.006941765620667497,0.01717729113179099,-0.015157536359630498,0.10084787310561567,-0.025563881931986457,-0.016835171766688875,0,0.8105649671983227
28524,0.15332378573657932,0.05134835634682681,0.0006798339513135474,0.03483703062674535,-0.1169049472931845,0.07605800216206954,-0.012212833657267257,0.02637477835199662,-0.0878668923110435,0.04480363325524408,0.020916506839691117,0.012049705820394285,0.046576298920797385,0.025457645300935902,0.00430584482509223,0.005543544899619332,0.08118215676850157,-0.03548034865544854,-0.01711947535907419,1,0.853041621081825
28724,0.14135546062107243,0.04566596926342224,-0.0036630369925105635,0.020978322007335383,-0.14527556102522046,0.04886738413257433,-0.0018175581692951774,0.03350367509758986,-0.0878468085922163,0.02812573583900664,0.025875092936391213,0.012655753244849067,0.04122187149765164,-0.002683387276259062,0.007130388768819426,-0.005219181876234411,0.07933226948725021,-0.023584943569306245,-0.012016213698313896,0,0.7668186140953186
28791,0.14969112289499434,0.04309461436166984,0.005703676786148298,0.03912828050671927,-0.1357120862211554,0.06604664037832803,0.0032519167119276116,0.013554947244371193,-0.0986409518251166,0.032641990538419215,0.017849701666984245,0.028049525004251664,0.03090324276567975,0.010995790018283843,0.0042543639722724125,0.0019064916155796204,0.07872715109728655,-0.027136723239460158,-0.007192171662296451,0,0.7944813885109445
28807,0.1402093276168301,0.03671915660044352,0.004136785863444798,0.019363422364267243,-0.13429665356207543,0.054764566948635636,0.004439683134014608,0.01885155199429275,-0.09027698351426039,0.027504782445953575,0.0213585249077611,0.007249780613438943,0.03584366944790487,0.021145728669352912,0.009641722978535331,-0.010758756877026158,0.09434309434590103,-0.04199918613264742,-0.017554393536851776,1,0.7904577715536376
28939,0.14959100281210422,0.05522424943010776,0.010096341474029345,0.030312530633553936,-0.1474436698799365,0.06198599663709411,0.004873058474603055,0.00981987089758948,-0.10153276657003558,0.03632312540976302,0.01240336557827526,0.01180669773386556,0.03149842897004257,0.011978390514076315,0.00415351163708263,-0.011980479308862705,0.07890182944833404,-0.025784969706960387,-0.015843160575241093,1,0.8115534456915576
28953,0.15204457748301461,0.04256791960674559,0.005577551663447212,0.032512359793864604,-0.1405421116999265,0.05359983531633961,-0.007788703359790148,0.02466441376947653,-0.08853821522130323,0.028907306149353752,0.036932648026030926,0.003711922739847836,0.03341644631981353,0.015278748207059841,0.011640050335066765,-0.007268340559884396,0.08503816195545727,-0.005675946847693338,-0.008924072541503405,0,0.7846293315956191
29042,0.13747963106963376,0.03598527914597291,-0.011203670222577677,0.03295962883028542,-0.12519877391558126,0.0705455161177684,0.016924319954383055,0.034214606357060015,-0.12066376066120608,0.03734855171377166,0.02562408038038921,0.005931106429247209,0.03536430719805081,0.005111323847611852,0.002318540007869807,-0.018010325389855468,0.09285666350149747,-0.021017110932013725,-0.010926877503923503,0,0.8396840731786993
29098,0.13909288966829483,0.045053249742318634,0.006700746851669909,0.0405352089161595,-0.13269721776754903,0.06620114383178771,-0.0012207155359624758,0.011427382512446667,-0.08886443244862677,0.03078254436735111,0.02456613985882031,0.024975899610261795,0.029541651906729416,0.003683125700117841,0.013815373085033236,-0.020879591172689293,0.09429610445440995,-0.011418510404756041,-0.005875945900620984,1,0.7916278737356055
29145,0.13158386388794735,0.05455860053049056,0.00327624561462089,0.026767332867543858,-0.14395567585445898,0.06870423698152837,-0.0006620340728870604,0.006866096233526301,-0.0991556496571467,0.04096274775637745,0.028426195426982798,0.0019515091782338115,0.04444700991190541,0.026797234987396612,0.0038145671104978752,-0.007747174994045237,0.0649418136074368,-0.029544147827314286,-0.026489306136460743,0,0.8106514426368011
29290,0.12562654876806684,0.0396657866398875,-0.019398212106326463,0.027070668746119613,-0.140571255907229,0.05707513599310913,0.009980760325348448,-0.0013490655297969441,-0.11714834614709432,0.03689170741098891,0.019709200856149377,0.011328217631848393,0.038284286829939146,0.0016170271006033198,0.0013771134790354674,-0.004278697967577503,0.0938609559868228,-0.025650774959039186,-0.012803111785217208,0,0.7836868741701996
29430,0.1348899008808227,0.03374972931997568,-0.01569519646130972,0.04040530040403193,-0.13651340561882885,0.052336347389912566,-0.0012907012429001282,0.027390626265322498,-0.0962260302375136,0.03299136184759862,0.03430369673994694,-0.002505575826411269,0.034230750393307356,0.005933803207706018,-0.0007374829269583962,-6.762637274822837e-05,0.08318265697584415,-0.024340031320893785,-0.006827917525139636,0,0.7636181409571721
29469,0.1271005169212477,0.036396530745365835,-0.01821448600299298,0.01929842420597321,-0.13324843869197042,0.061012880560229764,-0.0069330844064997114,0.0359839137232887,-0.1049240750456842,0.03889748267541924,0.031223234892456632,0.004866699501448886,0.04344171330668812,-0.0036021796682069313,0.013252805171131716,-0.018361523300096223,0.09340812838805847,-0.012243313616744165,-0.021164265018721852,0,0.8235736958422247
29471,0.14654282187027293,0.0439776982515175,-0.0004826754780589009,0.033557115195025446,-0.14115767177442143,0.0723170037706445,-0.008804059417671367,0.03466700779154669,-0.09801134995365017,0.026922915358476154,0.030611408065583667,0.019373092580653277,0.030522206575524055,0.024315408780150184,0.009563732803663325,-0.013080941393099432,0.08112925032910397,-0.02608168120248775,-0.012657478774869602,0,0.8537755193664204
29472,0.13006295692243688,0.045323184395137384,-0.001984068056196731,0.03748695211092806,-0.13144444941373218,0.06366171993031818,-0.01727647649979904,0.019174721587405186,-0.09670027819089305,0.027721356403738427,0.03857065733672363,0.021632749269608627,0.028535072076265003,0.011939991376632665,0.004532299603324069,0.0008595571945372285,0.0720979567534654,-0.006213112097249492,-0.0008870916147948073,0,0.756104650833186
29537,0.14706211746776318,0.043455273503485985,-0.000585543508756417,0.024806169306108572,-0.14670885535582737,0.051736400472352354,0.0013035354164523023,0.02429015344949963,-0.09115691155630273,0.016665701590964782,0.017503087804427903,0.020710755068439182,0.018488726545250588,0.011864845830874922,0.02327604229762448,-0.002618941110546335,0.08688013460895024,-0.009148207889998974,-0.012988808629979412,0,0.7512502114136054
29652,0.13597634766613736,0.04835546611566878,-0.006037248198481607,0.022926407815130702,-0.13332215215401172,0.05869054714069319,-0.0061177605857933165,0.03526094140509036,-0.10535592333428902,0.028076661327000978,0.020148167138549423,0.021138872829945306,0.03052107610951452,0.01068910703591311,0.00644653153460918,-0.015716443961410115,0.07934228307523007,-0.029070366363217463,-0.0010156595248032299,0,0.7942079633154895
29674,0.14606062918389098,0.05816193924173073,0.0015632150333196007,0.021602178371328697,-0.14278417379240557,0.04554323130989849,-0.0035635147373156363,0.019232328602640215,-0.10025639862312048,0.03310070637712215,0.0360830901202991,0.00805688593487132,0.030772124084944934,0.015333833771973508,0.010746386745898331,-0.017933206739887967,0.08171941160134163,-0.02478823669196403,-0.007538449696903179,0,0.8048399406608565
29730,0.1453891783721577,0.04939810869160524,-0.02284887263558532,0.020633267511601158,-0.13596169588310403,0.06112558607420298,-0.01060271781757592,0.0131299126446168,-0.11949162192080476,0.03512121910426195,0.036831696800678985,0.02620697710169218,0.032080575798172986,0.008779257904705138,0.0037173790356182564,0.004158453229676336,0.06795508184198985,-0.018928273639624325,-0.013120447099840393,0,0.8254803231075143
29893,0.1422586027582733,0.049999297677078974,-0.005087486896450425,0.04508801735964537,-0.1388220907335837,0.06895211474944392,-0.010263822961688976,0.031569709253237425,-0.09188396034468654,0.039652976230336826,0.03210322365039786,0.018482458222992142,0.030902146623416418,5.009102913839057e-05,0.013855972294808512,-0.009644027876169414,0.08475865302971479,-0.016725395493885034,0.0013487847349320252,1,0.8314488319198801
29990,0.13865750993685988,0.043214986341693164,0.0009433224721840983,0.02859904681058355,-0.1314880652909844,0.05684401979204055,-0.005554317544872249,0.01724817224274561,-0.10722587962098898,0.03174396143512237,0.030710436719444994,0.021587906613659173,0.041987648157374755,-0.0017806182392135106,0.007342374774758022,-0.0022385887885590858,0.08672817172307712,-0.02505535645708341,-0.011559527070953602,0,0.7905099100321985
30027,0.14126803500472818,0.034989743925976105,0.01673473450936872,0.030354088922544185,-0.1433994089021886,0.04234672481098665,0.018987213512041003,0.014885164357517399,-0.0970936374962697,0.03553651491310322,0.027348977272472316,0.02773687688211316,0.05250466291460212,0.021767026756965478,0.0031897401272447663,0.000944914782969031,0.0758021505562304,-0.008476656628522834,0.008926246308494961,0,0.8022925185843388
30137,0.1271345035167615,0.04327404360231995,-0.021245064986175868,0.017659608490259184,-0.1383066713885336,0.04427401835886718,-0.0018152796132806922,0.02108461897492141,-0.09312142126961075,0.025094713424947464,0.01790025850344188,0.0214173402982566,0.021059699634833604,0.021001867607407892,0.01041321584372113,-0.014851949651940687,0.07444687006203426,-0.017769495758874185,-0.010501569283621537,0,0.7423722102698094
30189,0.14485355076269593,0.054284582633383816,-0.015378834159899282,0.02186955152930444,-0.14010741624305173,0.06714288171558788,-0.0062936800047320805,0.029135326602853846,-0.10360488867955368,0.04700370879923639,0.030321658291017305,0.006811093361200071,0.027268757231353802,0.004285909612071671,0.006080762943354868,-0.016820415154668172,0.08254550915630407,-0.032445303282119226,-0.007481726954337235,0,0.8437355571167255
30206,0.12775662574494334,0.01953061873946361,0.0007058317840169532,0.019570362065713404,-0.13249394785349866,0.0500030189799375,-1.442133687874912e-05,0.021796823874494154,-0.08128234441570514,0.027436467562480367,0.017359361432006424,0.020339003374047575,0.039437890144954815,-0.021101454403229802,-0.00039122707669267127,-0.004652226450450244,0.08578247296966776,-0.018488812827744117,-0.009808879253100379,0,0.6979517902890257
30280,0.1370453789409705,0.03519630734686601,-0.0031664113992933714,0.021702962271359923,-0.13425449646507898,0.062402219426803476,0.0018220228137461577,0.02597409203188086,-0.09542450765396616,0.042641904402814235,0.028468226234894096,0.022345262595426744,0.042461188226297866,0.015816349462955476,0.015632706860494346,0.002327840800114584,0.0825435013145063,-0.019227634708194056,-0.018078950924800826,0,0.806531963880464
30445,0.14575337827275017,0.04149928338557249,0.0024797650342487047,0.03790923057413971,-0.14148136058806565,0.0605349756614049,-0.0020891695073298033,0.011048115346929774,-0.09644739600699341,0.031225153669273562,0.023949934761559103,0.01641306913940035,0.033414434919237054,0.007109839875330525,0.002125274637419626,-0.007260206044912257,0.08361641550302451,-0.036033710136762244,-0.007380635559285131,0,0.787771348623639
30469,0.14522226818947506,0.04134624025524747,-0.02085737160140346,0.029965402834590815,-0.16001694169546424,0.07904819584624785,0.003913435692114099,0.020213690465681354,-0.10283533435233311,0.04291848074153872,0.03769727492146029,0.0034540576452175013,0.02387405513332643,0.007649592502155262,0.002711617619653385,-0.0016014114282145587,0.08801764611717,-0.013846667832360958,-0.014612239210233921,1,0.8398019240838885
30476,0.15254651480097423,0.03258684270661155,-0.001503802241407308,0.03831846102120244,-0.14619895260851026,0.05238459428439368,-0.003408061851743414,0.004590034715321754,-0.09788883231548294,0.01793150695224854,0.03566874848917709,0.005178219139584627,0.02237629754398195,0.002385345257243033,0.027739445411572465,0.0050767327157155645,0.08257080589099913,-0.020145058551431373,-0.015636834580722816,0,0.7641350910783241
30484,0.12777047385029086,0.05172823745569511,-0.0119682045758025,0.015799653751163396,-0.12828724231111355,0.06598811342530773,-0.0038929334679852247,0.022237918018018932,-0.10185982305938916,0.03614381422475489,0.02795860906356394,0.006450924434956921,0.011248300475170522,0.00950099885872173,0.0035777733428575937,0.0033270255484287173,0.07322257987702747,-0.02400262068975555,-0.010793840950531104,0,0.7357590873805349
30656,0.14415960468505862,0.043138353689593435,0.004680871055771332,0.029471660995275525,-0.13604751407068913,0.0791419434711242,-0.01092910831379514,0.0376863227419178,-0.08865229686186298,0.040567763121866746,0.0353334804797034,0.018358783648854935,0.025329778081745098,-0.0042685725410619105,0.009222561606708462,-0.019764879459612528,0.07995628889646926,-0.011304527930122446,-0.0036316885187361687,0,0.8216460001699691
30710,0.14514068362867755,0.024986906258633063,-0.004876378234129036,0.030428132810796142,-0.14355331773110952,0.06551279501768714,0.003413393757898424,0.013534825309257367,-0.09744449350633698,0.03899044643815332,0.025486193297064967,0.010331241731126976,0.03367217745188996,0.016283248210309895,0.010612068865958306,-0.02120710916675725,0.08844351617006073,-0.018449746812373487,-0.02532816364423992,0,0.81769483804246
30719,0.13573054235997678,0.049577047129386334,-0.011927362211826978,0.03228739379566789,-0.14651030622128935,0.07007825820006659,-0.00815050784813234,0.02534230334404299,-0.08523526954880875,0.03165779166556031,0.025562948035796805,0.026353986707150168,0.04203740586804458,0.01453841533661879,0.0008533034629906978,-0.00920175965829612,0.08686843712909045,-0.019277996514465077,-0.013361360104092725,0,0.8345523951413037
30731,0.15364834895643942,0.044984981657023325,-0.008718477702624119,0.03371657169852124,-0.13512680918443754,0.05268603446518582,-0.007744459787978115,0.01782346369346595,-0.10630907660668436,0.02428786296474631,0.018807423287003414,0.020891645843436748,0.026655791419202997,0.013363544241774605,-0.011176487423653162,-0.0013704603096729709,0.0869804765171636,-0.015413549623424503,-0.0013417259877290548,1,0.7810471913701672
30881,0.1357954516328818,0.05370132510122908,-0.014039677818961645,0.024982072048765333,-0.13968070398087098,0.06742171472790066,0.005535026085190728,0.025419146546760293,-0.10939236788906262,0.03468978474175152,0.023518789272947836,0.02489698575190577,0.02793445660739162,0.01692512041928651,0.012873135088755861,-0.0063232814485324924,0.08836592719023097,-0.01943692401532222,-0.017930408302120768,1,0.8488622986698687
30946,0.14830139631431682,0.03647514560941899,-0.005872002568344199,0.0391757384221392,-0.1479388541445997,0.05699482736269549,0.012007425556417692,0.022305382266893072,-0.09265323382862403,0.04393069848814063,0.022432160663183882,0.017238727014512793,0.031901813673138275,0.008734913652155469,0.012037270616493793,-0.008824602008181272,0.08449328522655579,-0.029480973353584027,-0.0002693168127638219,0,0.8210677675821589
31009,0.14706655268910782,0.04190820430002377,-0.0017592563723216256,0.045119024619352,-0.14684089178853946,0.0525020809724323,-0.005648547691880421,0.019634966455308992,-0.10207089819459261,0.043416660352409035,0.036120170340061535,0.008498619647164767,0.02968440284479805,0.015072058586566732,0.007083736472959672,-0.01336371430937795,0.0768247138887333,-0.02355898978170298,-0.01308056894691039,0,0.8292540582542434
31054,0.1455080779924971,0.04075061406825226,0.01504197986786168,0.042960697238459855,-0.14947121453808918,0.053691357718819104,0.012918090618429077,0.02186259990723447,-0.10204598598655944,0.03157845600233969,0.02709246637304066,0.02710779393499412,0.03815775140702383,0.017703937942393524,0.007254677544454205,-0.006535707365020754,0.0769612195228384,-0.01183320068547673,-0.02100288778639837,0,0.8494787165001825
31112,0.14186501211214672,0.04087183792376432,0.005508501500335048,0.02435033854113681,-0.14603017492913964,0.04885915846502731,0.001390877255231627,0.03221114209916821,-0.1011884568768333,0.03762528894646517,0.0372463843317743,0.005652163926312668,0.03192779515761836,0.019959244617567866,0.004259991020962995,-0.013294259763189318,0.07335949863299929,-0.008247657315420027,4.352259251020115e-05,0,0.7738913060076031
31152,0.15563735469011641,0.047651781313001074,-0.0008512781715275942,0.032110231005471675,-0.13618844350101134,0.07215970714706471,0.004421836204214819,0.020017122797753552,-0.10178801289818733,0.029829324578748446,0.028700082060051122,0.008326986063417847,0.03357235639908763,0.0028983159449074668,0.021904705218058127,-0.0035380883674666895,0.07150302850542314,-0.026483364444063368,-0.020057291414873845,0,0.8176393107244462
31169,0.1302486123621354,0.054015848510237045,-0.010426482839886736,0.034137649737485766,-0.14192159199335322,0.0613871870519056,0.00676092902599626,0.02419989244721693,-0.10668813561612218,0.03045736195390254,0.03208649155373205,0.020325319908748092,0.03399007656652247,0.013853766526735437,0.003963359001657217,-0.022246758655672036,0.08404491380342406,-0.020676803585731627,-0.01086506224232715,0,0.8422962433827919
31213,0.1371988402798042,0.046477999120826285,-0.010693845531636034,0.03320658012450271,-0.1401459274839797,0.042809459706984694,0.013597854972376623,0.037809502626426274,-0.1045935494326928,0.03772996954360593,0.0283262634990889,-0.0023642779060044626,0.024462493793298387,0.015201481667572942,0.0033150755661518457,0.001018199184267735,0.07936511969218771,-0.007062964178639288,-0.01753999136216096,0,0.7829193956722075
31243,0.15634510198334964,0.037275674192606176,-0.008245179981869652,0.04659289733576699,-0.15444886023829765,0.06256136769219027,0.010098777335910317,-0.001985746218267484,-0.09192504495102997,0.04365726483988207,0.029777538224986303,0.019857078120504676,0.04060569133930487,0.007808701239904164,0.00451495706052807,0.0024600610785883393,0.09224500747395784,-0.029106152346625894,-0.01139024039438321,1,0.8509013420479535
31275,0.12410996600128436,0.04583498719657442,-0.002922644040167404,0.039394315206104674,-0.1500334368673053,0.06371905881026531,0.006246851947785826,0.010590688015574942,-0.09403419875355633,0.03264187466669135,0.03795962729793612,0.014583299879650343,0.03164675149461619,0.004913946486677596,0.026748905447318172,-0.0068356440620592545,0.08062083742647655,-0.0287654348987515,-0.005773728008012345,0,0.807376196506808
31276,0.13982507240835299,0.04328736668321919,-0.015029137848208774,0.020284061150291688,-0.13500893759233426,0.055553979103475294,-0.015259805012391764,0.014719164776889003,-0.10630984947378726,0.03162986567203921,0.03118705180083875,0.030380496641567976,0.028703300843492294,0.014315859618790863,0.0002595412333477203,-0.012162917248158473,0.08626565149538659,-0.014436630964423249,0.008463898823252353,0,0.8030825883902477
31302,0.14517766692897385,0.05733037474439122,-0.0001896450746415939,0.04316064897502853,-0.14347169561660827,0.06073364315881861,-0.005571284326455377,0.018906450858474064,-0.10262127623532416,0.0330444391253345,0.024731134147376276,0.007985818012771592,0.023037078809466156,0.014605539101504214,0.02659911505706207,-0.005687269816675486,0.08312290517770657,-0.022114414838771555,-0.01611632305652553,0,0.8342067230619097
31309,0.12179564100931017,0.05836200889983472,-0.009494481006690642,0.035808487136340945,-0.15040888093184912,0.053025080280735194,0.003093355861072085,0.02981227265388092,-0.08614160065022208,0.037817842800553926,0.03288509782832967,0.012685581102173478,0.023318991446422358,0.014307065921494404,-0.0009420602480812302,-0.005625417480745393,0.08009487754805583,-0.026741479126697776,-0.003876144818520519,0,0.7862363667510105
31405,0.14175198616852472,0.03858576746807733,-0.005662063669633091,0.026224888023545927,-0.14856816042664267,0.05478909427737378,-0.004485985770583931,0.028272180954995126,-0.10931212234462463,0.024124751587346966,0.02794838136317684,0.02176574400361218,0.04542939543345848,0.018172637216047383,0.0032736083171811194,-0.0016082501274841616,0.07830033846353819,-0.017443871086895785,-0.017145850370998864,0,0.8128650770737412
31424,0.146783892233639,0.0465576765141269,-0.0062667860839528905,0.01208332025282544,-0.1342839149229137,0.071033169802495,0.008875927804614003,0.02892896221408576,-0.11380393326045803,0.03605850302748276,0.01562847092083978,0.025414360870813207,0.030894340204045943,0.02008313973649676,0.004656317456191877,-0.006775226811522725,0.08705189046507286,-0.008619722687229433,-0.007071436689101061,1,0.8108709919579071
31466,0.14772406866876034,0.04362138634857155,0.00035865224856040175,0.0256615795810802,-0.1326305595196887,0.05229743852269327,-0.00010284709287976601,0.024040045465354317,-0.1128941095009313,0.013670968306226182,0.034518979217889496,0.027344739724751592,0.03635878839721729,0.010516290873392245,0.01225824406456138,-0.005784393296905226,0.08170818270793832,-0.010808976216136405,-0.009936815995195962,0,0.782237065748734
31481,0.13523073261144938,0.04229621996488107,-0.002295046628682328,0.046357640159503194,-0.14178121420314463,0.04778231769221022,0.014740057715057823,0.03497589612089967,-0.09405493324110249,0.039715672136111366,0.009498620865612097,0.00664967676791126,0.03208135025502902,-0.005977706639140369,0.006524955451840614,-0.001308516879343456,0.08741246504933373,-0.012339503401199017,-0.014687985694553573,0,0.7757105114770053
31522,0.14752203910442854,0.04052840692179734,-0.012609828543967652,0.04287463136686997,-0.1332969541567855,0.06720694104112725,0.0003338352981773477,0.018546215539993353,-0.08991919062214138,0.03181466611056102,0.021341517961614223,0.021471289534204116,0.03992583600935481,0.01321037054719517,0.00779803635675492,0.003710951886498303,0.08326329619421094,-0.0316498596259031,-0.007099660318818096,0,0.814123527140403
31578,0.1575605693495737,0.028358680009282405,-0.007656168848145789,0.044379955235621014,-0.13355730253962478,0.06357286847444953,-0.00914456988248984,0.02448354802652869,-0.10481263076668891,0.05716899275298484,0.02392730737751532,0.02621488377615049,0.038465138663017505,0.013591118805315706,-0.0024945294085436925,-0.013790581805966023,0.0840058814655598,-0.01797451583057946,-0.012295554092442113,1,0.8634547971104796
31592,0.14393162693084174,0.04751729499410857,0.00661799196309669,0.0320964323953224,-0.15011487805527748,0.06313759051487254,-0.005520435845336489,0.013828910292698258,-0.09002461496337827,0.03080454492884363,0.03813682949498854,0.008108187100876657,0.03546060324448423,0.0268201284949756,0.002640945927317305,-0.006654680385417101,0.08591927688123345,-0.017514011492930793,-0.01368282158131311,1,0.8185318054873129
31655,0.13215256333249517,0.05784664832910525,-0.012610376137082643,0.02207429260163816,-0.13135905964691408,0.05920114449548859,-0.006893766876671112,0.009448680425627775,-0.07757385826397417,0.045530197924078294,0.02999983881286997,0.027039333102893286,0.03997229503226338,0.009860667479131138,0.016034421776839548,0.0029364983356357888,0.06267307667007445,-0.02347919011387919,-0.018997434377158937,0,0.785683343733821
31732,0.13984916773729375,0.03807137239587393,-0.0002999023982162646,0.030198397036792394,-0.14914032004768024,0.056344812930153636,0.001676283475840634,0.03100285104209098,-0.10722723057191354,0.053259295303272114,0.027979668181655388,0.015516710195413865,0.033107945466868655,-0.002129781374716504,0.004267630607082448,-0.002291639594886326,0.07729091209979044,-0.005921325223700703,-0.003960716571528996,0,0.7795359622547708
31768,0.14015438928863708,0.04502195953716178,-0.017768919714276816,0.029422337422972115,-0.15181856973581015,0.06131213835879266,0.0027583868316886067,0.02420882070318573,-0.11290958433141546,0.034697272626140384,0.03681371933144066,-0.00346985400572586,0.03185979969984362,-0.00405453869547928,0.012401009763415523,0.004258970417081894,0.0755755640216745,-0.004663990456590724,-0.006401318308047958,0,0.7995711432493808
31772,0.15710006348921257,0.05989703778135117,-0.0020057229763566753,0.04468867798206851,-0.15748679573809846,0.07380953097287561,6.011411063559999e-05,0.031111151713979213,-0.10126415761541602,0.02863060460219574,0.020986219492310592,0.015659473456780294,0.04383186199290158,0.012157872672557052,0.0085035322372001,0.002848544363143271,0.0898227763873816,-0.025131163601223264,-0.0028712122387712824,0,0.8778665134244586
31850,0.14847962971568168,0.06193000723444952,-0.011596346700740685,0.03445061776064417,-0.14842994347980593,0.05928677623170862,0.008838385218557837,0.023266566640199386,-0.09655830312808025,0.03808106154310612,0.028427729200844614,0.012046281985257857,0.035946494890658244,0.00018228355685122208,-0.003190650142785568,0.0008814429846228141,0.07475272061864212,-0.01238229108596162,-0.016079461947923385,0,0.8148069940665217
31866,0.14475879096896313,0.02365508343033563,0.003983252758303699,0.0333526560645443,-0.13110799295202302,0.06800202379567015,0.003866624990759722,0.013575818854923889,-0.10085525509912834,0.042120681059382055,0.032243637698157725,0.014395715768279948,0.04852820238556245,0.026841898406011453,-0.013064172226415675,-0.00832013659019391,0.07901030780575674,-0.022901031177423807,-6.13307957152527e-05,0,0.8106446128275508
31880,0.1366036442633292,0.0428259029567526,0.0010801095973267903,0.023302859535889606,-0.15503801124291913,0.05510991197548358,-0.0037348977329947773,0.03483046901018359,-0.08681316614827125,0.02922428937479173,0.03730502577870606,0.01741833943109613,0.03734573815242207,0.014330671530189307,0.013201138461300575,0.0019470551273908093,0.0746764850775556,-0.015751561986090592,-0.02122140369395376,0,0.8017606810766471
31971,0.14394471780702248,0.035903957918713515,-0.01818118037230381,0.02093163593189509,-0.16321556978096763,0.06490604188957219,0.005070372743470901,0.03298931205073024,-0.09668011754370792,0.035075678002742895,0.016258547454359763,0.013366398556946506,0.032538023420835165,0.007239205466655941,0.008056077033322796,-0.004595484247995515,0.08353955196586156,-0.013761518163252206,-0.008571935527678976,0,0.8048253258780351
31994,0.15066007871780243,0.04482128890039972,-0.010435831610480334,0.013345184492723882,-0.1406267856646502,0.07054347845943923,0.006208327193295994,0.019636622208678987,-0.09008820639067663,0.039415045237348185,0.028372522480711593,0.014597289578838374,0.030058068152870474,0.013337050678886686,0.004574849731192642,0.002063350592735533,0.06680344547260005,-0.004737988504741988,-0.006070970563956176,0,0.7563963846320291
32088,0.12321753566646879,0.046533117853407774,-0.002907588726884172,0.04047550723303861,-0.12989637206773702,0.08169079127305154,0.008863570558180866,0.005710089654556827,-0.08706766617763806,0.02355137838877075,0.01863345017828829,0.021404645875948494,0.04215863594223707,0.003792737483039522,0.021171956344731954,-0.0030227971338134597,0.06685006256343072,-0.02934135168379619,0.0022961259386824087,0,0.7585853807437025
32148,0.14522439725017006,0.04749868540327449,-0.01963690061314894,0.025321038014950382,-0.1422244484476025,0.07121709033338548,0.008474837620533809,0.030792907825884334,-0.1048782912940571,0.035062152219564324,0.017399181719739306,0.019938275019370486,0.041558016911583305,0.003579124980672582,0.008064177992690042,-0.00830877101473961,0.09037325750545752,0.0002737114231700626,-0.017104575440736527,1,0.8369298410307309
32158,0.13582354490247325,0.03348702541205368,-0.0071564953825692616,0.04318765824195159,-0.15122779570648107,0.05330794497942225,-0.0014186291966202882,0.01663660801044281,-0.1105993861090164,0.026226041377083488,0.01685242398215102,0.01716579258352202,0.029553910674538834,0.010076003631429445,0.013718994424428838,-0.0005472548602354284,0.07052699665345255,-0.02802632855349725,-0.02308086008355539,0,0.7886196947649249
32165,0.1416583121844633,0.047485690820599794,-0.0023329661165425166,0.030266369335423246,-0.154910031243204,0.07133945460956548,0.01586062351018379,0.031233309642300897,-0.10684758915855842,0.05181971068438428,0.018252582414653624,-0.00719788083247089,0.04323245332356397,0.006923659596834698,0.0057265010198699106,-0.023689044335454684,0.07638797430953845,-0.022421736925989602,-0.018862854615736325,1,0.8764487446793379
32172,0.134052608768962,0.042971981994480934,-0.014388360056599346,0.04094695193834179,-0.1405546382782109,0.07855814720246755,-0.00041948118740435433,0.017633343151364667,-0.10765375196809068,0.03187953230186911,0.03390659686223432,0.015816350579092264,0.039681894955666853,0.011967820553093124,-0.009527701104307193,-0.009009057182374224,0.07842539849617124,-0.024546391742477896,-0.010267315537389677,0,0.8422073238605982
32217,0.1378724501970024,0.04761809209809061,-0.001966406789457964,0.036016607634549405,-0.12319272570050877,0.07254560557104361,-0.008146434265663213,0.010083325466308055,-0.0901065676780821,0.029179371533254905,0.049747706260015206,0.023043990376743494,0.03552983765806155,0.012540109965064212,0.03831181779836174,-0.007292061585960102,0.08420758129214295,-0.02797002325615552,-0.025645411877475113,1,0.8610161270039409
32242,0.15673956907395584,0.032799242582815955,0.0006454409309329004,0.02307520995380131,-0.13721547509829432,0.056831779836624456,0.005380039687953039,0.01812006033176592,-0.10213437242406029,0.03371833268026417,0.04165370658141434,0.011728163091680259,0.03460031280955154,0.0005998812856716408,0.0052565309934953005,-0.0038120178985141273,0.07431418572671741,-0.011891817099606463,-0.016921320835684855,0,0.7674374589228041
32373,0.12909541680772865,0.03264006481356878,-0.007069918111999024,0.026180529951148147,-0.15224460759330466,0.06593075266682788,0.012284998675699635,0.024025701340491472,-0.08717401784410293,0.03354911514372839,0.04354116092035451,0.04317242764216822,0.0439523267223517,0.00028414638062800436,0.007110106090702779,0.0028135512411753077,0.06737244490065937,-0.02059036180508038,-0.013784839943938297,0,0.8128164885956581
32394,0.13886970737095505,0.0436481733738764,-0.0025229885300212234,0.03460254271654719,-0.1290819994945088,0.07054283502778169,-0.006147525425862841,0.02173489332717508,-0.0798769786870454,0.018166705350571393,0.016055294345161543,0.009227370505697647,0.03673560578675281,-0.014087761770633277,0.010690860090138497,-0.0009466743570311958,0.08857231683437708,-0.017111357238888937,-0.022063061122370834,0,0.7606846513553969
32435,0.13829092242092417,0.03575206076475672,-0.015952164616006726,0.027762046586904565,-0.1405388436452146,0.051231183459802,0.015046960953868678,0.023666854951844566,-0.11698038242116258,0.030084939451970754,0.049131385346292855,0.019538397239180376,0.03756836795684154,0.0208756590668766,0.022121907790508134,-0.011093797050649853,0.0840727195084311,-0.017908871428875383,0.005541266523049185,0,0.8631587311831604
32543,0.15554363083390052,0.05697275109087956,-0.004906744140778308,0.051760742089684036,-0.14622902746354757,0.0652558955671644,0.010138858596604588,0.012862482556960599,-0.09059759083471033,0.018001883318192347,0.02981799138267134,0.02543568360518362,0.014506508827431696,0.006403493310730461,0.01697681273507401,-0.017751859521059878,0.07752713316526626,-0.02288275741222688,-0.011102261857544121,1,0.8346741083096105
32566,0.13519372607684904,0.0508122271503739,0.0014163761262973467,0.02328617520337391,-0.12639146674857113,0.06492990271799368,0.00019462972335074604,0.021466688639233497,-0.0948520862879822,0.021506708744013035,0.02082797938486642,0.022204746334770438,0.03954566361243325,0.026241660344711145,0.0023776732243736428,-0.012711520428106554,0.0891641558160929,-0.018369265771314446,-0.01596268716574115,1,0.7874553395004484
32574,0.1407431313140895,0.054372386639481206,-0.004339759980059509,0.03002892739956812,-0.13541710682184413,0.0662142503520633,-0.0011639051101055918,0.017939575406588464,-0.10716897897725049,0.023491767456323146,0.02123754804245644,0.017853109245143925,0.030882828965541047,-0.006580299524147683,0.005192156582948472,-0.0007786276416018007,0.08048239930556676,-0.02558883407344376,-0.017017612370232117,1,0.7864932052084554
32596,0.1465130410860566,0.04124445484241155,-0.0006306904932824632,0.025780667011660274,-0.14346522805354087,0.06873400248099866,0.006537627778643863,0.03315630950459163,-0.09314491299935737,0.027982546867587204,0.026572870833731197,0.018422149359225398,0.0336922767701932,0.006806018727963296,0.006912168922535711,-0.008133569872623295,0.07406136910533322,-0.028847473084569242,0.007580945792800539,0,0.7982183235871055
32772,0.1359381865495598,0.050095182536210016,-0.007475105155939275,0.02968734681242721,-0.11849262379903507,0.05400590714010531,-0.0004551668178338083,0.03186519529536871,-0.10085547720448858,0.03151409822784053,0.010032064595046521,0.02973998304325488,0.02648379888099754,-0.002323212654102652,0.004494754911180756,-0.015453462204527736,0.07336975132824951,-0.022153217410114445,-0.0015491208168693686,1,0.7459836553831517
32995,0.14695040408273372,0.05101492793849595,-0.003245316839641831,0.024193284507395958,-0.13794608705223366,0.06978280554346948,0.0038516205741188823,0.018530863323469888,-0.09101116327082198,0.033867200262619225,0.031205703469858306,0.008462281088639957,0.037054043515873124,0.01110459739304593,0.008065161133722248,0.014330586528924313,0.08248485424009393,-0.02991494900940849,-0.0038267618696232485,0,0.8068426116441901
33052,0.1437134506276494,0.046517015230929964,-0.0036339649782187212,0.02107073801254596,-0.1437456731009665,0.05476682050168229,0.001637104552954054,0.017056016707614818,-0.09682978295543124,0.050412399373911905,0.021001119125438963,0.024393137467631804,0.04266262634078471,0.00709206316226697,0.013366623654667632,-0.001062776250912383,0.07913262343385062,-0.0211758046431314,-0.011883005462428254,0,0.8011527455830176
33453,0.13847008899889446,0.0367622216749389,-0.0099013077125932,0.0405990964121715,-0.14637607485514972,0.05446607754175221,0.007178064149837441,0.012635816797686307,-0.08560485766112166,0.014049102236952112,0.023743042563454154,0.014838095900710297,0.049135463322685084,0.0055931952952418,0.01956630033610078,-0.0016608486854572267,0.0863713163483773,-0.010282286088591884,-0.014319382561915284,0,0.7715526391436314
33502,0.1379733074708521,0.052473417958086827,-0.007118383061333418,0.03787109254159817,-0.11190202590124358,0.06664999160888183,0.00024085606412410708,0.024861407795549254,-0.0769620814085317,0.0328655049608715,0.02633626390861287,0.014966938846061114,0.03782338742972944,0.019784001818022246,0.0014537766359659897,-0.01958115314527891,0.0791558004280017,-0.007672860941131919,-0.024558424558745524,0,0.7802506764826221
33521,0.1389863120064459,0.036653239783740445,-0.006224629266280925,0.04145456597336821,-0.13370129692460125,0.07267636873157995,-0.006972717181842432,0.03140055267029696,-0.09363972706005248,0.04245283578442494,0.029305627358065127,0.02284366216407756,0.03335154752621622,0.005861976706017082,0.004439394662337118,-0.021338314911440077,0.08418406584787039,-0.0009354333848878884,-0.0118676891814418,0,0.8182899571249868
33522,0.15284058129460457,0.030263479791130653,0.014758574547632899,0.028670567169584524,-0.14316374902270296,0.05882088967588006,-0.003181923389180606,0.023375412853244466,-0.10336454720629284,0.03165160856347336,0.02734981156819482,0.01945013009309403,0.025878444650475455,0.012429973964666382,0.01609941766977781,-0.01018250496091151,0.0698489936802946,-0.014740045330187313,-0.006531464856463727,1,0.7926021202877925
33524,0.13646518509198077,0.04418306395867193,-0.005094814891402444,0.032619051023611845,-0.150369220027774,0.06912170048180255,-0.017000006356121602,0.02531142120436105,-0.11799637865685553,0.03160477278420279,0.029711988017017747,0.011559082840776442,0.03638546975720875,0.02217430950780202,0.01955902586039483,0.005704875597931337,0.07951515361941822,-0.03892022734599786,-0.02295081338304486,0,0.8962465604063765
33544,0.12685935191429717,0.044616368021628966,-0.0005120188005862234,0.03613483216033947,-0.13385403710546978,0.053312909473445615,0.004986967447036903,0.021586246658081183,-0.08846655074259287,0.026862325414209447,0.04235766727323668,0.021018654840595185,0.04233828735053268,0.019299791284701398,-0.00023032984976139383,-0.017880493211379838,0.07616153694504421,-0.018527012319841732,-0.00021386645279985317,0,0.7752192472655806
33701,0.14181243456328704,0.04095298915319783,0.004615025131165863,0.03770106719859177,-0.15149487290101277,0.06538764824907042,0.007780164330920603,0.03241447439194819,-0.09420312563267255,0.03628114418976492,0.0323604595419351,0.024021489445551235,0.03687712162124319,0.001220202986546311,0.012515497995372136,-0.012308218441725182,0.08757261095748681,-0.01154839438259255,0.004798028748527344,0,0.8358649698626118
33782,0.12794802099343525,0.03519422884148039,-0.005474747609097213,0.03466509707591416,-0.1404756359064245,0.07672724186985386,0.002419976675364508,0.014808575212648603,-0.10555878192774873,0.049200237909450925,0.03301988692460413,0.026234742890043773,0.02840620730013123,0.016827488973544757,0.0042584726479731865,-0.01037259369145781,0.0689417377838339,-0.022753049101876557,-0.009867281073128299,1,0.8131540044080118
33835,0.1437171312388717,0.037161825871050144,-0.0010384781590159632,0.03187148585580211,-0.1532693989599045,0.06056700913148678,0.015734466782186735,0.028844684656840855,-0.10400028922219769,0.029764871078012407,0.03174633646488182,0.009990917595196776,0.037514935971062195,0.018035030785116132,0.011121076377549381,-0.01280600244022304,0.07393926065143372,-0.016782951099276175,-0.007456569499806417,0,0.8253627218399145
33861,0.11309848570694618,0.03657996643005036,-0.014193595563641474,0.04134954113464501,-0.13571172502695025,0.0684965977924327,-0.00946795990685898,0.020334064658833455,-0.09880112650580054,0.0331336544006117,0.03652771001087201,0.01056640261828771,0.03180942612611038,0.0010747631599559969,0.00992170482494219,-0.01749395973990916,0.05943199628759881,-0.023479757345532346,-0.0066208104125422135,0,0.7680932476525215
33864,0.15340852515112333,0.04663216065207546,-0.01321800274152189,0.02022198558756237,-0.14381398229298617,0.07825414602013654,-0.013483752875026074,0.024034920721114357,-0.10071700928024373,0.04332034559246668,0.010762917336081068,0.020936041885144745,0.0346770396764953,0.005796356884243737,-0.000655696417754772,-0.013089355827885816,0.07373947920830774,-0.014428146686235153,-0.014016406410596111,0,0.8252062712470011
33913,0.13847768166904162,0.04947576090462673,-0.008961441309578959,0.0237079427329894,-0.15577072235952683,0.06523657729464254,0.004658888075631078,0.015003368137823924,-0.11782658145884223,0.025343990305263214,0.024657367425637584,0.013828775027285342,0.04495998971732816,0.005351652125608714,0.0358871586752923,-0.004488105056819509,0.0823588551367015,-0.028822176383384572,-0.011662434428887833,1,0.856479468224912
33987,0.14627106274862203,0.05003895849506378,-0.009763800493818225,0.03913376112140014,-0.1445764047155267,0.06662382147275273,0.006023634595870967,0.011473304794812862,-0.09308386137352627,0.04063074470924473,0.032060931654081824,0.008389000350452458,0.036516607087379825,0.018233299808263898,0.012065051817838107,-0.01011113235921995,0.08269399011214232,-0.01460349348505846,-0.002089506534126803,0,0.8243823677292021
33989,0.1353120661716089,0.04385722689409838,0.003262134657610344,0.03696952382866382,-0.13822421815560357,0.05588209415337058,-0.0032035357268359486,0.021021510018580995,-0.09952188767307864,0.025295405174695505,0.028515887720040253,0.015980421994238152,0.025316847611254665,0.0102051063110727,0.016841533660646037,0.00011577649294893124,0.07180553071827574,-0.022708009782890642,-0.004119112095162231,0,0.7581578288406761
34075,0.1525609226468979,0.04605240277170869,-0.003847979727184486,0.031278065039586085,-0.15122353940000463,0.061398902135577686,-0.003269674766955385,0.02023725028048564,-0.09469959534028864,0.023692923681270132,0.030100843814089017,0.014298521815385155,0.03328038721401439,0.009335242163808821,0.004779822285716811,-0.0017862420727545087,0.07277481363513989,-0.023015882687548107,-0.009204562791171975,0,0.786837574269588
34082,0.1278084364269774,0.047657571288443085,-0.018138072836379967,0.024413466005320933,-0.146850442837929,0.05406638889745659,0.0009555919822157822,0.01967012829254944,-0.0901785691865152,0.02553473053153953,0.026659190752499253,0.02548703272707493,0.029877492641542918,0.0051377734802123525,0.012504721150724511,-0.0018633165775577424,0.0646715568020265,-0.006546403492198135,-0.01433276759068759,0,0.7423536534998508
34150,0.1337584434255553,0.04564266235817396,0.0020826116077975756,0.018237049955225786,-0.12005803855470074,0.04898221876154447,-0.004725022591132399,0.010102837177781954,-0.0940432995914387,0.02062214436327613,0.02731474538384956,0.010614500729166615,0.03568249360523319,0.012208507862646538,0.011636750580050169,-0.012260299381264854,0.08095791962879108,-0.004930081027720198,-0.003139821904073565,0,0.6969994484894227
34220,0.12790262354066997,0.0413014190460878,0.0015777439659589018,0.019851142975914282,-0.14773551280524624,0.06079640480488807,-0.000880742130524023,0.0009845781154892048,-0.10304466909235237,0.04443623799111158,0.04347492698520639,0.01932784839169722,0.02596766679771395,0.007810382177115223,0.019314778970547092,-0.0008679889924395422,0.0852081237232309,-0.01967026083228996,-0.01172037021676056,1,0.7818734215552433
34285,0.15566019985871296,0.045316674971126854,-0.008617650038855512,0.042182849705911594,-0.1581866915620022,0.055058104850719804,0.0016111121391633486,0.0204956966836334,-0.11008576549723006,0.03520055061367742,0.020101113981866148,0.01896197733888955,0.0355304718000526,0.0009228349867477491,0.004456600084951998,0.008098197187113952,0.07661365518250936,-0.021810279876023318,0.002337267440354801,1,0.8212476937995427
34293,0.14914637641096382,0.022877410464199433,0.013222903857027863,0.031122351745763898,-0.13848929286572065,0.04761980153006952,0.007787472402913126,0.009743474246384035,-0.10564482614566888,0.044199585774121246,0.03450324118812737,0.011379296810914648,0.0253289831391844,0.011439532333035782,-0.0028905254785974383,-0.002562007395412521,0.0743977663525883,-0.02351194695309086,-0.016500901035025193,0,0.772367696128809
34376,0.14296344025197683,0.05476383796314595,0.006743043981535269,0.0289248185903906,-0.15063756194556807,0.07442100115533798,0.01718820965740102,0.00972261611633545,-0.0954957644276865,0.037668061411142074,0.02580409614250292,0.02186083818498225,0.03287076310226583,0.011265897200449945,-0.002133424382135829,0.011341659783644127,0.0743930405260247,-0.026885710929836368,-0.004633568712160508,0,0.8297173544645222
34385,0.12916421784470553,0.03858230628890316,-0.008170198000574065,0.04268806424408448,-0.13798918527386705,0.060399747981310425,0.004327406308944906,0.02929265584069961,-0.10175919925397325,0.055552283219143885,0.02104355638007599,0.023575382193266253,0.04070407921724987,0.014975147287489459,0.004663425496239477,0.003658720398342966,0.07923481429960151,-0.014246038685381572,-0.021825370081412658,0,0.8318517982952661
34397,0.12477284379077583,0.05417015358076456,0.0027445712166801004,0.028116193503070295,-0.13337424494246386,0.05721801692156644,0.008530249172620772,0.025529157060233853,-0.10361042170553049,0.044627053063629414,0.02921748811747038,0.021182321248553473,0.02921928879229954,0.019298599930189207,0.0204616771281204,0.010632119899473115,0.07237645064363392,-0.027524670893765806,0.0019971572467799453,0,0.8146026788576214
34440,0.13227057681106918,0.048072658627605805,-0.007536927790984873,0.030523730091036018,-0.1459622655457576,0.06975608179936672,-0.00266489040763005,0.015052139504308578,-0.10314841777258466,0.02970887465493373,0.04023199939241895,0.006592564472577272,0.04127373125373431,0.025619206450070434,0.004067554439284389,-0.0024911440524191253,0.069363433103317,-0.02017157452233404,0.0017325250448352067,0,0.796240295736268
34471,0.1626869180380194,0.05451688661982772,-0.00871873764807614,0.020788174225055224,-0.13640556616141827,0.06506034821452053,0.020221059068209753,0.025093491201405714,-0.09537963175904428,0.04990735655743251,0.027019599819950068,0.014599012773241686,0.023084366427140172,0.00454544978021058,0.010595539687748522,-0.01423531855249391,0.05945184168591281,-0.014060513363867613,-0.015018814359683705,0,0.8213886259432586
34547,0.16287514810978934,0.04916313715725902,-0.008446803000497173,0.039865529775021995,-0.1453992165990288,0.055487715288615,0.0046732681265339165,0.020820893919907615,-0.10399541996985205,0.04419356251638282,0.027192927726109928,0.018970346350215897,0.035331720492489484,0.005114524285288964,0.011300730382715478,-0.0018902139976837487,0.08045142090042735,-0.009369379415500772,-0.0007650274581504812,0,0.8253069854714699
34556,0.12952250129490642,0.047634391269539264,-0.012174665126056586,0.023281669153595082,-0.1427735831659335,0.05736620885693628,0.0027037056639906045,0.025540841567446425,-0.0943026034893149,0.03477148801839764,0.023192445650250283,0.024598805322843188,0.031788818482630245,0.0004114741598743105,0.004376941627442227,-0.010831492977502029,0.08109781218277355,-0.014102754032316128,-0.009797133519731752,0,0.7702693355614805
34672,0.1316336639320683,0.04184356821968109,-0.0022145939561385476,0.02071318162416047,-0.14200419345099902,0.063617562752745,0.00461467093081293,0.028485189931206484,-0.10448955440537991,0.03239140377322656,0.028684324625078177,0.020554561714692495,0.03492196944178802,-0.0029536053066485436,0.0011290169573119559,-0.012194327941975648,0.08861369843693714,-0.01993902080369098,-0.015488893664887388,0,0.7964870018694287
34883,0.12018789125417145,0.04320422004441299,-0.00572445859728549,0.032292489914517324,-0.13185956192117357,0.06374059210373591,0.011381415569403114,0.04274713769274963,-0.1037787901334748,0.03337365397944666,0.022531631219822653,0.01918466519826576,0.036056553160081606,0.0023336008786044612,-0.0011987901681613077,-0.004723135536766153,0.09484482274506789,-0.018298387109952446,-0.010440280483555003,0,0.7979020777106482
34887,0.14071883134752056,0.028241427419343216,0.002716636344079316,0.024104776048699088,-0.14000976659663766,0.05789211826238828,0.015255082531122283,0.031469789754706795,-0.10002085289702452,0.03025712315135174,0.023212528587229032,0.024221082378958446,0.032282501438862896,-0.010432954367007892,-0.007366323978655238,-0.006772932412628892,0.08260797638412501,-0.013200456241085644,-0.020292705627110653,0,0.7910758657685372
34899,0.11185489787205467,0.04395056930344966,0.0031724841368804013,0.021533086269291457,-0.1253144875823642,0.05412603859597109,-0.013191818652285485,0.005730939688352724,-0.0982774239842517,0.03654702027922708,0.02918003863186493,0.03488637687042733,0.028305933846179968,0.014892209995461021,0.007688435013707129,-0.00533418021559645,0.061490083428818884,-0.01914341786428573,-0.008446273424531484,1,0.7230657156550014
34917,0.13259157489093268,0.04017844004479894,0.002684849156568529,0.01163596888374442,-0.1562699383762165,0.0755288583597622,-0.007427006330098917,0.018267469943683515,-0.08699517136584364,0.01945622287052701,0.012262292718021442,0.012322245637591728,0.033531273098326035,0.006902745748311652,0.009670168907845679,-0.00810040580349579,0.0932250145652769,-0.03943146600638062,-0.0009444600415184713,0,0.7674255727489446
34931,0.13550754136322934,0.04424338989768033,0.012104599201624511,0.024525224744935643,-0.13541463089070196,0.04943216706811121,0.017837150623821546,0.01310194744323291,-0.09642344826168744,0.03178183291926358,0.02120735840619338,0.025456646245750704,0.022779260311826654,0.005632382454131623,0.0014423337838198958,0.0075994793831811475,0.06811478818032014,-0.03409065630560588,-0.0039137708661108085,0,0.7506086083512287
34985,0.145970610335161,0.03916878340739117,-0.014128509484059195,0.02430175205868218,-0.13972627538496143,0.05512628211678169,-0.002516185898465702,0.0180807822662602,-0.10054871985961422,0.036185184914176854,0.03358376374196962,0.018923519153864567,0.030468484607603197,0.008195453611924761,0.0010965278544155064,-0.00999725724479985,0.07569605305715633,-0.019407344576485176,0.00444121688904451,1,0.7775627064628172
34989,0.13636965622442523,0.0367575094449633,0.006328624392555629,0.023980699062892644,-0.13877109069178703,0.05386870380961725,0.007821357052875514,0.03709720215816898,-0.09834430306999715,0.048647867323120916,0.020768309056536812,0.01515815810161362,0.03288325331732286,0.021584777862702877,0.005674179847446365,-0.017813183143183763,0.07797531734311818,-0.012439394270607142,-0.007545448406167102,0,0.7998290345791024
35008,0.1278738563507748,0.03495401278274829,-0.010108049426556989,0.035470109384867214,-0.14497485242723263,0.06487005645757143,0.0023112793485796264,0.024425614832156616,-0.10330542885941181,0.0394258994263923,0.03934519014746374,0.02710422901411064,0.04778003008843219,0.018558173539024024,0.009942720925525773,-0.00818040425419598,0.06171858418974825,-0.02405616389553648,-0.00017085828992628298,0,0.824575513640255
35032,0.13543040951682134,0.045782908321356085,-0.014154450246914639,0.037223212848214275,-0.16029727783813366,0.0535253745794693,0.0029330858534812533,0.026698806902366423,-0.07255192577755948,0.03750580709337106,0.0307482983804435,0.010444293202830818,0.04666299362115121,0.027833010055957914,0.017573893578319153,0.0007871051936001995,0.076361317389959,-0.02343909303819934,-0.011163755012344881,0,0.8311170184504936
35054,0.13366609937637608,0.046895782836446194,-0.0028067572805255993,0.034217250034909594,-0.1394182251895022,0.051220837489596174,0.006073197936398071,0.023398442942110024,-0.09313699337656502,0.01665988446925532,0.022781864834602903,0.0036854006376094146,0.04211471400193725,0.009346794955443955,0.015637323197892194,-0.0031552828814175623,0.070434055696642,-0.021797783716158998,-0.014194468996764808,0,0.7506411598501533
35056,0.135244831732621,0.040659907508112526,0.004541728230447905,0.025834853940544137,-0.13864849335756105,0.05996790018434423,-0.003319142713700582,0.016536828677973504,-0.09589559355095736,0.028040966565172302,0.014698751443204153,0.02570377748970288,0.04044327571029868,0.0023388938717571594,0.008377032126656964,-0.007185776515185256,0.08340369385654009,-0.028820930377812047,-0.013446525295762271,1,0.7731089031483541
35109,0.1329776140846691,0.04638911932490345,-0.00534942543528803,0.022410292280981996,-0.14854793396364369,0.06457353624745271,-0.0018138090344679517,0.028958797442834413,-0.10504424306443075,0.04189884597543703,0.026691423602217934,0.006321232991724504,0.031191113707340463,0.012329059231702253,0.003651680809246605,-0.002376158998515908,0.0816454362094429,-0.01367097663692736,-0.0036949987021048887,0,0.779535697743332
35138,0.14359712176703318,0.04122041840268958,-0.01787665978951899,0.03007762014477466,-0.14767863836890585,0.07372601080946077,-0.013826087022271366,0.025826329253830802,-0.09421612996513806,0.0355899785965805,0.026897474857955492,0.015647281267605142,0.031005253181714893,0.01891500419506966,0.006058136798641709,-0.002582891818551672,0.08043289052246094,-0.011226391217506996,-0.013296114171042267,0,0.8296964321507525
35149,0.13615600843127576,0.03248647853052718,0.007341139097927593,0.034411546046216594,-0.1313344947654138,0.05212465361465252,-0.02226087468080841,0.02877446180006041,-0.09547618760228806,0.04978188247605069,0.03155417456591829,0.010026490012709076,0.04756587066677432,0.01709988268875112,0.024361721408711946,-0.002774857749195733,0.0766464872316863,-0.03537822994155597,-0.0025897050937543184,0,0.8381451464042781
35178,0.1377234564091188,0.05731687279064594,-0.004636434769357289,0.037888797283552864,-0.14613803271856032,0.0656065319795908,0.017535251643438315,0.0114212556175204,-0.09397712016884915,0.035187361875861974,0.019027668501025396,0.03258331502339337,0.03248557047170118,0.005980264818139769,0.0005062571407657838,-0.003811757027300778,0.06603422171613452,-0.010325091857433771,-0.007995868414810717,0,0.7861811302272012
35182,0.13891871044955773,0.04968817736100859,-0.002572485198965373,0.035660561887157126,-0.14005582302495628,0.04978814298342578,0.01090672401614212,0.022275111049564592,-0.08729171156629688,0.03496807705636435,0.023832387504148466,0.006354031431173628,0.019965485927314848,0.014405339191446235,0.014663348102773595,-0.001764305150268508,0.07625008893886648,-0.027888630642040238,-0.009484989266659076,0,0.7667341307481299
35207,0.13392231995337792,0.043011892454805876,0.003002173589237285,0.030968370915831073,-0.14644728822692138,0.04700230095788899,-0.015104187465937464,0.02147186273552333,-0.09915101710453181,0.03308238417242247,0.0077147640544790895,0.008119265594275704,0.023273976999765987,0.01664952880096272,0.01789591460732097,-0.01673480933519157,0.08291162572150888,-0.012855698904240442,-5.4533126304726234e-05,0,0.7593739147205277
35215,0.13482948470013492,0.048369745499950455,-0.000310009225821829,0.023866934319365325,-0.13955770135814805,0.04611725286683366,0.0027510764773050886,0.034612710676792,-0.09439129529902777,0.03159411056909559,0.03970031609656849,0.022509938942442558,0.039176650356787815,0.020380160807041244,0.007946343107262558,0.0015016121812237357,0.06680715839198072,0.002042398573368961,-0.013059939965765146,1,0.7695248394149159
35271,0.1228862005723128,0.031799377893555136,-0.01129555953196212,0.026377760559898367,-0.13559674723013862,0.0535972143979054,0.006086479544894643,0.031153771813907803,-0.10373884741504838,0.03698920643703321,0.021717968210695063,0.026804288387822624,0.027587524141623347,0.011552287767954047,0.007277680574266488,1.784663425665747e-05,0.09113010093649071,-0.02053425542996313,-0.01126497337617334,1,0.7774080908559019
35294,0.14747345485817548,0.030434183731097603,-0.011408826704284822,0.020471047686667136,-0.14010134984123385,0.06167321138581392,-0.003419555000633837,0.02194767545179562,-0.09720011958127839,0.007749803133790482,0.0366785964648588,0.023234720220461465,0.03173010279724918,0.004287432498691079,0.01029485639048482,-0.009322985323027643,0.07226274587858904,-0.033419480179026816,-0.0036731670028901605,0,0.7667833141300502
35455,0.13752678207382577,0.04846813882744862,0.01416927555470031,0.04048413570960412,-0.14257279621007338,0.04406408496332443,0.007185996060809701,0.018959113809082485,-0.09952096540856002,0.050857889799623,0.026207506579801823,0.02607681527592391,0.022060772499503736,0.010040217282429634,0.018898984256471928,-0.021572671064321498,0.05974593742019442,-0.011441129019259734,-0.017278855358137928,0,0.8171320671730964
35548,0.12294966277264523,0.026654946318030698,-0.010660616318482922,0.02874957549335284,-0.1384689772561304,0.061310475881343966,-0.008331634346236669,0.0032227368843736636,-0.08716061144053167,0.03843063607739794,0.031664546863945375,0.0284865105601713,0.02858704834995772,0.016815802484839378,0.01726392765954589,-0.0013680216780003018,0.08973781064785098,-0.017943594615951738,-0.010602191971187213,0,0.7684093276199758
35616,0.13358779473857255,0.050491200542279555,-0.008095921787846906,0.03263682463758995,-0.1268471034543805,0.08158334130537791,0.005259106619277568,0.028069685402532296,-0.089346313896303,0.024345114611822545,0.019863634711028057,0.03523938853079517,0.040049488383796086,0.015617744562143146,0.01650319420010136,-0.016454528442515666,0.08988121166264294,-0.021892388403218933,-0.018802435768379873,0,0.854566421660604
35835,0.13614119189957324,0.04010521922709403,-0.006173352961382875,0.0367560333969723,-0.13787043943894742,0.05703140145361746,0.004067065182175174,0.03676897846125491,-0.10428766065303323,0.03722547483325344,0.023826528957031606,0.02525565622258287,0.02365824856140217,0.007377922667811741,0.010576195112437634,-0.002979589707231438,0.07373401025110862,-0.0220104336166183,-0.010392754697812381,0,0.7962381573013408
35876,0.13174412736559576,0.03763246971670227,0.002029528273192469,0.03868110243639412,-0.1260558948142042,0.05684920619040027,0.0024413670681248385,0.012401430489771837,-0.1113063883805241,0.03130461297364718,0.03173897995727562,0.03742153718525396,0.03795563614906212,0.01838143481160676,-0.0013867291783514334,-0.010397856756692988,0.06213654856547154,-0.01606041564786933,0.0038147344873048984,1,0.7697400004474457
35887,0.13963635236609698,0.04655526654123965,0.003706081640591496,0.01718719196719865,-0.15610466890299063,0.07282022737080031,0.002856784226112163,0.024012830650703833,-0.10306835848524788,0.03450169351984627,0.045299004289891816,0.033968372228342925,0.027881170700247888,0.008872942123844872,0.01261500173325914,0.001970962407792279,0.07601666559806701,-0.012287284987612666,-0.017311017255167253,0,0.8366718769950537
35929,0.12905676118846224,0.04962763382921393,0.005674507732573773,0.01761997826344366,-0.14874380918261432,0.06863536151057222,0.00258817441777557,0.016785838135196008,-0.11155221464202346,0.0283804689569905,0.010419561379832354,0.012622833862786256,0.03809867053931087,0.010739780561640355,-0.006115221738791788,-0.012687970659814493,0.06717015977631455,-0.00535149001291859,-0.011252216675197298,0,0.7531226530654722
35966,0.1299756395818809,0.0504867293037978,-0.012146704439719616,0.027728648879137157,-0.14299799627631263,0.05484241045130469,0.007907074470441535,0.03325378403333614,-0.09699986473131493,0.031686537196544406,0.035029027917788634,0.022718432549619715,0.04370870941935842,0.008527104510401388,-0.0058136368741858535,0.009246296434103787,0.08602130488926087,-0.01826670562779392,-0.02574584770893891,0,0.8431024552952413
35976,0.13416789240046417,0.049223701621847527,-0.007873969429813063,0.03499136904336049,-0.1306532790585174,0.07933720961081576,0.0002574277438794978,0.013466802624552243,-0.10165979622384406,0.04301034473996591,0.03912360132339816,0.031428331379558166,0.027239858390110425,0.00611844019864942,0.02682859326978277,-0.0029797308804148767,0.09667998451129999,-0.04088998853832051,-0.019095559904687316,1,0.8850258808932817
36044,0.12986878015694575,0.03280955576217427,-0.002552663982679126,0.02611304285564419,-0.1472838372538456,0.05691880484476356,0.0019448478282600022,0.015339174039666132,-0.09394336969158772,0.03600951057229537,0.0162844851158651,0.006093561530747353,0.028785456277861207,0.01651744798899198,0.009703553888006382,-0.0009130612053085443,0.07672583911182397,-0.02053884295674043,-0.002576833546840674,0,0.7209226686100474
36096,0.11949554783225763,0.05350892132072546,0.004744826010259995,0.03464937806901648,-0.1482283539584728,0.04356547847504147,0.009808793806330308,0.027677070416335364,-0.10683906798810842,0.020789972946024644,0.0261971855571126,0.030487427418225622,0.04234559457012526,0.03173764980735074,-0.002237496559727041,-0.01957990710404897,0.08107635004437116,-0.023031650715121445,-0.01810595771227399,0,0.8441066303109295
36124,0.12488355356752877,0.06038703023375153,-0.008660240802091794,0.022968188555836763,-0.14534912723321286,0.05987165422041159,0.005662814193471174,0.011640861244666536,-0.10402400194479403,0.03682544278446413,0.03783729589626358,0.004398783005267328,0.03797169741139676,0.006702343709377193,0.003024292561594888,0.004437621589883454,0.06680850475921574,-0.018086933969379475,-0.007782978154684554,1,0.7673233658372921
36191,0.14096769254529645,0.03706678047234618,-0.009104758402488764,0.028212724695274624,-0.1445629151674495,0.06780425882346021,0.00024823226944020065,0.02298008287006148,-0.08551768640896572,0.041358509694680905,0.024391432453030472,0.01745824898507389,0.03611287885669596,0.0027596172485564625,-0.0032063318282976074,0.0037781574767759285,0.08111241769504085,-0.013200978198341248,-0.009448431525466204,0,0.7692921356167427
36317,0.1272868938405143,0.05906729714555902,0.01401027772238335,0.02983654136468963,-0.15000360217854258,0.08938861144084757,-0.009322216872684662,0.010057821636145887,-0.08343426126639807,0.05611461902524717,0.039220817231365564,0.031029401604378837,0.04604987688361048,-0.002661553757496521,-0.003814532061146571,0.0122181892058316,0.0821780678807755,-0.021923024479069055,-0.016531094494965683,0,0.884148700091652
36344,0.13655920216966883,0.04907479767156562,0.0012545460868261349,0.03136700810567364,-0.1508194944004626,0.06781227703794493,0.0043084183744922025,0.014367267905681706,-0.10806410805101446,0.0407125377819255,0.02360563514454082,0.00568166974389081,0.038737638587029714,0.02599288748928517,0.0065032980222595295,-0.007128410608301818,0.06836888937062353,-0.022145815487504245,-0.024036462986789773,0,0.826540365025481
36356,0.13869278894150597,0.036947515056979595,0.0063493667194619,0.021528932961931268,-0.15192956912332256,0.061212037092177464,0.007778420419288,0.010532169740011444,-0.1096380371721231,0.04353397371192816,0.0308365908665641,0.020271836133550457,0.03895855559185055,0.01269218270709477,0.0050051116853947995,-0.004542372052088089,0.06867956181784533,-0.01682974912782099,-0.003423697736363967,1,0.7893824686573025
36447,0.1240604277822835,0.05027725785526535,-0.019726816219114138,0.0240963290304115,-0.1516967762131197,0.06466498670030128,0.013297900129452134,0.025356604586388536,-0.11185651180061278,0.024198868741246847,0.022949718735148558,0.008001783246686286,0.03521715222512013,0.006598182558601391,0.008464191545664987,0.005827165141046255,0.0659797377225093,-0.020792192901023385,-0.011018280945265182,0,0.7940808840792613
36463,0.13000571370456665,0.043969802982083014,-0.002742790389473575,0.03275473438871455,-0.1394796945262497,0.05208437386707152,-0.003467303698282739,0.02710870542019265,-0.09988619167349336,0.032912579922952837,0.044149870939673236,0.010128109624971106,0.03218448514214898,0.00863097769366566,-0.0008092943236766736,-0.017903322496555987,0.07200203376599279,-0.014827592965660179,-0.020856999092688764,1,0.785904576618114
36491,0.14382802138644718,0.04033992937333438,-0.009374668468738473,0.025556319976123155,-0.14309076379611385,0.062348733021794986,0.005730254295918213,0.0324463523059364,-0.09502980764067485,0.02835509596697603,0.021563004614728674,0.0034776282646436446,0.02108153223151897,0.006577522145096028,0.0036312492297538774,-0.018249400341078224,0.08259798936551747,-0.02069243396669151,0.0009015934395504532,1,0.7648722998306364
36535,0.13432636366106465,0.0483821473868345,0.004554043166836732,0.04243432959491289,-0.15211856820307504,0.03833410415369472,0.011986839897261336,0.020445932471915618,-0.0998708443459704,0.0395808087629233,0.019066310128184657,0.027546999824707496,0.037318742330261945,0.012303488283003046,-0.00019516191892214317,-0.009126785230157065,0.07465684704304848,-0.024223570216299686,0.002014865181854566,0,0.7984867518009283
36564,0.14584994482830294,0.037487432169338177,-0.007294995589345055,0.025724126141544405,-0.15110118111651336,0.0627331072985269,-0.015406728037238485,0.024371617534029017,-0.10310834321661136,0.02411063482574289,0.021036297090552884,0.008105877066461327,0.04409222188349265,0.017871555715328377,0.004932170631245257,-0.0011792202573619424,0.06205784005783523,-0.029315941392468618,-0.01725310951616348,0,0.8030323443681023
36588,0.1250082163089637,0.036886267431611705,-0.009678021853157734,0.03499666615029065,-0.14735135025368232,0.05396698384638937,-0.021853927520894843,0.0029000366271898243,-0.09753545739706451,0.04397245276164031,0.02181538538272602,0.014464817100201364,0.03687688290500863,0.011681618303188373,0.0015450822717889786,-0.007680011433393602,0.09527971474934777,-0.02190331519413164,0.003929321770638483,0,0.7893255292613098
36625,0.1417493693591954,0.04730592479959294,-0.006646218064430375,0.037715781226668396,-0.12746740949799473,0.06979289542918031,0.010956764502471041,0.013354951790993753,-0.09172311493974909,0.029160532940959723,0.026874481721060398,0.017386118420249612,0.04221528683715804,0.012542908874261023,0.004665229658648484,-0.011894283185335853,0.0748572150922346,-0.02066653856475617,-0.01618571887113586,1,0.8031607437760758
36635,0.1280838325983685,0.04196335957369728,-0.002184765504222668,0.03172928395708038,-0.1484187388391318,0.043152257676201004,-0.004743663113932673,0.014414885895793265,-0.08844232485092253,0.040960242281828485,0.014586924419610497,0.006836336753267316,0.03245231998042085,0.016343092595575558,0.013290219747038373,-0.011381175422389495,0.07572251185298132,-0.007630227824729131,-0.005361853655608161,0,0.7276980165427993
36673,0.13786420110635025,0.049412857628105905,-0.008931665251404578,0.028507095833087744,-0.13856201164284007,0.07072576233025347,-0.005585888407826958,0.03564992213992026,-0.11117569517780296,0.037751809002101004,0.00904464601392432,0.01753285540518284,0.033474738877650054,-0.00042737318275000983,0.014336353019656816,0.0024622191884366975,0.08908209716974128,-0.027248971782287204,-0.0039034644814501572,1,0.8216796276407726
36788,0.12475206888846523,0.027840109614424863,-0.004858752105834977,0.03236092889327202,-0.13841835056469493,0.047336442216086135,-0.013208525642724317,0.01517886172018906,-0.08266922664941884,0.03300144893425243,0.036852123963925426,-0.00029325913923820173,0.018306780997055485,0.003500271141909576,-0.0036975067203170683,0.008410604350579698,0.0756419641879035,0.002908660439297353,-0.0028753084403955746,0,0.6721111946099847
36790,0.13723329688700964,0.041535820389001527,-0.0019130724613645603,0.02316308919027956,-0.13573244728519304,0.04903921286246744,-0.003356514976738854,0.02140057921486402,-0.10164988362603346,0.04836702727092222,0.022967743860136086,0.010949056261245068,0.03396750255695716,0.004315235751790152,0.004529612614475761,-0.004751730940928973,0.07440180569197401,-0.029359607037051677,0.0011734145218011505,0,0.7498066534002343
36857,0.12743626345582865,0.05122813314916909,-0.005189851725589278,0.037475113058582095,-0.14579544166431993,0.057255202513442516,0.007085825809404523,0.021728555077653568,-0.08226436865314045,0.04255857031491329,0.028692006829356572,0.021242493671470367,0.03916477455575654,0.013652431428523217,0.0008211702744488699,0.009454067247400824,0.078137178427058,-0.016008811340207624,0.015866314489005898,0,0.8010565736852713
36962,0.14287868511827623,0.04601549920615767,-0.003953340226630701,0.016762711670125933,-0.1448114871502033,0.0737325140948505,-0.0007989229377548848,0.019767498038584637,-0.09469556270425075,0.042221143183892855,0.026257908905135185,0.003965989319529345,0.02531749123807095,0.008640739361401233,0.0002392722905222991,-0.007483692954804548,0.07194413630237836,-0.017178947719479167,0.012524925318630649,0,0.7591904677406792
36968,0.1432477073669843,0.04569823989087769,-0.015295720816703084,0.03023229345491026,-0.13945422166931593,0.06442087548612166,0.00291570892028034,0.02779514800568376,-0.11084348357198011,0.032344444745773956,0.025166001191285464,0.01780097739430049,0.028679818813187728,0.03154424969817197,0.013760191329689293,-0.022453479894860726,0.08253086067604709,-0.03304687796732406,-0.021739573114004644,0,0.8889698740075026
36987,0.14801692684631068,0.045167868905510625,-0.0061780183572481984,0.034620348167313124,-0.14433449695556175,0.051081938525496744,0.004615779539084056,0.029608854011539322,-0.09675192380047319,0.045903262294974434,0.02596561375358212,0.028499957756816453,0.02764567406935769,0.019437439443377565,0.007047067260073254,-0.019018913140635467,0.07926685354506337,-0.02046719480422829,-0.007825321520882897,0,0.8414534526975292
37153,0.15329520779116085,0.05352549714705363,-0.006785116792551984,0.019145978779372737,-0.1504703123097512,0.05693220121687323,0.002370616278988145,0.009516669306296474,-0.09190913067277165,0.04254823182829515,0.01885315248404155,0.00921686845815861,0.020111851725214694,0.014274436696917591,0.01702420694946593,-0.007815797126494134,0.06372135186569276,-0.019833774508092736,-0.01030903010695688,0,0.7676594320441499
37231,0.14424550385441354,0.04197970563860363,0.0013077768477424475,0.025807595774253424,-0.11576470093878113,0.06993699566547161,0.0026391603347279587,0.03400367096261577,-0.09023067661223588,0.041535848158799474,0.0336021274058758,0.013823423015835752,0.03263349327997704,0.024586019870423262,0.023598403052646627,0.01058828249540836,0.07374128944916664,-0.008671206026170046,0.0030264893134094653,1,0.7917223686965579
37446,0.1417729897824376,0.0561273485446002,0.0031136810604829885,0.009382679156330832,-0.1478619807771918,0.06169974782632929,-0.005321142140480675,0.028051739388456957,-0.0883959747456438,0.023514402788350333,0.02391841296771208,0.0246866542200176,0.03762890871051093,0.006541351018045567,0.022463298366414506,-0.007512575565011012,0.08208175955705826,-0.007382009482811819,0.0038217658924624798,0,0.7812784219903487
37538,0.13008321324137517,0.050917205729335724,0.002894852993574917,0.03997382819684369,-0.14738944068331392,0.06355083608727295,0.0037460757831577905,0.021562007488558726,-0.1087062952584363,0.02528203929251011,0.03289510116910128,0.03317840249944793,0.04840749931704133,0.008798264989096274,0.01015286736720054,0.005305544741278959,0.06654023236065149,-0.018219441723348592,-0.011074895675153807,0,0.8286780445966995
37570,0.14380014695101936,0.04052006307911769,0.0008117234451288373,0.022393292470926116,-0.15089750703278093,0.049444764657942356,-0.00010027911858443914,0.03196210806486382,-0.1142923848647657,0.03388614149392357,0.034702497266759294,0.022431359149017335,0.037996800400379206,0.014696877464495998,0.015931650125285683,-0.014093155347060755,0.08137311152526772,-0.011830055181981798,-0.010561404578106363,0,0.8317253222174069
37815,0.1287801401521451,0.03481085805881602,-0.011737085458061899,0.034914813814607475,-0.15369533088964646,0.05666477806156877,0.017894949048685733,0.02271827469520124,-0.10288663050409062,0.037628713721290716,0.03213593585879587,0.01852453102614528,0.040298547255956045,0.019316174597293147,0.014442254118420083,-0.0070330681594043855,0.0746574634263087,-0.02658538511884311,-0.011410900335258994,0,0.8461358343005396
37846,0.14613482354512805,0.03609257454200471,-0.015265770042985526,0.04348608175078273,-0.1443828559345504,0.06615344758284297,-0.0016423703381734677,0.02127004825475941,-0.09666108935045203,0.03110597076144969,0.026258520006194108,0.022325310387123796,0.04639964044034508,0.004987004456548822,0.014431049201564369,-0.00256016075072752,0.07007743112995951,-0.021539045836381526,-0.011701814063748896,0,0.8224750083757226
37878,0.15484982893932764,0.038949854198121636,0.00407899976861239,0.01493224576398579,-0.14283332443099156,0.06280359683202477,-0.0020843688757526627,0.02484256171991756,-0.08645411985708525,0.016896394463396604,0.018503793165165774,0.009203685754560209,0.032702592347600146,0.015710125731082592,0.01343109123190757,-0.007024554453544015,0.06599453735127415,-0.015563718010119267,-0.013299645280558015,1,0.7401590381750276
37911,0.15675311275715295,0.06594976152973987,0.007932994680260097,0.04394088093602142,-0.14872915101605197,0.06677360696143762,0.007216176240761711,0.006069205249725224,-0.10001786105570483,0.026988838069310635,0.021344915481025177,-0.0006598579824358307,0.02935829560736789,0.015378427122767878,0.00829104266612196,-0.0002770705584710617,0.07224056231061421,-0.016570150780917628,-0.013669572426709724,1,0.8081614834325977
37982,0.1590085478189677,0.04996530389262853,-0.002597072732801793,0.03040236180025231,-0.14262943817824822,0.048512851096698555,-0.0009402994011171098,0.015504838915565814,-0.09651885797366166,0.03747703874665069,0.031322714604133765,0.02122169225861964,0.0324178984753627,-0.004803611047184269,0.0020629843759735643,-0.016432367556419664,0.07562383664691,-0.0019963625645783778,0.005254275502915639,1,0.77469235358869
37995,0.149635332267905,0.04350486316851282,0.010021923720907691,0.02875810544767324,-0.14510656937082464,0.06713529265603693,-0.012942834283321075,0.024212954490326843,-0.10245014050294037,0.0389276477190333,0.020232892422841372,0.023148733260156477,0.03400857425668293,0.006450797146390362,-0.0010980799757511384,-0.007722137503286564,0.0746610724626041,-0.019240858629448097,-0.008326821081909793,0,0.8175856303665527
38375,0.11817125806538911,0.055863118915817515,-0.002241014907900455,0.019032340679229032,-0.1495863494079066,0.03972038347974173,0.005323186087616113,0.030913503189852053,-0.08716641314094344,0.03553093741898356,0.031024844380146497,0.0027037712331424,0.02722340027080331,0.0045493671667219526,0.017797505298992624,-0.016041651761564534,0.07210398304301409,-0.023978215273403863,-0.004954785804011057,0,0.7439260295251799
38506,0.16168143059376947,0.044499533802660834,-0.003194570274013619,0.03194264263599085,-0.14129368539300594,0.038154464191332525,0.012276197560476978,0.02684472388630177,-0.10662449323314353,0.029177667632529814,0.033451642151407515,0.017125444790264992,0.027618085031518597,0.020981378648046004,0.010238405879874169,0.003947190977617507,0.07866774111630734,-0.027387062790635512,-0.003370519496159898,0,0.8184768800850568
38559,0.13806176307734566,0.03904840867305374,-0.0009173321169794325,0.01621271614242122,-0.13790158634430533,0.07225829962820596,-0.0055732784483354956,0.020545925639292653,-0.1080071800823178,0.039143224882054975,0.027532934437657124,0.020708657114291765,0.05313740554805129,0.009198314474660872,0.01283784905304985,-0.00048292619853753434,0.081584803105595,-0.006733564294135043,-0.017894159629987156,1,0.8077803288902778
38563,0.13989068329903434,0.04610761229567448,-0.0056297506125192005,0.021218636603080012,-0.14597834521919612,0.07303716341232643,0.005232333088191594,0.02522990331340238,-0.10316325685752363,0.03143824871675968,0.03233050157580303,0.01809406340470916,0.04192844062219724,0.027661629556869023,0.00229187800302408,-0.011688042393188757,0.0639334086619695,-0.0191997432290322,-0.014580307455845,1,0.8286339483203459
38639,0.12933668189562017,0.05133504935732907,0.01387579204554798,0.03125776265383838,-0.13762719640842305,0.07675033441769613,0.014367159011181392,0.041039492342847934,-0.1058372786817678,0.0458556355762512,0.008417820365365035,0.011562210181066675,0.04236829695085371,0.026574561598464292,0.0029121010622743583,-0.017627718099548256,0.0743867653708612,-0.016761871323608166,-0.014692529185048925,1,0.8625862565275937
38752,0.13500221078981486,0.04235085239832451,-0.002314827188105934,0.02360005448451903,-0.1499282053204257,0.07971758771202407,0.007137013151702264,0.02525050564013204,-0.10293980149356977,0.02829733415148908,0.019533229299778406,0.009411784904251414,0.04564260439071838,0.0008874866669722569,0.015347887532714948,-0.02519711567888648,0.0762239969491624,-0.029305036377031184,-0.010110417486508521,0,0.8281979516161312
38771,0.1514288937271388,0.04684945066038163,0.002598126818330816,0.04384471182059266,-0.1567737382792691,0.06504250353969121,-0.011843958093395451,0.027878334294817668,-0.1027900661007684,0.02187271011548892,0.028426184991898563,0.022180955584350442,0.033498290412627564,0.023296223962710985,0.004645274306967444,0.012645936682869327,0.08773344024507417,-0.02482674657585864,0.0023373549448737992,1,0.8705129011571056
38922,0.15209325858370226,0.03354702789653252,0.0013855789085504553,0.027898326019563373,-0.1562145392404824,0.053594088567909176,-0.001159476726812965,0.017050307106217497,-0.09967053560798458,0.03332500496584346,0.024021214256216533,0.02683950837079006,0.020807741478896972,0.015144746935647458,0.004210219039006042,-0.010811776812074354,0.06542766644062209,-0.014775769322768589,0.001444461653026481,1,0.7594212479326473
39033,0.14360313824161317,0.044334330739930344,-0.002652446877589079,0.02597341697092802,-0.14850389873634795,0.06652624285847956,-0.005359217975182203,0.027453539440266087,-0.09057767741049816,0.02965544708644068,0.03385005301711243,0.030129569437971366,0.04442265763802908,0.010685447520109213,-0.004205762186064876,0.0008840891928850814,0.07766613142518808,-0.007924994863724949,-0.013232485646023827,0,0.8076405472643842
39063,0.14422946549375157,0.032383439463069964,-0.009109562010354679,0.024585987486616927,-0.13429097569480297,0.054313827691857365,-0.003860926946856675,0.022387326152384056,-0.09399634371552926,0.026060986955446213,0.042242998755692505,0.024803725051844302,0.027663937769805677,0.008843884581300537,0.004736158775667995,0.00801394218091593,0.07314811858244134,-0.026740119632304916,-0.004641141113669362,0,0.7660528680543123
39110,0.13075552463399004,0.051235290903538976,-0.002934271375665237,0.021014819096050633,-0.13531567692221708,0.05112185534363286,-0.013194801137504307,0.02796053696840171,-0.10618530084270691,0.044973000469416546,0.03249557533034843,0.023175265176118735,0.040082184401724515,0.01326014534772238,0.003495792562969542,-0.01314967394888097,0.07686657012986232,-0.022901125809128946,-0.0017189335175427404,1,0.8118363439174229
39257,0.14794636357463,0.04882300622837822,0.0008977041158501215,0.029680230078797484,-0.1278475504703347,0.049411741196357314,-0.004667751174466269,0.02924282599485859,-0.08189877471701706,0.03640655131636358,0.01149009046067942,0.024266643313995834,0.0321074983336888,0.014525977809012297,0.009076761068562198,-0.007716372608556473,0.070721067760515,-0.022019869102773898,-0.01849757117750244,0,0.7672443505023397
39271,0.14375095618689365,0.03665050029399797,-0.022513616839683025,0.03316085295805026,-0.12015718818728185,0.06170993610320112,0.0016757768775976303,0.022344404267848613,-0.10357650264677701,0.030525801383167548,0.013036900680579493,0.0025045427500341496,0.02089704689289006,0.011403165290908781,0.023780753280016366,-0.007950163372490436,0.08291256889451878,-0.03472779479612189,-0.005308989952423022,0,0.7785874616544817
39318,0.13599546926356623,0.05152764038063734,-0.005240001412390308,0.03736438264968696,-0.15197038721877015,0.04619693484359613,-0.00017888444289408464,0.02873367344939746,-0.09373642724532484,0.0424707716107114,0.02867227236333107,0.019367080061919603,0.014041512119525276,0.006054991359127363,0.010314307817880864,-0.008966558496103899,0.07217557565628109,-0.030191181954416474,0.003193515621579866,0,0.7863915679671404
39439,0.1376597566149653,0.0469653192932714,0.0022028592436761007,0.021066763243383548,-0.14693612866380457,0.06922451488885653,0.001102047828822628,0.026481683715426946,-0.11274718092857075,0.017691919412878097,0.025612602855955173,0.006978846855502777,0.04436123783773191,0.003643479779931287,0.010670352350211701,-0.01506712082935338,0.07787944054990657,-0.026234002807670034,-0.01112759318410315,1,0.8036528508840218
39545,0.13578131975064775,0.04208342766834302,0.00777670276945336,0.0157885387253927,-0.14789607572171456,0.07421064878897395,-0.0069946263263573885,0.03557040472417086,-0.10954646884318786,0.02757242807975693,0.02267852828848641,0.011035404987327906,0.037878545276918425,0.017585628414951916,0.010240803614854981,0.003225434502533836,0.08220219231309855,-0.020153183382941354,-0.005724387068513682,0,0.8139447492476255
39615,0.1492174030503103,0.04211601004254627,-4.3677279081554086e-05,0.021723687805890856,-0.1392094975558956,0.05338750633498452,0.008362080911618818,0.01987544356101565,-0.11084085786116245,0.04491538639909518,0.0232062940415602,0.012806450419314877,0.03194256388061728,0.021801701142754044,0.005342095566411321,-0.013263778450975665,0.07223056386408441,-0.030049176520716012,-0.0025675373715975196,0,0.8029017120596326
39664,0.15390342482058306,0.03317334070260069,-0.006211360317976956,0.030411586974937066,-0.14412280392208443,0.049411826625213505,0.01170062617307943,0.02029033691461693,-0.11116034215652623,0.043503870241108133,0.03704969679469784,0.006785705739801605,0.04229300393238776,-0.008623695913840393,0.004317193631841753,0.002849448489805862,0.0752649913667323,-0.017114736360980275,-0.014408827006023145,0,0.8125968180848374
39714,0.15722367411615298,0.03523243210439186,-0.0013842228155822656,0.02866096263997861,-0.14077654755793773,0.057328325729650784,0.00246446249125223,0.02303193933190287,-0.08820044464909373,0.027282863952707407,0.03207100529079671,0.009051675871719263,0.03943359538261133,0.015507729998338432,-0.00688410033067053,0.0031217799014596594,0.08818056520114832,-0.03272756758821106,-0.02217483011679783,0,0.8107387250704036
39723,0.15330804637869327,0.04578381039071477,-0.010176207460063036,0.029678140032442013,-0.14429823240996925,0.07942466498813987,0.008179370747974498,0.0259478120484295,-0.1152911220928025,0.0385686534698148,0.021594308155914108,0.008175344785771402,0.029114671462100207,0.0021788204922917388,0.004525231114592954,0.0035736549122747916,0.08075717666471405,-0.02014264193671596,-0.0026983807906143078,1,0.8234162903340331
39729,0.14261276902507694,0.04969461013467527,-0.011281788505120167,0.0320377611010396,-0.13458270818144397,0.05976484670536811,0.004623490691668634,0.015229172450511424,-0.1023777455035328,0.03742883728894043,0.029763774706814735,0.02580717776646918,0.0357113809879727,0.025164947982947862,-0.0008942952109637646,-0.005058588011668066,0.09252618623688628,-0.024259085704638167,-0.017967899649133832,0,0.846787065844872
39764,0.1335548065664152,0.0586059263028801,-0.00039811944425939165,0.02821931125220304,-0.14390297289574414,0.06482130117699532,0.009632603448547371,0.014665208823377582,-0.0961440241293505,0.023233166388045744,0.04303023387471259,0.013030473817860053,0.050102034908841,0.0028904459503310514,0.014701683889084214,-0.008278767897579274,0.0729500067993571,-0.037268460721139,-0.016265046665319773,0,0.8316945949520425
39845,0.13147509424686132,0.03663458501450633,-0.0040397309549726566,0.02267363910524071,-0.16116655967067922,0.04822020281011908,0.00854012176263744,0.027007959425539976,-0.10082300337820217,0.04587046378856128,0.022264041508857888,0.0006601767945677321,0.03428571513430905,0.008866564092919754,0.01995583941086226,-0.01227861979445379,0.0934496720852555,-0.013347140823959358,-0.016439529611678654,0,0.8079986594141841
39886,0.16472467297010052,0.0325307086099666,-0.011662188679897982,0.024256653314157252,-0.15896792568779214,0.06717563889010902,0.003651992577735762,0.03666097852225925,-0.09053068716074952,0.02944397862515093,0.020094984137417702,0.012180323898738238,0.03195331155854725,0.0012953833974206303,0.01309748135739049,0.01013382055702839,0.07127418892569072,-0.02126435490674816,0.0009127160939812641,1,0.8018119898708819
39915,0.15187686732103717,0.04181030364359675,0.012987314736497077,0.030438323757814568,-0.1332917218813508,0.058010038883456815,-0.0004123831606420968,0.017886905673145152,-0.08991511594125709,0.027924162826306706,0.03154036020694972,0.016895664805163378,0.03989524588169385,0.013945534910462064,0.00545339366182433,-0.005787853010530808,0.08111685063009985,-0.02879905506743439,-0.002598643196716557,0,0.7905857391959792
39916,0.1331004866129387,0.043085239746798405,-0.013677352329121808,0.02574497304336962,-0.15055529900902162,0.059074858834133465,-0.0065369289608824144,0.010186594455025755,-0.10237136268738388,0.04739506922307226,0.022841959710178855,0.016010407466172705,0.024029458960668926,0.012625538653208826,0.014856716831613357,-0.020907810288769223,0.07371987609309265,-0.01601355930425061,-0.012877848064560674,1,0.8056113402742637
40056,0.13069995993033942,0.039656862791883705,-0.006943084093455311,0.043493391777799206,-0.14971616721523953,0.04506610149856165,0.015653522132731995,0.023072685853481822,-0.10046950689046161,0.032307692496135396,0.03508413832825328,0.026305046627284313,0.035302921658286905,0.006390160092118217,0.014588977261970289,-0.0074480557991490615,0.06657794683782227,-0.026339030423897927,0.003996109988312296,0,0.8091113616971842
40137,0.15621860245428476,0.03976383709825079,-0.0042948341890217834,0.028438426118519825,-0.12493018630418279,0.062340043722919666,-0.00470994789406224,0.014668193654564433,-0.10515863507076996,0.03727970737188784,0.016658229395083893,0.01098031576915395,0.03299578973020636,0.004555720899021888,0.017640884550506386,-0.016065071597401347,0.07153317234307668,-0.0036328019634188588,-0.007707679661179994,0,0.7595720797875134
40461,0.1367170852118851,0.03593913932112206,0.0059904686049651965,0.03805457552462225,-0.12323598290945399,0.055658676842837394,-0.006078190808558738,0.029068597763743997,-0.1083056944741743,0.029326832787109233,0.029407501394850148,0.01793368854080219,0.037618245040287296,0.00791234540525398,0.002601920503478559,-0.011545942194284247,0.05746337892903458,-0.02564059662969749,-0.02883338708616652,0,0.7873322499723273
40557,0.12592388351868392,0.04285899603835058,-0.005263617165193507,0.03736482891397814,-0.16034742152102488,0.05633765999631379,0.016948193624478587,0.018472112798817355,-0.08903726242238799,0.044948720471600166,0.01706391145487344,0.01921419236881009,0.03807034927971527,-0.0027363988866396837,0.0008214934717723314,0.0040370000205692666,0.08276539035971443,-0.013295122560784287,-0.0093425683271551,0,0.7848491232008629
40572,0.1568518728045778,0.033646865955779544,0.010127396227325018,0.04923687837601205,-0.14458731366315614,0.05722443702552409,0.006637027099794955,0.020837742489338326,-0.0879839002852576,0.045199862930124506,0.02967818718281629,0.011960765691763013,0.037350636019711746,0.021684209103937976,0.006997142141617084,-0.014198936500446232,0.07809084845859943,-0.008634211788412685,-0.011110702434682205,1,0.8320389361788767
40595,0.13840823523471096,0.037264470505173466,0.006638403962464708,0.02011582116133515,-0.14001046763304156,0.06975582103114884,0.005940396338052366,0.017091810185646764,-0.10959222173270114,0.04109856383941066,0.02309386889545215,0.017075224645336416,0.02620403405813335,0.007724363017725563,0.004768706271539457,-0.003018600980718094,0.07998446588346207,-0.038366462448600785,-0.012920931257563585,1,0.7990728690822171
40647,0.13506240985503215,0.043844014001923434,-0.015656082950957835,0.023299531774332458,-0.15438377824039307,0.054672816577947654,-0.002845094333188405,0.033283157550032264,-0.09950051856155853,0.024957462969769608,0.027507884326596215,0.01341894936243056,0.0306884705568373,0.020666509445579753,-0.0006854961037769748,0.0027737648860732206,0.08497177902512973,0.0008588975231803432,-0.01266495657552562,1,0.7817415746202652
40709,0.14757420684645983,0.04407534446764578,-0.009655479607709738,0.029781600295747775,-0.1523202039753436,0.07753092637547958,-0.01120100374697552,0.0053202420291706,-0.10873055945197371,0.0182353554583118,0.02010761800038566,0.01113227770811989,0.033590310866135856,0.003518483930084919,0.013518326210788915,-0.006175396519629688,0.07604271377881132,-0.018402336373768265,0.0014576503388421774,0,0.7883700359813847
40741,0.14154357257958183,0.05263257647601062,-0.0021914586639669126,0.03070255811262032,-0.13269175784050302,0.0602986159982503,-0.009251234940979125,0.01888137180129783,-0.09398110912002311,0.03873421039515787,0.042652035547095735,0.018955172312204144,0.021407764190836336,0.014144745859916045,0.01239537387644872,-0.009348753839213396,0.08507710568324922,-0.023237000868522102,-0.0026806308275467367,0,0.8108070489334234
40953,0.1434655235977454,0.05123021811899908,-0.006228737126166223,0.04144108007339161,-0.14722867959802233,0.05956640721720286,0.003033135114442103,0.012468709902004714,-0.10105108305283536,0.020854507116569602,0.0249819189672927,0.02674908131887542,0.048985575377878884,0.011014515965576186,0.009627571292862886,-0.0034473374859802348,0.06877387067802541,-0.013779946551898844,-0.0019231134364654447,0,0.7958510119922353
41030,0.16937938464957905,0.030386341306639003,-0.003174970537457933,0.01761272885907918,-0.13214549414966997,0.06455498155292141,0.0012239050352427958,0.029854319837305375,-0.10858954867386363,0.048353746117349446,0.02334759654100861,0.02845211462009826,0.04102409495418616,0.012445419152815036,0.01163931728981089,-0.01172494114411184,0.07731471848808197,-0.031597373396958395,-0.009656163430018683,0,0.8524771597361976
41171,0.14171874393550513,0.05184837322556587,-0.015059327193429848,0.024484087240497266,-0.13510464257837285,0.051617384183812245,-0.005055925210418166,0.024944308168499813,-0.08957649763155964,0.0330897065781624,0.0367548450690246,0.0027249977822193716,0.03781910770923684,0.01610074596442051,0.010195071946551058,-0.011035782401552521,0.08344439903519155,-0.014630923464434073,-0.014266145367559612,0,0.7994710146860133
41206,0.1385047798989737,0.038468777893313495,0.0011074032227783503,0.026520092025153538,-0.1614588707242822,0.057432607263443354,-0.013966122438228238,0.028999537017847868,-0.08089249209008001,0.029170034746684764,0.027686233140075636,0.014830210891771245,0.034851888500325855,0.007298015680371938,0.0014847508139238436,-0.014905099399233722,0.07789508964667247,-0.01623146013286944,-0.007117230606195814,0,0.7788206961322255
41283,0.1220423133419504,0.037221018462482304,0.0003103778645115732,0.015122702435451217,-0.1388629824428596,0.05950988595429658,0.0016171672592255192,0.01837599379179311,-0.1021529013663017,0.0325222422842533,0.021232168416985893,0.010096611789131913,0.032122097927732414,-0.003251426100041586,0.001840788381757876,-0.010162695387646583,0.06923620723518009,-0.015594339908278588,-0.018757806444591907,0,0.7100317267944721
41313,0.138455679356702,0.0408939616202834,-0.001489491769251148,0.027474928885335304,-0.13308361859516027,0.07283033157617946,0.000662255014493885,0.011035948809765593,-0.09845023299910184,0.024708090640194337,0.015988240124909858,0.014577164354607448,0.04191390506046931,0.001881152443479841,0.011314007048392189,-0.00860860844458595,0.08788119279763609,-0.012854191695005143,-0.012737259818190936,0,0.756840261053744
41383,0.12899062603603131,0.037419330001763784,0.0012155865680359191,0.02616654707588856,-0.14111990441282096,0.06382772789570491,-0.0018820270579980613,0.01023845714691138,-0.09858105277651684,0.048976340647964606,0.0292556584780769,0.018461335296691035,0.03018400727130625,0.00926047080057667,0.0084548628112019,-0.010142104911144853,0.08340767291169776,-0.029588468222862815,-0.0017167816363045803,0,0.7788889619594991
41415,0.1378616775954457,0.04572968557944975,0.002165480489608194,0.02597889658672229,-0.14326067896726674,0.07310038325663804,-0.00434000392101403,0.019196659339110918,-0.10419182715140435,0.022897837820322405,0.018860116763031728,0.016468429275602096,0.033799035271584815,0.003326594505376218,0.014696418946843806,0.0014714923717194792,0.08021675416937563,-0.029733490170958932,-0.011582230322769579,1,0.7888776925042447
41459,0.1345772094053779,0.04954459894239614,-0.002478500415050519,0.025355227843785452,-0.14906617204563605,0.054435843360659236,0.003930561490718213,0.004142178285870868,-0.10329870991189181,0.04353362120438465,0.019178040906958422,0.010824550027015323,0.05329537645192613,0.01594280451553508,0.0039767683185179545,-0.0002229367262063896,0.06292114998516664,-0.012620313241559745,-0.011702396068592528,0,0.7610469591472491
41468,0.15554309338638392,0.05914857295882354,-0.0016621667204500077,0.016895348181353142,-0.12761978544203753,0.062087213759203244,0.010595318954256252,0.015986994780154213,-0.09841660142386507,0.028466882117484795,0.023679132290566833,0.02450144352349808,0.04256704224301059,0.016197609817675884,0.0029813147564359136,-0.005108540382846549,0.07686680297252822,-0.01219174984313039,-0.015046202573290441,1,0.7955618161269946
41478,0.14994034324551542,0.05211921473077114,-0.021459219988807475,0.03712458654092716,-0.12927798570424193,0.05339624778122259,0.008814128925472673,0.02342138583515731,-0.09618878687354601,0.037427652382319876,0.029362717335372657,0.014532166634794385,0.030674575787818223,-0.0014787116335769075,-0.008596829811549675,-0.0017595113914639564,0.07898554811075131,-0.013220306878355376,-0.013085038599713357,0,0.8008649581913774
41584,0.12612065481701074,0.03056668013219497,0.0035044167314578884,0.0408818275871614,-0.1382022589511967,0.061020394389177376,-0.008093460357315325,0.022436045139648714,-0.08624057874954812,0.02596039226881278,0.024735419325748787,0.021694720625293235,0.03503717372833845,0.005699672626338685,0.0001518244588769732,-0.005743482894060611,0.09945030028138906,-0.012786946298333327,0.009050969914413709,1,0.7573772192763168
41618,0.1343632243748474,0.0509602485009663,-0.008909742097568365,0.013819242715965147,-0.1498319975934019,0.05023337375370915,-0.008570470109200397,0.026927848219690763,-0.10160339795825123,0.050615611272811924,0.018704744211072995,0.0063248514944928575,0.028022191615949356,-0.00635553409820287,0.034850166629493855,-0.012370406624084614,0.08002448681996674,-0.0167440726261902,0.000383976220497968,0,0.799615586936364
41646,0.13628250454976265,0.06130050373006873,-0.004543281247668088,0.032368755524083435,-0.1279148295926096,0.03174969329598683,0.002712659270344846,0.027998294046300713,-0.10515774002849769,0.031832092197954784,0.014707333476217397,0.02390940321269718,0.04392075888622063,0.005958524695166357,0.019934605279510586,-0.006248017249769227,0.07983714539104109,-0.020363480681282166,-0.023401127817113707,0,0.8001407501722957
41658,0.12333911350003698,0.035205727652491255,-0.0010522562021917246,0.026238303457264342,-0.15171072576700856,0.054894381985358405,-0.004488331438534479,0.02343788305053321,-0.11839413928659423,0.03404667965137207,0.0326691199628767,0.013005371666840758,0.03015077470249164,0.012187829917193048,0.016525198550682213,-0.010030381400060377,0.07611266181859923,-0.02586049717760228,-0.013843106773722557,0,0.803192483961454
41763,0.14670272075465127,0.035085458264056055,-0.007474836874100922,0.018488709908973507,-0.15684377476206035,0.06252239824166246,-0.0011132181683122513,0.021075901305723867,-0.10980902549268971,0.03610494815712968,0.03603780706566778,0.018329956197703317,0.04023611332800974,0.008443707022950601,0.00686404828416952,-0.017458195024210664,0.07387449983456393,-0.018850988764746394,-0.024057893831242388,0,0.8393742012826244
41784,0.15362582242697648,0.04962805746349679,-0.0021977251702038595,0.03332987656792298,-0.15421778082109833,0.05638791159095547,0.0036249709530798784,0.021871980465672968,-0.11414470349924499,0.04150596656132733,0.03549377294315624,0.010180071789420774,0.019612548677559977,0.013514760651790787,0.0030541550213360586,-0.0070275503569306175,0.08070585368364191,-0.01298683370482097,-0.010113740926041514,1,0.8232240832746779
41794,0.12184509785563626,0.024748224216262365,0.0018385345143686806,0.026012088347949606,-0.1424605542297158,0.06263691453034405,-0.004395602566018386,0.028512736901041245,-0.10242915814027187,0.02028672435904179,0.03301596715027106,0.023324952626226497,0.03180387533929314,0.022737866274030523,0.017266201652783364,-0.006234557898222027,0.07973623834150391,-0.01940470080321695,-0.0051737723535698,1,0.7738637680997673
41985,0.14084662819609953,0.044257436909572,-0.004834016127052371,0.03430227815267021,-0.14313107005133033,0.050978816587777254,-0.002711679409637567,0.03082573386793838,-0.09022997358169978,0.01866978280440476,0.026930682777071033,0.007172568004698424,0.04483739550716281,0.010359287637224834,0.005710974847916786,-0.016105534410383895,0.07390889031823486,-0.024914898753356705,-0.006394105670418287,0,0.7771217536146497
42028,0.1484862278222983,0.04848105671730765,-0.013005999929414076,0.028558399866616898,-0.1467893378290438,0.05455962376671053,-0.00034462143100814116,0.023057457977234633,-0.10617193821070638,0.04069624701243099,0.02889573387331157,0.01551799267194731,0.03729165635742035,0.007541148128765631,-0.0011003599138976708,-0.01271495693251149,0.0664676352799624,-0.03488370224628666,-0.011916999764473702,0,0.8264810957313482
42045,0.13718745436169413,0.05748850812856009,-0.019802925971552237,0.02012392415243786,-0.15241052415879322,0.06424752147353502,0.0066028782053175255,0.030304463703994606,-0.08777918162537855,0.02847978873407751,0.026299918932151053,0.01903976707613087,0.021095740120678226,0.014800142003741317,0.010856840255009877,-0.0010491329852542895,0.0680120715145211,-0.019619073932092064,-0.021875931648844278,0,0.8070757889837639
42062,0.1352561661257746,0.03472825619118657,-0.005735600835132222,0.033862419751756814,-0.15148978889377746,0.07237470758149847,-0.007950239365229381,0.018830484437708343,-0.11465249220188717,0.031917083901848345,0.02725427246230491,0.018438574617059462,0.027125467590041797,0.010763074060731853,-0.0123879212135646,0.007631307437989843,0.08696614693745415,-0.007456261424594199,-0.0003680647337426328,0,0.8051883297632828
42201,0.1332321535371009,0.043292859825545475,-0.006584205200719605,0.03286815807401975,-0.13758664821215763,0.06313765332352501,0.01107993517797116,0.03078662205311842,-0.09444608074412558,0.02724644939227158,0.03599759558134835,0.022234092915279374,0.04743780859639332,0.01486374071070742,0.0040944212529115545,-0.005485577322723283,0.08243538773533668,-0.004393596535328272,-0.0042057605973478,0,0.8014087467879312
42209,0.1416578544090627,0.053736858096849,-0.014258990850735911,0.025317921050301253,-0.1417107772329453,0.08890200196054172,0.003303226167858391,0.005226931513615207,-0.09105007294311383,0.03772337449268004,0.044662602731121874,0.021671799306636732,0.04702508007973731,0.0009031831636169857,0.015200305793555299,-0.001238949698325039,0.08535133404040603,-0.02836632357550393,-8.149997379337982e-05,1,0.8473890870804
42225,0.13784013295067868,0.029751655246943384,0.012082652416102813,0.016318182577579055,-0.14797378954316417,0.07148561283721393,0.01047888861426036,0.02439813180138634,-0.09361862563483839,0.040464727584481615,0.018416079406251406,0.029391682556851668,0.026383636321982845,0.015999039305035233,0.022132042907269067,0.00794646236105756,0.06767244389166296,-0.019309241455518728,-0.015425072674983217,0,0.8070881000872614
42276,0.13068913710880095,0.046035956306449625,-0.024023360992701713,0.027535784337593353,-0.12736296324153387,0.05862013327777316,0.019710828663020534,0.022924674267318392,-0.11096833775041041,0.034047942912183306,0.024422813680015826,0.008665825415193553,0.03183624623246622,0.021908719819374235,-0.00175036878348111,-0.004544427520599037,0.067528205599945,-0.007361320392566706,-0.007890703412814554,0,0.7778277497142416
42318,0.12189726871954348,0.056843668305793536,-0.0003130193374889996,0.03475003652473066,-0.14204390309796674,0.07247829467883804,0.005716580016590877,0.033103524761673296,-0.09277326387929694,0.03963882070578601,0.027264194289914636,0.011333269255036303,0.03939054979202005,0.010416053949818281,0.004396095219751393,-0.009389467192449878,0.08295471651494078,-0.016520016452314823,0.0024639867892702733,0,0.803686729483225
42338,0.13470071921433038,0.04053741483573082,-0.008092215860117442,0.02795336583927023,-0.13764582571174627,0.06048942179304831,0.005546059613828009,0.017190248598628617,-0.11297359911966597,0.038192178767263725,0.026238819043977814,0.026065858908275525,0.03750886208770561,0.00894202220358258,0.011525038783931619,-0.0009565265408963172,0.08167430864711504,-0.018746280792619543,-0.016455378985598994,0,0.8114341453473328
42430,0.14548769027174827,0.042567928677842724,-0.0034718538128069875,0.03321807033734585,-0.16057368037468836,0.05154354942266354,-0.0007363947133234679,0.013106575456897394,-0.10320767874709005,0.038362312407411954,0.020651707802769266,0.01157392661618947,0.03280833448311427,0.01720375028088915,-0.0001888459508928785,-0.013318924215574547,0.07611958628828365,-0.0053077680476645095,-0.012799166376117312,1,0.7822477442833137
42444,0.1338512198153471,0.0437101332937417,-0.005284877997483033,0.02210515725075418,-0.1476194254032481,0.042593325463044854,-0.0005594323761464889,0.008209414188345338,-0.08583403183349804,0.03418123159072788,0.04435284105303358,0.0002892086657651389,0.039475748826815954,0.006987156706125801,0.010329858697109996,-0.005218818918746365,0.08457305589839169,-0.020147446431271643,-0.017253397677534744,0,0.7525757820871316
42478,0.1313243766569784,0.042632320674550805,0.0008190024393623085,0.02802234913884521,-0.16081188763480772,0.058525052087863585,0.0009665783642194777,0.021270077542748626,-0.09573511603504337,0.037957754513981534,0.021999099040775905,0.01760779890604395,0.02394003227164122,0.014572665508922568,0.0089539301871783,-0.009831384673681588,0.07796979052001873,-0.0059652847635392825,-0.019718576659526102,0,0.7786230776197287
42480,0.15560342200970262,0.034782571060947585,-0.0017723873256066775,0.026540232941980466,-0.1364991312862556,0.06027327489292517,0.0012147895378187034,0.025134784503761283,-0.08669559658164869,0.04336242321429776,0.025773835152266812,0.015761010286367602,0.032704024776709105,-0.009441642118240534,0.0024317882414735064,0.0062778878275026595,0.08910274801564143,-0.023332372785671,0.013081151242033467,1,0.7897850738008506
42481,0.13972856571671965,0.035229547439125736,-0.012198424437805304,0.012064927532506528,-0.13741152873940182,0.06404740586716558,0.0019058539821311705,0.015232319928968853,-0.10654910287360855,0.0409875007082923,0.021359418645614112,0.01328276427085062,0.04793425361070416,0.011709554831070296,0.008805050092292863,-0.010712924539096202,0.06481604425628416,-0.02101054891408381,-0.011276656454067951,0,0.7762623928397897
42618,0.15106333022870236,0.035842211717801324,0.0005548915712000424,0.025787798941562353,-0.14369122511222798,0.06313619473103281,-0.002682056796407319,0.01926597755555937,-0.09316010769918857,0.03472071799180854,0.031662836734477756,0.015361932129297528,0.04827209891227805,0.015944458060667865,0.011178731425975526,0.0017735328669500042,0.08507142158744674,-0.02852074244805781,0.007517195326433711,0,0.8152074618370757
42683,0.1365436290507795,0.06554061267976316,-0.007703257054951799,0.02636970120939384,-0.15480041817865833,0.05358475941131728,0.00597509011497599,0.027382359458152376,-0.09124387061170551,0.03664207186222351,0.03550761234861758,0.020728946343861836,0.03271802307671179,0.010393972801934402,0.009259481002138518,-0.0048871852430568885,0.0633388444239523,-0.01808140270671702,0.0005803679517976134,0,0.8012816055307093
42686,0.14063910099532737,0.040365662392923926,0.011718557204619173,0.02939547107099304,-0.15511894031336243,0.055227829153831565,0.01719197743341499,0.01960345319446697,-0.09250555984051954,0.03631922765611921,0.026549974917611692,0.02253253698828271,0.029574074656611986,0.004845437691646974,0.003972488056362775,-0.004891947814931238,0.07099660484001323,-0.02360321701756484,-0.016267422616473296,0,0.801319483855077
42774,0.1316547927486311,0.047259702323922834,-0.005142020489354014,0.033714472892742674,-0.13842221773600408,0.0736066695725492,-0.00420018223080868,0.01490654875908614,-0.10605574107338198,0.044582422481728584,0.027694511667597507,0.0322726846199888,0.03151213789108791,0.007904159345615615,-0.004214888198900262,-0.002133710714864274,0.08233009009320597,-0.03237255823039719,-0.017093095899036143,0,0.837072606968903
42887,0.13938062892412056,0.031854118518705274,0.006210051189808502,0.030614835922352535,-0.11925765959399509,0.05202108238976402,-0.007920747424166071,0.030554563524127155,-0.08898184775925522,0.027787228676903516,0.04130491909976655,0.015928073083791208,0.024591131254273414,0.013686852016580727,0.007865780720578662,-0.019237942358622664,0.0626760479704871,-0.02572541281525027,-0.018714314332182232,0,0.7643132375747308
42957,0.13976080359161525,0.03451663150144283,-0.001349305627020619,0.04433629615975248,-0.15049178314518386,0.05210945668162349,0.0023554627618576694,0.006072663594953149,-0.08719375026778202,0.028696255957419314,0.023594038793732775,0.007912950005976707,0.03755393872223873,0.024731990925395693,0.018860378375479193,0.005578701496371612,0.07785655506073191,-0.007515175029942366,0.004296672904214012,0,0.7547828106027337
42960,0.13587188170052325,0.06301653317632028,-0.0032539916739141397,0.031239986359690483,-0.1380212158416631,0.05478056510345114,0.0027268096189448396,0.014810371944847765,-0.09376924685308509,0.0435227223850303,0.042150586715794816,0.02413077643149572,0.03644195906996345,0.01078417707626688,0.015456287172118737,-0.004291611631579861,0.07776838271316382,-0.024608753686116976,-0.012655979913239395,0,0.82930183906721
43097,0.13062002196498232,0.04702514368906874,-0.019513340968437057,0.034611365061072194,-0.15446154982700425,0.06313032515602127,0.013907783855129398,0.023461933933036243,-0.10010927821652328,0.03553050772388015,0.022031285216908284,0.03260869826967424,0.05478556146471297,0.018560972879182965,-0.01501011867538883,-0.010444401009215292,0.07147912810860543,-0.027195225379250707,-0.013227157034821215,0,0.8877137984329149
43178,0.13334874222124982,0.03620797858337137,-0.0093112932806454,0.03370071525359405,-0.13521889821148175,0.07187882499416996,0.00035692941253766687,0.025294624473975687,-0.10101824870258976,0.042452140364548946,0.018191893781354704,0.022039781786845538,0.04251300878503051,0.0016542416828561736,0.013186982462198996,0.007153810607565107,0.06163180700402817,-0.025126692080400304,-0.008370280167659453,0,0.7886568938561034
43243,0.1443136733871068,0.04494999917217503,-0.004273482040941047,0.03508257671862581,-0.12830936318864244,0.07036847959200357,-0.009911004186214057,0.02090876050959703,-0.09298824018130633,0.036746404463621166,0.03157731305316551,0.020905997056123858,0.01403354275668837,0.00609102720446358,0.014616475296341618,-0.0030631911359381564,0.07913485999633112,-0.03255562113367907,-0.011282231389135417,0,0.8011122424621
43287,0.13596793575742175,0.05467399707409654,0.0013311488014843356,0.02398914566142067,-0.1435442969341166,0.03531341947624514,0.0054244609314986515,0.030448530538854802,-0.08741675938522074,0.025536707025482146,0.02775722082118388,0.012106968001716716,0.03831252714184893,0.014067352915540893,0.007099182395462114,-0.002485438783584838,0.08488473141002273,-0.03158579652666987,0.0002210232437242819,0,0.7621666428255957
43296,0.13948188188285576,0.056899456973275704,-0.010378747781144055,0.019655242950961972,-0.15201518556978258,0.05815730821801347,0.004987374519957182,0.025809244451488248,-0.09699485839089704,0.04461174018282249,0.023214133120234414,0.013818722192763401,0.03874277701101296,0.014247467353051286,0.014926447662102327,-0.00418340940393664,0.0651522778904554,-0.017906415218119406,-0.020403751904808233,1,0.8215864426776825
43442,0.13573152043663056,0.04591365276112724,-0.016390546052555837,0.03575717412942229,-0.14480111764920783,0.0633959149922974,0.010786162088273803,0.018387880192868977,-0.09171217313158755,0.019983331301759395,0.021319201051006025,0.016822606187959076,0.020557151305157503,0.012336843608481966,0.010987871807628252,0.00010289334522520021,0.072631097625645,-0.02602808648223249,-0.01426026812449405,1,0.7779054922735604
43506,0.14775955572128746,0.04672408343753233,-0.0025547638914144087,0.023455666137898526,-0.13405924258730437,0.06475023063169653,0.0023429382666560273,0.00866498992974952,-0.09211028480091028,0.026533314196769058,0.03667188444511803,0.014242901759471677,0.014284209924351605,0.008127320607915118,0.01491277759866611,0.00025520172735967616,0.08968976621078611,0.001583680451842836,-0.0071315825678628,0,0.7358543948945925
43741,0.1442210093577002,0.048862253040310534,-0.008026649359834206,0.032231894109572876,-0.15671663476510758,0.06377075546977863,-0.0024107722415634084,0.021477708668727297,-0.11605223084338895,0.030005300718823298,0.013511312501581465,0.020636446419241207,0.04531537383039093,0.010527589002267763,0.01163208083025631,0.006071989476518166,0.07834432696830586,-0.01661247814850276,-0.01814385297232705,0,0.8445706587241985
43757,0.133676123757091,0.049625833320470054,-0.003531636274134842,0.038018220879739925,-0.1549720050057564,0.06719277252487414,-0.0015085217556577595,0.015740829284469852,-0.10810761049699427,0.03486868326547416,0.03342975593766406,0.019265859214936957,0.0448023362151176,0.008089677808846424,0.013117439589734532,-0.004098122209263026,0.08011020678161751,-0.015981583720954037,-0.00101942340324138,0,0.827156641446038
43767,0.13083994186187775,0.056560326043004004,-0.004706730879876123,0.019929445009618896,-0.14524093558179382,0.05103622297683251,-0.0073035001984243396,0.01586012048574612,-0.09297001436250528,0.03407001652839887,0.02893829224980774,0.022485177153701023,0.04047194117907187,0.0019496457554693386,0.015482720496554782,0.007425336445298587,0.08130462740355186,-0.01518108589083261,-0.00016056864699504856,0,0.7719166491493605
43877,0.13598167041700907,0.043366259048036045,0.002004604798617568,0.03582285736890842,-0.1326681492379691,0.05926746271331971,0.006223132322800272,0.025595885534558643,-0.10164865903898104,0.03727701561554243,0.02965757628642458,0.02284079527538745,0.03544956767469311,0.007657748605495447,0.009202414504632168,-0.015973894962706035,0.07583212467699108,-0.026665718928835062,-0.007370262139650636,0,0.8105057991505579
43912,0.1404295197992026,0.048695975820356965,0.004319953745225869,0.035067500483503725,-0.1421056405610814,0.06291036576634144,-0.007185896655106585,0.02542006787323741,-0.08902012327839458,0.032801786355980855,0.021350373083237735,0.015073282802761236,0.023097751891575407,0.017961865999860372,0.001828785456845356,-0.0056426648774583615,0.07371611710905315,-0.018210229248986267,-0.00888597183020512,1,0.7737238726384145
43971,0.15507146862827528,0.057216684862257366,0.0033749398426762976,0.032754526842351264,-0.14883902517330994,0.07711422113633501,0.009719015954742229,0.021146206372461243,-0.09142510484830302,0.034172641427594325,0.02290708704391566,0.016758251046965766,0.04368733647077567,0.018938734277694994,0.020431206922621476,0.003345149505735365,0.07840105566900289,-0.008928817474761399,-0.01329487457509092,1,0.8575263480748702
44120,0.15504557651909617,0.05322958081869204,-0.0010413313156118365,0.018464961790376384,-0.14996157184582998,0.055161796690223655,-0.0017746402869533958,0.014755015543477882,-0.11686379099909312,0.031982646076195394,0.015108543012944765,0.01550700948521961,0.04661648017303381,0.01127064894859677,0.01763002922857468,-0.005576238492122206,0.08188312400097712,-0.020715160840720604,-0.009376042760362779,1,0.8219641888281022
44160,0.14060226361944395,0.059079792825946095,-0.008942761852021796,0.020893597310159228,-0.14185828041915824,0.06206246637466285,0.0009247763444952207,0.024424659646659953,-0.09523747402249368,0.03552897226970928,0.028694977186572608,0.017612303948064807,0.03449581990034477,0.018869653761918005,-0.0004430095114222557,-1.3301266321824174e-05,0.06795024224087802,-0.031083076125646533,-0.005757935340434066,0,0.7944753639663532
44161,0.13657106428398402,0.05382018585837216,0.019000273389401016,0.02461804160192392,-0.13135091734037135,0.0629729787146661,-0.005896206658197146,0.01632070543680597,-0.09650712089979893,0.035960880793210206,0.011502504500464153,0.030606439590024792,0.03296519521749848,0.012874756368262982,-0.00338424152340218,-0.005772348839539323,0.07858883740205509,-0.019251789719172692,-0.006107083448585859,0,0.7840715715857364
44195,0.14304950951228212,0.052174752152049225,0.0073421647747122926,0.026856203289365613,-0.13501422099545743,0.058159438711618515,-0.0007491388286026945,0.044611347165041365,-0.09094911090154975,0.026001292452854735,0.03487994818665459,0.0017758371163938953,0.03633835755096861,-0.0017005058562624092,0.020561709216565208,-0.003086160493773024,0.07798353715414344,-0.024475404673179085,-0.0029135961953809545,1,0.7886222352268549
44294,0.13108685207546855,0.056862873659222275,-0.010957940643134793,0.03251026574601802,-0.1547009737290061,0.06740161777336569,-0.002152989791525485,0.022163273314355796,-0.10387245179041699,0.04106458818941451,0.02161069877655433,0.00534484973083551,0.02346885830613145,0.00451910200582962,0.03407374715366926,-0.024568860861184597,0.06691037097267688,-0.03951322517868655,-0.002584054382677232,0,0.8453675940801736
44304,0.1322400671782652,0.035122106274243586,-0.02560544628210414,0.022833892216251376,-0.143167221228648,0.0640130851888042,0.002327332160298902,0.005309990787948187,-0.09745534539006853,0.04558270870643649,0.011292466632163259,0.02076373762383967,0.0445093960361236,0.013450580816159628,0.011079448325806613,0.00882477661076248,0.08257567747869814,-0.01933298258805012,-0.0005429929580137552,0,0.7860292544826859
44442,0.15161498755237457,0.024956371848383948,0.0036861066774888694,0.02496774933599104,-0.13855571572163627,0.05773623373149735,-0.00020254793171691296,0.01324089289873843,-0.0942490463333801,0.043425661233611586,0.033324380709945096,0.02056950199553365,0.038597271707127095,0.002478743781853342,0.013922035570035095,-0.01708112362694524,0.08218839978402259,-0.010285718390655809,-0.01014095618116854,0,0.7812234450121055
44524,0.14911361048304436,0.047586216127505465,0.012300599356101031,0.041810488398657364,-0.14071033447297496,0.0467358814412221,-0.00012073369043503222,0.016849391243301013,-0.10519092095658497,0.042387344945916346,0.04097983240425031,0.021380648679615356,0.04543555964633063,0.0007459150735785888,0.016074932043404204,-0.015584726475322629,0.07475010763201638,0.002802743424816769,-0.0070782585459196815,0,0.8276382450409971
44546,0.13060504722091001,0.052988725395347484,-0.013849222376733174,0.034711699974685144,-0.14672641384487572,0.06696992957859499,0.007161255086111811,0.02290145436962803,-0.10652417478867064,0.04776369779093731,0.04414837677070137,0.023320501992308867,0.046854613727723926,0.012256233199029274,0.024300450602786506,-0.016897170328168967,0.08060831876444205,-0.023031754369785964,-0.005572839383498467,0,0.9071918795649397
44648,0.14965647751825198,0.057953156842365856,0.0023571574650297763,0.04169154608518855,-0.14091124026489307,0.0628427199703311,0.0019689194060688938,0.02100136708588119,-0.10286565790759779,0.02891723868573476,0.009613943542146659,0.016027740802150095,0.030466848985350365,0.01040970712536197,0.0011985924445306504,-0.009851158565982952,0.0814060659072725,-0.008914074515504225,-0.004759065277371932,1,0.7828126783970143
44677,0.14166675204847068,0.04050953906103386,-0.01878961636487995,0.031186381580302642,-0.1477999456279427,0.053952695640268646,0.002812553303319632,0.01677963349464929,-0.09743835432806719,0.026470297661710985,0.024629804446970483,0.015666248955155206,0.029588084416059826,0.008604829168577426,0.006316601224983263,-0.0042404111693143285,0.08290579100147118,-0.015092523774330194,-0.017159941956773603,0,0.7816100052242811
44927,0.15393696537737092,0.03346526086890371,0.008824837896343888,0.021711220328744122,-0.1540927612093946,0.0640638422713223,0.010262876730806038,0.015374885786339158,-0.10422296922412363,0.03155911469844998,0.03295351193680737,0.025933347648796633,0.03431030669073918,0.018520242667629094,0.004825805084166126,-0.01156585762926846,0.08071953340677353,-0.023046683266429314,-0.015071375090301502,1,0.8444613978127096
44946,0.14487713533933536,0.03318924086880518,0.002964853016730417,0.03230698827381262,-0.13913421187366337,0.06417910919118665,0.010706892792474157,0.010351983655383777,-0.10389979726411923,0.03134176020982829,0.0252236228592995,0.004854213720860098,0.040985739568006725,0.00719880107929921,0.005989471792072617,0.004759363394855577,0.08228623397130314,-0.036110993853662746,-0.0048049856352081755,0,0.7851653983599068
45022,0.14384570844839206,0.037097125901954506,-0.012902425875041399,0.03910992239884549,-0.14490257654630562,0.051134608963589456,0.005527001362621319,0.027316192009180697,-0.10353704098862522,0.0314816440299259,0.033443604399106854,-0.002328034554829552,0.023860818458033537,0.020706812925314982,-0.0071318905397166205,-0.011153869028192749,0.10195954693906437,-0.030074384852625008,-0.0002689530487440536,0,0.8277821612701094
45062,0.13946030839412427,0.0474324584984959,-0.0068305582496677175,0.03206019700436979,-0.1352106083726746,0.057411681141693795,0.0036535941249242784,0.034131028907171714,-0.09157129729264334,0.033670384027227614,0.016070492328850463,0.00487080051404599,0.03317959729881697,0.0001441861751288378,0.013766483805718915,0.002993435640292553,0.09113098248927924,-0.010220049840905856,-0.011307608661139362,0,0.7651157527671711
45128,0.1228948259863637,0.034182391547049475,-0.004326666175518106,0.03555780638227809,-0.13709500731855587,0.045450785642356314,-0.026289610376441584,0.026669101486266274,-0.09254786258405609,0.030920915242080262,0.03041035698252645,0.015508473519818947,0.026435883773964414,0.02580312066970506,0.014745632954981578,0.007331756101597693,0.07354418303046624,-0.01669195958759079,-0.031133017829566487,0,0.7975393571911834
45187,0.14397122361464817,0.04986947388924616,-0.005735082557628882,0.025555736982386355,-0.14242752041795936,0.042455642175339675,0.0062202273777752,0.03233019384701678,-0.10673081936450061,0.029688239326001183,0.03632331589998713,0.019004190214478762,0.038268682468653406,0.018313151419787562,0.0077381795867592276,0.001627224544618191,0.07652866233773659,-0.011910934325786026,-0.013775639430975595,0,0.8084741397812849
45260,0.13783169031060957,0.05046086330392926,0.0012207589550275995,0.02994423496334644,-0.13440169617321313,0.05629788488804175,-0.009574703995344937,0.026219362887136954,-0.09485684983728605,0.025353506067257725,0.012843979036053022,0.023762796629606762,0.034968917078807754,0.022364497436185987,0.010577070570403446,0.0015196178107726274,0.0702669761461821,-0.020565552400076396,-0.010434800487772062,0,0.7734657589770536
45296,0.14497512709025834,0.046314388691120506,0.0050526678557096865,0.02407544718925275,-0.16241104724541972,0.08596737226175961,0.008833564367338644,0.03087995116362245,-0.08853128032803965,0.029084170952463604,0.017960737611011836,0.010939439904440497,0.020740305860454535,0.013994205732641415,0.01919855977469704,-0.02287949981942292,0.07144810958511406,-0.0191520811377966,-0.016007238831854544,0,0.8384451954024185
45419,0.15735041123862853,0.03920380499434622,-0.018223039241148077,0.043893238373011886,-0.15179226532185164,0.0659616280173304,0.001907601420674841,0.015010181724446379,-0.08838243084671403,0.05186790520886321,0.020400148534562408,0.016356754984551827,0.032991553915508925,0.0021954843550543476,0.011824104664465979,-0.004677407017151965,0.0794870069598626,-0.025587050119868178,-0.006146576081730082,0,0.8332585930197716
45438,0.15313735194199743,0.03589019196260633,0.012229791720980834,0.05125065724589087,-0.1474050856364646,0.04591089027372164,0.013918214438120547,0.006716386753039732,-0.0996003626363623,0.02744136819203667,0.02689073256992384,0.006272403938863964,0.0267461390114558,0.013401666327769712,0.0016286637804764038,-0.0037731331237761323,0.0790489029897278,-0.024051032139371854,0.00858322707418604,1,0.7838962017567724
45455,0.12622031556924765,0.05136967273526054,-0.01504932237936068,0.027118456154489053,-0.1544588853615093,0.04290291919575446,-0.005244315430301775,0.015254778476826505,-0.08209508557962784,0.04012487446110144,0.02482957155900134,0.028281282683618177,0.039097766802936376,0.01692223592198212,0.012707913827817423,4.292585543246888e-05,0.08080714896631178,-0.013310363546609487,-0.024971057907454113,0,0.8008088924146426
45489,0.14504920122991916,0.048432147044030795,-0.015320960686012243,0.02379891766275866,-0.13810693622739648,0.07508203261650233,-0.001150298082351722,0.021948035154712872,-0.09093729204088867,0.036738256755684255,0.02977262481191443,0.018704201335542663,0.033331222163658976,0.008933986766293917,0.008050076019727105,-0.005809530187856641,0.07787299404878706,-0.017496555635321945,-0.01939890714953705,0,0.8159341756188969
45513,0.12666956130406606,0.05686308285496848,0.00020393775435236997,0.029916528032391927,-0.1484934976799419,0.059808710932480025,0.0038628472119073107,0.016126876269722087,-0.09534109997407673,0.023782857218501718,0.02113530095209639,0.026235641227257304,0.037504093125554784,0.021715157980007116,0.004881399859485924,0.010289138598991488,0.06536904851208265,-0.03475368989828899,-0.011889678783258681,1,0.794842148169432
45527,0.12760891458751245,0.02959667438229367,0.005728735870027043,0.03289245028252571,-0.1460779592080389,0.07908719202481719,0.0008912926776511582,0.02304903576294447,-0.09142036720938164,0.033155169834309654,0.022614043878593875,0.019263593615611547,0.04987438286630592,0.022144890813288704,0.0056271336887048495,0.0036576292045684155,0.07605879262484508,-0.02051263554822889,-0.005839144342399939,1,0.7951000384220491
45560,0.12888150403398643,0.04461083688092814,-0.001756294340608638,0.016559515872821326,-0.14039341294972843,0.0676410615874061,-0.002141263339444446,0.013492251498243284,-0.10011397800491631,0.026246570552927125,0.010219389107759111,0.01794616164254423,0.03148976982717611,0.0031526912110213445,0.0004597988818928026,-0.007968925015264937,0.0937130351600789,-0.027880021861773147,-0.016606825086373702,1,0.7512733068548945
45577,0.14459730846936086,0.04912354926628141,0.0012039544845295872,0.04276893319921918,-0.1460058553085098,0.06033528910575613,-0.0014424564353948581,0.021260853066501363,-0.0993252848103668,0.021271769851237264,0.025247577388783464,0.03001250698047554,0.03140029169591075,0.028341409732018583,0.008328211464942087,0.008944168490953723,0.08292137911682236,-0.02342478503364018,-0.015597893488077103,0,0.8415534773887811
45683,0.1482107695050487,0.04876474562085437,-0.007963480086131621,0.044532553286972684,-0.15267695412049315,0.05914758872026273,0.007230184037165517,0.010128710290181878,-0.10802836582192427,0.040306450281175465,0.03248417961820332,-0.00321312901366892,0.03452376697684163,0.001186628570857816,0.011958068251031646,-0.0034931371000431546,0.07505744796164064,-0.02602539029865333,-0.000368754569327256,0,0.815300304130478
45704,0.13700493866907104,0.04320671596765916,-0.0014588778135449833,0.030887017247550743,-0.15894665822711107,0.04784276018868089,-4.175587757285879e-05,0.028388362645278966,-0.10276413653640401,0.032635488828508766,0.022099241208314052,0.020807985649800794,0.024076526054003393,0.024595567854350034,0.01662950123255322,-0.023356002829664543,0.07083374201481157,-0.010716616825410977,-0.007441351503577005,1,0.8037332471738681
45706,0.14366727366315754,0.03507732137442106,-0.0007712377699874224,0.03607901869357888,-0.13385206097075827,0.06429141945510407,-0.004763029601693038,0.021302507440023856,-0.09853827422930354,0.011709456220379912,0.025043570643777848,0.006125455503300989,0.02127018947209226,0.006038710180131453,0.015015071571195433,-0.010880921176814903,0.09218394139860535,-0.015633920571613013,0.0050380638169843645,1,0.7472814437529232
45940,0.15792120386613606,0.051710557350247086,-0.010887659061102726,0.03073850671331729,-0.1519762137365249,0.05371710862299822,0.004661348589132118,0.02392252094574311,-0.08568239801409783,0.035372343211724167,0.02708656590670474,0.015334425155039683,0.034852428106741544,-0.0016497518609437116,0.003058742909994888,-0.00794978182341144,0.09015537671894905,-0.018454004676362025,-0.0024578991486929654,0,0.8075888364178635
45971,0.14606352074247714,0.03036763858107131,-0.012603829119099892,0.030986306647182785,-0.14881706207220538,0.06189570008743279,0.00025299152038376585,0.020148136141146716,-0.09411875937752695,0.03481167388055635,0.020276011519274526,0.016764475930084937,0.012909563879466885,0.0009090048024138663,0.003273411499861025,-0.014173553279911334,0.09807915582314905,-0.014946487099952893,-0.009688090310638253,0,0.7710853723138359
45998,0.1482098510513477,0.0446935187794628,-0.012659778838740768,0.02361476257846422,-0.1404819485666475,0.054791304591550224,-0.00621715753586838,0.017079462670170197,-0.1131509239902872,0.03302647473649053,0.022128149435901714,0.010076027982787464,0.03582984584819548,-0.008692137629569947,0.018477414869857593,0.0005872034321461199,0.08006521376651053,-0.02488289167869866,-0.016814957802056336,1,0.8114790257847534
46122,0.1303454761306797,0.055998451225745406,0.003517594984276954,0.030726216135293766,-0.14261984125513263,0.04706064171857232,-0.005801212388376158,0.02373975466140064,-0.10580293735365526,0.03287325849034179,0.03653567575880503,0.011431990522111284,0.028820969602442355,0.0033117012216402645,-0.0030609078594855356,0.00014388140933255047,0.06914640293186246,-0.017708385387898876,-0.0075674494183936266,0,0.7562127484554466
46127,0.14777807055779174,0.03446413221653135,0.008274002159388021,0.028928384884190077,-0.1336638303377216,0.05888020892053712,-0.002100541434720894,0.019855501800779468,-0.10351887249638445,0.01090244608467484,0.02889034314555343,0.015667197303114572,0.021929588207861846,-0.007978669770936586,0.012919009711898145,-0.005115079319107093,0.07321495822437993,-0.01796750980835141,-0.0104928182818896,0,0.7425411646658122
46130,0.14580600006227895,0.052865028844239055,0.01338766389695392,0.014445124678206018,-0.1399944047150106,0.05774258948732059,0.0007112511364765934,0.016980310091189513,-0.10723152113882431,0.021823645696276876,-0.0021942829480817703,0.01571726619478708,0.03665483855854858,0.0027276292763661974,0.0073251263901817154,-0.0053214980797193345,0.0758110186909074,-0.019993886604623007,-0.0035400608234021132,0,0.7402731473133937
46237,0.128712168400534,0.044168523510691615,0.002137134416840935,0.02116612360126076,-0.15227642186177576,0.05055859577279522,-0.014296521925580846,0.03760162729049779,-0.09465084659082361,0.027237790063297202,0.02101392821984407,0.02714510541949665,0.03162002848375839,0.010821111939872868,0.020075561117158632,-0.030239141356871484,0.07978885439467064,-0.021724613090184485,-0.014068991174380046,0,0.829303088630335
46368,0.14724126428070444,0.0415514401911622,-0.003174022758334416,0.0350210610080907,-0.141521711024452,0.06857011137981535,-0.0009719405257337217,0.03000060254614412,-0.10156756826367055,0.04299369568504891,0.02409807423058289,0.0203786365524163,0.026032853987946605,-0.00682278407669182,0.008897813615978082,-0.0050360437617007515,0.083287236995664,-0.020012838416646327,-0.006770659127137678,0,0.8139503584279209
46682,0.14168756177832145,0.038717646300854516,-0.001393336624169672,0.029924390513669095,-0.1342333689458786,0.057001331889788884,-0.004428560267358119,0.03505647339456893,-0.10624031424839855,0.03989137782476907,0.0329748937515002,0.004620588454888082,0.031007789342605185,0.017260281783938538,0.00869791000107448,-0.013569578417042132,0.07669255832012316,-0.021700476542136485,-0.015549926497185736,0,0.8106483648982709
46697,0.143924714898132,0.03611514976750603,-0.00038077513860980395,0.042682381735605075,-0.14200205615498263,0.07015263699290468,0.017101887696612538,0.025009255982359,-0.08281258303205692,0.033065827744865633,0.0369053861640329,0.016834373242286645,0.043679062228957816,0.007942266986743074,0.010274143467591503,-0.009840722849133145,0.0742011283474345,-0.01423473334768082,-0.0036406463040888864,0,0.8107997320815836
46712,0.15329170711994153,0.03301360460641672,-0.0027064459498410388,0.023328308120146378,-0.1495472467045272,0.06027786861816641,0.0041659936516669546,0.03265288766562348,-0.09949872365729563,0.026406223701654907,0.024840767860456487,0.015874493150580905,0.024581201979014172,0.019871665251122113,-0.006471185647200297,-0.012178158965729071,0.07468703925027083,-0.00399928014171132,-0.011301236671130636,0,0.7786940387124961
46740,0.12701232675337434,0.04005074744686073,-0.003905901675796037,0.05053621137629303,-0.14132191407208658,0.0638719921722895,0.00813425517711769,0.03285465576360706,-0.09891664719612621,0.021944239645736458,0.019854881106799935,0.02000178375790945,0.0320378607938703,0.010006856983620239,-0.00760447232621171,-0.01354451690620795,0.07513507513752447,-0.025952735094542205,-0.021270167981940456,0,0.8139572413679144
46813,0.13378020190705114,0.04878279062463403,0.008464260403946329,0.04013008312284691,-0.14618104442084,0.04602700555429462,-0.0008235977139599857,0.03191277647257024,-0.091714569271917,0.028312184899764083,0.01452571579128391,0.008720588194773336,0.04995057279632043,0.006697545912616861,0.017995924801243075,-0.007529762493332149,0.07979714990693025,-0.007420226979879255,-0.006790899519792277,0,0.7755569007879959
46828,0.14220736865531516,0.055843888332930185,-0.0011654201461122318,0.03439989797770158,-0.14304263961894167,0.07283440288913824,-0.005657502642692005,0.027172046941185905,-0.0826453363803002,0.03023209259832475,0.012557310107487167,0.016335050745259514,0.0268894388443362,0.010743806597553831,0.013590996732550919,0.014716686454377403,0.08529350948800075,-0.03453198980145924,-0.007230990234238223,0,0.8170903751879052
46863,0.14988183277822226,0.04383071770133656,-0.005424413562906408,0.02415651758672232,-0.1296002285607142,0.06820049492906131,-0.0031024349554604727,0.01775730516522412,-0.0992049073176191,0.04655943800877704,0.0269662703612157,0.00795221005492023,0.03218381537889714,0.006197320654372263,0.00395316491630484,-0.0006573095569173349,0.07177745120785875,-0.01627768536095282,-0.012945101986703948,0,0.7666286200441869
46879,0.13795020463694838,0.04367203850310407,-0.009588209436421578,0.02533002589509815,-0.15664603770621047,0.06220822179198467,0.0014962817203765532,0.030628938996464166,-0.11444371190940854,0.026959402980391352,0.015431349707200927,0.02699284346676476,0.03519284390183891,0.004251076666697405,0.005447754984748374,-0.015289349124930584,0.08385224667125137,-0.004452884015796842,-0.005394485381511089,1,0.8052279074971482
47052,0.12408410428766195,0.049096955433323125,-0.002635768122276235,0.048760554927374376,-0.1452965929433969,0.06832088834364054,-0.00029270711965815504,0.026262311396435145,-0.09692719366493445,0.03637487547625089,0.02911868583279583,0.0011020347020942556,0.029509204548973128,-0.0008927907410756751,0.002174781769164444,0.0012155220025279773,0.0837600079935655,-0.013412937675561579,-0.007487242993553976,0,0.7667251599742642
47066,0.12621055193667294,0.040783103152983106,-0.0260336443740118,0.023861941474369444,-0.1322778884057735,0.0600830364256636,-0.007517335358428136,0.03850601786676213,-0.07370859643823512,0.02455768249481552,0.023268578697369133,0.004734486116929683,0.04769232274527996,0.00784897752061287,0.015912444936399355,-0.014488169371225759,0.08368607560549897,-0.012804862631894176,-0.016815738143525674,0,0.7807914536964509
47100,0.13582635549165967,0.04542484884244151,-0.007122601650772899,0.03311157065977388,-0.13323424203509965,0.04935555453257876,0.009580037019521538,0.016970318304614766,-0.10245004128844899,0.025018220469432157,0.027157765444055973,0.0050547396739569275,0.042001752387967786,0.016006490747295016,0.0025143898129391558,0.001540251106829347,0.07138018413149762,-0.03741550558192308,-0.01443876196028582,0,0.7756036311410945
47145,0.15155084625754708,0.050782047002247165,-0.005140582577114683,0.03817535264197926,-0.1487677483222338,0.07951153830009766,-0.0031274574770386904,0.01407379631343349,-0.09917989388149373,0.018982512510256785,0.01710254238523393,0.026386394479226135,0.04546127114196067,0.019474046629859215,0.010861275364976443,0.017826018181310337,0.08473349847871339,-0.032132372965465006,-0.015349382071319617,0,0.8786185769815071
47166,0.1201306524099331,0.03414467728005307,-0.011521781491954762,0.017739767543344172,-0.1454517127801681,0.05748995871428862,-0.00017737941182171846,0.012171417837992877,-0.10251554768396778,0.02553563301198888,0.024661856117679227,0.014914084939013953,0.02677038740870085,0.0208760582306526,0.014394714351480731,0.005519009074408529,0.08204643706115895,-0.0163124238536924,-0.0027958235844603614,0,0.7351693227867607
47186,0.1379402527430344,0.03945953597041069,0.004343390792274817,0.03400211622196371,-0.14692937123402205,0.05761308575949295,0.021317792726681304,0.0170866611423574,-0.10621324607752605,0.030192694824678692,0.030716919949396005,0.009591161643870066,0.031246724678432196,0.003332366710223385,0.020586918985234726,-0.0038667219666805135,0.10262722761641428,-0.026807495201929533,-0.00989242081761968,0,0.8337661050622425
47227,0.1369406697884493,0.048654919089847745,-0.001544407565683626,0.036455719736194936,-0.12717076394767474,0.06245383397733479,0.0031455651975685374,0.012067051361358291,-0.1203105262601302,0.024017965665078928,0.022309166878935582,0.020550301950729634,0.05080605260584504,0.010350613367441485,-0.006476776800029135,0.000550319265151488,0.08217080782652263,-0.02454669258558546,-0.006865576048453228,1,0.7973877299180148
47254,0.1440864915396323,0.0489117432384082,0.005487002388550333,0.02413192332778871,-0.15086256382587393,0.06983686445462738,-0.010043980922929909,0.016759870216982223,-0.1133888268112939,0.029537434267535547,0.03264036834921854,0.017106019290085116,0.027618436708795522,0.01310972488504399,0.011369534305571279,-0.007276549898296748,0.06819097825118159,-0.0022374264102557177,-0.01278520490427245,0,0.8053809439963434
47416,0.12128049360024207,0.035827803548262246,-0.016231288910564412,0.028525618022889606,-0.14253905965434638,0.07274033901689773,0.0022912893108867657,0.023237995404421074,-0.10526163574419622,0.04905504590438524,0.018503574906817505,0.006924438058473104,0.036340762275264074,0.00011237724148381016,0.009882808633371922,-0.01551716998727196,0.08659882193665255,-0.012849414656226108,-0.0030433512424639254,0,0.7867632880551167
47542,0.13203482164220717,0.05328132315590846,0.02819541467858045,0.01840807461721014,-0.13367661067551023,0.05182880331025744,-0.0035118471210684203,0.01891501598196316,-0.11200011337534795,0.03043732143211565,0.0267609185591079,0.03380317813493024,0.028490548576694346,0.015110152171153768,-0.0022092959014550742,-0.020281622864578453,0.09576353340145059,-0.018997001987643918,-0.014905592162281989,1,0.8386111897494654
47559,0.13310590941933748,0.028542636892504802,-0.000363316749933238,0.03292734347003822,-0.1445080770389624,0.047304994994958445,0.0014139499260194617,0.021501596576517807,-0.10716167594288378,0.04165388112433177,0.03244180954128095,0.012974709077868941,0.041621993532643946,-0.004576524110209029,0.015427100112888028,-0.016740820816013496,0.0840663038252845,-0.017930750408650248,-0.009304420808693774,0,0.7935678143690204
47661,0.13641165299504032,0.038365207466252285,0.008421114237297328,0.0269258498095826,-0.12683432606170328,0.06076463096030699,0.012351063754931375,0.01844297831131389,-0.09114440370681837,0.025425136066259034,0.03739881001937658,0.015624476807212465,0.03418139268997706,0.023646350933786614,0.020188177043988422,-0.0067232918049381874,0.06842143512531605,-0.03331087113985883,-0.019855708568185592,0,0.8044368775021453
47685,0.13083733783624157,0.041905160605459145,-0.0015854629563909262,0.01751910846435095,-0.1388605776798566,0.04834168482411544,0.010712385146433483,0.009354013156324727,-0.08859960861212135,0.02216133793723545,0.024919722566183723,0.01662245427989339,0.029699132413316624,0.036454201340217096,0.016490324449343362,-0.010244657524335848,0.08522970565096376,-0.01584053766200345,-0.010403749843590505,0,0.7557811629483774
47703,0.1476546429538352,0.04827286776162217,-0.014757486933250463,0.039905428199085345,-0.15127404795055985,0.046631095584944826,-0.004699261698556701,0.03312444330068616,-0.10206769007545007,0.03337933266604548,0.030737228574500675,0.0013833210386696609,0.019784324246909592,0.010483410774931055,0.005851592786626286,-0.006862239963622159,0.08709189258415248,-0.02030312301274435,-0.011756933582628033,0,0.8160203636888206
47751,0.1325033620855776,0.042332882208327954,-0.009747620587673724,0.02572865343123846,-0.137364117691485,0.08452499435691573,-0.0017322684008992237,0.025148136487197336,-0.09652509209360385,0.04709618272339171,0.014562503896176852,0.026213672803106877,0.04241602638995209,0.0145573629048218,-0.004228577412344885,-0.004701488267478594,0.06706575435805008,-0.022461544788419916,-0.010868326813079136,1,0.8097785676997408
47936,0.13910945272064565,0.044899766909647094,-0.001619949128304713,0.020788941544956533,-0.15179760226363853,0.07588199173192714,0.0019094520797991092,0.03605352447349498,-0.10051381660097815,0.02933214824491999,0.03311343428897174,0.03095535214515589,0.03184449992678108,0.022712633202649064,0.002436908219173696,-0.01694459247564568,0.08065748178274346,-0.023008482550622447,-0.003068235381443836,1,0.8466482656714988
47951,0.1213033510785344,0.0434829555154851,0.005499474968059255,0.04009522716813172,-0.14018260770889704,0.0668075610925772,-0.005725382686149062,0.031450437769339486,-0.09030435274145866,0.033891381880607585,0.025510443980470168,0.01740930399301721,0.04206592619930222,0.009860006016333812,0.00014901958593192553,-0.00016448384953102405,0.07470607597426497,-0.014880312934078566,-0.004705807748166312,0,0.7681941128903357
48006,0.14612791751012497,0.04413127728288159,-0.003968407470875006,0.034560479897036124,-0.1322336766818275,0.07319614666238783,-0.005012693554789333,0.020691181233314607,-0.09500417148104151,0.02356362047814455,0.03601234795473117,0.0191368635895111,0.02861248217042608,-0.001192865002650328,0.004512661021165229,0.005912776910098759,0.08302337053277932,-0.01375133259173153,-0.00017284598528245423,0,0.770817118010799
48080,0.13678634962376365,0.05325135142902633,0.0040904778978923416,0.023062598774876257,-0.13259050884051454,0.05496258974504712,-0.007801926757026531,0.02870022171937052,-0.08251025623616898,0.038682220628453126,0.03386436539697544,0.02159063686009331,0.04557401122892704,0.012609193672596535,0.01108759005610687,-0.008836474939269642,0.08431969814849823,-0.021393576755423038,0.0016521142867727562,0,0.8033661629968023
48131,0.13886334149048235,0.04271378486944334,-0.00015929588104385574,0.030020208404322207,-0.1436437415915975,0.05683569304893466,0.00521067905742592,0.026241429490291398,-0.10186052814632718,0.026830095534325814,0.03945957379624446,0.01090785425752015,0.027521925447180542,0.01242342588569374,0.007888821200330031,-0.014962090780273529,0.08591975672718145,-0.028119533206444475,-0.011747770522036308,0,0.8113295493370989
48146,0.135353489258037,0.04285257314543368,-0.0035381045295972517,0.030683335294878752,-0.15307013180430476,0.05854738618265329,0.015603759853461437,0.020855157853448582,-0.09957435146969437,0.028287779789469995,0.025244259609384704,0.02731807556366577,0.02932305134069163,0.023811455824123477,0.018175626876539216,-0.004652052843992115,0.06830610460165785,-0.010346345095909,-0.011560869328893301,0,0.8071039102658362
48283,0.128525184016236,0.03809194123108363,-0.014264676309589545,0.005613052313998644,-0.1531764980865161,0.056795099626627966,0.00061413531853456,0.015660816264673142,-0.09104291513923435,0.03609042924321658,0.006914395602502848,0.025110781680072157,0.029162861329952806,0.022179099420104674,0.0011465576084493728,-0.004699207269500255,0.08566519166539245,-0.025241079836745537,0.010574077292647043,0,0.7505679992550777
48360,0.15119959114082474,0.031546867077785236,-0.01277757657624556,0.02376817019333248,-0.13043364897243967,0.04965831520741992,0.017265056856414426,0.020946659660785294,-0.08516058849054003,0.027767480000571266,0.02869278480467197,0.009803555225462668,0.022535360253711074,-0.006695508057043995,0.010930863085700782,-0.0036555874172220625,0.08028181213579907,-0.027492274705515976,-0.012914471767500624,0,0.7535261716289868
48405,0.13794993288084034,0.04620240047248756,-0.009011598195763233,0.034173359986627544,-0.14040345761830586,0.0548995114026169,0.005722937098697127,0.01962639118901785,-0.08017831182044757,0.03553052295540798,0.01924151357340909,0.01953276606870701,0.03270750754772515,0.0028677350725504038,0.02055629501308001,-0.0020395874941840047,0.0774800512384592,-0.015964821358056606,-0.01181657248436619,0,0.7659052734707497
48523,0.1392041474931133,0.05185051939467472,-0.014495812313387944,0.03534415672647893,-0.1400150601393832,0.07184008777159129,-0.004464667592148616,0.02796259996504477,-0.09806400203921994,0.0322181321837939,0.025776027766161037,0.013825164042469685,0.0339084195326558,0.011860068630387258,0.012846372681847,-0.0012187124157669162,0.07136885456256602,-0.025170083986356135,-0.021958996595732843,0,0.8333918858327793
48527,0.13659181138507423,0.03413549751736379,-0.013374394507624104,0.017272687435857078,-0.14696154199671882,0.05538811331745582,-0.006271943696611865,0.017288130608309697,-0.0902030536857291,0.042566179455683646,0.034065562044019455,0.014653911032300966,0.03789061407709177,0.002878263072737602,0.014001843943674952,0.005970336053911237,0.09179831335375997,-0.02477878996197994,-0.009839294303759528,0,0.7959302814496636
48626,0.13839692603084214,0.02531063520397051,-0.0008611796194594976,0.01783377635380945,-0.11663821196154336,0.059682898997629255,0.0026871129388711594,0.028701606953598902,-0.10530811455303088,0.032607131937785194,0.0349465261217283,0.03076735213952705,0.036549867288707745,0.025316627888919824,0.017871568078699152,-0.011134843568126636,0.07172849365181365,-0.01526536851701638,-0.014327129949384279,1,0.7859353717544634
48637,0.14981097283756328,0.025337386335598556,0.014273646557923746,0.023428703186423,-0.13127197420613945,0.05889165341517146,-0.005028514486296781,0.01721459287390494,-0.09475900291622412,0.036179557356334345,0.04143341053932477,0.020424254933330062,0.025654664230550968,0.0220593610762565,0.010498556550257276,-0.005275738949459291,0.06885870207745738,-0.018370527763056074,-0.010677025058055161,0,0.7794482453493272
48879,0.14005471553471047,0.0441879005963314,-0.008864154119206543,0.028678254243374744,-0.12453360679840987,0.060060817911432605,-5.050178706076059e-05,0.024038426881672473,-0.10929177956027038,0.030109372467349134,0.022724085290031254,0.013129460530150922,0.02892024612821641,-0.00045508490380878115,0.007364550010989326,0.00332774843783703,0.07208343854082702,-0.02048115199460571,-0.017185695018180774,0,0.7555409907544656
48900,0.1430241109650951,0.03483646113254318,-0.006518915564619964,0.03721843174506926,-0.1340535548656579,0.042695683396823725,0.0014522178787890498,0.021748235592503332,-0.10805722133350215,0.030370449500646948,0.027048358384186743,0.020553176729460453,0.05066409169780399,0.019302470552538684,0.01573594372394073,-0.002952898779398947,0.08247152646671387,-0.01180372567817277,-0.004531239151064066,0,0.7950387131385308
48901,0.14039139961813626,0.04984845976309144,0.008099066271790049,0.03397073791959097,-0.13854983393562567,0.061515549965846766,0.005558495349713615,0.016936257774946704,-0.10334208646126698,0.02454174567427652,0.02646780554047738,0.008543077350100183,0.03588220055133677,-0.0022628670432570937,0.00047648675259327733,-0.003771186406981049,0.08979103776494715,-0.021031206947579838,-0.015457563172399809,1,0.7864370642639575
48984,0.13275446440695954,0.038898253224958164,0.0048828038419558755,0.02468038365520056,-0.14613741461229002,0.051304119428986356,0.004923133265142537,0.029292832306917337,-0.07709191307123829,0.02185076171059688,0.025079821687519883,0.02052764428804793,0.020146663028460972,0.019616174699133987,7.076880786906898e-05,-0.014645230586658562,0.08850005983046137,-0.01069818965740139,-0.005106939120787779,0,0.7362075712305866
48996,0.14556555500551638,0.03152167878956136,0.0026087331266374417,0.031243048546695643,-0.13585564426523422,0.06486205353301083,0.015585332661766977,0.021082199442499824,-0.09176674617201588,0.04204830931497414,0.02670735341206683,0.005809839341993843,0.03347826601412967,0.00962718814271786,0.009156438715962383,0.0047697873641782,0.060013513094915726,-0.01184520844143156,-0.012249968239127482,0,0.7557968636244362
49082,0.15592046262736095,0.03890517823979843,0.0019954491683037423,0.03737220945545059,-0.1564723881538898,0.059258397652129764,0.0031720736666151126,0.01661081707653314,-0.10701069043316125,0.0209748143561748,0.02679897905389757,0.01740942368595597,0.027313309657380547,0.007285497506049285,0.01731623741332358,-0.011768824026887956,0.07366220252988757,-0.0296277736979862,-0.014961692879458205,0,0.8238364212802445
49128,0.12566827973920403,0.05180291904057284,-0.01441762658735991,0.03712370264382809,-0.14081682829170883,0.07258934223269409,0.0015706086249372235,0.03007143205893524,-0.08906641445308895,0.029996420334384134,0.025506252698666094,0.01877137571124018,0.0375219760353964,0.012370347124381427,0.0007131114223311787,0.00044004843051841504,0.0739951595723259,-0.016466973573532294,-0.003986522496364139,0,0.7828953410714694
49156,0.1393268476438689,0.04308442967909306,0.014404197099812843,0.026501794770144468,-0.14226849028416777,0.0636505839720347,-0.0005179996613291901,0.027224699524517917,-0.10378144363658645,0.047736213426176545,0.02521269576162231,0.016293632680190795,0.02593291165842619,0.003486772054873534,0.007904635298697933,-0.006951756556258521,0.0953383636636737,-0.014718926900992704,-0.002697990377486706,0,0.8070343846499543
49319,0.13696066718780825,0.036357872366377796,0.005949913706583194,0.03914500997335874,-0.13960624510178996,0.08323146617840321,0.004966974433875898,0.011660662266937578,-0.10059791237984338,0.010421977619737968,0.016529061226556636,0.0034660277570127294,0.029509550103758678,0.004117750373746441,0.01972280651208921,-0.022351714107574177,0.06756050874250931,-0.0293736423386023,-0.016758585649520694,0,0.7782883480260862
49361,0.12667591136753847,0.03510907968633257,-0.0009588353282625355,0.033257978242839666,-0.13901222784686093,0.0658493671457845,-0.0018759869658308858,0.02132990791643043,-0.10321895280005998,0.0356932812640751,0.019988011855191896,0.022963562452141012,0.049942420150901966,0.0020227090373453513,-0.0019928368971945908,0.0039000811540713296,0.07400283671561293,-0.011159285136171765,5.935730950234298e-05,0,0.7490126292721483
49432,0.13548629556676908,0.044877235161676736,0.0033408569515147274,0.015949594503348104,-0.1462098434181788,0.059001342553171736,0.00850250143382622,0.029718056957138337,-0.10332672786661283,0.0277697027608505,0.03529963861665728,0.022109509787823313,0.026790296890120347,-0.0020658397137004207,0.009001154887283362,-0.008555229641881216,0.07586473582694198,-0.007103167963498676,-0.004372987647001246,0,0.7653447181479949
49481,0.13072835242852507,0.056346683096954196,-0.022220529227088188,0.028158538159428807,-0.13917864940039387,0.06368907646938561,0.0027708187307798173,0.01759160099684853,-0.1029782130143111,0.04134749183185942,0.03477030924032758,0.005494071595041271,0.03359114039398705,0.01908211118853016,0.011131050318797584,-0.009227573259315102,0.07946097862784877,-0.033098759941834456,-0.014384184674923337,0,0.84525013259618
49621,0.13978098026735714,0.03341316533385701,-0.02903385340231694,0.04841330128134884,-0.13279793279256863,0.07266680394607367,0.006418797549159784,0.03358452098544481,-0.10743242932581908,0.04387894479526372,0.03043109457967004,0.018158381595235865,0.023005625755563704,0.01387620757213908,0.020520743394412923,0.014197239016568271,0.07166163912326265,-0.026581022904936795,-0.021823191862182775,0,0.8876758754831817
49680,0.14281146242078185,0.03547538479158467,-0.012303442669336292,0.013970725630293637,-0.1548762673036931,0.06735845063167421,-0.012378278302992533,0.014586331923531853,-0.1120342295930812,0.03699245721884669,0.034393610062258106,0.005804032490756066,0.033825244761754185,0.013571097518830205,0.0034937103045481477,0.0029492363031652464,0.07596065388811724,-0.026739536690068948,-0.0026538632983257138,1,0.8021780158036399
49693,0.1450815396179893,0.04564460618368438,0.009317619511523972,0.022626186881052793,-0.12834413628103422,0.05210825443837281,0.005071984902015387,0.01295070321499812,-0.10822159929696348,0.02843993978678814,0.034460733067491874,0.024646906552715883,0.04656929185648437,0.0025947365535741195,0.012263273515940453,-0.005514386023282714,0.07768159421210878,-0.019581233675731512,-0.007574167936313239,0,0.7886928935080656
49749,0.1407682914157691,0.04266436914673607,0.005536452908369428,0.03948947106839136,-0.1380232424221211,0.06821275399563746,0.0007458548331344603,0.031005769720149373,-0.10373530729136944,0.026152886828535237,0.02407346491298381,0.015829946185343644,0.029585091772682724,0.017094058927357873,0.00044433782815720205,-0.02558861188235118,0.07051285811180312,-0.02644073973923075,-0.005868926902388968,0,0.8117724358925124
49779,0.1424039334085699,0.05168553279856124,-0.004925542120152474,0.03211629529642237,-0.14187637953863688,0.06356456676585581,-0.012508689948359901,0.02481110300071505,-0.10490006913648907,0.031769931552758895,0.01614029319519898,0.015572291047712652,0.03199969203085433,0.008208806568015849,0.020335569237671845,-0.009794595746458594,0.08401676799173091,-0.017983461888236192,-0.0050522578177818606,0,0.8196657790901828
49806,0.14968670722150754,0.05631250783103204,-0.008395533855280754,0.03198680258536221,-0.1395280090125892,0.06613053386603503,0.005968450033488862,0.021636207380078838,-0.11980778821626113,0.01565394037190814,0.017354044222041558,-0.004164188739581451,0.028299739019541772,0.0037612265079763007,0.010570969308052304,-0.001819559140989913,0.07786685630333103,-0.023422484132500386,-0.00906105740492365,0,0.7914266051524821
49877,0.14965963350836603,0.046571679155729365,-0.022426269722248322,0.020377195783937974,-0.15014018831163414,0.05214700225833047,0.010282830269442439,0.031049852018420632,-0.10662627284846779,0.03202155801844734,0.03182402453508251,0.01537662807421399,0.043229628248794436,-0.0044664508685032765,0.012719752210176015,-0.021217344535597808,0.09145651312472795,-0.017882394644577995,-0.01308177959099737,0,0.8725569977276959
49907,0.1399821707859862,0.04001412375855889,-0.010404190618849868,0.029477517516030078,-0.14595632905434652,0.05408593493676265,-0.008830933717169663,0.034484877597187914,-0.0996604534499706,0.019431393749139603,0.025188585031309604,0.004277180656304545,0.03538445958097958,0.004560953538336945,0.004023388682155878,-0.0021012438245508534,0.0791177782162588,-0.020493802182667303,-0.0014822128785811756,0,0.7589575297751466
49937,0.14181935959103253,0.02854172541900326,-0.01605764496041456,0.03587537088726069,-0.14578064634893353,0.059984145973198996,-0.01054862323483053,0.04273710855906897,-0.10251139943577395,0.038096342539386756,0.025622715365598812,0.008601165689074012,0.028958944509312787,0.017258676366909084,0.02812043985866732,-0.011501206970786111,0.08278487362909362,-0.019165360285444494,-0.004891498968446111,0,0.8488572485922361
49964,0.14257554182601614,0.04135231150092166,-0.004707290003281113,0.03272959722972531,-0.1527728340645811,0.05091976420006858,0.00882368242411915,0.016823025959729922,-0.09279019784040018,0.0382984703901806,0.03225913553719153,0.007558972584548388,0.031048013664506165,0.007095235135040352,0.0007302548776061978,-0.009985319140312135,0.06813680119675973,-0.011519719546074687,0.0035292078551725165,0,0.7536553749762355
50008,0.15627313664954598,0.04526707453061061,0.0034386834775731296,0.017167316676960382,-0.13968015082832877,0.058297037505564954,0.016859999552065755,0.03694253613716557,-0.10275742396014738,0.021982416418396017,0.028112047371516017,0.01124254468766062,0.035636567936985,0.0137927879893698,-0.0045867537897485424,0.005107664152993489,0.08524007726940586,-0.01264702196689587,-0.007247108358947772,1,0.8022783492598815
50021,0.159853999023223,0.04859087685690088,-0.0055989253143910395,0.031150329130983746,-0.13691524250136236,0.060583434014251335,0.0020158408874950315,0.024639008945136178,-0.08721929938831685,0.03589805534661102,0.011195915783055043,0.010937644608527745,0.035618498615225265,0.013121297910181854,-0.0024855089368273227,-0.005493695884832218,0.09377206266243994,-0.020386700578013558,-0.007803350646783026,0,0.7932796870345574
50054,0.12555837079197518,0.04063272588990069,-0.004453069107919625,0.02898226007053019,-0.1587846835612849,0.06679988815193226,0.0033072792612747247,0.025312692124030103,-0.10435628330742674,0.029240993680625712,0.02192884043114877,0.014408940313657168,0.03751495038738906,-0.002082912644763238,0.006993755830835312,-0.011975292389459493,0.08528734222576258,-0.02449571999744511,-0.0007886176323072952,0,0.7929046177996681
50096,0.14487434416704886,0.03594376899124142,0.002446862778399395,0.03958799384750462,-0.14691990554312295,0.0787399349334895,0.008890603577387064,0.014822719877972032,-0.08633283744862096,0.029445578260728317,0.02282507081670596,0.026531086110137197,0.03987624647573676,0.005869296210565869,0.005245752019616647,-0.010389852895772964,0.07289031350121446,-0.024279792750760778,0.006017761457010143,1,0.8019297216630359
50203,0.1302908006915513,0.04772776003560689,-0.019152889170385014,0.04556631802397964,-0.1426635650228983,0.08321986310388535,-0.0032805959800961296,0.03208528889408967,-0.09722880481637873,0.014413249451268071,0.039376989748398865,0.017893476602801404,0.03640900044296574,0.010565590199245353,0.007541424462028464,-0.017111589738912636,0.0821509177836904,-0.01978881109349073,-0.01105758603258716,0,0.8575245212942598
50228,0.12652868191109737,0.03537552866015392,-0.007810739324018525,0.047506919639486306,-0.1330592377983599,0.06476386796786054,-0.010516060590676175,0.02856030054380946,-0.09194840407914444,0.012636087201704718,0.026757453743819267,0.007951191464220107,0.03976328157344554,0.014303250941879066,0.00844371261511509,0.006693330572742642,0.07534666438470629,-0.0199298080580903,0.0003763780585966377,0,0.7582708991289263
50234,0.13731196679975682,0.04707874374737934,-0.009809276280680027,0.03273111823470155,-0.14705270168565365,0.05288238014148635,-0.005072162957040629,0.018141242355614654,-0.1075384588963236,0.04691197992793201,0.03277843654211072,0.019082854320629606,0.021409039771040424,0.02103174603079519,0.011087894203601312,-0.000577387522475854,0.09454680952277403,-0.021284648150805163,-0.005614704992943789,0,0.8319435520837447
50301,0.14945969017450014,0.04885577298850209,0.005468793777227414,0.039872662519192255,-0.14498827620113192,0.059066201301346946,0.012795208231297601,0.030781582988313766,-0.09846750612250037,0.018822055275950107,0.022619558229445804,0.015400747631444521,0.029626694702287817,0.00774665475437423,0.007226258152865541,-0.004232457771056519,0.09365688571537852,-0.023937320342069725,-0.015039361239007603,0,0.8280636881178929
50308,0.12817265541268363,0.04097629457355173,0.0052747275972215395,0.0410803315561404,-0.1508697628525621,0.06077386659481392,0.0011082022386732673,0.016955138182453006,-0.09469636081130872,0.04224548475816059,0.031045121653706143,0.0034972661991013905,0.028316237297103357,0.00990327919498021,0.00634531735621678,-0.0011662345106258547,0.07888039685172069,-0.025561699673416725,-0.003401903370649491,0,0.7702702806850895
50438,0.1418492331168355,0.04343829475480002,-0.02329817990413149,0.019813882873783408,-0.1386341147431834,0.05878292948227885,0.008245355408037683,0.03768725195837147,-0.11260776944391733,0.021326757389476692,0.040149805976063845,0.019903756298272613,0.04644816477162706,-0.0016152306086160955,0.011226100659405203,0.001754893826187354,0.07985014784539539,-0.030333912369304508,0.010659224588893233,0,0.8476250060185812
50558,0.13732600953718788,0.04231989120353658,-0.008727172686199408,0.03694805063043083,-0.13658609883579922,0.08053174191705728,-0.0060373487191225615,0.03240810992696017,-0.0911708591081664,0.03334968415832392,0.026312470867750612,0.0159183384869849,0.03737163634604415,0.017856687427094363,0.020700020509822288,-0.005625470323634013,0.07414958146486453,-0.023245368987505843,-0.007736173171033956,0,0.8343207143075189
50755,0.1478881681604176,0.04173989193155123,-0.001812818394185182,0.03095012360055539,-0.1331889852436254,0.06401915642883588,0.003693491058355971,0.031174220469066986,-0.0887306426706459,0.033814882627717716,0.03441102444484307,0.01091292413236605,0.029365937328966838,0.010301318277016214,0.010400836984059095,0.0046742635152233055,0.07915445823489904,-0.030455258897341263,-0.008121915445204759,1,0.7948103178448769
50823,0.12486478368211114,0.035642569262395354,0.006515969282726279,0.031129527225369817,-0.14807701436637458,0.06776090219784583,-0.007207453580978329,0.011392270261962817,-0.1088207792222962,0.04576743725245622,0.023907500681077533,0.014015655849509418,0.02854860616220379,0.006807208868725691,0.017308995063721754,-0.014778946568240291,0.08096120321920112,-0.01625531427054321,-0.012835599372722687,0,0.8025977363904621
50848,0.14816485035423219,0.0360013550055796,-0.005883266588911664,0.03142081288051753,-0.1534504232257093,0.05484908769031131,-0.004686362175863619,0.03513715546528567,-0.08318153013677622,0.03994390751259517,0.02986351208102326,0.020569392773641296,0.041396094669541396,0.005175876185774059,0.005953605955362079,-0.014158243603653359,0.08498508252084498,-0.033106358240055554,-0.0016734875716014476,0,0.8296004046372797
50866,0.1349713439236639,0.04121917892946296,-0.009241867360446751,0.024588691862161945,-0.13391402232923713,0.053956294231132566,-0.001157803827532224,0.016443973791499006,-0.10181323338015737,0.017588521631752636,0.025329260922756624,0.0032510567514296433,0.03948480671395132,0.010558818071661978,0.016845005744691957,-0.008534053234255825,0.056604780507892624,-0.024900382429064713,-0.003363144896598002,0,0.7237662405393491
50881,0.14891898475762963,0.046452333277691785,-0.0026729280240472774,0.02539777721266414,-0.1357799587245836,0.05045654752637313,0.0006385844596009473,0.02229756833833299,-0.11299486293093917,0.05568268348000639,0.027508368379685746,0.0011215342309140869,0.027008817602345227,0.026759153612719203,0.016281932952566105,0.002260831756286912,0.07850410708741024,-0.012727266716384253,-0.005716792264576234,1,0.7991810333347571
50911,0.13504663261501892,0.034099646131180425,-0.01243580234675321,0.03167093668055869,-0.1366201331277427,0.06797145049254309,-0.01226193272856907,0.03299200839383509,-0.11133534693194183,0.03143356591180503,0.027266992485272732,0.017125682970450227,0.02747461020902035,0.012788204936773113,0.007848137971156492,-0.004252740148225181,0.08988453578760343,-0.03135294910248308,-0.017927914258813873,0,0.8417892232297466
50944,0.129270887338348,0.03856619386811088,0.004538675772851623,0.02838440238003542,-0.13568007743741323,0.05979499413705518,-0.010658100608221498,0.024810448720624555,-0.08612957661611288,0.03710961511462267,0.023437287291685767,0.010709192126142193,0.040854731588774534,-0.0023654857622474362,0.01826612511039554,0.009337976073977673,0.07383475661080507,-0.018267152238460614,-0.0017290915219980855,0,0.7537447703178829
51014,0.12680405941860984,0.04323521645500039,-0.01571992773410264,0.04458981307770901,-0.13428575265425238,0.07059543542286362,0.014387657661458142,0.017720415672843586,-0.09637467445825239,0.03256361565520435,0.02287087608070888,0.014330185032838868,0.03519976098713781,0.010473677709445519,0.005086910542021309,0.0002517680382149056,0.06770253693350717,-0.03047993004028315,-0.01869117474998754,0,0.8013633883244415
51096,0.14702593730447042,0.04698324902452389,0.008031460001234926,0.032311602229392056,-0.1470746715492973,0.0539194159688436,-0.007203456033792589,0.025939662689625314,-0.09673320689530863,0.03126612471710084,0.019814653875122313,0.007648609682332281,0.02999584416592346,0.024113713294301672,0.007427813131993391,-0.005996179267303206,0.07919697723421458,-0.02286398969927199,-0.008068110195053567,0,0.801614676959106
51206,0.13044567454133277,0.04699320587032662,-0.005393605927616778,0.037645575647269565,-0.1420955170271162,0.07925397340789891,-0.0077511623405858345,0.02552675696275164,-0.10830802317830485,0.048889398866573834,0.016956744248529814,0.02815215646781861,0.03719382967829539,0.021579463877907153,0.01402748143583454,-0.001732699569880956,0.08733164211234726,-0.014413641828808681,-0.013318287614059805,0,0.8670088406032592
51209,0.14127023984661807,0.03643043744276874,-0.013145441279808226,0.028630529689853617,-0.131298042988573,0.04660226335869704,0.013960865778448168,0.021854727765531715,-0.10212736596116989,0.031684478140669735,0.0323625073070863,0.018720955260666125,0.03795771232551774,0.029912378013995062,0.0014128642836205108,-0.009564842205368415,0.08556424287967643,-0.022505837248995943,-0.0015657211150938615,0,0.8065714528921586
51256,0.14186979639969874,0.039740986070223014,-0.0008435675516964412,0.0328582238955998,-0.14075383690419926,0.05938485325135478,-0.0020513628473646022,0.022198881070449105,-0.0986428800984444,0.031363626442364685,0.02301071793417349,0.017011536054376043,0.03336981933088795,0.008081174323346754,0.010445190099450477,-0.003402619353419153,0.08178449990761776,-0.017077819157881678,-0.016926801852454033,0,0.7808181925450022
51308,0.1441496411900166,0.05553707811972165,0.00021165017360435704,0.025454160013060244,-0.14127709114539064,0.05965926097878309,0.013422240154621092,0.016060049618831392,-0.09151099606857586,0.0325213363226493,0.03260393028925963,0.017351239076683445,0.03407855390605163,0.01948481582507933,0.010912744964987064,-0.023170028971891368,0.08041508720626211,-0.027915794207154693,-0.006998353513583021,0,0.8327340517462065
51318,0.16185512892342335,0.05060104834923983,0.0010316398308966822,0.03733407936857933,-0.14391821057940968,0.06281854371146951,-0.003095499529129129,0.009073769841581416,-0.104037495329632,0.024668189031708466,0.027193552374210644,0.018780498146549147,0.04738587434697054,0.032368489055783,0.0116355350112356,0.0005206732804088763,0.07541796882665167,-0.0029605632583377464,-0.00026527021839597395,0,0.8149620290136126
51347,0.14408392261938138,0.03849395692721871,-0.003124225723047616,0.027779627224030205,-0.15043496719207852,0.05477988949246573,0.007359952174430294,0.027151405029434052,-0.10674629398985468,0.05832989315528985,0.01910403306729107,0.012708135394104226,0.026218574000724526,0.014074394872615964,-0.004637048846146748,-0.017191390312528337,0.08469692149494186,-0.009445785051539096,-0.02336274678620473,0,0.8297231633533276
51361,0.14323160194995016,0.03884247654469408,-0.008838924751399151,0.030154512831241764,-0.15886940990373302,0.07110249251107158,0.0009466586956651873,0.029684716120194243,-0.11384068641802249,0.045386590721189855,0.004954118520816694,0.022467760344677984,0.03556003361227603,0.00697488764377365,-0.009056443654011186,-0.017382766723871425,0.0897963841166977,-0.03507801660388686,0.0006183686032066929,0,0.8627868502703797
51385,0.15847283552033797,0.03956147660105016,0.0003749547083861449,0.03239330283090244,-0.12329696136093936,0.05629111333059303,0.009690999588114136,0.02236358596033101,-0.08847883594954013,0.04339091582238277,0.025479401319413293,0.0009441735921126573,0.022970371005031336,-0.004856764971382797,-0.0008617128753157775,-0.008031350215362366,0.08316778433484145,-0.016915325184219926,-0.0027502408806241185,0,0.7402921060508809
51394,0.13398616763483007,0.040851981296366004,-0.004503308438078393,0.02388208424518704,-0.13356480508616242,0.06154436410554121,0.01459190277927674,0.023495312974142694,-0.09616256394673399,0.03312240816820218,0.0206959167516506,0.016133657798671312,0.04324753442562915,0.007883969741084405,0.008596022462005668,-0.01229586914561912,0.09131613910562025,-0.02642962491515726,-0.002688326000691715,0,0.7949919590206502
51418,0.1328163159631602,0.053782210752844735,-0.0036971243306091147,0.02135545661728738,-0.15029673445049602,0.08143350085662494,-0.01881555379079584,0.017001192216086092,-0.09016990794248055,0.023584354025677504,0.030020527564325605,0.019323760713386963,0.051514671937735707,0.004189135696323572,0.003608546453755686,-0.005355362109614834,0.0792150671290728,-0.023280779371129198,-0.0036858118391616427,1,0.8131460137605684
51538,0.1415261180730369,0.029672490612603828,0.010476066866528726,0.03381355732996476,-0.16467909721763907,0.061271691855958425,-0.004706552023669135,0.030383091450439742,-0.09004083371666262,0.0373397277381945,0.033333907783823724,0.0222008859456634,0.03968489545025734,0.011137421032374667,-0.009720916410259073,0.007373890231459316,0.07101512188843848,-0.014636988441922117,-0.0012331305695553532,0,0.8142463846384511
51584,0.144269148415854,0.050149475733906865,0.017775495834761842,0.03209562536927479,-0.1517631128918979,0.04152158617252528,-0.014857007604213773,0.018149589115691627,-0.09559116818127643,0.0333319841331425,0.011611284339235736,-0.0042025530006943555,0.039848429352474415,0.005509881982515711,-0.0017071188558795804,0.007815287665742018,0.087389288738086,-0.01206400105549762,-0.0015765708687344878,1,0.7712286093114049
51650,0.1391349904876197,0.04359283106254827,-0.004458038666004996,0.03172630906090199,-0.13530125126719356,0.06018973942166205,-0.002003493417524208,0.013447840285628664,-0.09824572934251272,0.03744650131722751,0.03475591075119212,0.013292093416117805,0.03888848523817782,0.004283795303185586,0.02675229579463617,-0.0005087667516388988,0.06265781590462194,-0.01177179188163507,-0.02182825484770904,1,0.7802859342177382
51744,0.13985664481695778,0.03469467896828712,-0.010439137853893264,0.018852008939813744,-0.13473293520781496,0.059144592294033425,-0.0030555047038113006,0.027540207647477787,-0.10256414375943954,0.029947233168958823,0.030364901108340656,0.020607071112102616,0.029911652448530984,-0.00091081389431399,0.02550560315473945,-0.001957378869939527,0.07138133886523501,-0.018815248827694152,-0.00895623526361612,0,0.7692373309050002
51837,0.1321982500394907,0.04564763819839324,0.009163737502209427,0.04913952790851781,-0.14524590319375352,0.04823444654591228,-0.01004133606332725,0.025837313579949246,-0.08675648309377408,0.03830499560524403,0.019778170252958457,0.014699832036031504,0.02816594187930068,0.01941314373503413,-0.005195676911116326,-0.004125529051726717,0.06574747997332969,-0.019794017249164162,-0.010243215521492289,0,0.7777326383407256
51898,0.11876090799279447,0.04778384002916967,-0.0061598317605464584,0.030227552261165722,-0.14770752917240643,0.05204241787822177,-0.014745711419452244,0.017272899653441923,-0.08485010661217258,0.042913082416280085,0.03669003049078506,0.023462060452006793,0.031216555337303078,0.010718179647459013,0.017373938830669778,-0.002095446151214703,0.07836832710975412,-0.023108275005823374,-0.00828768464953337,0,0.7937843768702006
51905,0.1357000854121264,0.04922276671597728,-0.013004176195443105,0.035922883099395106,-0.13603718594363748,0.04005112215397494,0.0032960055902425743,0.022026261707150406,-0.0824991624221288,0.04094432097447046,0.016236282724753883,0.02280804998934116,0.032052333063814005,0.009016279509095912,0.01440566513569874,-0.013555723305087978,0.07463068583116686,-0.016232179160541278,-0.024677402207062184,0,0.7823185711411086
51956,0.128212363379061,0.0446281887885142,-0.004025984617039092,0.03484354505184226,-0.12748180678047877,0.07267064349231525,-0.0009578183812216211,0.01888791291991118,-0.10553683201520424,0.03714703300121757,0.02917999505271953,0.010010142954830221,0.032487435051906294,0.014903944750810087,0.016540263714006097,0.010072825308491304,0.07990632476255587,-0.025860604215170602,-0.029808540565545286,0,0.8231622048028405
51968,0.14075796476294736,0.031532401387964114,-0.005577187311964128,0.0292260708249531,-0.13686852698219953,0.051397603647340494,0.009720680778867013,0.016605561339318776,-0.10231152768409009,0.038476486576976845,0.017903325965306242,0.008544148268190263,0.04575010834063524,0.01645341409176107,0.006329085761616557,0.004617515129134249,0.07611076771736398,-0.0075930040876733985,-0.005383958517985552,0,0.751159339176288
52110,0.1369970724944615,0.03942496143007964,-0.008366763852707567,0.026406400300978485,-0.1439523584116249,0.06924560085457866,0.009389629516143545,0.011654328748878348,-0.09106951615696464,0.031176486119309094,0.018547962766240458,0.026784075636385084,0.042905597123194465,0.019895046041161043,0.012795069191484234,-0.0032774413981088322,0.07607929518566008,-0.015414772223843852,-0.0001752363261071243,0,0.7835576137779116
52159,0.12183922831367372,0.039248804541900696,-0.02155537463405939,0.024892185471747923,-0.14389414339204654,0.04902040281352237,-0.010164614261144513,0.03496477190827597,-0.0862209474085727,0.0355567126627857,0.022904665585870964,0.022039403035101022,0.04074080873370072,-0.006812026289161407,0.025879467617149446,-0.011767530035919195,0.07922671842009853,-0.004876493727394552,-0.015289987765225244,0,0.7968942866173506
52327,0.1282885348531338,0.05238837069118011,-0.007104291026535085,0.03669396887048576,-0.12176665159452044,0.05425466790359688,-0.004742873059183271,0.032327960055255414,-0.09356613762802109,0.03744470955566914,0.03083491737705963,0.015580104872143155,0.03283478270445076,0.013276638748762486,-0.0011226220962046634,-0.008557541119712062,0.07506724480363869,-0.017970035396395443,-0.008447467214677484,0,0.7722695195706254
52343,0.13167982772556727,0.04005167597917215,-0.016276343326664264,0.02672882628801855,-0.15535837624724688,0.0618786886040796,3.2873317109024296e-05,0.011578067267263892,-0.09750214836066845,0.03226184288734576,0.03692824861209532,0.010305006899488552,0.03241720144639775,0.020664161210317177,0.007503628228396141,-0.015053156565947943,0.08362161878531635,-0.009918490339309282,0.00046458181263461985,1,0.790224763903039
52354,0.1563211589394412,0.029641883465900604,-0.0002683305138275397,0.013209797477071373,-0.12881243987701718,0.053587893282413784,6.309649287175123e-05,0.02951556791329458,-0.08286314507573961,0.026248431613851365,0.0201386306477954,0.023578555925582407,0.03490674097236941,0.004657139439377032,0.005826884124921568,-0.011417012992851874,0.07323425418190024,-0.005996405267386641,0.005623875218154155,0,0.7059112434217677
52371,0.1414367685878791,0.04605891604081313,-0.009766738244045321,0.02534862991503208,-0.1467019203368295,0.0766755415577931,0.006879430034879334,0.02636107578583526,-0.09440004315429952,0.033401400229195334,0.019638231730227145,0.022995061505115523,0.039231629758223266,0.0033775896647864935,0.003224254012376035,0.009515175258206922,0.08269920325868046,-0.019619401782420894,0.0006270061010709297,0,0.8079580169577093
52408,0.1344200194124728,0.027213978904562893,-0.0005207491899338523,0.03384473457019158,-0.1489866985664498,0.06623252129562189,0.00016405446423141932,0.010536126962824742,-0.0941291165660251,0.04083643135449052,0.029499239539601554,0.02672210850431652,0.04829404227569692,0.008854329868365969,0.0075349090375471306,-0.011244264075283077,0.07421340242138286,-0.013649963989522194,-0.004222906728182885,0,0.7811195977267037
52411,0.14419928445002475,0.03040707355156612,-0.015812966032635527,0.03969972818072702,-0.1425799635885099,0.05676397574448981,0.006958367175163874,0.02930682215087759,-0.09956909918149431,0.03208367707067593,0.0262432728651698,0.019664254556092896,0.03478180683010092,0.0024985960163226148,0.011809632944369194,-0.00027956348285393704,0.09891984346767974,-0.013655199593386333,-0.012557388250246652,0,0.8177905151323869
52415,0.1353232029225747,0.056286077048216115,0.0004137728731648099,0.02025696046666368,-0.14866171153141683,0.06853744581050106,-0.006043460057072091,0.024677088712752177,-0.12226931842631852,0.03947968006547281,0.02496116079448657,0.02160706763868007,0.03327087581396936,0.0014858912104215186,0.018960863116046077,-0.004752726328619038,0.07590258961486417,-0.015285879033734368,0.0009251079445308033,1,0.8191008794095047
52436,0.15111322670302152,0.04723163357709466,-0.0037098405428326025,0.03418863714936607,-0.12775842637669302,0.06305473367582481,0.0011987854664446268,0.021613133750517603,-0.09358310647735962,0.0442672744909916,0.03427815417344121,0.014854310701801479,0.035204566185436145,0.01934315234402612,0.005841481844667,-0.013442714662235141,0.08419897077840807,-0.004266713169557677,-0.012641430695900126,0,0.8117902927656191
52445,0.13303921953584483,0.048025173026424436,-0.0036294808681417608,0.012300656527131233,-0.1407927344496126,0.062133565133946814,0.0019369569044504304,0.007780840279531445,-0.1166731957410138,0.033339452575239716,0.029418485341909644,0.01870120150598264,0.03909631805856406,0.010098513092846446,-0.002632638436603236,-0.012213442916947438,0.07999658884212486,-0.020244088505710175,0.0032755681068025234,0,0.7753281198488281
52471,0.15356699172575577,0.044249840876874814,0.0008459526996230512,0.02901271611167858,-0.13505793154768095,0.06642774340633627,0.0007148890835163067,0.025447592680209446,-0.10036347309331996,0.029831332326179988,0.031188904826432242,0.011014683316030704,0.0396652733202811,0.016702107124804046,0.00832863342792533,0.0006672263313132496,0.08160346178265532,-0.036633869648091545,-0.005667760160731142,1,0.8169903834894399
52713,0.1544969806750036,0.045841296413930574,0.004658877199993545,0.039884220910331954,-0.14540092899979604,0.05468009505306991,0.011590119375553787,0.021010567286108686,-0.10630512782292806,0.03539209221616811,0.03418940229173538,0.016055430093114956,0.029962580052906914,0.019211451350798447,0.018076614211256406,-0.0008853979711145136,0.07727274828396878,-0.019442814884562124,-0.018641402188275716,0,0.8529981472806175
52769,0.12751282037853448,0.052316367147423784,-0.0007988886188566563,0.021063833600361574,-0.15395680070984813,0.06998804882883317,-0.0023142849033528827,0.031174086876908296,-0.10235238414093548,0.026308881083506933,0.03328408668555231,0.009616303572280731,0.01610337788214197,0.018125903085526012,0.0038686217004419935,-0.010765435062950935,0.07853240956069192,-0.019845635765326552,-0.0015605882332497747,0,0.7794887578367236
52849,0.1363959997544624,0.0322591240463607,-0.0036826166501971315,0.04061800793574414,-0.13737789151295027,0.0639575156232177,0.0013651358085016566,0.016087364480030654,-0.10623525939068935,0.03136534134867575,0.018562762631192907,0.0017098565041155098,0.029272729616314067,0.00611912513818966,0.0035394667848785764,-0.02871928717387504,0.06762913799248928,-0.02075722241962318,-0.020679308996355863,0,0.7663331538078638
52864,0.12231513182616666,0.04627552076351446,-0.010342304154264457,0.02823788791990304,-0.14983564983927714,0.0704017803909676,0.008622446211137025,0.019996693750029982,-0.10836260153158346,0.04783747141661431,0.021093484786383013,0.03133800836399088,0.027616700014705124,0.010260504563158933,0.007807718001892747,0.0009822036155608931,0.07326140219677288,-0.024004450967527097,-0.005518202115456361,0,0.8141101624289061
52943,0.1118313687521155,0.05375760971604086,0.006950198503446342,0.03620860130744112,-0.14441508596212682,0.06056172309780174,-0.0012854392109393532,0.02211096907114608,-0.09637160022799583,0.030587896591431834,0.02665429681640811,0.02016719533326458,0.0400330373355909,0.006772739886669388,0.006972426367714929,-0.016777792817865646,0.07064333275009799,-0.038438387461660804,-0.005342791333405142,0,0.795882492543163
52965,0.13631676502052953,0.031598762582080685,-0.015840521659516583,0.018132194686244184,-0.1414231628556452,0.07131299789666383,-0.009622038962489067,0.012832613841460476,-0.10960683675699694,0.022508486227856648,0.022048101839524874,0.019364403802904873,0.039659377067274355,0.004454067784349892,0.00876131109851635,-0.0020196499676596582,0.07992638576612814,-0.02072747679062632,-0.01132798862797438,0,0.777483143234442
52976,0.1504229035285166,0.037887869639108736,-0.007931829009234975,0.030998669580608918,-0.1428558865620066,0.06483899117001775,0.009739269421948304,0.013894951977196777,-0.11023073174158786,0.024418684424082883,0.018204736200723427,0.007358105068642907,0.02328199010244449,0.016460844778015182,0.01769218875952127,-0.009769147655859596,0.08288346004620682,-0.012560606429853913,-0.005967333864261893,1,0.7873981999598388
52990,0.13519368981570384,0.040030192017879725,0.009137388217586499,0.04148307311412353,-0.1329913960587423,0.06991316905072384,0.005256119732496073,0.03807852950600315,-0.09975975210341056,0.034698282739378916,0.03332783099757171,0.010988569816712741,0.03413550947134176,0.000589448143049242,0.007963464668423178,-0.005301246700010294,0.05355258013274165,-0.02159617466628378,0.0007383898672708791,0,0.7747348068194537
53005,0.1291527656460624,0.024125345716735504,-0.004126621447091692,0.04161866360653082,-0.13090567907730397,0.06181416533419726,-0.00918796742297481,0.021132170052811663,-0.09604993525906722,0.03796107863473015,0.033059267481349894,0.015528331180875874,0.014538382361023798,0.003322962553860027,0.0010562891273419909,-0.005772358736560406,0.07428553130132708,-0.027008682753741582,0.004756666297483163,0,0.7354028639910692
53040,0.11847910441622417,0.04019975599974133,-0.007746477060867981,0.03674255679850385,-0.1456963153855879,0.0438102227301619,0.01700294742913636,0.021552189952917477,-0.09945323438573904,0.02127565627006179,0.01712132510462147,0.014567678619373588,0.03207152269404479,0.012739831711665699,0.008906055890641645,0.001845612295608783,0.08876094286928886,-0.02479549329578438,-0.012441613462705241,0,0.7652085363726763
53184,0.13289453347897887,0.04501395846795498,-0.013909530229773842,0.0271370813052641,-0.12743433398367254,0.05586272606843557,-0.008245464756095632,0.029130939401006518,-0.07997223292539607,0.040332091179379984,0.01704466678739244,0.02162035080441502,0.04666953232542518,0.008131316639707674,0.005721370260608214,-0.010950700591749726,0.08945286422597544,-0.017514086823906597,-0.00989538161305675,0,0.7869331618681952
53239,0.13473102214641328,0.04976838647594017,-0.010705567160546315,0.022596451036461244,-0.13103651367825692,0.06551493451072228,-0.012456517831927633,0.04040055432980798,-0.09012668441226723,0.0441768262295513,0.039648065276671876,0.004782581183486568,0.01888897052241167,0.02475101885230569,-0.0010930872379909394,-0.011998729388628648,0.0670451478286684,-0.014885568680821368,-0.010778955942604043,0,0.7953855827254835
53263,0.14510922451413993,0.037382475739970715,0.008290761747793631,0.031024625463851804,-0.12594254113595968,0.05701333243071686,-0.0018521525252567065,0.007726034027232886,-0.0880453746620107,0.029420266504946592,0.015905516366769592,0.02574906476632436,0.03147937543715629,0.004773091077283749,0.009827745842665924,-0.01629424032039827,0.0773861198296154,-0.030695644163312268,-0.017639830799428335,0,0.7615574173548337
53281,0.12960219002274967,0.046685728339118986,-0.020134389923104904,0.02138526822606358,-0.13688054596040142,0.07135003351679121,0.005244195076199162,0.03481977822949572,-0.09050542829479608,0.03023466796823946,0.030100815084184905,-4.249988384836374e-06,0.025952639357802346,6.209812682059142e-05,-0.0009386686920684475,-0.0023019203336754044,0.08022468819087542,-0.01838165182184417,-0.008487822833517152,0,0.7532967799861334
53352,0.1433413487889255,0.021437700076900056,-0.018712724885569795,0.024551080168461106,-0.15444140530381087,0.05534533589869643,-0.00025239250502576046,0.04156759472002582,-0.10161387630881744,0.02891304193582783,0.015322411803654373,0.0168879660773179,0.033095713015055934,0.004060070586548725,0.006584641745872187,-0.014403236895160753,0.0690337525408303,-0.010741559992839914,-0.005229363754313717,1,0.7655352170036543
53357,0.14314342570435162,0.03393270081783132,-0.010666972251396753,0.04264255171761816,-0.14473693494731518,0.05327925944921055,0.0023589678794256348,0.021674589459802326,-0.09272136563493401,0.014748727612258586,0.017920924504234572,0.003273565654585885,0.01804775378030403,0.0032970195378314504,-0.005965647328952313,-0.009259620611788028,0.08625628209615929,-0.024401475861635876,-0.010853046199286571,0,0.7391808310489222
53590,0.11505805511043068,0.03418835067267294,-0.002832566912507419,0.042550756210846516,-0.12920844861603617,0.053836361034836605,-0.007986151710252815,0.028494698445551095,-0.10978268033367714,0.03215318128140304,0.020607294248428075,0.006327973614722113,0.024162339035974947,0.013924049206959846,0.004630131203854005,-0.03279233427916631,0.08564452147905278,-0.029299697465498188,-0.012542581855335603,0,0.7860221727172063
53626,0.1421853150116134,0.041154228131001815,-0.00763299007364683,0.025762692208400613,-0.14101918694295726,0.06778921308316245,0.004115974852059953,0.03456942919112885,-0.07857680331183836,0.0350977343701158,0.021624897367151667,0.021348402475891426,0.028032832745700093,-0.008678534794713255,0.0053618532641554134,-0.012008503576583349,0.06787870158759249,-0.020457555822376763,-0.008588556526767401,0,0.7718834053368572
53712,0.14478475712847277,0.051302995695125926,0.0005083614522593555,0.032231138055681514,-0.15393436801224233,0.060017582440148425,0.003291692674067795,0.017753819295928803,-0.101519619122264,0.023694375310666954,0.02558296162150516,0.016687950937651228,0.026831270923353388,0.02587906629123242,0.026257793797578963,0.003998978042567077,0.06130871278646012,-0.013909792762318107,-0.002682598144527731,0,0.7921778344940521
53714,0.145934931958702,0.05081182100521663,-0.01467502964690641,0.016825367229104802,-0.12951734445419763,0.05793189931105465,-0.012263647293068253,0.035472026725507665,-0.0862994160544601,0.03961177509804822,0.010500942858299757,0.025725640324588777,0.01691699079107614,0.003321170743674158,0.0190188919332986,-0.006632610157078468,0.08116700995695313,-0.011451689793530371,-0.013911847275735446,0,0.7779900526105012
53744,0.146114209832841,0.04024397258766246,-0.012386381546434582,0.03264783497147463,-0.14243580975188513,0.060771127647715764,-0.0043734890895289445,0.011901988631173768,-0.08886677507135171,0.023991464694220043,0.024020793105098356,0.01978523317202992,0.034445737817105374,0.010179170062769492,0.0016615168115011092,0.0005856837691716343,0.07958741747126222,-0.012402050030790611,-0.016254246445851845,0,0.7626549025098686
53762,0.14010448580518453,0.03377399281180836,-0.022935424680250917,0.013944707586186877,-0.12561187308322486,0.07130362378476872,0.010563396912575533,0.03288766940802981,-0.10160604644485512,0.04427374264663191,0.026373212048107685,0.01034213520458979,0.01613118519838386,0.010859600614694901,0.0077709144390110795,0.0025506522407932465,0.0721528909092501,-0.005041209525065299,-0.005876319485184296,0,0.754103082828597
53769,0.13890575743525013,0.04725348491539028,-0.0074669317746359504,0.029539286195605037,-0.13328826346830133,0.07395840627002294,0.014222855697312048,0.022819271510649795,-0.09946893302681034,0.04270779569232904,0.016029496224596502,0.03528212109073626,0.03621310308786537,0.020069154535492798,0.00922065405662408,-0.0034382923299316357,0.06650687711869675,-0.01350930935979726,-0.019832566457250657,0,0.8297325602472982
53781,0.13747149254333899,0.05586790956839337,-0.0011438263395774121,0.04604791432596856,-0.14254451311989688,0.06524752957281689,0.006575188416924639,0.011406531029227692,-0.09506561923197603,0.03969204415361245,0.021025797835719767,0.020113508020238893,0.011257672122664075,0.014159362870354682,-0.001394469797648201,-0.01754238270282825,0.07224761462642416,-0.014374908432252469,-0.0055097442077608845,0,0.7786880289176243
53782,0.12189800416295955,0.034520724555091385,-0.001994743439054793,0.03725488711986662,-0.13122959398000883,0.055984503560228834,0.007926123051262437,0.02880397710440911,-0.09673948467150326,0.02660523674127596,0.03800503206615179,0.015571645752633402,0.025323779299319813,0.00458437311617705,0.0019160425606038513,-0.019615133013995163,0.0753490271628756,-0.02201259508661567,-0.006345309201262278,0,0.7516802156452954
53873,0.13470413495114472,0.037179887292633246,-0.0018140342933522958,0.03241009482605945,-0.132728609699334,0.05250252060395834,-0.004093559177389945,0.01884878141204325,-0.0898384189258879,0.030063766324103697,0.018266805774505367,0.006122099963305669,0.02657649593598962,0.00037523916963308663,0.008881235218349518,0.006098227564135595,0.06426555957824101,-0.02522319452402733,0.011372355922406778,0,0.7013650211565008
53898,0.12391729960435088,0.04823438397809985,0.0006157053156980185,0.02125619078549687,-0.15066367879692205,0.05723366468824465,-0.005737138729422951,0.027613125360215773,-0.10464624841010775,0.03826606446055115,0.03173231330002462,0.020806402446954093,0.03422999015705006,-0.0010042582276470753,0.0019091661469886779,-0.018303786045634766,0.08853168384234318,-0.02166431277269769,-0.017380663247242877,0,0.813746076315693
53906,0.12045632173225969,0.05160424959090773,0.001659059674921464,0.04776576198488181,-0.13540224116536662,0.0647220225306116,-0.001006320545807842,0.013278839342679573,-0.09913271522967827,0.026810011797885017,0.013641001942992762,0.02541273471034192,0.0167292375590165,0.002240836615945454,0.013028912141478517,-0.00908299660567928,0.09613538517225555,-0.01758434073350176,-0.0007062535881570671,0,0.7563992426643684
53947,0.13268951780159285,0.04041992179653411,0.00494471884063143,0.0220584498423956,-0.12832528178538138,0.06402469907494336,0.008224825948719608,0.02211906947460643,-0.10103529171817718,0.029239874682419547,0.03232897356753768,-0.003355696386886148,0.02180484353355122,0.014483340904072729,0.02415729373500266,-0.007173744150917055,0.06637860691307546,-0.01632710588783711,-0.011897600422297077,0,0.7509888564665786
54000,0.1378762257800722,0.05202668222856081,-0.0031470195766141397,0.03543123140761599,-0.12321338315493352,0.061335511026293046,-0.006063962657402494,0.028898403117556787,-0.09993733311873441,0.04730343293207484,0.0331414756894651,0.021851256424136104,0.03305315954937947,0.01106961927913179,-0.008087597046179498,-0.009299756105340687,0.0782302329616522,-0.020986061133200885,-0.01826458290566874,0,0.8292169260940127
54001,0.13093752719695703,0.04747683064540987,-0.003814030589465416,0.021736037475320314,-0.14360111520312313,0.07270926994866599,-0.0011985720052513614,0.020189699877598364,-0.09545190769915293,0.030835290726491812,0.03533581093420594,0.01515642341596794,0.0493632015367668,-0.0007535167843950882,0.0027993953411948806,-0.007177634758823188,0.09057982188163606,-0.01902898236655858,0.0038202531096543937,0,0.7919653214966391
54208,0.13453337685035713,0.03973439967427145,-0.00017782000031913624,0.03591503278673372,-0.13375755366527292,0.05212211924284076,0.00898899394793142,0.024848042917658093,-0.10631425605593153,0.02939468188608339,0.03861457575111009,0.024607304874721465,0.012832034560784295,0.0009444940395109128,0.0061902679811118065,-0.017189852948068508,0.06948035435376994,-0.023373100008999982,-0.0004327444417054677,0,0.759451005987182
54216,0.13178938325585013,0.037014422707482474,-0.012377457980521357,0.04213785240915352,-0.14631186052416706,0.0657744260042849,0.011486453929510268,0.028938602571397378,-0.09540942724618842,0.047605731997849496,0.02100970656740593,0.011264891822453965,0.04087325670940582,0.016995325687929018,0.019443497938649607,-0.007410188841181401,0.07171124295680059,-0.031042588152610243,-0.02369339593120806,0,0.8622897132340497
54241,0.1259802360271608,0.041995670879271065,-0.012431164016502972,0.03413103274701707,-0.13218943232171626,0.06701178320755695,0.01385855976968784,0.03110498743401124,-0.10009531827950495,0.025558798183232395,0.03390571248077285,0.016863635417463763,0.04010603633577466,0.013983677419574741,0.0070817489653455905,-0.0068572664728189375,0.08103001029462242,-0.016860085960336706,-0.008251038899519347,0,0.8092961951118905
54279,0.12832472270548415,0.03712878834477706,-0.011263529302767437,0.030203000526803102,-0.10611434446550426,0.058308657319452804,0.008309361553155311,0.013658402631488185,-0.08823687113001122,0.03047826148506449,0.02487934190476873,0.012399847106576496,0.023676724290527695,0.0038911421442450185,0.004684860362549512,-0.0013131466831607542,0.07633840690636563,-0.009829420895965248,-0.0026525556533614253,0,0.6716913854120286
54305,0.12196138315653997,0.039926271242918934,-0.008734261781016208,0.031189211372812192,-0.12790453341760671,0.06490018623265066,0.0023832747984231604,0.02771249675881653,-0.09235233943356468,0.023949855485306586,0.02715646500847992,0.010121588260941438,0.01833713572260376,0.011407765978208986,0.005794592288994712,0.005476195842665962,0.08667289157970712,-0.03454760630243662,-0.012103913136996847,0,0.752631967800691
54318,0.13202277781490138,0.03963093920195684,0.0049645710634618765,0.03624808671614785,-0.133334327330317,0.051055840549078614,-0.0058656375513083305,0.021069395185947574,-0.09278035477138415,0.035866938367062944,0.01934850006850998,0.008307815214327349,0.04862734511946378,-0.0005083906251650464,0.01280930466391658,0.0049651924520309025,0.0805726018395948,-0.02685018726292172,-0.01227619935984483,0,0.7671044051573416
54330,0.14444192144201257,0.05361777177316032,-0.005910893876972612,0.04075854769138878,-0.1299231574953998,0.06554686238953263,0.0007189843910237444,0.021885093112895465,-0.07049554662092537,0.032436707266244036,0.022061286452051066,0.015452325350771874,0.03805994388387414,0.017857194081849624,-0.003207393551097355,-0.0031766684514836657,0.07885228257655216,-0.02577285046378439,-0.0020242003358206338,0,0.7721996312068402
54411,0.1220516444694561,0.04050782345919552,-0.008458527368149525,0.029450251655699457,-0.14875899936114198,0.07000188131091048,-0.009378097616413311,0.030524822770230636,-0.1045487784716913,0.04483307517228448,0.021201571873256393,0.012111595445187931,0.030134471485274306,0.014292310424443833,0.020988033179652987,-0.010672249944802913,0.08908135919979392,-0.017689329303598584,0.005136680306979685,1,0.8298215028181634
54431,0.14014658945880024,0.029717188976361917,-0.0011416825682360192,0.03266397380001228,-0.13408682441175912,0.05001002414258601,-0.0034999284075292033,0.006222106300126337,-0.08985283374640834,0.031063289296742853,0.023707485503462085,0.0271398172662699,0.020217163826130573,0.01176272687293112,0.012889201149511843,0.0015861738642206984,0.07525648066577266,-0.016925809478857794,-0.019764166669451754,0,0.7276534664051707
54452,0.13003150110912176,0.04533977028783157,0.0008797407932814887,0.04558909721242247,-0.13903379118317244,0.039902274149368894,-0.001386793519232649,0.02248890201099584,-0.10974894354302747,0.040353047595661884,0.03624916725478514,0.03929392207419968,0.03196863792889871,0.012116975099658832,0.008677646739923288,0.0035402258506687604,0.06322788579995492,-0.01866223669487856,-0.0030672195014237592,0,0.7915577783485082
54471,0.1580486568367155,0.040030755370584516,-0.0022022308429406378,0.02837571163042587,-0.14349688028817334,0.07555255090676066,-0.006847975833991366,0.028269968722755348,-0.08995792692587513,0.024659929705918113,0.019010980852768106,0.023529388204513852,0.0343744734795999,0.006371698289264029,-0.00012868965925017114,-0.015706693647022218,0.0794552382612869,-0.026105864064271622,-0.016108516271899253,1,0.8182341297940166
54525,0.14329013623454764,0.03604917151820865,0.0038804381592369786,0.01769871372040766,-0.1492392524617933,0.06243526027243496,0.00021058126909680413,0.028415970285430865,-0.10090345826061631,0.041270961852167894,0.03427560299219965,0.027050140251352765,0.04222430348456403,0.01690638138683919,0.001588276554541068,-0.006709534289544294,0.06357994323302624,-0.0244097935663698,-0.011770390232577777,0,0.8119083100249559
54541,0.12328195448702267,0.05016447218006586,-0.01055125488770643,0.03016799771494839,-0.15720611502358237,0.057049106479732194,0.010722394333638042,0.027066628594467713,-0.10278165851965318,0.026436619093785946,0.033593442355305474,0.016869726974025626,0.028734379395114053,-0.00042071470236636183,-0.010052179360445862,-0.0023178003096867295,0.09260453047750322,-0.029571167728180203,-0.021412052217594454,0,0.8310041948348248
54550,0.12015917498300702,0.05093748966771441,-0.0059900067003734354,0.023817253814916846,-0.13909570424109227,0.05735497379868845,0.005262781863802881,0.02286239026882097,-0.09106482457713182,0.030791357565309277,0.03239137321722462,0.022317490911601977,0.017225990918736906,0.014748900762739674,0.012606515331043117,-0.01758759504339737,0.06983372399558367,-0.005016020813430305,-0.016271016816572982,0,0.755334585291188
54577,0.12914037732498676,0.06158730173917338,-0.008552835200528564,0.008733088537014915,-0.13545743569580565,0.05676074906376427,-0.018347017031768154,0.006363422713433848,-0.09376678369097827,0.048403636109515556,0.029339428968667165,0.03462030320606121,0.02382374403409131,0.013129677778949356,0.01043335022765697,0.0008396180561038398,0.07692057364748366,-0.014892545982413836,-0.025631073137984416,0,0.7967429621463811
54610,0.16866225292395673,0.03575340343761058,-0.010520458425060254,0.027563963051776278,-0.12888084650971832,0.0679182603405724,0.006352644637474875,0.02080963735175234,-0.11344555249503656,0.022211393779414595,0.03507651190834759,0.017844733773663746,0.036174562677821626,0.0011051854949210508,0.023477177553100012,0.014197261924552342,0.07318584117018916,-0.028329308894739922,-0.011028895064672684,0,0.8425378914143811
54675,0.12978737329003923,0.05864825229065477,-0.012988848838143543,0.023784784136339276,-0.1413506164771206,0.06293930559953201,0.007922013249185641,0.02583704984609409,-0.09796477063903232,0.0454423164651949,0.023703035639908398,0.012790060437081089,0.036062139867476736,0.023670077745189127,0.006804508233419152,-0.012268148669567247,0.07628809102747737,-0.020495754750278483,-0.02669722627822969,0,0.8454443734799637
54683,0.14012516781329004,0.04044624446448757,0.010259889336548358,0.03289041938745363,-0.14393177705608692,0.06092268142718184,-0.012978825895848565,0.03499175041221879,-0.09230629301582251,0.01915889366123821,0.031124266270556637,0.018468162293837104,0.03304175062439645,0.012765300246821706,0.006783690122131108,-0.011985981867799695,0.08363500297047413,-0.01773131279824566,-0.005418526306750664,0,0.8089659359711896
54965,0.15287084062361206,0.05593364405437047,-0.009688004109833389,0.019099215125413523,-0.14835421183265782,0.05310336439050542,0.006728794176789765,0.025349899881341665,-0.10086257970293006,0.03750944978224405,0.016884229820831823,0.013216722404206406,0.037891913064244276,-0.0007508539041932988,0.004120572376232132,-0.0035507646468602183,0.08633563490847705,-0.024155407947194393,0.0006019582122879755,0,0.7970080609642258
54993,0.14555028003773596,0.03677105962862627,-0.022997961779272443,0.02205528229783713,-0.1504188291936086,0.06851574715316386,0.006774350649601502,0.03149969251195431,-0.09206435745883894,0.04445338823039073,0.03401859933855331,0.020180794298024742,0.01808063192072052,0.008915317753826606,0.021975460349504494,-0.019822838742514174,0.0899548184910078,-0.010189410545584279,-0.013474361293062348,1,0.857713181673828
55023,0.15165649055853128,0.05875182781965608,-0.01653062388621738,0.029616969699234927,-0.15343332489881706,0.05187417483740942,0.00011423360701156429,0.021004617176237292,-0.10176585609964672,0.02371895851378887,0.023970709895666055,0.01449909353059594,0.02511490241855385,0.00951770443704905,-0.002821069829842365,-0.01273467491354488,0.08031868499931541,-0.015604539332856474,-0.006744781148246927,0,0.7997932376022215
55087,0.14952160130366354,0.04630653465014719,-0.009394869242392339,0.023037422301311727,-0.158117894863901,0.06231087655033307,0.02313873758880005,0.011998672699813038,-0.09975979126827454,0.025109943226648064,0.019150098038373937,0.021629288319399705,0.03535036276339989,0.02966447037889666,0.020708317157665745,0.002018902165934998,0.07805867822047417,-0.012590954129808837,-0.01545180017348358,1,0.8433192150427221
55304,0.14268842783412203,0.05566530747583126,-0.0020013028573480393,0.03461253561044464,-0.14198403753295666,0.049110258914992,-0.015275965352798765,0.024853915346371845,-0.1055212208967255,0.04231438948625595,0.028103071724757216,0.01987472202519721,0.019170732438876324,0.021915933164765745,0.012690809679772569,-0.013764816308079447,0.09723135492437132,-0.017732142404163122,-0.012169896293768042,0,0.8566808402715976
55489,0.135945989298751,0.05024640605611682,0.0035117460519347612,0.04698951449753038,-0.1522604941324509,0.06788545007418222,0.000948247475551501,0.02491470684378325,-0.0811512218327213,0.023188452772990902,0.025808063536968247,0.022753211365058548,0.03116443501458362,0.01108248287857046,0.005005713109930522,-0.006164680257954948,0.07893932077947224,-0.025203436619271827,-0.030556845201185304,0,0.8237204177990087
55491,0.15197038359141654,0.015452954073863092,-0.005288985244605136,0.019841718384888102,-0.14645830533348958,0.06729724962263028,0.0018274942047125174,0.03279185484044226,-0.10045450219656432,0.026434057454024246,0.026106025831842385,0.02635289363795559,0.03371831430661342,0.0282944599068715,0.00759302140581464,0.0019758019441246007,0.07920379301199569,-0.023154869593771683,-0.007982291787448782,0,0.8021989763730744
55501,0.142100957710577,0.04029607765085197,-0.012067445662508837,0.024385065446319142,-0.13569232077415988,0.07494865946801382,0.00044012934255196264,0.012085223112602982,-0.09061429268335953,0.0342522094536512,0.028953728624879795,0.01714138556064346,0.031040930478166178,0.0020703921963936725,0.004913522931673756,0.00852902949305829,0.07992838427772847,-0.01433660105258726,-0.008159924074175285,0,0.7619562799939025
55549,0.13995903743071497,0.046195685450215226,-0.0015088134540244007,0.029142570596453,-0.13943001984954542,0.05582480843634972,-0.004714725666450647,0.03278695863088758,-0.08506845167252425,0.034404708525942226,0.023801285056304893,0.009351841745103074,0.031128743195752585,0.01958350414576461,0.015089696609477283,-0.00155228836545471,0.0825130973988994,-0.01936886297440834,-0.012649526545276948,1,0.7840746257495492
55591,0.14164445765665115,0.037948587531421336,-0.018146018761565682,0.046843491998693816,-0.13558662630639484,0.052481793904241715,0.003668047868054264,0.02155415625711716,-0.09498047558432963,0.029204371375826432,0.02880607257989585,0.020679735095861154,0.03629842488403174,0.0205036902895279,0.0012446965823281909,-0.011766219659163545,0.07456085103554587,-0.016698472031739343,-0.0159111669310885,0,0.8085273563334782
55761,0.13696116541504783,0.039850671830189026,0.0050513323909889985,0.043019541758473376,-0.128465237245052,0.04869478108964915,0.005131452379706366,0.035937282356977115,-0.09036948685924924,0.04577270962069849,0.03170893651441039,0.030831098339927948,0.0300723518841325,0.005320974359018498,-0.009721510709029147,0.005288641688643669,0.08344523167735325,-0.007558575885043942,0.004056640031330029,0,0.787257622034921
55790,0.14562704894238954,0.050936713962246936,-0.005385556100948211,0.036448441560128844,-0.14191042886237784,0.0742409693671997,0.010770774199215481,0.022648768054949798,-0.1011395667108221,0.043358038411314435,0.017785020755616488,0.005025784610993626,0.03415089909101305,0.021674720650923247,0.004703900463694135,-0.009025711235661994,0.0700658131618912,-0.008961838959707336,-0.001548969064138454,0,0.8054089641652324
55827,0.13823421342246112,0.05469854582546428,0.01205622413748574,0.02880250445524478,-0.14314223714285584,0.05024633453321953,0.006785890036181339,0.019461733860346244,-0.10116904833474942,0.0490049087257897,0.04246482927898389,0.022204519406060736,0.03040086153891695,0.0030769325635794055,0.014342438601103657,-0.00882409321360601,0.08146608109693892,-0.019039672709501444,-0.010723917500423995,0,0.836144986382913
55860,0.13881270221623312,0.04116837370170336,-0.003018515878460344,0.03168744724871341,-0.12844417806628158,0.05385199104006898,-0.015832074710528624,0.019186969313239585,-0.11399277575805646,0.03434053765373039,0.023817157757768038,0.00373472972096965,0.040479686621362476,0.007590605848091455,0.00954352704141016,-0.01260242820395976,0.07947151733326777,-0.007720138938330789,0.004126752574217977,0,0.7694221096263939
56070,0.13708897450278854,0.04421696075311091,-0.001400747955453036,0.04079567032662291,-0.13760700001072312,0.06263899223931776,-0.011014243887101741,0.021545462891690112,-0.09159872365770692,0.03209869954217932,0.028510290213726933,0.015694773508391165,0.05496897902400715,0.008433615238376609,0.008594417981321186,0.007068756222416592,0.08092416984402441,-0.015827374963110562,-0.006288924860634606,0,0.8063167776227036
56104,0.12327591092922323,0.04320519623673896,-0.005240635791109927,0.03267678069183584,-0.137969563185056,0.057872876451592614,-0.005535163540469479,0.019922197853774696,-0.1009859035562266,0.029864447208370937,0.03054961441523099,0.0034746975261957785,0.03385366342262844,0.013045402532541862,0.0019492219305491537,-0.016077522020586554,0.08097740383011716,-0.01814278349920723,-0.006268627992678478,0,0.760887612614134
56125,0.15161318876081725,0.04303226085041591,-0.01592997935120808,0.03159716571375856,-0.13959367589973673,0.05887068243266704,0.01165513372236324,0.024415081449850117,-0.11101924903312457,0.037564427848423634,0.026749311868811968,0.018063281935802828,0.03589468806990791,0.01982636035324863,0.014817397267694175,-0.003996258987476554,0.08401264562081875,-0.012925236321507926,-0.00687631810894095,1,0.8484523435965748
56180,0.1432065698207725,0.04207274730491389,-0.012481098450082264,0.02341530423823759,-0.14810476154250024,0.05797276266733927,-0.015514275425934861,0.014369504758588525,-0.11842724988088278,0.02482645939073921,0.028832503324150112,0.010594476285641257,0.03344085296747623,-0.006375011807191762,0.007376391782021321,-0.008106937285947175,0.07863283288800159,-0.019333077708598444,0.00025049061834508994,0,0.7933333081473641
56215,0.14329331951772534,0.03134400127378985,-0.019105257875316656,0.0277103716579339,-0.14170307272475235,0.07041796718432697,-0.0010028391619657238,0.029645842157385874,-0.09353365879877533,0.03379740602575199,0.031226771649410668,0.010178502397165713,0.035704085750286135,0.01996153238798421,0.013707202177319822,0.005115242932382787,0.06690854261773381,-0.017750607773442728,-0.008518072406308816,0,0.8006242964697586
56217,0.14135392062087523,0.04886280887194761,-0.0011864557609729915,0.03160051101454566,-0.1409756681237034,0.06741333815837018,0.010126592870453446,0.026479537172703443,-0.097451730206776,0.024046424116824616,0.011236427914604765,0.026861567245273273,0.02987790911408802,0.02528725190656578,0.007445277315181976,-0.011267080187231078,0.0899659767717897,-0.023567293102761136,-9.286895103894902e-05,1,0.8150986394257073
56281,0.13550204002733995,0.03246575121845591,-0.0035491099107911295,0.0340264993281213,-0.1550393753177545,0.054383670363050314,-0.0010888773348088957,0.02826357847157689,-0.10193724893811021,0.023913845987877762,0.02191303729208133,0.019371586390180977,0.03799102667344574,0.013979801176983138,0.005267805482532168,-0.007742257814536761,0.08749343010830907,-0.014802233212831195,-0.01112179380002686,1,0.7898529688488141
56299,0.13760194309797166,0.05291108326362754,-0.012869407529858835,0.0366092763530889,-0.16221138585268025,0.04495148068483871,0.00828984239513009,0.024905817105686828,-0.09370676309000424,0.04790183613122199,0.009792367699293111,0.0024221381771511933,0.01735719222215086,0.004074420134708918,0.007156185905019501,0.0026917056556124523,0.07573239978650528,-0.015504554270707243,-0.007305240389762705,0,0.7639950397450203
56366,0.15657478783825865,0.046666860506133605,-0.001194213075806243,0.02808073120289256,-0.15008250599365064,0.05462988756270888,0.00661969277166023,0.01376524797794379,-0.10835174201932314,0.01708485610255522,0.038406619036316605,0.021518884879032,0.02901601880063913,0.008636515848255786,0.011233040999773007,0.002488750180282535,0.06616873965756616,-0.016991664181259542,-0.010589478381235971,1,0.7881002370152937
56500,0.14547094405650093,0.06151793532961878,-0.00814589781149748,0.01694618376797683,-0.1427977711215693,0.06875442746513837,-0.004856803691481672,0.028438448113824833,-0.09278257454929609,0.041525915572422,0.01629108180581653,0.02254311125483439,0.04000999380587491,0.015234485590371459,0.012334539599181996,-0.007893634799495465,0.07732251848543385,-0.034379673636269766,-0.012954990939934732,1,0.8502009313965394
56568,0.13886761863667516,0.04537923420916661,0.0015655939403541243,0.03577483970516886,-0.14051602752927037,0.04767772736170634,-0.013236344497269608,0.02266025583992952,-0.09918656796371875,0.037797547020185486,0.030426980551323906,0.005419004139514158,0.031178954345213145,0.017943150324826372,0.008291970647261459,-0.0027832204665671533,0.08933777394940162,-0.015247628932368522,-0.00777643471008941,0,0.7910668747700106
56584,0.14294200793198322,0.05234241007502564,-0.010586319924511058,0.041134340695088145,-0.1542029013392254,0.06834020794100207,0.011600480025457091,0.023594472670055797,-0.10799490553673874,0.022226437098287526,0.03208426388735681,0.01208778751153001,0.040737428011918625,-0.001411559727637683,0.011821803197839303,-0.0015190651120188337,0.07436074658251712,-0.02871487047431267,-0.008776174259453928,0,0.8464781820019597
56714,0.13750991049442962,0.03444174015053778,0.004443528538531813,0.04159478373707724,-0.14668399393573386,0.061913864124683485,0.0034812092052336472,0.01675609969300657,-0.09641584443887162,0.03297286547219749,0.027872482458086992,0.011677748369759955,0.02825718667189028,0.015111788348675662,0.014520597309458346,0.00019896746280464303,0.07602651612173289,-0.0022309753973104723,-0.015340082627713188,0,0.7674501845577356
56732,0.1339752626529507,0.03939156981862068,0.0065389597745405936,0.031342466465544824,-0.13899586737855868,0.04061877671225123,-0.001845270356087344,0.017775936512273886,-0.10338936262322858,0.042583393382654,0.022195254929532143,0.026355023011187643,0.04502553437139386,0.005620635987770349,0.011899456339846954,-0.006152721411659839,0.07153309745663616,-0.027075372066780064,0.00653920467405895,0,0.7788531659255765
56770,0.14767411099361527,0.05091881195536103,-0.00371065361946477,0.033455884735043975,-0.13864595117044182,0.06188945080094037,-0.0025719844589362864,0.01607220306064374,-0.09477038941773809,0.03200611279372323,0.03795550816276487,0.023580083841259453,0.027511231424248293,-0.003625035470529426,-0.004641897905817175,0.002149384279388259,0.08257395352332064,-0.012630271337746638,-0.008229847854725272,1,0.7846127668057086
56871,0.12965086228203165,0.04336215433246076,-0.008177421948158148,0.03188254162249727,-0.1474296903443144,0.056815861634514304,0.008929703474333264,0.02304854570021321,-0.09104687548721892,0.039075638650932845,0.02406324563933569,0.014339573693952862,0.038916308384595456,0.012964516214029193,-0.005949607658508763,-0.0026677321487477996,0.09232825590133768,-0.033179904920581746,0.008984078654404759,0,0.8128125186921688
56887,0.14167866635632811,0.04150241850500297,0.002865393519215812,0.04385388038168046,-0.13811103029855967,0.06257782647399081,0.002527434826796404,0.02445762322639203,-0.13245980353447107,0.03429007278732946,0.019852596277462557,0.017149797481070067,0.030993921060547436,-0.005263404304883055,0.0027778795753971007,0.004792059439077468,0.09462717465565144,-0.010437496234481657,-0.01245401257081224,1,0.8226724915091498
57010,0.1311526477216533,0.04089613577829225,0.015144308621968432,0.03240580750055605,-0.1180697954473286,0.06012520057392181,-0.0010196243352287157,0.02085557422218874,-0.09760215507978383,0.02013954086935797,0.04160612301951259,0.029599901089121413,0.04645829314921258,0.003648355907491974,0.0063127457083512325,-0.002577878212217556,0.08396629513146074,-0.012347290621593038,-0.009192262449862766,0,0.7731199354391036
57026,0.15788263633503868,0.025871641804163827,0.0011072083264204503,0.03517335999183477,-0.13886690406575727,0.0670389390798634,0.007121538922177561,0.014227870565894961,-0.11335850131863455,0.024698414741726644,0.02177942620280941,0.02419973360566903,0.03526002216509317,0.011297794712140928,0.00024285379634105334,-0.0015183288646702178,0.07789536003089313,-0.008707593666370705,-0.012544122607072754,1,0.7787922508025725
57120,0.14652373965608315,0.03671408158674808,-0.0013056274160685888,0.03647636750432535,-0.15314600151699634,0.059059027495126905,0.0007244588213664292,0.018540285597717466,-0.09093694136962972,0.04116450509116237,0.021273949051082777,0.004008195389989105,0.02500732865622853,0.0098982894474068,0.007827605297237208,-0.00906173308837103,0.07511720351792929,-0.01854826978523791,-0.007588007079427774,0,0.7629216173681348
57173,0.15150002244629446,0.06442444441387503,-0.009995463759187107,0.04483078883364731,-0.15775917403365303,0.061525482611411324,0.005175538789857997,0.024964779607070893,-0.09954261481787993,0.028028006120966634,0.030296765672998466,0.028949752398496766,0.02880633368889084,0.0002146906124919491,0.0043727049143436735,-0.0009094636665626154,0.06434781181049957,-0.022655578361420996,-0.016138254702489276,1,0.8444376712620378
57297,0.14281179337551694,0.05569764887381899,-0.005513707580879203,0.030997926961717596,-0.1459594534358038,0.06311311901440254,-0.003263331735912733,0.031732556406817734,-0.10298479958709436,0.0402615830286991,0.03733975212561864,0.01991257775496395,0.04980835191706639,0.015811895528689345,0.014414343971867173,-0.008173154533667225,0.07093953730234541,-0.002062593048486894,-0.0078088662500096825,0,0.8486069924333777
57319,0.14528181379092608,0.041236520371320216,-0.006273918668651153,0.023414421742900024,-0.1360460663173978,0.06652058065239684,0.006285341384795227,0.01649086204571691,-0.08450216473169384,0.03128303840721024,0.03491959873864738,0.011186836366238406,0.035103275105357296,0.006902236257550935,0.006507105005766082,0.0009325484899335233,0.08369033233359421,-0.022706115359111323,-0.01808270071436198,0,0.7773654764835695
57381,0.12787489581271202,0.04585720180987192,-0.011859895965515557,0.029602535739980514,-0.12925186951703344,0.06570849075240845,-0.016427971997633826,0.0018946055113454457,-0.11679249528521375,0.037280197081224646,0.03585870940932996,0.01665564104773244,0.030813132506134152,0.0059529606311617776,0.007803136185200989,0.005905371105279763,0.07662144158335683,-0.013103744464184908,0.005108681384527038,1,0.7803729777898474
57388,0.13650106318866925,0.0445082451515633,0.0038445596917171454,0.02195371103820613,-0.14506110443942527,0.062343884880690516,-0.0011966976058860707,0.013799436305220967,-0.0913579393515733,0.035633663778447525,0.02496333984250405,0.014201703244175279,0.03589954316555964,0.0057991624737502,0.027518644216637588,-0.009215489571896943,0.08177977651264358,-0.03289931024575334,-0.021582984669951517,1,0.8100602593742716
57407,0.14728845562204926,0.04532118876037716,0.0007545475367432766,0.03050578596437342,-0.14615974737646412,0.07826908183516673,0.0005229382447526859,0.009603282892710731,-0.09554580661124142,0.027538708825067836,0.022947598564831296,0.009610858588387915,0.029229527072532516,0.005412330624425512,0.004044807523435258,-0.014384049062635174,0.08212172488509939,-0.010986279823232,-0.003238287287303823,1,0.7634850071008296
57567,0.1646773705243241,0.03700713626090757,-0.002239283533853817,0.03453392765439279,-0.1558927685489889,0.053234902050807116,-0.01749978763570637,0.022487997153389484,-0.08776542803336339,0.03209388124053058,0.014717593823698904,0.02677186029471917,0.03748626724266753,-0.0034472161139637624,0.021511847298470617,0.0050059573287857375,0.08217620463330112,-0.030515741523498206,-0.011112331292775997,0,0.8401775021881451
57568,0.14322023230208306,0.024276450437904853,-0.0017147054589101856,0.0424563250486112,-0.14658771132589574,0.05777590627576388,0.010916440254101602,0.020808456614993392,-0.11157838002319626,0.020313074050054915,0.03362891001200319,0.018357512772886067,0.032097958990796,0.02643374359761574,-0.0026076106908370046,-0.01087915952590933,0.0803818875917466,-0.015080826420147814,-0.011694617155945518,0,0.8108099085494024
57573,0.15142327318439963,0.04669732022244187,0.010540916783632816,0.028105258128248323,-0.13398580979841437,0.04788088899938173,0.0007060555858905956,0.024296561147151736,-0.11458338203907371,0.033714531569089115,0.025805996734754272,0.013472399498718143,0.04134104744092953,-0.0010311394049719827,0.016971037407914474,-0.011854872313058736,0.0852503893176008,-0.01087799898630659,0.0007189055386230881,0,0.7992577841006016
57644,0.1350254456814184,0.04721363891597977,-0.014395249905208289,0.032410897422229065,-0.14470333959669157,0.05407691304369761,0.008509603083973739,0.03507750883853378,-0.0993734715263145,0.04135777412741345,0.037517528368042175,0.009290016879676306,0.035450499479059476,0.011456661593300627,0.005746674974737275,-0.005100127205049058,0.08692199716370007,-0.019503812220838083,-0.008204422409679333,0,0.8313355824355425
57670,0.14527749146728308,0.04324729447600109,0.009779453097713517,0.03297072386237326,-0.1499388737822764,0.056649344982128605,0.006254558858634515,0.03338133514628029,-0.09252303723301085,0.027911207633691006,0.023418523710748616,0.03432826795941554,0.024820781556799665,0.008107153231382596,0.005639070371044756,-0.003986294106928505,0.08608833268630986,-0.018206879155785158,-0.016597096420822483,0,0.8191257197386298
57693,0.1622116813611013,0.03866783240513778,0.005109731926845698,0.03723851508041254,-0.12571645652420999,0.07457868614761685,0.00962589484520596,0.02316394182211486,-0.09180069547511854,0.018394732168023172,0.019238710902045632,0.013657868233089813,0.031985865570294654,0.013617770861246856,0.011262755794092544,-0.0045562161839101485,0.06385671744502733,-0.019008094839433644,-0.022621691390063564,0,0.7863138589749908
57803,0.14318210274301174,0.042644456838583915,-0.005134658093392011,0.030463022203428752,-0.1489149814055421,0.06051229426306399,0.0002609152943342345,0.01473712013786087,-0.10542685044113025,0.02859690351666491,0.029735102567237017,0.015539586009018074,0.04303313216084758,0.01298724985082593,0.0068981545407695195,-0.013297784161195545,0.09166748967320107,-0.006666253309048716,-0.006772760472874092,1,0.8064708176820303
57828,0.13135062538550935,0.04528248706284209,-0.014462737578414323,0.025107471024484972,-0.1334111695939946,0.050945261572987156,-0.0009395083520404013,0.001836669159751391,-0.10975970962600076,0.04750772342898238,0.009265061301005404,0.014165174768750644,0.03319218053371229,0.011300259277413587,0.029395505748553295,0.00939363483452393,0.0921912302377602,-0.016985470715151333,-0.0004139193630071892,1,0.7769057995648853
57870,0.1435222576066469,0.0520298468766509,0.0027046296783507094,0.03835935254828301,-0.14404888014722578,0.06537804873920533,0.008895728940226888,0.027670939104162063,-0.10380392395876835,0.03372509515398112,0.02695216988954573,0.028223669223308538,0.039818956077334766,0.009243361733695643,-0.008004847220017148,-0.002931038912931344,0.087803278182585,-0.01973891073537934,-0.013675101043975178,1,0.8565300357722737
57962,0.13409062876795502,0.053611304460083345,0.006584509054656827,0.02838196921150255,-0.14147934553615,0.0571307230670571,0.003879540295332308,0.024650843870780894,-0.1044537217080413,0.028681008884835737,0.04033553138983785,0.014551016167469845,0.026493039707748675,0.01231747156325576,0.012020560650439794,-0.01321332175101704,0.07586231694444742,-0.02220849834886839,0.0006039171047843089,0,0.8005492684842641
57982,0.1649343268638949,0.0384437136697614,-0.0016228208452924934,0.04067478364831718,-0.1278912171452593,0.0597858661028911,0.012859719965499745,0.024453703162368973,-0.10097353188913652,0.03822392139466852,0.026366319472404632,0.028946858464915338,0.02776374322452433,-0.00852890265344881,0.015731193086274187,-0.002869266094644175,0.08189448902497701,-0.038303428052728926,-0.0007406055393527281,0,0.8410084103003602
58018,0.14131173349634168,0.038003322290539036,-0.0048308601076353505,0.02840894409090492,-0.13427558549027374,0.06768579962677211,0.006791253915064099,0.013087385250313305,-0.11068600629426477,0.01900297842545887,0.03176801474190544,0.008001519888487777,0.02463092541564205,0.009064878252413217,0.004893872552854397,-0.00716149621548457,0.06311042244125475,-0.012194770977369764,-0.017337739355153314,1,0.7422475088281332
58041,0.1379344883039912,0.04787884142478103,0.007783215446896809,0.02696978964350208,-0.15560397837354245,0.07470821406040355,0.0023009368621037083,0.018080121113475896,-0.10790004283395799,0.0385577832459595,0.02568038664585952,0.007510229064080134,0.029666065956733,0.014471508289680652,0.014023884330053695,0.004171229496293197,0.07000815772596812,-0.02259269344268707,-0.0015339756073589868,1,0.8073755418673286
58073,0.1434245308052086,0.046538697463390725,-0.020356147839898777,0.02258279162426111,-0.11740056962375442,0.07528934121081834,0.0016288149236998325,0.015927969560027413,-0.1034530264903164,0.05292668306286722,0.02114483873308632,0.02443412851319056,0.038439840722213535,0.011708328332123978,0.03079438717178345,0.019901113902132048,0.07525525888309831,-0.02608607836715982,-0.0008177119902249479,1,0.8481102592192558
58097,0.14258537593676407,0.034968811794923824,0.007411863482905533,0.019138367081156092,-0.148977044671143,0.06478016501400471,0.001053235212825048,0.038830323680617417,-0.1116888595259099,0.03675732397568222,0.018566625043160003,0.0041079788231561404,0.037057994126219004,0.019514062420501403,0.007437543082883915,0.002318664941886135,0.07210369534143073,-0.01392674686583223,-0.012981794716171224,1,0.7942064757371726
58131,0.12630243346435502,0.04679614601589266,-0.0066595441940971506,0.030395804397975165,-0.1480197537771837,0.07080316146738726,-0.007035198653397214,0.024704566288263334,-0.09757062599621957,0.05320074608933982,0.0232180321401209,0.012163310877181383,0.022273318669901128,0.009281826362412154,-0.001333108933866674,-0.012009001229701725,0.09190054509465267,-0.016322172287098147,0.0011080729149995237,1,0.8010973688540453
58202,0.14663826302540178,0.039870866896677404,0.0007948962021090808,0.02346332888087147,-0.12978793557196822,0.05458281915254314,0.004282120058033173,0.01926420844156121,-0.09537730181146936,0.024222548029676647,0.022009669308571393,0.013477085854113918,0.025354841531091254,0.00683371758497561,0.009430702128138693,-0.00048120053566552505,0.05301343009378005,-0.02422950081900868,0.007199038265798888,0,0.7003134741914555
58216,0.1540464813746823,0.03492537920948489,-0.004868794323302369,0.0363246105233893,-0.13630710892427972,0.05866683641278944,0.00819448702024135,0.02749888268777728,-0.09291505737725607,0.030013450483168728,0.03063548274817865,0.013813916351322625,0.027070436839703373,0.019839236701098235,-0.0009509117717191184,-0.009821052640789365,0.07588505882139383,-0.010423252370832225,-0.007981305472854383,0,0.7801817420542633
58272,0.1447496653854795,0.045815901154153627,-0.008391297934079346,0.021807838222653832,-0.13984642082296314,0.0627108749434093,-0.006982361134043271,0.018307640491782094,-0.10376759766527523,0.029867814298578096,0.017726579447556737,0.02250873747260094,0.044701444935888644,0.007344432411409695,0.0210201079087493,-0.001513264170684033,0.07713013402493907,-0.010333642196409698,-0.011250942571944825,0,0.7957766971926004
58326,0.14200863605748945,0.03195063887534926,-0.0020554222365754076,0.02340057919241159,-0.14258863685032336,0.04776863868581553,0.0032095863270452467,0.00901840346334881,-0.0899466513365977,0.03931264275538762,0.02700738146230811,0.010414924400055058,0.03500842651827524,0.013707559656866824,-0.00020479685705525772,-0.004221713991570701,0.08583763355042075,-0.014098611418326872,-0.009012155773027622,1,0.7307730394082504
58522,0.13585950839315625,0.02681247451849782,-0.019015769760496067,0.03868005455463701,-0.14295472191485956,0.05559458665314366,0.001802981134396364,0.03361982355105828,-0.09277707340902346,0.037744393983767714,0.049531591880046744,0.001277452678680911,0.026439659717888534,0.006216406141569813,0.015117409458784906,-0.007565928764596142,0.07214222929939046,-0.033805187994851424,-0.015722797842393253,0,0.8126800516512384
58556,0.13980229058838853,0.021400022713577167,-0.0012935530498255168,0.037964483075268146,-0.14877996106115093,0.06749671457071818,0.004301645958289476,0.03181369269424286,-0.10830097821690628,0.033183719880953734,0.03375292158931,0.03523559423581164,0.03649887537476936,0.019567135041429068,0.011747622418116685,-0.0010068481924625954,0.09046155858906224,-0.019776810366478135,0.015744003269158164,0,0.8581284308859187
58625,0.13236325350081884,0.03426427674238865,-0.003826227937212249,0.01645005004969093,-0.1455854506355262,0.0566808761672509,-0.010335949070605,0.033795014734545055,-0.09806304558830375,0.03304023627078466,0.03342972085970886,0.012137435713908238,0.03660900982318981,0.007109304612871953,0.008643218199116853,-0.003445598653265605,0.08629733303799722,-0.026980287619870324,0.004904596534460753,1,0.7839608857515159
58738,0.1436524323502205,0.0444925728001662,0.0025098233142172807,0.02876007980789398,-0.1413517632818284,0.06492274277849011,-0.011481605781429248,0.029471406181303172,-0.09810201177706467,0.032871223214589594,0.012787216371507811,0.02770585176258601,0.03754547435712849,0.007853964909391546,0.019970507474678167,-0.007596974830457194,0.08799537953822271,-0.024303261923825672,0.0009687135018783649,0,0.8243430059568791
58843,0.1413290523240846,0.04287651273840346,-0.006820790866622934,0.02747942163122361,-0.14342051734264397,0.056687173721889396,0.011059457954296931,0.02166688532896238,-0.1065117973249935,0.024856294352396537,0.025675577060462383,0.012976355465521219,0.020130766978076087,0.0025326324143167436,0.0011409339485729292,-0.0062045906530638125,0.08185975002977611,-0.026706934827894435,-0.002595096805424706,0,0.7625305417686258
58931,0.13209855414943555,0.04517648950637585,-0.008415640843425682,0.032959939841763264,-0.12575677482435477,0.06399222546982873,-0.016265789311084945,0.0069131055980698195,-0.09519754724217554,0.03873252093563559,0.046067928428403404,0.010828115380396349,0.031056484977236083,0.00336162212798825,-0.005641617829592095,-0.0032314626313549805,0.07225338962581762,-0.016917357450840057,-0.0022666588614514305,0,0.7571332250352301
59031,0.13776026856898066,0.032757043753060856,-0.0074922369335065535,0.029384961534362753,-0.1444532914576836,0.05965792192352841,-0.004543748489803781,0.01725208319364164,-0.10671634999289009,0.03998189851522694,0.03779559951469445,0.02234649600411778,0.02777384701989646,0.012209288626096796,0.011896795320567465,-0.025932179723939342,0.07281920345878479,-0.029911778538081232,0.002797483212141512,0,0.8234824757810051
59057,0.13350123790552185,0.03443511354412531,-0.0011187660176854774,0.0388363947122608,-0.13808492510912448,0.059656347452407193,0.009165540794825478,0.033171746719230066,-0.10209259445113954,0.034856564749852,0.0296709313532017,0.02118026177154153,0.0435060475919123,0.01272539407055766,0.009207340787778096,-0.011104533695427233,0.07194182711796215,-0.008378620763154009,-0.011126760557230136,0,0.803760949164937
59063,0.1389728004742482,0.035646478856671486,0.0002617249307547539,0.0358190795601877,-0.15844039058113155,0.06941256537281379,-0.012774575190645487,0.027374620135233414,-0.10679202934155337,0.03755467106406369,0.02654346752687693,0.02142737256748314,0.04164217908381632,0.008793719195661067,0.002162716158124753,0.0032899986977592845,0.06325752944304762,-0.0033262650295656834,-0.002805861737218448,1,0.7962980449468566
59095,0.1430303020761767,0.04228486500995578,0.004110046778888853,0.03806625564005059,-0.13640664753375129,0.05499113794340699,-0.005823174017887078,0.03267595586906791,-0.09993550943910284,0.03035361049645539,0.022811148156291764,0.01688360629413087,0.03733130530867292,0.004941662482765901,0.006531983522494001,-9.379037407336901e-05,0.07787164961283931,-0.024807373484961287,-0.017208531792241955,1,0.7961585558332148
59100,0.1419936278553997,0.03743745110210147,0.001699544767916928,0.03590792793621685,-0.1435874899782001,0.05860415548842494,0.01634394550398539,0.010271006027191118,-0.10983870302792607,0.033687558474104665,0.013454831148130383,0.01957158101275088,0.03800171848871549,0.004317016038104862,0.0045167618066657535,0.0019054910333453133,0.08079369048038477,-0.009193611974425711,-0.00241099451363533,1,0.7635371066576258
59169,0.14887043335871403,0.05054462033270721,0.0034385237953304757,0.024605615729138643,-0.14565251205853283,0.0711985089236477,-0.01014356977391912,0.02549082726626032,-0.10471359491800575,0.02962321839283171,0.04242247327906014,0.026334067058680695,0.041456585974862376,0.005375287861031403,0.0072851267665464585,-0.0035883938470480485,0.07189829565669882,-0.020078775281295296,-0.0013566449092182,0,0.8340770751835292
59179,0.13489824257757674,0.04671813597834581,-0.010432381120633695,0.029341770773959525,-0.1473132681820367,0.06148078990039132,0.012806090225858316,0.02056387447650718,-0.12620183664888132,0.04311913034027381,0.02320028195642925,0.008145725125519712,0.04841227935188906,0.00016032351078831537,0.004863624036410311,0.0025382790105820813,0.07436796698241495,-0.01512050097683182,-0.012349362042328312,0,0.8220338632176583
59283,0.1586383361131754,0.046504987691455904,-0.01028484523983641,0.029266802902913853,-0.15116092822959995,0.06314178935663066,0.0008195479318371703,0.029219218185796664,-0.08980137300161778,0.031531270421573714,0.024775407377513638,0.018977036883791498,0.03540466943257874,0.003328963653930358,0.01499558255184641,-0.013192048294524555,0.07655953991685492,-0.020004079927591196,-0.013791550279243054,0,0.8313979773923119
59356,0.15274405623411427,0.04309911269952552,-0.000991863574697213,0.030783971840163245,-0.1433819877660222,0.07005183988473108,-0.0031516896557268158,0.028036612286779092,-0.08676807069520809,0.057064460061689116,0.031457436434137585,0.010546844472493431,0.03839692038302719,0.01243000900833952,-0.0023411255638400466,-0.005454451151108924,0.07632210599563904,-0.007718756201928868,-0.009888931568936533,0,0.8106302454781078
59405,0.13719858546629238,0.04458246934550772,-0.009262703262887426,0.044085525693895844,-0.12885976928807208,0.0591429407004034,0.0005113932660990601,0.009179361646679575,-0.09612407735112849,0.03756066921766077,0.034081050143416475,0.01855936176700668,0.03405442265323111,0.0020564583407194827,-9.446687833095121e-05,-0.006205645960668101,0.07022508013809166,-0.01997762478633818,-0.01211475242965887,0,0.7638763583360882
59530,0.1474471911100553,0.06016691733661349,0.0023214718991927926,0.028792409486225745,-0.1630171870161208,0.05776718210604162,0.006372982923498085,0.025641999378876765,-0.08580491721812124,0.05000336861337438,0.01855120275813451,0.016147110076668494,0.03201053360641557,0.019153397401056982,0.0030491087139090755,-0.0037246840213382027,0.08431095290136104,-0.026044256317871807,-0.010866510500826083,1,0.8411933833857019
59543,0.1504908827825926,0.038215722702284335,-0.010689320985348158,0.019830937783942595,-0.14589995891149243,0.055053976463977916,0.00617331696857921,0.016089306522618294,-0.09546497850847549,0.027267316500283866,0.029235773107979337,0.0076993705244229335,0.03908503830519435,0.003291854100670133,0.0007170566410024007,-0.00657966738441363,0.08519352218940264,-0.018989123007600483,-0.011892040965519681,0,0.7678591643558005
59614,0.1404097904588945,0.04330058393879522,0.007049078844818,0.02258450325159809,-0.13927593172097696,0.050222304878119566,0.015493201222948264,0.005786281273303074,-0.09582641916973632,0.02611274566755131,0.01712246948903778,0.027580760436880007,0.04170081108556234,0.007377643958042964,-0.00107082825223393,-0.022175635333133693,0.07790782749890796,-0.023015789254333188,-0.012575903694870601,0,0.7765885094297438
59701,0.1530706865967453,0.047660992838295085,-0.0015264203349022044,0.043372877406909045,-0.14340186333605376,0.05244149543535801,-0.007086385100138814,0.03229370296060391,-0.1071369380037611,0.04131295278257284,0.030716505750382605,0.010706677100657766,0.029924188253625333,0.023869852060726556,0.014370839045736208,-0.0178207305943497,0.09029270296691766,-0.031086816365079973,-0.018286038689073608,0,0.8963786656218895
59734,0.14581102112430694,0.029847249859035037,0.0032253985359781434,0.024160326894139668,-0.14218105471212888,0.07071967181740961,-0.007019686849921356,0.01361688618900575,-0.10973427006811877,0.01424507306873835,0.02243786217476735,0.01490651315870783,0.042946581812344696,0.016676132278476752,0.009445724263987581,0.004969446105792904,0.07662354828922321,-0.019943333322382923,-0.005574843246012288,1,0.774084623770478
59871,0.13007157523858917,0.035402913555637634,0.007984938887842583,0.021541421357561097,-0.1385265875251628,0.042943235694906774,-0.0022182287023719558,0.02081701982709025,-0.1021951838977816,0.0357952550684729,0.051648389031455515,0.012612679588883664,0.03998702667046119,0.029582044349625716,0.014355789315603697,0.009260932552419013,0.07861145778098091,-0.020349795853956534,-0.008771354049067828,0,0.8026758289478708
59961,0.139126101927043,0.047953781887933346,0.002200806570131032,0.03180395269305481,-0.15219963214722573,0.06446023064648969,-0.00697788570363848,0.029176752061975716,-0.10346750213455966,0.037978001503810484,0.011902678323745666,0.02376756021423584,0.027095333996142407,0.0068951516707721995,0.0023218155793312935,-0.008990412354307543,0.0712629543531176,-0.006275597589223709,-0.00206965565754014,0,0.7759258070142784
60145,0.13852995479421207,0.05459197892772275,-0.01756327717745231,0.023446319654547035,-0.13596536461363298,0.077360450342244,-0.006345460706957089,0.014677923736587998,-0.09800885861942837,0.04294104920370833,0.011243031434087428,0.014893022024605638,0.04060198042253128,0.018666343737178487,0.022256911206194743,6.40549747388904e-05,0.08576965415806344,-0.03193251028370736,-0.00992494725480846,0,0.8447830932724086
60179,0.14421854317873908,0.046294704557664684,-0.005795824313023532,0.03264253610115408,-0.11875777969897841,0.063883681861195,0.0025321044256720565,0.01793518009139927,-0.12049478960428019,0.03058143140932322,0.03558972551341246,0.011791925864650112,0.03978809473152631,-0.007115149477903119,0.016935114535517347,-0.007339387035059722,0.08612245966202897,-0.01893041444823975,0.0018725187930521713,0,0.8086213653028195
60217,0.1503155715601975,0.03963996480081632,0.006770600600390448,0.034794334518391826,-0.1533160888148945,0.06420689364629888,-0.007374535876437257,0.023175560962229575,-0.08784028480109644,0.03272106788212308,0.009330252560629604,0.016858007288597633,0.033760305088977996,0.007821091707506857,0.006754803037249015,-0.02097099163562615,0.06698875170799555,-0.012813139647843924,-0.008238384500440215,1,0.7836906306377428
60233,0.1415686840615983,0.04232717083772964,0.008238051011005354,0.027464011632303567,-0.1493606644807747,0.06537221856425113,0.0037677525978280875,0.023495934514004793,-0.09464476818854516,0.039770597239946075,0.025140511539537093,0.01804281851643936,0.03743994576216367,0.008486633976089489,0.015207831021189678,-0.032499163127098954,0.07423721086795451,-0.022751343854943214,-0.006857224937850999,0,0.8366725367312537
60306,0.1452506241647716,0.041725676590538205,0.0024893513829414484,0.03161349392940921,-0.15698907573215362,0.0554662206071427,-0.0030077109694675863,0.016087357123293813,-0.09920898820614191,0.031220927207152915,0.010858253345427752,0.017239671177380775,0.03343578894239265,0.013165823021440969,-0.003853404062836575,-0.024725364813139885,0.07378874923929438,-0.013809179900642485,-0.0049386676362685785,1,0.7788743280518371
60334,0.14394921895841112,0.043216140150244595,-0.014597021575647323,0.027019538470088648,-0.14376422533452496,0.06120238672518192,-0.0017542024646507903,0.03185284806150249,-0.09868651578728341,0.028137933570550736,0.014023444178544698,0.032081976158793914,0.04832744157488836,0.00556751231688173,0.012360352616224759,-0.010592531996347363,0.07643711823804737,-0.03730624977565835,-0.012124736495382562,0,0.8430013944488551
60404,0.14785257076958092,0.044187591346111534,-0.011869104866625329,0.030515127109235533,-0.12649228307000682,0.056519978307838246,-0.002474801522615273,0.023736919777639157,-0.09686930989940865,0.0354615788470723,0.029759900331213344,0.02301950453003516,0.04128281264286495,0.003198492191678168,0.0016001505900581604,-0.00922165673964914,0.07734564334590079,-0.015225269685224795,-0.01026035651486998,1,0.7868930520876283
60567,0.1463164620939097,0.029342922348453825,-0.020448296998217024,0.040062243492402845,-0.1348512194121206,0.03706771759689472,-0.008052959068450632,0.012775691480469436,-0.09061045919032822,0.0280492522127445,0.02843720529779578,0.01288435057654918,0.03838863363766631,-0.0015784951702207549,0.006760799879697611,-0.014378921146062247,0.07661939123459774,-0.022155352444713186,0.011409487323937748,0,0.7601898606052321
60640,0.14018539990652992,0.0455705708347288,-0.015068531045751796,0.02638856905958101,-0.13446825402885246,0.056712670351323366,0.01277618283753812,0.02888144250379012,-0.10804493622980461,0.03746147939889621,0.022781243071830853,0.027284621058181528,0.05026146832868784,-0.0035722780348453353,-0.002810095926817783,0.0017814273712473436,0.07462902104978304,-0.021309985248910597,-0.016001217734508227,0,0.825989394021609
60648,0.13645389527876842,0.05497277864079048,0.001582817236523605,0.03634755071350372,-0.1392162391320587,0.07205673772063997,0.00303434986071764,0.026093327701919966,-0.11288916687241261,0.03581006422108357,0.004482012742334826,0.024375230037362715,0.030801419740453417,0.02137155100092134,-0.007432902860186484,-0.008050397063723437,0.08335008319375498,-0.024321690544703338,-0.013330121783888172,1,0.8359723363457474
60782,0.12274354755980159,0.04703203702752349,-0.011098398031715542,0.018526402259386118,-0.1455148665759211,0.06860121522500857,-0.004149861557080388,0.02638425686574647,-0.09838677449463917,0.030365196248398105,0.023344299783778485,0.023862718495899046,0.04990228684887555,0.014719101208924166,0.014128651642400908,-0.016398368788361088,0.08157184903816138,-0.03466582061199562,-0.01782157522366458,0,0.8492172274872813
60993,0.13746614181154906,0.03938831338394754,0.011913284270211107,0.031715346872300154,-0.143147030854343,0.05343473098217704,0.0072784204220521734,0.02705651407579848,-0.08745323738194195,0.028596932224826576,0.01508917223910371,0.010152971174942961,0.03324516232829487,0.0019941180295081113,0.01567463555467991,0.013768880607264045,0.0785295602551609,-0.023257816584398707,-0.01574962384761375,0,0.7749118929001141
61042,0.13994114122098048,0.041650340661474404,0.010781605199682798,0.031520666879978995,-0.12922503773211708,0.07534302003303052,-0.001527174014892292,0.02697784724782484,-0.11579664976716092,0.02080109008821132,0.02067401215433749,0.025419139708291495,0.03590052999330123,0.02016165831575072,0.0032828972013761114,-0.0116172163746033,0.08125430176672137,-0.021710839167878495,-0.007248503027503929,0,0.8208336705551178
61155,0.1269399576988086,0.04946243951428442,-0.01746439753312761,0.026852434340173342,-0.1363596086021288,0.06980189275306169,-0.004701470616349822,0.028800242641595065,-0.104870034405689,0.03151572183571083,0.02323278775547328,0.016867114213398638,0.0331870313567071,-0.002919594435603837,0.013363075438456468,-0.010143733402068613,0.08160409239319191,-0.02781741973504906,-0.015256610042472354,0,0.8211596587133504
61178,0.13688042170918652,0.0490030366147062,-0.007263794485930011,0.041997402846344525,-0.13339473410221173,0.05429084402554027,0.006244781089881446,0.014093068129016423,-0.10382534499424033,0.037778558130750706,0.026305642476829788,0.005312325158894525,0.018753460507645755,0.012373972383425264,-0.001107802635883096,-0.006634345886527628,0.07385600774655506,0.00494121165799435,-0.01823559739489324,0,0.7522923519764568
61238,0.1562407855923035,0.03904181879338052,-0.01201985235715509,0.031116923587427247,-0.1463644544487796,0.053681782561593165,-0.012051606365767738,0.035870695032235764,-0.09973801986381037,0.036308349788911766,0.008308731774942117,0.016621121188208285,0.03612949167852762,0.012016302391937989,0.015765885066939808,-0.011694083440213051,0.07853101848673875,-0.014077204378890495,-0.016978192585822262,0,0.8325563193835851
61278,0.13630181088155233,0.04849449592852152,-0.006120773946031549,0.05148296294237635,-0.15460580534612223,0.04761328841044319,-0.003670442198230813,0.021257459537664874,-0.10498054435781072,0.015765296490008972,0.01048526365555594,0.030671830307281198,0.04083345562703376,0.00010819730970853052,0.00983555065358577,-0.0039512047449491525,0.06182628792500858,-0.013415132021128843,-0.006799066743781212,0,0.7682188690267955
61283,0.1332057697152404,0.039641640535901995,0.0019583610498883864,0.045041653824091955,-0.15304849784794228,0.050822838942358166,0.00628207151325113,0.03289131587315012,-0.0935697238516084,0.02906845455184324,0.01834884039699091,0.011428260851529056,0.028906846047457493,0.014148127349628286,0.016489686617283325,0.009564203840525736,0.0729215186914821,-0.012210691696995535,-0.0068226975410147425,0,0.7763712007381832
61295,0.13120393600321736,0.04635642874913493,-0.0154316261984696,0.03050509933439494,-0.13848246799574426,0.06569650121799536,0.008840292888157021,0.019156238478222957,-0.10912978071180086,0.036378330206720336,0.027964046789598476,0.020945495944065848,0.035093807817702126,0.01903521010860903,0.006794122948411851,-0.011706308849516468,0.07389724414333651,-0.010370344842296689,0.0064924498887531275,1,0.8134797331161477
61299,0.14727303198453423,0.03803982973798916,0.004122886936165998,0.03410876749970196,-0.16422470920419,0.05067957362427145,0.00888569028463158,0.024589377354282543,-0.08244662454389601,0.035517225712050744,0.03913491678782876,0.016074223977866463,0.017883480085007668,0.004930425641161569,0.004870839927209196,-0.00991562978971598,0.09283362239903363,-0.0045244204326718145,-0.003347682899293574,0,0.7834029588215023
61361,0.13882886641675268,0.04841823226529431,-0.009182443521444698,0.03284877481758217,-0.1541796905111832,0.06354615860037628,0.006673267075201777,0.029407946430470837,-0.08885822175680602,0.024799501347358727,0.023080548084129262,0.02357961595881787,0.034520246632376086,0.0035767668122914536,0.0077210701925962775,-0.009007736561406276,0.09825223409791362,-0.018117418599442558,-0.011216064526878695,0,0.8258148042083228
61381,0.13741404770720675,0.03434821010948024,-0.004328664912767777,0.036611767461106594,-0.14207908723965337,0.07236891788452797,-0.0022484522830220222,0.012304095562171683,-0.09706079598744713,0.03360907815630533,0.0444088966637771,0.016459426692293094,0.04596745596699522,0.010190238314929578,-0.01819015969823044,-0.008858724613353712,0.09790912554648615,-0.02104026196447436,-0.019482842189592717,0,0.8548802489538212
61390,0.1200133416806368,0.044204622281719036,0.005923689330329196,0.021692123075748852,-0.14134431809576037,0.057110089418422154,0.003871597321311103,0.03235071146312286,-0.10703632722272748,0.026923000018756454,0.008969052646694916,0.024721197492350203,0.03175545783834135,0.011348541663108563,0.006962525567092354,-0.007294162613673919,0.08183347320221487,-0.017313668684134687,-0.018319923237227444,0,0.7689878228533726
61492,0.15156694061117282,0.05244772444517465,-0.0038265842847786734,0.03493193528893485,-0.13679562576486712,0.04710506836565095,0.007643021625481851,0.0193755089801421,-0.09464455002213497,0.03534075865312938,0.021470654309511603,0.012362288395831743,0.040174741449892803,0.0029934167845984826,0.01140086622481149,-0.015192140473833464,0.086861230745398,-0.018645371828735068,-0.014893859196702441,0,0.8076722874507825
61566,0.15059214686312622,0.04313992330447917,-0.004020674324394793,0.030908708974484504,-0.16310975034922384,0.051030756596021194,0.008511005535773579,0.031200759482138525,-0.08708858893161821,0.02964543019949879,0.014678144923811325,0.014641212618292973,0.024997731983620836,-0.007264266304580077,0.0002857707667335981,-9.315805268771087e-05,0.0858995302524673,-0.028828221742730628,0.005499299465071959,0,0.7814350806707552
61582,0.14698090689155568,0.05323112409316243,0.0036016450376502363,0.03623588940555628,-0.1441476433924474,0.05321907132423801,-0.006819752801154013,0.022837361412462013,-0.11454371833420406,0.024628075350401707,0.023072105433378245,0.012580316312186533,0.041157273662067034,0.013594364109614733,0.0045090284417161975,-0.002414889802303561,0.08494222595974062,-0.0135198313453425,-0.0102815489056736,1,0.8123167720148549
61589,0.14263458083885827,0.02971601606448907,-0.020634829646860035,0.033283805036355474,-0.14262576002849256,0.06592867781562019,0.0002660061636768676,0.023036314476710167,-0.10651572386524343,0.033514856824919254,0.020485623163677052,0.02610697818597075,0.030885762589353032,0.001797905925454679,0.0007867117564661432,-0.014311146191731457,0.07998668163350316,-0.017939423894354142,-0.015423872872264386,0,0.8058806769740001
61635,0.15794833179108264,0.04412010406123559,0.004378141697294729,0.0402580566752436,-0.14103235819318957,0.04617699294802047,0.00689330307446951,0.024210393315078946,-0.10801300997138068,0.015279184299003039,0.029709299542855082,0.02016982243293699,0.01596117412754815,-0.0018348941549598409,0.007002304772637918,-0.01841395978874735,0.07585976359355308,-0.028096796937152037,-0.01391582372110021,1,0.7992737150974895
61673,0.13844535214849224,0.04605147317750757,0.012041911302392506,0.024004175822971263,-0.15454203705183686,0.06387504291077217,-0.0057348042081519805,0.01714945479394652,-0.10347045081806859,0.037290251733755476,0.0359673954267926,0.024648511977283575,0.040311026624725216,0.003690155744275446,0.005472675436664839,-0.0007179960492351406,0.07291854927380638,-0.030375755849495943,-0.005298300739073001,0,0.8220053210892473
61686,0.13970220666017977,0.0668853151563469,-0.005340618474235801,0.029080407978632827,-0.1460626149813655,0.06276635867942039,0.006056143342081429,0.029063122092096022,-0.11881213102412788,0.0427171196217462,0.04089250939548722,0.03111025100056298,0.0344053484806948,0.002213959315896383,0.012089513157346639,0.001996242589229188,0.08462850733302028,-0.04110800280763978,-0.010170816934728655,0,0.9051011890248386
61698,0.1430124518043913,0.04612235664732177,-0.005821795426658175,0.03053844791482797,-0.14996804343004774,0.05581150609560355,-0.007504513551118112,0.03157484014802113,-0.10422164058761674,0.029669788831481025,0.03508325524162925,0.02079547778834811,0.031091926483200857,0.003777694413500948,0.009905878049592677,0.007280660852587654,0.07330860847940712,-0.022614029769647447,-0.020131454544175236,0,0.8282343700591768
61735,0.13082266248920263,0.03224148988429312,-0.016248582033206872,0.0390143171100731,-0.13244044360760548,0.07789776194597961,0.00791086532945445,0.027470632328886753,-0.09549603175011534,0.02320929921131728,0.03417512377799145,0.026861840407727208,0.0444438255232852,0.017026896539312834,0.0032676123064705204,-0.013887413928981011,0.07877609396779317,-0.022117390751643144,-0.01419535654206428,0,0.8375036394354035
61751,0.13816612830829922,0.061350881558610085,0.007527962462885893,0.030591307791369936,-0.13988061697448828,0.06080416942819786,0.006500828724103479,0.02277376665908614,-0.08995582065904102,0.03565605350927476,0.029525028691655436,0.023389362302345066,0.03066314019016899,-0.0012861312347942717,0.0077777625422414814,-0.0025699506687352387,0.06881480633607541,-0.013786274028027885,-0.018346371695458125,0,0.7893663637648586
61872,0.1268905122694862,0.04145512846448954,-0.007106219564495391,0.03461746803679823,-0.1370749144765664,0.06871737704462463,-0.0013420394802534878,0.026901091205721525,-0.08495096429074031,0.04118963779487373,0.0204371252398122,0.01966431367238853,0.02950275100067472,0.0018331929944908978,0.009672017175491609,-0.017924950583532807,0.08824169611053401,-0.009138055480429366,0.0034847932559179456,0,0.7701442481413215
61994,0.15971072352063162,0.047134338733048196,-0.0015453851936270625,0.02373935969586631,-0.14195284088927085,0.06771830718666087,2.531000044306316e-07,0.031348934182507435,-0.12286580670188768,0.03521285685895596,0.01827037880778362,0.02389561751920117,0.0241718901445849,0.0019226588823316065,0.003869546222473471,-0.006412256931107097,0.08805125190906714,-0.021671626896907062,-0.010270745571036336,1,0.8297647789469528
62279,0.14283429644649215,0.05947904141340099,-0.005992755307164365,0.03465889020391631,-0.14302757029654772,0.06099170064747091,-0.008356342450076671,0.023905891106995234,-0.09861582187694587,0.03822789476076995,0.04341418899891942,0.014740562299254358,0.04098688865561982,0.0014604013945561467,0.000133170984828052,-0.01876906365726574,0.07477756733678449,-0.025013152548892244,-0.007515887495546237,0,0.8429010878814467
62281,0.15040682528659693,0.04876485163535232,0.003948141243081157,0.03258674342079575,-0.13888648314443947,0.06714916420036314,0.00791901255542453,0.025436846022643646,-0.09124801247697713,0.06109897814267441,0.016407191454310757,0.014278767995315262,0.02904371673546032,-0.0026152987248574794,0.006634105777853865,0.003241258488693303,0.0752270831527005,-0.019131899432645167,-0.02517279045324989,1,0.819197170343435
62287,0.1325276634667797,0.0364739420053132,-0.00028920138052613653,0.041408960512953875,-0.14318877456905793,0.05776465649923101,0.0015015422380872479,0.012885120244796973,-0.09574638978541053,0.03912900756150166,0.03504066583242365,0.01422654747499494,0.03904894108821155,0.018027598713939094,-0.005310131503527124,0.0033830582416801273,0.07687193256909876,-0.028654328710539922,-0.010746011377770275,1,0.7922244737758437
62292,0.13193922233985983,0.03877763939407864,0.006212342057930947,0.02344757665209009,-0.16210419201658127,0.05499589732384035,0.007084873286091174,0.018908655612982873,-0.09760473135040218,0.040512359457392365,0.03455374857527043,0.020921068212563912,0.04812575409237096,0.024022963260453348,0.005350782121735032,-0.008568304387188802,0.09334475172965374,-0.021758509173118803,-0.011117037298933097,0,0.8493504083425378
62323,0.141089910054123,0.06782326043046003,0.0015136951058390398,0.020047457854227964,-0.13791331145701496,0.051060656460955166,-0.013172168997917552,0.011764265384266488,-0.09390554471980093,0.021286356761281173,0.02285726573373062,0.011973334627800912,0.03707021264166433,0.02449960222387675,-0.001126090052775037,0.004327252683629134,0.0802705163499877,-0.02261583766223497,-0.012555619267499254,0,0.776872358469085
62341,0.14361332670329033,0.03253609457177703,-0.01122335330811927,0.0301942696210432,-0.14510255528341606,0.0680918765568603,0.01583602338755014,0.02551961450399877,-0.0993534302383929,0.03995541744236846,0.026110157326298462,0.012273516425174994,0.024548207834477156,0.011177050841994739,0.019090542350282475,-0.006635523388211498,0.08564783997176703,-0.021588314699807053,-0.002781823843764016,0,0.8212789382985939
62358,0.15910047448758438,0.06238436006296155,0.002776351456881265,0.02447667660143615,-0.14751074511973053,0.05824511594252358,-0.009550388253133578,0.02417471429161015,-0.10563795121425046,0.04304028939506004,0.019583608746317555,0.023142704871971332,0.03760778898020389,0.038909177836603415,0.0003651901770626649,-0.019798871130415736,0.08836216765782934,-0.02377305852982252,-0.0020032495952191707,1,0.8904428843506174
62407,0.1360362430193667,0.041259209201134184,-0.011830379546324984,0.03625769786867734,-0.13346402153085238,0.06931119196247362,0.008695300575138943,0.02229453050904215,-0.09303489172762854,0.01760963357833709,0.02638410898247642,0.0186250666976479,0.027104194700375,0.006100637752637539,0.01048199460946074,-0.01052748361255212,0.08008110638528437,-0.024697204264874175,-0.001257288662061842,0,0.775052185186346
62410,0.14828240227236636,0.03948338736342861,0.0026253309435388572,0.03080941951701063,-0.11990652921510904,0.06954161804826373,0.00041058248486085626,0.015679362028711816,-0.09803928695550451,0.026998466418760882,0.03539486639543815,0.018887242227335656,0.04544592565920088,0.008413302835695342,0.015347643358988677,0.001713948074119563,0.07724759436658357,-0.0033285722497372605,-0.006415181494038869,0,0.7639706619086932
62413,0.15054930001602834,0.046151707611369545,0.011244243566190469,0.0226066423019449,-0.13715257842816436,0.06679653008053396,-0.014293002301478572,0.018953594279133183,-0.10431693053355627,0.016613528129549072,0.020953963044744443,0.014972389673360611,0.03637486182677195,0.015358950806525284,0.014652547633657084,-0.007322574321284344,0.07843794555003789,-0.007721779077163412,-0.013124249979085293,1,0.797597319160579
62452,0.13455567853912065,0.04689143166333701,-0.0037142009178070053,0.0253024602019405,-0.13171205723038198,0.059689643387842474,0.014438281181801328,0.015124368242753549,-0.09918502366386911,0.041681422699671136,0.024164549775407457,0.024341099862099383,0.03226831979699382,0.016683560088962067,0.0013309261880384065,-0.006547881783723236,0.08477345898954912,-0.018058266004005313,-0.016424181630269815,0,0.7968868118475734
62596,0.1354655296890973,0.04467938749289795,-0.019251214312798696,0.031094951536640734,-0.1449165487248792,0.0588982403509378,-0.0027905602501465307,0.022185004071558025,-0.09739710203294093,0.011655764607890251,0.026057113709713,0.025399606638287005,0.03474983360083016,0.014035567929343302,-0.0020700776532547953,-0.012939529431296308,0.08266448200756916,-0.02824028550648244,0.003846555541331682,0,0.7983373550878953
62655,0.15340713909050635,0.03581603614052425,-0.004149719339271336,0.04134613075713548,-0.1573999309658566,0.06963170755089729,0.0066783308404328055,0.02292678143514843,-0.10308113402413312,0.02167535069576858,0.016978179207169628,0.022647895371386326,0.031094942811231166,-0.005710363058064502,0.011006361087454059,-0.017250019026834013,0.05977284162291372,-0.005797100273131784,-0.021031796443655416,1,0.8074017597415148
62802,0.142965601068054,0.052733035706509425,-0.022241729946411545,0.04941837979360353,-0.1586155783491582,0.05820270311787277,0.0022445647341624007,0.012474398673433992,-0.10291968506356254,0.04469141661246603,0.023775919368686265,0.013983354075832895,0.03509050212375411,0.012967994395556301,0.010906521062984734,0.00512934575318676,0.06750196235950916,-0.01566903592692372,-0.04063039922867298,1,0.8721621273603414
62826,0.13682874055152547,0.03108068955801778,0.0024764476669132313,0.02996349051698658,-0.14593723618805993,0.06867442783415836,-0.014805794692123318,0.012988400049153944,-0.0798077975597831,0.04494122997186275,0.01399398751578928,0.01056341912311973,0.030773801446709874,0.018262939127045533,0.011329889924436665,-0.0013632655500357012,0.08107485542825225,-0.015395923712943406,-0.007350457522998236,1,0.7576127939399151
62927,0.13499094375111104,0.05252656767953068,0.0068259377111112495,0.017640403026099146,-0.14956407146031275,0.06172183124265672,-0.0040624520299577535,-0.0014639238934639723,-0.10030361141562466,0.039938581209485124,0.021645831108793947,0.01795873194112857,0.033623708178874716,0.01784553963820373,0.010737988894951866,0.004047470369279795,0.09078680115532675,-0.027309956880693355,-0.009825395081270168,0,0.802819746667876
63062,0.12364990086025066,0.04161177560956059,0.010690947181902801,0.03561960152285147,-0.14313183518172823,0.04555925055995582,-0.0022595822296918528,0.024239830775149792,-0.09809753464023346,0.054762143246831214,0.0224181445825327,0.01995589528692512,0.0316034764496672,0.009847922215661968,-0.006563253918450533,-0.0010703239160440932,0.0632566654185707,-0.016855116369826405,0.006992282232287484,0,0.7581854821981221
63063,0.164666780090809,0.04197935747272227,-0.005786975661297558,0.018743216004364033,-0.13417830391823635,0.06806858084826461,0.0065659564265079145,0.023485903623507557,-0.09491066127780688,0.031440915001543966,0.03209490045358498,0.018428817706685256,0.005907753039894914,0.01563008672785458,0.0030418836080581806,0.008669911621824579,0.08230450283361108,-0.031101842526909042,-0.012717102758764684,1,0.7997234516022474
63099,0.15150627616306592,0.02183481509390521,-0.00981399269654787,0.021165298650063474,-0.14332319087878845,0.057618146394458856,0.009734784250411185,0.020286514192341645,-0.10113360840291057,0.04086002329822011,0.027932322040006792,0.013366896314311734,0.03638346591777587,0.01301383913420161,-0.0007486280027165776,-0.009559586959714596,0.07016455626320808,-0.02537986897803073,0.0020829713900362007,1,0.7759087850207155
63248,0.14412729444015943,0.02896961931016821,-0.009092799962335201,0.03682526693030285,-0.13395186083097255,0.05845303869122881,-0.0030714213373588557,0.015538919828893024,-0.09724597585262526,0.04659381628166692,0.026890634502311366,0.002803167159766239,0.04056628916901731,0.00989552983416599,0.02994057770569026,-0.0037146538967389106,0.08889594332054963,-0.013044459315206251,-0.0021232059507785123,0,0.7917444743199356
63265,0.1431502896891333,0.043262473517045735,-0.01613516451688292,0.03511839659880115,-0.13100437495840764,0.07545857043484894,-0.012084577416680366,0.010785300460849318,-0.09906507334833714,0.028127441949089938,0.032630514815027135,0.02671209596973485,0.033381636346543266,0.0161674038666365,0.0032846316323277853,-0.012353796393341505,0.0761540997251457,-0.025185234805220665,-0.014885680924529708,0,0.8349467573685836
63295,0.14717439871360366,0.03942404571036097,0.005894232755556946,0.022192253420796147,-0.15073919935124724,0.06677894726100207,0.0032594944199164657,0.019463827897448997,-0.09992195658859186,0.025939331153538563,0.033667602537783475,0.02567855703314062,0.03153005417362452,-0.0016444715000502664,0.005668518778809016,0.005594271694458894,0.07365735923063135,-0.010760111864983248,0.008557235686510307,1,0.7775458697720546
63312,0.13905928080225427,0.029188223954394594,-0.008764988083922183,0.03804883158783832,-0.15520410538329166,0.06427662655323736,-0.0023023626139271128,0.016405082258013473,-0.11002408089750634,0.03798992588470509,0.026001733597416404,0.02003601590682843,0.036196839730028754,0.021688617901657076,0.011777693993865558,-0.01923683134382655,0.06788264541221342,-0.01835569234912532,-0.019529663990915318,0,0.8419692422449673
63388,0.1445877779439689,0.026445332099027306,-0.01458732912429981,0.027131561177968555,-0.13535957626706033,0.03280513281888566,0.011802655530029635,0.028438958556967302,-0.10448069331005573,0.04677806084676203,0.0050661238897657945,0.02093306148642248,0.03743052185546939,0.016775862890038237,0.010732529230547275,-0.005748956140199551,0.08065105467022138,-0.011830521857802652,0.006937473553774369,0,0.7685231832492664
63520,0.13839083233445787,0.05333792277101745,0.012065655908230954,0.039140948137277115,-0.14027939822275146,0.06265727490104207,-0.01634550219947079,0.026232775656945408,-0.09960853154545411,0.022694196743004186,0.03350270280288141,0.011563031236207678,0.0381362366983382,0.011300799313475352,0.008211383557768702,0.009093732534871394,0.08443299069946986,-0.017903930837791984,-0.013967649460548704,0,0.8388654955610046
63578,0.14591041041712324,0.04438169246360882,-0.002664187525356518,0.028959784250954346,-0.1349200747689168,0.05830124128149447,-0.006148468740411473,0.01856205524809107,-0.07897935520186272,0.024450916083154823,0.023256028738904484,0.006634242800101748,0.032630545796386225,-0.0017515698436441167,-0.0021337099910288962,0.007418174691700388,0.07476771693580224,-0.0008497666490749221,-0.0041276041721805025,0,0.6968475455997978
63666,0.13446840361536255,0.046169276838954394,-0.002100078031500255,0.027642868463241023,-0.13160063896855642,0.06038273727625555,0.004448662191836017,0.00899908891487321,-0.10695684048405404,0.03208809412761704,0.02740933923223751,0.01050417293459866,0.03423352257954344,0.010839001476235852,0.012668485964063272,-0.006149241439270782,0.07942374873979524,-0.014038981334072016,-0.022512236770214755,0,0.7726354193822821
63680,0.14703992535614271,0.048001196913314184,0.01744131288292682,0.02497027772692809,-0.13560985130536016,0.057743438134257696,-0.008668309163973122,0.019297712901381672,-0.10428505696390022,0.028647753865911233,0.019639977113754144,0.00858139360037622,0.018528589699662906,0.022155487066874334,0.004963150959353231,-0.017278641972964425,0.07321045604260598,-0.021211299329706054,-0.009710087741122895,0,0.7869839187405161
63721,0.14445173088928848,0.046304376012361384,0.0013117030504685432,0.030454361842205763,-0.14176145827521347,0.05377581420265497,0.0010142844433028624,0.025917250973315938,-0.0881008658555311,0.030616456912170936,0.022190829430231776,0.029418382566257624,0.041705286139618415,0.010750522892921709,0.019327089777371822,-0.011108318708906285,0.08240821566107988,-0.021884444097074178,0.003103881180198531,0,0.8056052729101737
63752,0.1413189326042279,0.03776609744824928,-0.01789680296284807,0.0405972884660695,-0.1468241112992343,0.06469619016918084,-0.00011257805154705913,0.022423466382945092,-0.10576398510984832,0.028430053042713864,0.02890996072433502,0.010743521177128578,0.04564604116096932,0.010191035457003613,0.010403785233874512,-0.006803380596957985,0.07415678662539114,-0.026980413940448027,-0.016599566757213583,0,0.836263997210186
63796,0.1385192635071813,0.05395546758231122,0.007909311976771156,0.03089425314874001,-0.15795420961231116,0.06725093156496907,-0.00013533396190667116,0.03362501214392906,-0.0949946595991632,0.03801221013103934,0.019934142135676094,0.006892273456841679,0.04119723003135054,0.003706871702377369,0.012931683786736155,-0.006578648744031738,0.08073363308546315,-0.0061138649924578035,-0.005847850552686459,0,0.8071868517159432
63875,0.13485026930837066,0.023795847462191853,-0.008857360184169027,0.020512553289124796,-0.14800088166993913,0.05528973988204187,-0.008711638925533862,0.025103954913920784,-0.08909088696466975,0.015560577541600418,0.017165304612349788,0.0047737647665157135,0.03773153588176483,0.014882337029398236,0.01091960934139324,-0.0193289322773209,0.08646271277312835,-0.026098160616934516,0.004183014135772752,0,0.7513190815761405
63902,0.15119744614348668,0.03491512400513315,-0.019940844501183254,0.019783961041159957,-0.16897359512203783,0.05791408980717894,0.0009148173162637299,0.010445398168142307,-0.11921283755452179,0.03193164042381713,0.0186397290015925,0.01610702962853251,0.035694375836434165,-0.008445753246101622,0.004983327470650009,-0.0072917677988709115,0.07427312958115703,-0.01091836877230553,-0.005399223553291005,0,0.79698245897186
63923,0.14674544560644084,0.04795945731644406,0.009920396291974514,0.016653136125259666,-0.13983388120447587,0.050367706016048945,-0.007564223458431049,0.02538805719127726,-0.099852734489421,0.02888238850858407,0.03065760820676243,0.024060724940685205,0.033224666597294866,0.00975981107304307,0.010572364903726737,-0.002143665491161132,0.09514062810910409,-0.010371625921482018,-0.01682353038246376,0,0.8059220518340806
63955,0.13745518803947826,0.032991385209621776,0.0023670036287532894,0.028076251976024768,-0.14161742733826918,0.052542392394937555,0.005825443093516824,0.024214167228685732,-0.10592176403384548,0.04175971209208353,0.02487038883557842,0.02326970002505185,0.03313862169721954,-0.003575894015812597,0.014855398633443198,-0.00638287504853689,0.08887567116875059,-0.013544634764856407,0.00031478387829293026,0,0.7815987031027588
63973,0.13809736329406197,0.04023585537635935,-0.012528508381292056,0.019922267889042746,-0.13090440934220332,0.05901012220146188,0.004147744575446903,0.014473289651950364,-0.09541682660431416,0.0452916291250465,0.028564266948240075,0.03286611552587984,0.030151338832883005,0.006421427355573953,0.007675237696975194,-0.0016934590454738886,0.08160995826867144,-0.015390469438044606,0.004438784607166044,0,0.7688390741600873
64000,0.15060539494215802,0.05084135677593694,-0.010369712213223243,0.03519927306841612,-0.1622565597489522,0.06256572935903251,-0.011786250457265189,0.026492532991000083,-0.10640952270046382,0.04251188395750221,0.03565802063587071,0.017442782523566385,0.02907054236915627,-0.0021519340667481637,0.006205531646913122,-0.01119451782531698,0.06753196207512834,-0.019043911241219205,-0.009468283346457164,0,0.8568057019443267
64155,0.1327239728986401,0.03144195571135005,-0.008080270183409151,0.02604587798891936,-0.13389721531097887,0.06277666068977991,-0.007258654451497868,0.012968852060413769,-0.09023400640177875,0.03103907027351753,0.019154947994275216,0.029232699901865368,0.04273886574243975,0.008435645520344252,0.0014897836808040416,0.004395489702614286,0.09057859104290777,-0.018858310900443754,-0.010486875093988879,0,0.7618377455499686
64282,0.1386080294138527,0.03144672426816391,0.008093419692263204,0.027644804671787045,-0.12756036865700554,0.055085163014459856,8.770681672645791e-05,0.03308895743540386,-0.10531106914109385,0.018728874998318844,0.023195340696497067,0.01970465559245769,0.03236306784148428,0.016261993189141167,0.006335467070431019,-0.008408251796289706,0.0790111768112383,-0.035830875348735046,-0.026543660930650224,0,0.7933096073859998
64296,0.1352311685402923,0.036087513482077054,-0.0038885690936813332,0.05215071118000248,-0.10549721849704913,0.07408762342918919,0.003123826045924955,0.002231320500441524,-0.09910698690946401,0.03673083318348276,0.025783921698493056,0.02489910394649665,0.032228615250191106,0.010242964794542477,0.00959989976162488,0.0022567987596068067,0.08442549324138186,-0.02775955237953836,-0.013981688817065052,0,0.779313809510545
64471,0.07206971163940139,0.024120902822980753,-0.010975448392928843,0.01931568143219628,-0.0681233847777367,0.04128881963434238,-0.0027548977059634956,0.03155802272265023,-0.03898862563567456,0.027914973716400757,0.022376079509578085,0.008293873911031183,0.013462034880539544,0.011905045525657217,-0.0035325924405297596,-0.006196017434244217,0.03892875290678307,-0.01626199446533795,-0.004656003287370834,1,0.4627228628413472
64496,0.1326872116367082,0.03762337181337922,-0.005500941832198741,0.026570252802442695,-0.13206300963840945,0.05520884590093076,0.007215398850900847,0.02738692741511549,-0.09895025056445507,0.03368903425399024,0.020841099471673757,0.024214659615046,0.041334998440180286,0.010632182648422016,0.0062766562814065155,-0.01330842697824664,0.08734216089728546,-0.0024872482636641093,-0.01521058365894534,0,0.7785432609634009
64528,0.1483869804400883,0.03807165499563271,-0.010035891097334673,0.037955123216294566,-0.12853911468358623,0.06405812559450566,0.005204667941339012,0.03075884600425515,-0.08190310236862657,0.02943528237315817,0.03978066356448971,0.008248521653413656,0.030350949325896645,0.007663266754587495,0.01909211391101879,-0.0075021652528608615,0.06865686938701572,-0.016019908209263207,-0.011224621798841927,0,0.782887868572209
64545,0.13892771607755514,0.04032478618931076,-0.013430002950923878,0.028154313551098892,-0.13608457622379988,0.060645268929133384,0.008013502754564718,0.025562553441938522,-0.10108975052606191,0.04084671097942691,0.04650720701299902,0.025410566902102184,0.03690157664975226,0.012582600957443672,0.014443266110191377,-0.018174325569509642,0.07443726754041471,-0.0298461679554271,0.0020335804244735666,0,0.8534157407461275
64556,0.12539152305208054,0.03655666529088995,-0.002195109344074765,0.023126684937467893,-0.13941038350054769,0.05635716445545121,-0.0014971804471282622,0.03865025629807978,-0.09346579595402174,0.03530713566718902,0.030413149912350754,0.017210682010464027,0.033845398268711406,0.012444842409015703,-0.00030976413560419516,-0.01486609170781202,0.07104050269858671,-0.010455450619835651,-0.021629150913553823,0,0.7641729316228651
64644,0.1430993593349396,0.046787203020724984,-0.02191094304765532,0.03830449102712391,-0.13871544730328955,0.05661602210012898,-0.0093199015933953,0.02024505165159525,-0.09848033161217346,0.03295303580699701,0.02816701822063664,0.009474616936695018,0.03560200521158588,0.01841258489990202,0.009793131968755834,-0.004712884209030113,0.06711851424055865,-0.01928678707248828,0.003026713403381791,0,0.8020260426610576
64719,0.16154903234943588,0.053004773663083316,-0.004333059741245641,0.030781209911179663,-0.14036573975857547,0.05674219768960155,0.018191051331403568,0.013908520135802379,-0.08263939127440928,0.04223575130270824,0.027733446305999283,0.023964691970611754,0.02704715511241288,0.035407897852057175,-0.0030123353006026405,-0.006992724771832878,0.07180416502199645,-0.024681720136396884,0.00041761820429031646,1,0.8248124818336452
64724,0.15260056157169388,0.044670656622824066,-0.001966792525032497,0.027453098690074187,-0.13665349249451925,0.06894480612884996,0.004081999463719065,0.02258268571041807,-0.09671009465024412,0.02521833520706939,0.026818005343061873,0.001979631180206947,0.019473749464885955,0.0045427835523025924,-0.0007753486303917033,-0.01885969866607893,0.09204356868100054,-0.019487958647105612,-0.014766523362506515,0,0.7796297905919851
64979,0.152990195051136,0.04003687848054486,0.008888375044877545,0.02938914895825768,-0.13456634150906574,0.06648193097722936,0.0004020242616831735,0.032325574085494684,-0.0995451439089622,0.03654011631679163,0.0321613031067557,0.030831130973527864,0.04245082955946203,0.00965807980991812,0.013637630475583657,0.0083156338251739,0.06918878195016233,-0.024880717655083366,-0.017517952511464336,1,0.8498077884611742
65014,0.14101895426257915,0.03665564643059621,-0.005016475905658426,0.03687930910444577,-0.14271948062494982,0.0728924931230553,0.0030307446786531377,0.028154951278611586,-0.10550392117631795,0.036134545389434246,0.02037510615018169,0.01392632291934429,0.025863933405434126,0.005199808502496134,0.006751867795676547,-0.01238639484649046,0.07564086101878657,-0.02881215696975827,-0.012741349614281108,0,0.8097043231967508
65015,0.13796837633800765,0.03739975619195134,-0.007726423761529395,0.04526914505487511,-0.13987734222938455,0.05654886838347309,0.006512391789533468,0.029261945056930385,-0.10858809859523606,0.022339534405039548,0.028483146769336855,0.02849742752664137,0.010374204774363292,0.0030037304836088314,0.016179050359824646,-0.01201793784999532,0.07568281412573871,-0.0180458022665903,-0.010721182417879824,0,0.7944971783799397
65048,0.1330841474022509,0.05628142246429226,0.0008206834193158512,0.030583747113496047,-0.14859815633940776,0.058257322221135395,-0.017482497152880118,0.02245912931164719,-0.10019394873505606,0.03947820255183147,0.0262765814335842,0.021358552280705073,0.03575372044337027,0.012155472520869303,0.01730480583514007,-0.021999139461652807,0.0785479486364655,-0.03451552677692743,0.0019652642997233763,0,0.8571162683997511
65099,0.14667961749931366,0.053233228035372185,0.0016057468610733705,0.026983189390952764,-0.12831180553728488,0.055602005565730875,-0.006380375590411937,0.017019159689218,-0.09882570092090955,0.02367902933293903,0.0457435412472178,0.01552403300641794,0.03422688649521842,-0.007348042764348269,0.018499071285648084,-0.018713689244453564,0.08097122470027948,-0.03893224270552402,-0.000263660588274721,0,0.8185422504605886
65164,0.12186961633207605,0.04501133603285854,-0.0032806786892666698,0.03412323522863941,-0.12958587786612968,0.064030594274903,0.005650170199601067,0.02709614241679769,-0.10640464468568725,0.01935575802907337,0.042653769000482726,0.016758914251064787,0.030363151184296847,0.005399622772574436,-9.7060395788051e-05,-0.010872441535145902,0.08346782186247576,-0.03803196837192628,-0.006389601501815519,0,0.790442404630603
65176,0.13294838737387332,0.04141778213897999,-0.007033911642792021,0.04313725272435608,-0.1355187258092418,0.06955411689776432,0.01219028542020161,0.02368471634587451,-0.09385177449097776,0.04438222414679202,0.026887957206659423,0.01591729826757702,0.031703742643991645,0.008902560906438758,0.01924446052475932,0.0012779382258512508,0.0744808134705964,-0.019771841853892122,-0.010169500227649139,0,0.8120752903182685
65216,0.13340359405824556,0.042798024939795724,-0.004216734618465276,0.014949133636634592,-0.12763501610035247,0.06353765668961177,-0.012800259277825037,0.04092008690354976,-0.09971414250979138,0.04243364461754524,0.010320693143997908,0.005662600740424561,0.021285955027164828,0.004772312991222113,0.007015577877709071,-0.0050054589192185875,0.07087548424550633,-0.023274620612968696,-0.0031289410009714223,0,0.7337499379110003
65263,0.12770013589340917,0.04454438623768913,-0.008382624385495415,0.02812705179509051,-0.13461008571506067,0.07145293004245196,0.005099059525723581,0.01778995898316779,-0.09777349276715332,0.04204360527404734,0.011358744708781456,0.031005084067194096,0.027697572927991243,-0.0003813250695485958,-0.004025599397882992,0.00021150667111548423,0.07020046927381032,-0.01570501252757977,0.001621852355363828,0,0.7397304976185567
65269,0.13983364318071964,0.05102991384530884,-0.009290946309719248,0.033263227152244855,-0.12418223203836318,0.06278340439068117,0.0014791564109495599,0.00997768082592631,-0.11730221718684058,0.020179305105121247,0.030763875020315325,0.010434160471648635,0.020940351359291863,0.007066752126018699,0.024229291244821188,-0.009869141670326943,0.09848054908739116,-0.016464815441611366,-0.010840549662547492,1,0.7984112125298473
65365,0.1508494054523965,0.039228543966073566,-0.008330703983962528,0.03565733823521918,-0.14763454155667222,0.06643544503794677,0.00941222788275087,0.03039721899930621,-0.10280207490200749,0.03919739824103868,0.03438632762121858,0.01514515615483895,0.033512102085294954,0.021561763646827506,0.02725763532430935,0.010143624581993695,0.08061893314233058,-0.02427824693295537,-0.0101857988207654,1,0.8870344865679084
65476,0.14716895546180553,0.0485880756704153,-0.008712015019238063,0.03236258480399049,-0.1390264816986659,0.06299976050674543,0.004548344689093469,0.02398712749297743,-0.11326119935543004,0.05618792684584186,0.02385583016836371,0.017704639543750407,0.03155704660281363,0.0002272851833257252,0.022180296235869548,-0.0031653115774603804,0.06290949569474569,-0.011370859198980246,-0.019608784498342642,0,0.8294220202478555
65520,0.14634052999923206,0.04791967688207587,0.008011286150884556,0.03561162245777954,-0.14726126998722489,0.048878355520573506,0.02033553497986628,0.02939249873920049,-0.10931205640483031,0.029463898804999344,0.03957177145093847,0.004352463823668938,0.04196786824330608,0.01589538394283594,0.004403399420431743,-0.017130009532438463,0.07400250881572455,-0.011525663715480501,-0.005699812296420007,0,0.8370756111679115
65571,0.14761141462413582,0.03895527069294734,0.004179965822391122,0.03434819685918877,-0.14325988536218487,0.058605819283553684,-0.005922395820167352,0.026731305058663165,-0.09819813770341193,0.04090195612287376,0.032306797622443324,0.012151399202291241,0.04065331963719027,0.011141620339709989,0.010113375006988203,-0.0016552717733160972,0.0775817601360965,-0.023620397242483056,-0.009003608997361828,0,0.8169418973073983
65606,0.15312545112449785,0.05634835719521297,0.0026534352592795796,0.03555851198292659,-0.13507007694301723,0.059408334521755576,0.004526732986681724,0.014125685935611944,-0.07702230800320693,0.028177063955507776,0.014121599643155961,0.011169831398013998,0.04264432311388738,0.019891928037561662,0.0025453931265199603,-0.01154624012918452,0.08953452311859622,-0.011209449536414886,-0.013021672215872714,0,0.7817009182269055
65615,0.1579973034743095,0.043455893885380494,-0.01761223230826628,0.03126838911966456,-0.1354391766567615,0.057378358133868414,0.009822154100318658,0.02833117041450398,-0.09683014623837455,0.03128413277694394,0.02101682905756193,0.004069943623878549,0.025279845240579614,0.013741674414339393,0.013553539432231875,-0.019049109189205386,0.08114700406089166,-0.02292945594753534,-0.012380465555597055,0,0.8225868236302126
65616,0.1470697273671347,0.03303944357086422,-0.010014984949648215,0.0414648528754242,-0.14993011563963562,0.04406854737274792,0.013740467570101179,0.015590430676902111,-0.10822831255600547,0.033702615515397126,0.03051401893745916,0.00997374273892568,0.03111427845666283,-0.0013318274727329468,0.011164697708208746,-0.021751386946923842,0.0752086084483858,-0.013028965341552571,-0.019552286352093648,0,0.810489310496806
65787,0.13332159471877003,0.05363466151114632,-0.008485776868739891,0.04041258427211025,-0.15030908073899812,0.05162884608379413,-0.0021186782280294336,0.021079703067775846,-0.10650352550616367,0.04397214935663929,0.028947395702791996,0.027996207413642785,0.038937393249450274,0.012780577616324453,0.015927957705968086,-0.01203812448694782,0.07711866041879747,-0.0027189022782900347,-0.014444084697011831,1,0.8423759039213917
65949,0.1287784273491807,0.04087021738199423,0.0031624228501498947,0.021461709563231818,-0.1485216232152512,0.042381642044670646,-0.0065491588009164384,0.025436798210485178,-0.1015894235985456,0.03857641092903002,0.04275918852635121,0.01977923428395091,0.027512569833081472,-0.0039000095108139904,0.003669784183666187,-0.0057188083379859115,0.09454186370464931,-0.03261797051990218,-0.021003768500952508,1,0.8088310313448094
65958,0.1490110436006278,0.0504975546228037,-0.020118983121133152,0.036311628436067965,-0.14609366369331708,0.05384810746304757,-0.0029395242718933123,0.027438292812999386,-0.10781022976239164,0.028688648055823527,0.03245664932349827,0.017024090200424252,0.026895025797501252,0.007862829966265254,-0.011639811185115161,-0.01758433835497058,0.0780501682056782,-0.017682143333012032,-0.01109378251561593,0,0.8430465147221861
65971,0.14691626576334682,0.04991824990809557,-0.013106817232415092,0.033327594643264506,-0.15429201683079236,0.06054047879304813,-0.0036067793343639077,0.021705837699963468,-0.10074592099734757,0.03700563684945436,0.025149005439994262,0.007302915404169038,0.028415725446086813,0.005640212283154325,0.012147850554011177,0.01285587114908917,0.07923362804218292,-0.02438499470007181,-0.0006216716682662842,0,0.8169174727391176
66100,0.13858675681787974,0.046382643115575266,-0.0023209181568535396,0.02930117802812655,-0.15035386549030597,0.06501148918707317,0.0008751128935077157,0.0183295340694293,-0.10398510407209184,0.03403255221948148,0.018277128046241903,0.010168885544130092,0.04673446820206351,0.010214103139407415,0.014644643382609216,-0.012220225394746445,0.08171484542952422,-0.018727000469280875,-0.01754734971493636,0,0.8194278033732646
66102,0.14280311907258122,0.030881803530210184,-0.013783236321965221,0.035613964637452054,-0.13542072422053889,0.06810641303981667,-0.010163762374861983,0.023657697106870677,-0.10551872419260468,0.031849705665303873,0.023079667507145185,0.016133488731430994,0.032018902491469575,0.012453624700903242,0.0027520641079801958,-0.01646532411039523,0.06606723514928621,-0.02076737871172983,0.0007900786261795191,1,0.7883269142987255
66213,0.14010765114283844,0.04629073138643484,-0.010139278676245894,0.03874966643960808,-0.1324770967930534,0.0673684579231584,0.0149232469460699,0.019599625946147954,-0.09376325494396076,0.029560872386741495,0.025833793500621982,0.019966767787027308,0.042307019030910595,0.013159398637804248,0.007694258686512807,-0.014875035134140752,0.07804219640019303,-0.015908130939073974,-0.02613122224079135,0,0.8368977049413352
66222,0.13976329604818888,0.0369397106519103,-0.003219041869709076,0.029233363515447926,-0.13706743589559367,0.06639569928829063,-0.0050048591703306874,0.02575395296609744,-0.09867223873237883,0.03507024986940824,0.0183569133709316,0.02840405941344701,0.025642132950503348,0.008823217229511337,0.025126307797228978,-0.005773639733360234,0.07123668504373115,-0.027644677325942578,-0.012808850730045328,0,0.8009363316020572
66277,0.14895800731495182,0.04053020979003411,-0.01567608531963754,0.03998911008878802,-0.13686421730533932,0.06438269918293275,0.009144940516892524,0.022938703503537983,-0.09181765436769251,0.04196218169508438,0.029219669104959788,0.014575287261063434,0.02411948129782861,0.02583299483900213,0.0013057398076181145,-0.012330594530128651,0.07155314254077388,-0.020358065816314982,-0.015306310371492096,0,0.8268650946540727
66370,0.14275888920065305,0.026530379115992774,0.003981013595832089,0.03465249174743288,-0.13586550958789903,0.05298383988913938,-0.0035247725028650758,0.021633943135803038,-0.08826349359227499,0.03413516684846546,0.01710748540625567,0.00817241119426627,0.0434460012113131,0.009450560394361098,0.014871534209692854,-0.013236583387161866,0.08680464980065583,-0.02654138683977368,0.0037413892295462534,1,0.7677015008893844
66371,0.15007594638790345,0.04683361188900325,-0.009550006495199872,0.03827950952446812,-0.13589295317120345,0.05773634486428285,-0.007330603363370173,0.026197910788348426,-0.091960009488119,0.03823539413017902,0.030518033250353394,0.02218329863176448,0.04473853133785604,0.009708586052134021,0.005515183001819536,-0.002468572119702945,0.07832935933864295,-0.025081907890097507,-0.003047848198812527,0,0.823683609923261
66591,0.13990631318129876,0.04927212642839437,-0.004964424522136878,0.04174457276632819,-0.13696514852556368,0.060982496752225265,0.002251498043953102,0.012164748956488306,-0.09341984434765847,0.03591022651493272,0.023165488121333167,0.022724436801912665,0.02916000668965762,0.012458271142203731,0.0039045824882858273,-0.013783283458254084,0.07499690446155687,-0.016927841744061346,-0.008002690256060374,0,0.7827049052023054
66633,0.1455512372345194,0.043669667362754225,-0.013764676784223119,0.04563818292409049,-0.15803838747951002,0.07156081621645159,-4.1011032255259184e-05,0.015841700117466932,-0.09813032452816686,0.04073261881243177,0.029098909082512392,0.018425997825668526,0.040240202727663515,0.018497064380499667,0.007983078430108302,-0.011962462311407096,0.07805488685717389,-0.015195904266280756,-0.01062263118621568,0,0.8630497595593996
66758,0.13883770802153958,0.043102110448640325,-0.007060149873880342,0.0472059204155079,-0.13145033862376734,0.05536346400480734,0.0019605468571303013,0.030757344140663324,-0.10573629925340723,0.030232505008596627,0.019497789726430143,0.017638474618268216,0.02279034756617044,0.005845041014275451,0.0021246212785099214,-0.02442623518071879,0.07481893079867816,-0.01968644247097408,0.00014509969826846357,0,0.7786793690002339
66816,0.1390609700301416,0.03588428794427556,-0.010975318150955385,0.025976364778145928,-0.14758231559038737,0.08755126622408922,0.007476301741702221,0.016171244604258388,-0.1150830101221927,0.036524616059549535,0.02639634239075892,0.011605658015279952,0.047279115677516595,0.01241193564066553,-0.001726062361867864,-0.00907420283613643,0.07736223398228215,-0.01823443063715581,0.001236298200310784,0,0.8276119749876719
66859,0.13485857875180784,0.041192443829730065,-0.01929636963356635,0.029671399795742934,-0.14817800321379276,0.06277615710940955,0.008470749159531867,0.01014283784259202,-0.10651807052471937,0.044079476468871684,0.023480149612173082,0.013961631117722896,0.050879399098986054,0.013313188507276516,0.018678059749242994,0.0015728911850367564,0.05728785345120117,-0.02741947459627931,-0.0037404290658764917,0,0.8155171627135597
66930,0.13830686793426353,0.04913900008526039,-0.005040746261957997,0.020596476466763738,-0.13665303117541047,0.05420283178781183,-0.007668053146217073,0.019910343931878963,-0.10095928955690492,0.024645076962135186,0.0215514803214188,0.019089787164427902,0.041371139795025116,-0.007631891237130713,0.008692305353958414,0.012355529625191718,0.07009973874073684,-0.019220297826489638,0.0024651345624761337,0,0.7595990219354594
67245,0.14701164384131404,0.05039879229715751,-0.005250994121188585,0.035158447121317014,-0.14328439435704518,0.06126951571957149,0.0012105256508700714,0.025965985620337133,-0.09582130221581674,0.04144914633753304,0.021788841671014466,0.023267267064557205,0.042885754301174216,0.013044357863036248,0.012689391311098067,-0.008217773113977289,0.0753392579186748,-0.021779574135955472,-0.005911440806798614,0,0.8317444054684372
67295,0.1308068327755644,0.058340024629660786,-0.01266569427465239,0.04000727539082375,-0.14216908231848185,0.06448786338740307,-0.004316402881537556,0.017574120323117923,-0.09065971053290206,0.04269676896363538,0.01674012789360449,0.02030713551244633,0.02590389355015516,0.007005626118312142,0.003857962128505553,-0.0010640461006750463,0.07938966471596878,-0.03180923542253532,-0.003837564382004342,1,0.7936390313019863
67317,0.13811188141532094,0.051720621679949765,-0.008607755366085126,0.039088177343587556,-0.13102957940366566,0.06578397067473805,-0.0013047418851614148,0.02725468247357158,-0.10556034566873965,0.039732130459600334,0.022759878736017168,0.008115367084768305,0.028284069711968868,0.02105948074300446,0.021610531411281896,-0.01164223069933857,0.08324612112419054,-0.024129446714091025,-0.01555910767268922,0,0.8446001202677701
67529,0.1517284382741218,0.0337065321801293,-0.00219881433548711,0.04167698022723199,-0.13666150126903903,0.0675461006804834,-0.011407295166129016,0.016479206848873613,-0.0951531641009102,0.04238525639856267,0.032283113000682526,0.010736445705597234,0.04833171417701559,-0.0019874643586784094,0.0033233889543075167,-0.018137631778329267,0.07486976554513741,-0.024796216860396594,-0.0017776597510244154,0,0.8151866896121371
67595,0.13110772311873478,0.044805643360523305,0.00046276230015730995,0.034241417208393056,-0.131800635360633,0.0716187953604395,0.002647175874971018,0.028674946864272268,-0.09871278999273751,0.04656033653877977,0.03062432361242938,0.013564037790620868,0.022592970052284736,0.008886161655981285,0.01216096327901574,-0.0047528810391764195,0.07517162766927367,-0.027129513357586062,-0.014138196678410916,0,0.7996529011144206
67756,0.15394762968690398,0.04442277243633915,-0.015137957110455489,0.027616879865807895,-0.1253943117055332,0.07914024720310328,0.002296140917253518,0.020592572844299672,-0.10784599167528369,0.02887797587687993,0.02607015614128782,0.0031182300928798766,0.024373384662510073,0.021005634081099334,0.014950454799570436,0.002652418749624466,0.07228730360412612,-0.023644222831048514,-0.003935942589556172,0,0.7973102268735626
67788,0.14291177451064155,0.04155649126074406,-0.022003224385217603,0.03358074213700835,-0.15060225683996856,0.07321226634347917,-0.0037990857852320224,0.02032848782995896,-0.1040641324414965,0.052205419825312405,0.034060646802480006,0.003174436508919847,0.04289970106143789,0.016557545997134857,0.013657523765724463,-0.0067558543560657675,0.08523941702105968,-0.027690103929347853,-0.011758962906010952,1,0.8860580737072404
67819,0.14931692374332764,0.04910624609836016,-0.0005076215063993927,0.03851540549233624,-0.14806498869985188,0.06317793375785129,-0.0021704150009869113,0.026283326477916275,-0.09720299448965176,0.04225640499785821,0.03696100839269089,0.011785330283834947,0.029637270454755317,0.00776011479777083,-0.0029444100363821236,-0.015533450505892788,0.07606231112862286,-0.02383826035461304,-0.026844770500282198,0,0.8479691867193847
67854,0.14970004882679086,0.03906108510445111,-0.013163313924268609,0.04052199464430359,-0.14393856194371238,0.0737369590036053,-0.0010505015758356866,0.019219872390216747,-0.101368681982788,0.03134246605236138,0.02131279953239281,0.013987353150210853,0.02392471025084915,0.01283790935847858,0.017237065696519012,-0.007779874001819083,0.07647718595348872,-0.023290731040626893,-0.015875382635423964,1,0.8258264970681427
67911,0.15179808031511205,0.03576717775715508,-0.009530896793834752,0.04223437420748851,-0.13594981962168554,0.07668812969931259,-0.0023439357763782196,0.0103948833797478,-0.09350263246703108,0.0252588330903644,0.026372078060954172,0.013629437698567953,0.04023714714396239,0.009782046640056587,0.012877874986088927,0.013572964864714473,0.07839563184440497,-0.02558700479419557,-0.009276365837395934,1,0.813199314978451
67954,0.15103617875882716,0.029504148174783355,0.011648006958927393,0.026436151179385133,-0.13334470442569768,0.057915996594827115,0.013731405814095958,0.013941598337489834,-0.08763360999979222,0.03490199213384334,0.03854552929577184,0.02360614718149165,0.04882143176274327,0.011277003601136894,0.015642629882010095,-0.00926717606301374,0.05822559835275732,-0.01993634091500605,-0.01917722983519855,0,0.8045928792667986
67991,0.1351805087464344,0.044697947901508384,-0.007284246117887799,0.04052819319079146,-0.14175539912164187,0.06448467317444567,0.009236224953067597,0.0204018943746985,-0.10907852823179728,0.049844424057819296,0.034502599470568815,0.008967637502809763,0.02645238508694329,0.017254898383462204,0.014595268107114048,0.007890131123346973,0.07069925046191837,-0.029958202422588155,-0.00802149943309351,0,0.8408339118619373
68087,0.13893670605776595,0.04027333693606422,0.00877111122440732,0.028690827861759003,-0.1386885938802162,0.06362647599760352,0.006868709229705211,0.02699697969448299,-0.11472596726409814,0.04269944032644363,0.03367149008466312,0.02455645870357627,0.03776598978488163,0.016886702769657837,0.0035720704650935133,-0.0041589854414514375,0.06766296390703512,-0.026781611962869645,-0.00580208588565239,0,0.8311365074774272
68248,0.16085113454047537,0.03637149404731502,0.00481945308375661,0.03821008010667129,-0.13580961506926706,0.05892567304389839,0.004449722654406427,0.028809329273124712,-0.09316582628783412,0.034084639236060206,0.028202291340278973,0.009948546893639625,0.03154106837420626,0.010947554179297709,0.010790568094945479,-0.01764096408290632,0.07015016305975592,-0.028059449511122762,-0.005969794038322407,0,0.8087473669172847
68270,0.1477913719136466,0.05702127309178317,-0.009657417187674024,0.017679110752492594,-0.13953922457602966,0.06797108170587622,-0.002164681143030262,0.01430218154060809,-0.10116157866793711,0.03556049626519869,0.031981620239836944,0.025985125463245926,0.02163563878387328,0.015398364055047953,0.010797464310069727,-0.008439992419362939,0.07092441151897201,-0.023487690676142075,-0.004328532021121188,1,0.8058272563319485
68366,0.1527906934721408,0.04001516110368828,-0.0005882254475906942,0.01969058181751859,-0.1301846188585634,0.0572399787551772,0.007005661508729158,0.00823836509476894,-0.10558631838024923,0.02701497541980384,0.02491883989428829,0.019439814240645246,0.027609819753623817,0.0164488698531577,0.007823537870584645,-0.0006838820064523054,0.06712450227854867,-0.015349057792771707,0.0026175267655140625,1,0.7303704303138165
68414,0.14817464008070425,0.0355121213706517,-0.0037201692350976394,0.024396207260446237,-0.1481398661492667,0.08084456419337295,0.006611817678001826,0.009828927527310783,-0.10340368564618216,0.03655110761836992,0.021910441858398577,0.007237874520424571,0.04052739715247221,0.004907235205959599,0.008263099667277856,-0.00177553625733435,0.09077539282278774,-0.013187908163134062,0.0046860443981741945,0,0.7904540368053673
68425,0.14544261261562866,0.053574967370742514,0.0011960923935218743,0.016429427304063427,-0.12598923758935549,0.06214844727695043,-0.0019004843986077538,0.005736297917868046,-0.11686661354694892,0.029669977740698357,0.039631434622267175,0.01414556212361593,0.04411868845087186,0.008995324032959965,0.007714690512143285,-0.0038837288010621597,0.07265131911042096,-0.018644417229292717,-0.005617150762798525,0,0.7743564737998181
68561,0.136445055986937,0.043971187691188074,-0.0016174064390875188,0.044020324399677103,-0.13523083949560097,0.07144947336874952,0.015353942215609838,0.02983804937571969,-0.10690271253396083,0.027162076580068733,0.02723567004324779,0.014191060416543253,0.027734981852883648,0.007552375101862398,0.009644723559762031,-0.01051739144258649,0.09046041342771002,-0.023463102152724364,-0.008672649575556851,1,0.8314634356594761
68591,0.12955317661645147,0.03512578721283021,-0.019012896469936973,0.040325923831226705,-0.12970997507655777,0.08021470381072746,-0.0011872486241263722,0.03403255634052961,-0.09809384375029902,0.03768964406828127,0.024799004304215257,0.020868424165806223,0.04972133639304639,0.013244565940265846,0.006965502131964653,-0.0032655096366680397,0.07096361339471828,-0.017493987678758153,-0.016202462963319227,0,0.8284701624097289
68593,0.13517228278992402,0.04730295000019454,-0.008248570569880478,0.029129098273304118,-0.12883679747850288,0.052243382874473165,-0.018919618866775467,0.009091074013634008,-0.11200586868238913,0.028074526800270973,0.017540679762112037,0.01544738959912605,0.040305112081562934,0.010265727972504598,-0.0003999984623096873,-0.01627381026649583,0.07338342489071803,-0.044027438315209486,-0.01724655398172583,0,0.8039143056811132
68600,0.14523183338674234,0.03959541715379319,-0.004391684360503448,0.025515853602493064,-0.1258729268449437,0.06239985503133527,-0.002539542542651224,0.027613455833529293,-0.10661786923738072,0.028791175944523385,0.03341629200651291,0.015048154716196574,0.03551790508056753,0.005077447254972687,-0.0005669989380007689,0.0009988284188452651,0.07219354691066722,-0.015739484798838153,-0.014006881274938038,1,0.7611351533374348
68678,0.13725038350703264,0.04264301989489567,-0.0034775369182430123,0.027402469897095064,-0.14094603363803282,0.07358215174083149,-0.002727959569418544,0.015158574531188667,-0.08455915502609226,0.03483967296354242,0.01742649353417044,0.020236124414128205,0.01904137653512415,0.0010783053601093134,0.012011418214673332,-0.017977222675904805,0.0768911315648291,-0.01765305314264036,-0.017047475488734733,1,0.761949558616687
68742,0.12350163554537127,0.03984789833085481,-0.00834697429113002,0.019683652507017653,-0.14427247063902784,0.05917417746516198,-0.008763072475822593,0.018836948800324625,-0.09537155924750813,0.02878846058285307,0.02444087837785719,0.016739643018220916,0.03944853229599795,0.010746482220621776,0.0065548638982993145,-0.009269697699421618,0.07758891074672514,-0.025184597540571407,-0.0040828224684352305,0,0.7606432781512226
68887,0.1397351114045165,0.05083994654541451,0.002280664179221193,0.020841752308675365,-0.14668846219700224,0.06948386648741676,-0.011714181700893812,0.017059950953745073,-0.09530548540882362,0.026504502319944417,0.03361690197519649,0.0038059176267286844,0.02961415838760545,0.015393074061155972,0.01412628261224186,-0.00629489808448259,0.0670700042880995,-0.03698679272048859,-0.015543608063300312,1,0.8029055613249529
68907,0.15937790490239187,0.039087399017195906,-0.014910221899777507,0.01932258888878604,-0.14242023991394617,0.08177715443193227,-0.007294927309887022,0.020059921397960877,-0.10249788053296773,0.03543394178822574,0.02096789506194995,0.01248249893738705,0.020063251501850794,0.005493681672537166,0.024851661771758817,0.004543463792143884,0.07598760703024325,-0.023647547842817775,-0.012412333044326046,1,0.8226321207380859
68996,1.5978316023018464e-06,2.1830344593152921e-07,9.609247968991908e-07,1.7617701191995982e-06,-1.7406284275963262e-06,-1.282040379829358e-06,1.6366973691752378e-06,1.7272270759305333e-05,6.804094964672423e-07,1.6056384396039454e-06,1.2692917944991503e-06,4.4471797402635425e-08,8.919564648750993e-07,-8.965931711171731e-07,8.998126077132286e-07,-9.871372199278586e-07,9.252445541677886e-07,9.23968459547456e-07,2.0485457525814983e-08,1,3.5615476363085815e-05
69079,0.13133838730151293,0.04501931089461737,-0.00763327735216578,0.0215337307400828,-0.14264144741287102,0.059424705093269796,-0.004351034895958769,0.025573981675615937,-0.09681872960237974,0.04627416892975282,0.03594312265055049,0.0068294491473331305,0.03995330861503987,0.024240340038498148,0.02129542729220313,0.0037536057578403024,0.07108291463357243,-0.020226550721774813,-0.002890741401671941,0,0.8068242341567112
69240,0.1419296501517952,0.042642125593697684,-0.0003553176176321641,0.029957411450196453,-0.1499636132516169,0.06747265647565087,-0.005978615125390014,0.015031133330341595,-0.11377892643181392,0.026344442736139857,0.03169683075874464,0.006710872096424176,0.03323763708807563,0.002315161177769081,0.007183527644979641,0.0022990882618786858,0.07848986100172253,-0.013183537970320784,-0.015028319440915795,0,0.7835987276051056
69319,0.14811400045881196,0.04407819711342138,-0.01275664678724775,0.017250902426715644,-0.1462619369775063,0.062337999221643826,0.015398191373240687,0.013838766040811757,-0.11061347023286185,0.038340215723679724,0.013155306485233302,0.014607488715459981,0.03352719872745826,-0.002523060881315416,0.008654475911144937,0.003625139587852969,0.0768485406608845,-0.015287129913941265,-0.012923342439111694,0,0.7901420096783432
69348,0.1447490422972501,0.049360462603141954,-0.0036662406000356022,0.029081933542854283,-0.14913678428970145,0.05561823619503937,0.00017165741092849167,0.023798591836543714,-0.09234901233313396,0.031037700867500788,0.03863359777598377,0.027206746326110275,0.02619504614973765,0.03167272072552251,0.010000176680026663,-0.004231254168296005,0.07507081555038274,-0.0013849871964414456,0.003797227327212778,0,0.7971622338758435
69356,0.15985544469706375,0.040236897664563585,-0.005365080310719227,0.04713996226561064,-0.14093846084069725,0.0671970277500417,-0.0019268239966974128,0.018558744546561673,-0.10422978310542468,0.041057442261688754,0.022596276630671847,0.020366924135832926,0.031717652942367294,0.012568369182715616,0.014397140038314035,-0.013220442459684865,0.08820912892351647,-0.010610776198667233,-0.012540313003222026,1,0.852732690954061
69362,0.13678551165564345,0.05339106721253602,-0.01191768792939065,0.032396121818607314,-0.14171664973579828,0.05783734396715335,-0.012389955981156936,0.008672073168086604,-0.09325183391469752,0.02911567704056612,0.031230128307663904,0.01329432993189907,0.045422524080748275,0.015679345059030864,0.013030706697376949,-0.004205634821671699,0.08075476861581699,-0.03171089216733226,-0.009085385987427228,1,0.8218876380926035
69389,0.152399853908771,0.042857105165382534,-0.01106176349894921,0.03599052257537225,-0.14840227016023763,0.05825914446151872,0.006034988275064986,0.023785972004678996,-0.10026154487988947,0.032544523658330375,0.031379530247935446,0.014612361276626542,0.011887594951454795,0.00729488489501099,0.029104329002026755,-0.014182422464883368,0.0803845958332433,-0.01675266289486156,-0.017115622578387262,0,0.8343116927326252
69475,0.1475200832037019,0.044068755182958504,-0.011236772780883978,0.02262532797739416,-0.15213744672898039,0.06798234443196689,-0.00420885298054821,0.00951397332123008,-0.10019251874919896,0.03302003011481466,0.025147913315045435,0.008159001063623194,0.033226511511301085,0.01380035361714754,0.007777669944541722,-0.015321468324796321,0.07249169256707781,-0.02482536723930575,-0.026683691593842825,0,0.8199397746483594
69541,0.12924479721260376,0.044362611537321336,-0.006470770541094045,0.026390321362410638,-0.14221672187129258,0.05661479420129607,-0.004451938510505802,0.028588848909927262,-0.10160323781596509,0.03029075313131725,0.019020406381602507,0.013419478415203792,0.036497979538251575,-0.000178796345335367,0.014678597617073233,-0.0019317359568898611,0.08773522829563882,-0.01511739927500944,-0.012115410010086262,0,0.7709298269288247
69751,0.1407230048426418,0.048231576279952046,-0.004784032730404526,0.03611806992796932,-0.15668834108286447,0.05532735055602491,-0.004173436380165806,0.03151012284593134,-0.1307529749146458,0.0325751496645929,0.036334661402008486,0.02190460772879383,0.02693180193861332,0.01937211669736711,0.010320088967089617,-0.003662479362666546,0.09065395881767856,-0.01901340369672994,-0.008432101379166664,0,0.877509279215307
69764,0.15123669875083992,0.032621210336547656,-0.006732117996470896,0.037051246611709665,-0.13831682763392508,0.055891285439765216,0.009174099132597242,0.034620907963498634,-0.0954076715699025,0.03514946896470914,0.04094301790747043,0.011278083745574197,0.03904833138870087,0.012110321282000307,0.007593897213793151,-0.01449641020609522,0.08186810197589228,-0.00898044106030193,-0.008182588397918638,1,0.820702727577713
69842,0.14661243032723212,0.04780968639942664,0.016483199955774713,0.029354588454734144,-0.14287496981787853,0.06703355181869038,-0.0125379910542495,0.003770986056917039,-0.08569141367104524,0.04397895657839067,0.0216719677717543,0.025235527586075786,0.02423455749277744,0.01178367172083846,0.007114301255323026,-0.0001122928705991066,0.07636194457572136,-0.02744597943729272,-0.020874660239374183,1,0.8109826770840953
69866,0.13237061216451662,0.04303232324593328,-0.00737607043546796,0.04355853169766421,-0.13788711096305015,0.062365184106460865,-0.010748219629063476,0.019082429997671773,-0.09216124230061948,0.0363980231255723,0.012103888599912667,0.028257325621265376,0.026600709706746963,0.009617452999317868,0.004136922600169015,-0.008616637798038665,0.08440195887242415,-0.019670158858720303,-0.013605214283031,0,0.7919900170056461
69877,0.14513576194318034,0.03985032506867732,0.0040436054644328225,0.040701847044853225,-0.1467498821226216,0.06108636916739582,0.0077021519203676475,0.028546701173360365,-0.10963346854859513,0.04628458904500904,0.027607120767485283,0.019307530325769647,0.025435323619812093,0.027355864786717532,0.008279026983484549,-0.008242278216278385,0.060957240876399685,-0.018084249461034874,-0.02616875458014672,0,0.8511720911156221
69989,0.15196972669883127,0.039562132855903084,-0.007232459909614283,0.030954680472794746,-0.13569576486864554,0.050978402611168934,-0.0052594806339281335,0.03554319975313429,-0.0899211357781087,0.017765842857134465,0.018927685999019915,0.01613324411490655,0.05996013121903731,0.008254721689333777,0.009665858535140197,0.005707577012705412,0.07704668523224337,-0.023338551678709595,-0.010179380723999596,1,0.7940966626443592
70029,0.1396025422686815,0.028272476702964414,0.0010360159632746648,0.028307860424039946,-0.1420462328191538,0.07313120810438195,-0.011915121050817568,0.025142979051347176,-0.10145746589869442,0.023684491879308833,0.022667723148130994,0.010453002341712066,0.028534927098028347,0.00463233468687931,0.01488418363200401,-0.006852587670919845,0.09071856938614714,-0.025882990994851574,-0.009774783220463112,0,0.7889974963418006
70117,0.14465003999842904,0.04003331382959346,-0.008508460146575934,0.03595454065820419,-0.13988899226793775,0.0684893704800876,0.011377486774552501,0.022594622834515594,-0.10171934991769715,0.028426283380567147,0.03970755915210659,0.022350201975206634,0.026832299738864977,0.004927884814881126,0.021279638819208257,-0.0045473908774504865,0.06481849207806722,-0.01216428387539559,-0.01524879541530577,0,0.813519007034647
70134,0.15438513153452885,0.03855850538924893,-0.0059199436796358125,0.04442485130936222,-0.13841547676130697,0.058554194470273414,0.000974414220613122,0.018567732236509187,-0.10732343801389775,0.04710992593058531,0.028681731706087222,0.02037505530878745,0.04622708016512125,0.007730838207925024,0.018779998019781412,-0.005664917184216862,0.08017467362675294,-0.013256654581434548,-0.0005519356027387885,0,0.835676497948807
70251,0.1424824117985524,0.032837266788102934,-0.0026676252976720796,0.02333702781078349,-0.1455324567710524,0.04796391091403194,-0.014454349543951398,0.028700675493555754,-0.08836659508504573,0.03390804623997687,0.02400789408166953,-0.00021970169708886592,0.03201298541717695,0.015531923762191273,0.019235563242654997,-0.008028852524967179,0.09481834922266688,-0.031163439822445814,-0.0033620108433922197,0,0.7886310863569787
70261,0.13933359032883602,0.0446656359782244,-0.0059265677502785795,0.021865515413992315,-0.13450357553221734,0.07091454071035196,-0.009445378133664894,0.019529984736778368,-0.11009005618686564,0.026550194740070584,0.026652318986987594,-0.004731218222378201,0.04395781248796868,0.020730829601723105,-0.0034801743532743867,-0.0112654139551946,0.06236570898066146,-0.028915775599141443,-0.007948540566040153,0,0.7928728322646497
70353,0.15404790163981846,0.03933735868365252,-0.017221621870073943,0.028677607700368833,-0.14001424969757229,0.059450318096321716,-0.016489789186071396,0.008893335409238633,-0.10470314612774187,0.03459046145728218,0.02232618144730378,0.02134702002053771,0.031809946979604896,0.006559417979011816,0.005122062918012258,-0.010680543146409965,0.0718961797517523,-0.008720495370754788,0.003091287365093465,1,0.7849789248466228
70379,0.15486762798502904,0.04208601508041818,0.009128310778710198,0.04260867998272601,-0.12383866458188045,0.058509442281959936,-0.008480293791464831,0.024701643166407373,-0.1085540720234493,0.04314051961906131,0.02733354327482007,0.02582156151531516,0.0372069160125108,0.01866850592236432,-0.00682783487889327,-0.013839251746939119,0.09546214003425214,-0.020517720402495714,-0.011862637442422398,0,0.8734553805211196
70390,0.15955635655066386,0.03879159795663242,-0.008061274913965865,0.04733516311359255,-0.1382631218261002,0.06061007568021145,-0.0051793852258248795,0.017093186335415646,-0.0904259472414442,0.02527974400130014,0.029902409099282753,0.0074716566575708755,0.05357647944085417,0.021837829285640434,0.012207455229241517,-0.005016106878202079,0.06806787945386364,-0.01461356173203049,-0.032011142107419635,1,0.8353003727292568
70409,0.1580517415732948,0.050963794431067834,-0.012674698516176195,0.0394518630682341,-0.1468461827969068,0.06262183459232104,0.0068123308098798465,0.010700400023427604,-0.09674204149353464,0.03983782501836643,0.028710916810226462,0.01434597382893519,0.029510463617698546,0.03530439493225145,-0.007215957137790656,-0.017818110961474766,0.08310446464934418,-0.022572863784247815,-0.020585302699373954,1,0.8838711607445523
70426,0.13452221673628442,0.045077081204870556,-0.011008311252616696,0.022459284459558138,-0.13439835251695528,0.058759391395740844,-0.001838898088365521,0.030654103307712063,-0.10852248675235196,0.04422653440226804,0.028928815226501217,0.018845777346523773,0.031816470348168965,0.019724708721000978,0.008021107423745545,-0.00591664359169364,0.07682866424751812,-0.0257000681236746,-0.016097784109302758,0,0.8233466992548532
70591,0.13538317071078917,0.040205190578577646,0.008693318519014922,0.03032086222172563,-0.14143045679702912,0.07456969958238938,0.0015816491307625823,0.007875383193329021,-0.10532943812571051,0.03326772278445075,0.024504054460674867,0.0135460085187546,0.03436408541634118,0.010491864481434195,0.013223414261155371,0.004172248679407856,0.07447803255575641,0.0004788205584367256,-0.006310918389594792,0,0.7602263389653348
70614,0.15190612191500394,0.05204059184517262,-0.011059947837581378,0.02261315726077612,-0.13567558331112614,0.0642335569659289,0.01690256206686433,0.00503312222399016,-0.09934024873375581,0.037499686811315366,0.02457397172085651,0.014433153656397791,0.035411060162193836,0.007138497464771689,0.0073487124857089265,-0.01650683571646055,0.06291735457465167,-0.023277729110423907,-0.011772465977679843,0,0.7996843598406594
70682,0.13961025270512373,0.04925687596710408,0.01381577388455941,0.030479280923146473,-0.14004601531909028,0.06551138150422173,-0.002095625750652415,0.01527759324331067,-0.10009559700384804,0.04671090131134715,0.025050244207738992,0.00932708896536408,0.05657898983727951,-0.003926074734027135,0.010513167131634022,-0.008562751759822924,0.0764437179710543,-0.03487944401883509,-0.014486900244888821,0,0.8426676764830489
70696,0.13278220691225898,0.0533498539481719,-0.004070231317725051,0.036578935112214696,-0.15058017781412908,0.07034865674057575,-0.004751774989341731,0.036995018667264554,-0.11711071612498458,0.033967558571882356,0.007677099042709097,0.013481313092203214,0.040879703175115016,-0.0016252551694929881,0.007308485152737681,0.001134473014277532,0.0889988719048914,-0.020582919188801993,-0.012981898980884784,0,0.8352051489196624
70715,0.1419071275714933,0.04767277414394838,0.006367125233925319,0.03682531588066548,-0.15322092904989323,0.05346894881675314,-0.00561297387184372,0.018517647220359267,-0.1055169451193073,0.027141167386887825,0.03564468164642238,0.019298963497500904,0.030406244985708684,0.01033316936122803,0.0068341700074863905,-0.025944243132280657,0.06238549581769524,-0.014248999729313788,-0.018421836415031853,0,0.8197687588877449
70801,0.1473173149258872,0.038589113975609456,-0.001688090049967316,0.021252766416951476,-0.1375941552846286,0.06802071035417132,0.010346392900374578,0.010172987467364376,-0.09613426385112885,0.04459755544345005,0.033911602713072926,0.0003136806356479335,0.04892687670774778,0.021810012340373774,0.020184243997320564,-0.004666882624466141,0.06824458973441024,-0.02286166676531107,-0.01677883401439644,0,0.81341174020228
70896,0.15181131014747373,0.05431655740287524,-0.013216588331511866,0.04648669416315125,-0.13975306499764406,0.06944058993796823,0.003374681968461552,0.031977068435367344,-0.11412053848478693,0.028713568765376802,0.026018144069457547,0.025102808027863636,0.04283851927207014,-0.0003134720391125094,0.007879729292359854,-0.007577724701039572,0.08561619678028616,-0.02250025833057037,-0.004093652158841497,1,0.8751511673062183
70919,0.1528994903567976,0.04631856368667634,-0.009482109263537885,0.01960207022300482,-0.1606010134942212,0.07282029169481935,-0.003971690591725374,0.020931002073513488,-0.10626343426160952,0.026611467543872076,0.009719519610195406,0.02203923973811327,0.017772470971504414,0.008012000788177548,0.003986434986424696,-0.0034746774724135313,0.0701598737513676,-0.039219458214136034,0.0014229518334799391,0,0.79530776055559
70920,0.1306965926275895,0.05669148136235135,0.006698413474628131,0.02002272702188293,-0.1529509568638466,0.0641818602729523,-0.0024312134494207183,0.03317439851142067,-0.10848570352961175,0.03655616698013686,0.031868603548239484,0.02494597562468724,0.04658822566056767,0.015682070525728845,-0.001596101015307497,0.0026780201005307583,0.07787827830438172,-0.03080898124492283,-0.01922906751235739,0,0.8631648376305643
70938,0.12498210585750011,0.05129981703553903,-0.023046853220655507,0.02357988786339709,-0.1430601134572298,0.059822058143621064,4.364822323173456e-05,0.0304326932667407,-0.08710835410343051,0.03340396099908844,0.010505046254582097,0.0259917721052845,0.041492524822375844,0.019242591238930067,0.006537549033379599,-0.016394401728411938,0.07476240360050826,-0.023410233703637182,-0.014651580150951759,1,0.8097675948084953
70967,0.15497938845196854,0.05837478270016766,-0.011228264919533427,0.03327019705859568,-0.12267917597988419,0.06037899485306206,-0.005316724277019584,0.021166039574128048,-0.08674675936821001,0.032708216191440466,0.03189783838951987,0.021817431864703318,0.029830553961718215,0.023745463383503584,0.014560406232612606,-0.008696356377442949,0.09144533280226885,-0.023505081516530597,-0.014956735409310406,1,0.8473037433116201
70984,0.134109296076118,0.046878062414350045,-0.0016241231722873848,0.04576228740840869,-0.13877947565580212,0.05694071109376579,0.0016633857531943366,0.0152378674395398,-0.10354510392717299,0.03962096424163181,0.023954070228446856,0.012219215213365716,0.0381216558131672,0.01813659198190518,0.011067889442132373,0.006948499489197035,0.06899902219049331,-0.022991500515896417,-0.01711405884828539,0,0.8037137809051604
70999,0.1369428216080815,0.055969215649984416,0.001529032368630909,0.041583961416925753,-0.15055742856274373,0.05488873315782573,-0.005661931450727039,0.031384348205745656,-0.10545259572988137,0.04174765162090494,0.04109181074916754,0.021942330534580737,0.039154873188951014,0.00502699575276778,0.0055725910371212505,-0.014343873401053232,0.08310903044638067,-0.019389110078515924,8.595657820764631e-05,0,0.8554342915381968
71006,0.13684581350327168,0.030654501565975496,-0.004826661592494229,0.030863490744682504,-0.1508127265617181,0.057086316815320295,0.004135576928047978,0.01157342044403928,-0.11585907707913008,0.036933194988873555,0.01658762749140897,0.018951581519605985,0.027842459287312844,0.019316744172833678,0.018394631234137045,-0.0014611711895890606,0.0744248436126319,-0.012126998408141514,0.010008995533316117,0,0.7787058326725304
71041,0.14541865423807876,0.037112773234026765,-0.009850928508792326,0.03896611253065771,-0.13511255259906305,0.047510678892865345,0.010201200311400675,0.013892943828242032,-0.09351617010436594,0.024035352190754224,0.0354252674981601,0.012895047626637214,0.05599917458448813,0.0006182157547738359,0.013719325505467414,-0.0041804108332779265,0.07203841614154123,-0.011278518985959517,-0.01679601854794048,0,0.7785677619164927
71083,0.14990706380473934,0.04162433633311887,-0.011124981938739587,0.04749928931807903,-0.13084516393599124,0.06811958699432204,-0.0005478553428987657,0.019695544060664386,-0.10022578516379321,0.03519916608527318,0.026857475433165783,0.014979653165958434,0.035455812336923506,0.006232232543950386,0.004344693387825468,-0.0026745864653133487,0.08551165859832163,-0.02500401822933053,-0.0024767448632800502,0,0.8083256480016888
71138,0.15022940030522544,0.049964844859832,-0.0028173034251176053,0.04139488612327785,-0.1445696011812816,0.06612000822872204,0.006717485788103645,0.0074142279966339444,-0.0946348130577767,0.02249703315959857,0.02811547308815028,0.018647036035454367,0.03222291580659955,0.010344007300512992,-0.002600070872731244,-0.012722530529893666,0.07797105351358635,-0.022602242851233353,-0.02064503555949032,0,0.8122299696832215
71239,0.13434176174064139,0.040345793748727515,-0.01740323209754176,0.02825520399155976,-0.1385637839639979,0.06724507780208086,-0.0001243730263238395,0.015667504532493114,-0.09715801720182432,0.03258511211761286,0.04215501215736059,0.025429856321027483,0.03163597972766903,0.016237780060207114,-0.002717228629860468,-0.006561753142706622,0.07838975983987222,-0.021344898430787903,-0.01776407180779262,0,0.8139262003400873
71336,0.14207644415628165,0.0423568667163059,-0.004146022889485305,0.034887543426357734,-0.15097647213256885,0.0552621826634332,-0.014268277296992298,0.007732144791345155,-0.09135263859091801,0.02890022821012959,0.032665762106510135,0.040765272416438625,0.04196514570231026,0.0014812227713962112,0.018440814058331357,-0.008961346131166632,0.06399312255503267,-0.014252038377216673,-0.010905317864454022,0,0.8053888628566743
71385,0.12703306131426367,0.039858531344704934,0.005852677712196311,0.027102332969808275,-0.12831096796420607,0.05185166018827838,0.008609902618016052,0.030369505378151068,-0.10392045241204967,0.04514827474389863,0.023481447261661494,0.01042874240056891,0.025745284101972795,0.019748148536670874,0.004307560243893757,-0.009450174211457532,0.07647714628061092,-0.016816452272193024,-0.01723504063466961,0,0.771747362589272
71846,0.13935251835950735,0.04006342187887837,-0.0054214291172483935,0.012594011432374961,-0.1396391258579887,0.053705713799351996,-0.0036864883798062393,0.02537051642452998,-0.10142636699503874,0.0325038342778126,0.02099147581205588,0.009335212013192965,0.0445652014871427,0.002818186756031385,0.01994105367423643,0.005349123790305761,0.056775411635675364,-0.0187986089540317,-0.018299087708424557,0,0.7506367883536341
71869,0.1441646175295655,0.018627040114490897,0.014430050822766364,0.01568889748384641,-0.13979108515774044,0.07043016966975989,-0.00463389020981125,0.03881594026963813,-0.11707044859949421,0.035636092736644136,0.033573159730208135,0.01787296891829772,0.02501824091144852,0.013504806029147097,0.0034346444853549088,-0.011131800175602712,0.06994036806925275,-0.02708577833174773,-0.022096932451129037,0,0.8229469316959458
71902,0.15091486263736653,0.04872702620554127,0.0012505423152258087,0.04829552081712581,-0.1538446441619579,0.06385668742057422,0.0023327264697412353,0.020018791018125894,-0.11206134203636836,0.035441289975656154,0.015172874048578122,0.016016471335477622,0.03347278530574726,0.024105588181528182,0.009815912229065332,0.0030854644293741833,0.06923059772183529,-0.016311300192091545,-0.019096887090303633,0,0.8430513135916844
72039,0.14882397062116773,0.038767261522451135,-0.009393449874444574,0.027764170946940978,-0.1461025727634197,0.04862649332130608,0.00723466850212874,0.023008183853018276,-0.08015196558625741,0.011082409935762462,0.044688043832057565,0.019550838439644898,0.051761287904898645,0.0036746707034255753,0.014107866777686929,-0.010647378111281273,0.08219565986859288,-0.025883292280709687,-0.009276123181358306,0,0.8027403080265528
72145,0.1504239417380873,0.024237959409697234,0.0003732987017267676,0.0381238896658926,-0.129972492242329,0.07205222054665855,0.008542370273094511,0.01851104712467968,-0.09966586011185226,0.03538664304129892,0.03488143983908298,0.013711360008222656,0.024629372505652065,0.02745645669880207,0.0014076191459029708,-0.019181024173516158,0.09093502854393776,-0.017769373621903374,-0.01355355105888266,1,0.8208149484512195
72168,0.15395092836642735,0.05105296650215438,0.003138143386788247,0.02655860449529046,-0.13732496009300715,0.06717706367503118,0.00437451397988827,0.03178869758735189,-0.09428368480152306,0.023922397450100767,0.016564686592903603,0.013993614980800864,0.036905717848294925,0.01535470417289284,0.028255061127634404,-0.012511493341554958,0.06098979942572445,-0.030037612885029624,-0.021308924878952692,1,0.8294935755913511
72320,0.13144454494551516,0.042990940911188776,0.007325170626439505,0.009654911095610999,-0.1292999869711153,0.060333761764029804,-0.005364888068522761,0.025620662550311316,-0.10551463883749754,0.037590936988752585,0.015922111492604422,0.02541174310396525,0.04325957484060208,0.009632382737109091,0.012314331328605106,-0.0040424952295228566,0.07165841993470826,-0.030702360592448196,-0.004903202425662626,1,0.7729870644442116
72414,0.15762666989771976,0.048910589196207534,0.011636709728959225,0.04266137768870537,-0.13498903688354916,0.05753068387499683,-0.001983532914870122,0.03144603711911475,-0.09199275218434724,0.034040953464958494,0.033077709618794596,0.012227090081613438,0.036548246916504275,0.015039168863078625,0.0035692663139289533,-0.007328391646261321,0.08115865198205986,-0.030702052946000147,-0.012917638817717517,1,0.8453865601393872
72430,0.14207111356987448,0.03819300922177536,0.004890828560054615,0.045495732943083435,-0.14703688134388043,0.08271056587548657,0.011635523256961891,0.016161494148182094,-0.09497463318777417,0.01795683853950819,0.032499062170641906,0.024231924772433994,0.027622937535309013,0.010807725374378328,0.010421502990079172,-0.02504958698728851,0.08892955231327063,-0.022213781471698345,-0.014116857519297173,1,0.8570195517809783
72529,0.13790631492757227,0.04178380722932633,-0.00414687006791513,0.019591379323047383,-0.12623536861204165,0.08465634668224543,-5.803938187636948e-05,0.022704652461038158,-0.09387176222420479,0.03182767943347536,0.021158209901990126,0.010637557409772827,0.042469364652860414,0.004655981817895561,0.01258042986658056,-0.009236666008565068,0.07929647749428026,-0.019408303975760825,-0.016244168037110478,0,0.778469379507559
72561,0.1329207008628574,0.037989600053693756,0.0017284268441773475,0.03511046371673324,-0.14083353128968013,0.06337931021844317,-0.0067219082107067155,0.009347569793985488,-0.10202637426917363,0.022600385549971073,0.03935104403099245,0.010517258732255088,0.03947157577015309,0.007371387554269586,0.013814812142879659,0.0021481437490680167,0.09179543926092981,-0.02428718691694793,-0.010287220933352513,0,0.7917023399002701
72576,0.1373518442147618,0.04223929748141268,-0.00677010572278792,0.023937443124229036,-0.14318451452549313,0.06604566996397317,-0.0021234350978018286,0.018728498407468094,-0.09574882621848874,0.027443138770215345,0.01798752038377005,0.026186561574933768,0.02046689260149992,0.01777916981413586,0.016463755448838973,0.004174151041865241,0.08150436050952581,-0.02104854048842696,-0.002504484220207201,0,0.7716882096098355
72602,0.1481280938519461,0.0418879483251553,-0.005900751828631603,0.045556471894706754,-0.12945198468688424,0.051465315349031565,-0.00898613019637504,0.03718586569689094,-0.09757348582164774,0.027766521146710552,0.014513817291910385,0.018311309487248146,0.021619991445151317,0.014435611602868685,0.0053057715840601205,-0.008071254093289388,0.08048030597866855,-0.03292915624399416,-0.023450861158913584,0,0.8130206476840842
72721,0.14911149557190076,0.04935635461752891,-0.011657422074719988,0.03151618533521875,-0.12909926337942534,0.060858850649269026,0.00020122306065755398,0.03073484566283709,-0.11081502669421986,0.04302397775917633,0.023933031658217155,0.01909374216973625,0.029989789063463668,0.0073167170870769025,0.024312327590287872,-0.00978169102175597,0.06553315376087075,-0.017337568523201955,-0.009079413761276444,0,0.8227520794408406
72774,0.14637092649745548,0.04322084345967175,0.0030101614399196427,0.033667633461876734,-0.15271569063711163,0.059487503241120766,-0.003065496159578016,0.024728145080220927,-0.09810922430423508,0.03541935669107462,0.026185010238072633,-0.0011156556812931245,0.04488391593836726,0.018692368710681206,0.006409604184065941,-0.00371304516461539,0.0677582986623786,-0.024577108824915515,-0.019920576175709182,0,0.8130505645523635
72796,0.1380612669827776,0.04311636165756892,-0.00589281068454144,0.03462351138750411,-0.14006005334424562,0.06371299906302906,0.010578173152424238,0.02233687414173059,-0.11632617340757967,0.04196229776364959,0.04040051553821184,0.013460858180011973,0.03547363493384183,0.0135600726592469,0.01818951248339481,-0.0020857495383117225,0.07448792214953565,-0.0161148341723523,-0.008246846893095494,1,0.8386904681330534
72819,0.1501723172008729,0.041854102388404875,-0.0040467760810324015,0.03164271767001995,-0.13400966795046942,0.05932640082902397,-0.004584454962075159,0.020733229208199224,-0.11458797311304378,0.034602161328363835,0.041159955889139156,0.022290130143038114,0.05312909910506576,0.009165969480348342,0.009250018745927499,-0.01377375321648746,0.09385127946607813,-0.033326763602040635,-0.006984322901534922,0,0.8784910932811656
72919,0.1232030184377213,0.03564251084129118,0.005947528270695952,0.0344122132432205,-0.13983389797709156,0.06797698221080899,0.006027784823037837,0.02476810066027019,-0.08912923012153776,0.03486140389463844,0.039317648854928965,0.014266033582307965,0.024412522494098827,0.007160236702286532,0.0035013279092560843,-0.018524697808105128,0.08166199991983972,-0.030365628751782343,0.005193475682944993,0,0.7862062421858642
72956,0.14354500913227455,0.03906724655061303,0.006089474811361925,0.033100258081857896,-0.14070542677872183,0.07071138586312327,-0.002900061238517169,0.022165680292516414,-0.11328712114729539,0.029115016210245544,0.02890987724332523,0.02749103882430094,0.03928484489911938,0.003967104907349196,0.00679554045780749,-0.012814730603952893,0.07391067917099904,-0.013101401700778594,-0.01768724969769948,1,0.8246491476118593
73163,0.1388269566491729,0.04327163866604122,-0.0038267681329692475,0.023171052761631467,-0.1332664267600894,0.07120918824771078,-0.0016525196646589978,0.02411550391771808,-0.10219003594530623,0.03336010817250511,0.029863725312807458,-0.006776080699613288,0.035978445217448154,0.022523779429093754,0.014622964121883884,-0.005708987291216626,0.0912259437050931,-0.017367681853768694,-0.017564634882505713,0,0.8165224414312341
73216,0.1510424196858767,0.04846494646370588,-0.0034335129504173764,0.017270260117704963,-0.15570051096847767,0.05747991305518991,-0.009925807300678416,0.0332182321755677,-0.09779101155226877,0.0366393132799215,0.03349037684795572,0.0076701182185216306,0.03275183852379512,0.005860344214550293,0.018044122233416254,-0.027796331569445974,0.08118063620564524,-0.009023885104134084,-0.01609659993189672,0,0.8428801803991699
73286,0.14432256046123038,0.04975890224376299,-0.02105704106896735,0.04437789532006121,-0.14579896591430605,0.05678125669720084,0.004261753814912222,0.029652678782700278,-0.09011727012634524,0.03355610489358824,0.02626852239426096,0.00575383512211629,0.044224243362621096,0.018189505034216215,0.010889619788340056,-0.0032610325765391147,0.08040380671980825,-0.029321071061224026,-0.0064434185228823765,1,0.8444394839050832
73358,0.14485726020482065,0.02467982371684959,0.005708086091984311,0.03663575880186964,-0.1653327072976534,0.06838864417527801,0.0036091236197596755,0.022628150797394643,-0.10398412085861092,0.046209801513458125,0.017828429072481652,0.02617600752071586,0.04457784156451644,0.011462351205009304,0.01770879036596168,0.00642844469695053,0.06869521938059615,-0.02461571570658248,-0.01501729185822672,0,0.8545435684487198
73392,0.1474112249863059,0.03629543376440919,0.0049460787562786235,0.01589319572800875,-0.14238427809952967,0.044536404586352774,8.222685128041775e-06,0.04047290225461239,-0.1042494022444101,0.0373315304903195,0.029655138096671287,0.020154094977080164,0.0401154403424315,0.008240110601689861,0.00283684579259892,-0.014222720730522262,0.07885824246741725,-0.017389102004219406,-0.006838463456093578,0,0.7918388320640791
73394,0.14617671912178778,0.04395283780608674,-0.0019064153987725409,0.03774821647944122,-0.14718176809984912,0.05620413839085367,0.004656757983375783,0.032575417527153976,-0.09731694607972449,0.03929511871351806,0.028153515700132466,0.011553452886921988,0.03161160148745197,0.01580582247727037,0.015120407596862456,-0.017141000845662713,0.07939841829815465,-0.01953672762234395,-0.007880221936970036,0,0.8332155044523339
73434,0.15543622597673776,0.04886861383082469,-0.009776215610873917,0.04026814213563956,-0.13788233219502302,0.06187141999220544,0.005809031509375862,0.02966304751395813,-0.09397877023954038,0.022972839291304874,0.023646726099592025,0.006722765401700604,0.036071556250760715,0.014749590674171028,0.005165508506395694,-0.0045282612707315106,0.08215236019534237,-0.024613176947189615,-0.022741288151042854,0,0.82691787179241
73455,0.15314626130079623,0.02590534932515426,-0.020615472791412695,0.03271609588870774,-0.13260764775229553,0.06194926512801199,0.013682892994500113,0.03902154675061552,-0.09842416707026222,0.01754840839307888,0.03692740800598089,0.0064379965628256364,0.04226536532550601,0.01726913395834333,0.008826652368863697,-0.007446321718850263,0.07402839487341054,-0.019540009614243938,-0.0021196142456671244,0,0.8104780040685265
73550,0.14861740101567306,0.03847726040459885,-0.0060039769048543905,0.036316864085874846,-0.14338197540299974,0.045314060295061,0.009205784755981297,0.01598433533182816,-0.09463890255402922,0.04683497109747643,0.021026770116754426,0.020462855527808528,0.02325572719533396,0.019873957164153352,0.016030235756825443,-0.00820273677386096,0.07463637922079344,-0.02497663674118189,-0.004888775549054289,0,0.7981296058941433
73608,0.14624342178167665,0.04791705949406093,-0.003861393132308355,0.01607781977058739,-0.13778334193140918,0.07123382782800525,0.004369182127998281,0.03797161479296986,-0.09416831037842849,0.04365296777441902,0.026476823120715125,-0.0075059896827172476,0.027724635259472406,0.018014211360069216,0.015028720215647351,0.006172483173346308,0.08870829763872534,-0.019303261082600935,-0.01241702151453047,0,0.8246303820596877
73705,0.13938561381609643,0.028761111348229295,-0.0016459746328463928,0.02839412604274282,-0.14638449420713345,0.057985098928005095,-0.0007908504244055458,0.014124242142404425,-0.10035569490741686,0.04619538726407542,0.01907286116900522,0.00451632703887092,0.03719653067549085,0.0024060806170173,0.009212000245755055,-0.00822646056821079,0.07487516083202721,-0.03129488153807514,-0.007276190714004182,0,0.7580990871118124
73713,0.15371779034837618,0.0369669151290001,-0.00941876356018088,0.039253964729942865,-0.13293921264458128,0.06435613365806027,-0.005318292787684994,0.013871605950709394,-0.11129944744481303,0.021545195461361154,0.022166433117584573,0.010052511802193983,0.04127912744511978,0.009824040040331007,0.00955762400410906,-0.012335257027213126,0.0700922104563475,-0.028326389984348666,-0.01875865742639919,0,0.811079573018357
73716,0.15910879265305355,0.03746937499367615,-0.0010538801558534416,0.035870503857007456,-0.14270391495940554,0.05543300415812209,0.012575398364614795,0.025116301897478557,-0.10593956536518975,0.03404941856836264,0.01949323741805085,0.009477619863317048,0.026696934303163507,0.012019359247307317,0.010336371181239055,-0.001496312408411959,0.07330414460823342,-0.016051924604886667,-0.008739942924051418,0,0.7869360015314252
73781,0.15017317971948257,0.040318542394409206,-0.006107882177482532,0.029776996473376713,-0.12833376828140036,0.05388377424419208,0.006963116711653743,0.01602382077266627,-0.09936026105959837,0.026426470975264085,0.015703464776794806,0.010336245130005204,0.034151743540983485,0.01718679722368124,0.011876636695317773,-0.010640494351008927,0.0828726473919562,-0.01891477935590196,0.004813897958763439,0,0.7638645192339389
73825,0.14292460717261327,0.05514160830100155,-0.010668261362529248,0.032291029900427475,-0.14871103569238384,0.0648591385361277,-0.002664227975446478,0.01915396751294828,-0.09516011252990722,0.029059768469033204,0.020274673395284687,-0.0009969855883112516,0.03354713832389518,0.012809614867027194,0.0070649311706472585,-0.006838762480442905,0.08551231963251911,-0.02159140519763574,-0.005647274196589078,0,0.7949168623047707
73839,0.13539263518215813,0.04572196033100981,0.0025395644969045082,0.019380286737715587,-0.14540591318929608,0.06198739671080068,0.0010065886588158893,0.023714918137478648,-0.09295734579787729,0.041990801828037855,0.02095577207153233,0.008118735708650807,0.0449946463391631,0.012576208808023952,0.009396489479221528,-0.014243954400956932,0.07754612611134339,-0.03277468646196339,0.01100674039866473,0,0.8017107708496146
73863,0.14234651282794347,0.0541584721093396,0.0010175670523678549,0.045645968760124445,-0.13430932830567896,0.07251231152795849,-0.009387893982764971,0.0203462592058553,-0.09132818888555734,0.024225768226956015,0.0252688249726248,0.010948266233505186,0.024909608753556307,0.01403168872683354,0.004304042660865921,-0.007430441657124675,0.06959120259457319,-0.03459227325312223,-0.010710471107761068,0,0.7970650908445134
73894,0.13477647169850446,0.0298690001471243,-0.008955196854139922,0.04034274465142741,-0.14630851421829177,0.05653917199786051,-0.0009323575059123182,0.02018570817156568,-0.10035822230432094,0.023032111113455298,0.027400688022567742,0.01441765879070158,0.027863423681908656,-0.00035279700726972856,0.03547352683990378,-0.013991218638964761,0.08015789216429513,-0.031601821707452224,-0.008770376529830499,0,0.8013289020454967
73904,0.1463968296019075,0.04717788621014891,-0.0028001454793077063,0.02451877332640355,-0.15329503427322957,0.06895399369496429,0.005120695212241115,0.021270287604970385,-0.07790059131632784,0.035216093929359565,0.028310450299250483,0.01755590509491555,0.04339214600275571,0.036281626165552604,0.008110741177021914,-0.011695816434958158,0.07361954092562047,-0.02693100880491311,-0.0066892623626471056,0,0.8352368279164956
74057,0.15388123472729057,0.05318966380190594,-0.006069596429729646,0.025857257471762162,-0.14574679085282927,0.0571362622925135,-0.006218237032486205,0.022098519252611533,-0.11518739068854514,0.032014037050320576,0.04383579941298048,0.00752865165354141,0.030323784179059697,0.00771967440924017,0.015553517551658274,-0.014545695598149765,0.07150673960509762,-0.014820808965918232,-0.017505346876190705,0,0.8407390078518309
74256,0.12994086604677452,0.04886506118212381,-0.002972813400790399,0.01868488176104208,-0.13163584720018204,0.06289537176665941,0.011030778491634394,0.018184327715081976,-0.09583285480795464,0.042919594859377234,0.024652456300985972,0.011677671337566625,0.03491777434180906,0.010395142094665457,0.013191195157588246,0.003017294889227323,0.06142994654163019,-0.015213463177945927,-0.00843330660812042,0,0.7458906476811598
74279,0.1423799847625219,0.0485955411318732,-0.0077600837835756584,0.014523842993745609,-0.13809558402279104,0.07510156951616691,-0.0034493904958334816,0.026879025705674853,-0.10329443393460475,0.03060485897119961,0.02204394816010325,0.004397079538957371,0.04288640868756222,0.008105554418702436,0.020150886126411523,-0.010574456675616049,0.07924038566780339,-0.012959532204375346,-0.02717375285865836,0,0.8182163196561769
74302,0.14554774843829812,0.042413164628404984,0.0010632321918547629,0.02543967929065542,-0.1246755649965664,0.05161359852702471,0.0016045399216592468,0.03127036890689161,-0.09406327362470851,0.03204554530412842,0.0412933106509844,0.018809481540632216,0.04925055353767216,0.017802969635242166,0.0022891413305571352,-0.02541530884869102,0.08186996999588128,-0.019788049111102202,-0.016321494524064204,0,0.822576995005019
74338,0.1326054483622637,0.04080851003435783,-0.014800785646760902,0.03955081946599793,-0.14283432163408863,0.06183161136576259,-0.0037110678976004082,0.02511328956342729,-0.08596234183261199,0.027132696085651588,0.01223844955992785,0.02272234712956816,0.02701162712827365,0.011948177606923238,0.006813819462545105,-0.0071432850932132315,0.08231053339649962,-0.025876840377413578,-0.013653777477502179,0,0.7840697491203895
74362,0.15465936065347027,0.05281921587890359,-0.007763317140106929,0.030479649723744142,-0.13064906103981913,0.06259231227803526,-0.0024923474097094645,0.024581933123296887,-0.09791725934695285,0.03548191108997156,0.030483477879115775,0.01568357776043607,0.0335512073305607,0.012886509364169341,0.007605818133684686,-0.008933518612185073,0.0691701542782553,-0.02077231951718067,-0.0038715727582917213,1,0.8023945233178894
74426,0.14294364122632738,0.049579200218436745,-0.004723477546192879,0.019253623071363607,-0.14264876013613925,0.05675430946303362,0.0006456151364075341,0.020101821266870233,-0.09967188336167862,0.023551001800579664,0.041234960907654605,0.003924124301466536,0.03345165358807876,0.0019211631282821688,0.015730736452590568,-0.015721725634696045,0.08224205499216487,-0.0316297561366691,0.01716920472264643,0,0.8028987130912786
74705,0.14753432203227,0.03871313377207379,0.008792003930504454,0.02620235376356893,-0.1261540938659905,0.057515102939645256,0.00390640770998749,0.014928507231513476,-0.1008517254145768,0.03713743372723442,0.026382012531660455,0.01721953805832266,0.033212400676653646,0.0062934597135477655,0.006878025453927216,-0.006920866223069882,0.06164467141449571,-0.03157818591852747,-0.015581669223807333,0,0.7674459136013773
74714,0.13726014023852592,0.029163963043900197,-0.013755608036463434,0.028750616272767975,-0.15090387494247623,0.046375373570763816,0.0011801226021669452,0.02083095309788871,-0.10702229120032115,0.04662269207877722,0.02479884313541487,0.0022369000425597205,0.031349118025428155,0.012182290013657953,0.03324151755190777,-0.032012899206257085,0.08110234106030928,-0.02286039696786902,-0.005189504262154872,0,0.8268394453496103
74819,0.14723176973930877,0.04902439844990017,-0.0069979937762873895,0.02740304429049072,-0.1373252941745391,0.06262609154196812,-0.005051057148837173,0.025168052821414152,-0.10984273214698327,0.025024297443770212,0.027332721656402846,0.01937005398776439,0.03804354785682721,0.020312915384695675,0.01792430466049826,-0.007606448016014116,0.08342481018343077,-0.010865929016449824,-0.013395174678742367,0,0.8339706369743245
74939,0.1503037072617066,0.03245408066527054,-0.016829489113727628,0.023479816580269364,-0.13204296758230416,0.06759845694716268,-0.004585373579532887,0.03494228710199178,-0.08957788149586914,0.04216987332334005,0.038061846400455485,0.00981872367173608,0.027481799855296432,0.0010168214101138398,0.005071704112020993,-0.01857332040704102,0.07738164377815494,-0.03482497375369224,0.015009395551893765,0,0.8212241625915796
74989,0.13820764242742015,0.05174430534956844,0.001907170234718388,0.03530137419126117,-0.139437510468181,0.07864667085283343,-0.002542117529693693,0.024133588455097405,-0.0838551928349162,0.02859466152211367,0.01231721666471857,0.01568649105544051,0.028543639865971363,0.0031043634159925093,0.007310956935084447,-0.0257048332540856,0.0817376263140501,-0.028518606271927194,0.0013554501490633474,0,0.7886494177921372
74993,0.1458212057273203,0.04003644604397734,-0.006308968319540504,0.026519952533466385,-0.15164582376062175,0.06671944969644802,1.0279631561907805e-05,0.029283132116406155,-0.12353428531568672,0.038322718510829384,0.032756292242235134,0.023184569501675925,0.025370686162700353,0.008399295149862759,0.014227753927082655,-0.01861039507761286,0.0665889702200806,-0.015638785603396342,-0.018359875924360267,0,0.8513388854648654
75003,0.1489098191114392,0.05349289521296001,-0.007507262005974079,0.03099647747913379,-0.1266401242280594,0.08040843869306849,-0.006902059382145909,0.016625946418791573,-0.1066479817166574,0.03260466325742711,0.025118909832216867,0.018498114665503697,0.04216887782198252,0.01718030435566951,0.022807391405954704,-0.014482427554628774,0.07060185158127848,-0.02228966229562843,-0.016207774671693796,0,0.8600909816902137
75029,0.14656258272178327,0.03598728999231206,-0.006160860942937727,0.017173165365959937,-0.1557431547911423,0.063151315521852,0.0015911782359322262,0.03380256774520385,-0.09950779387325052,0.03546739330810327,0.03616363387506846,0.01592714451446951,0.052647283515738226,0.015066925334643528,0.016498833704112776,-0.004900688630925304,0.08255019237783787,-0.01124969678054245,-0.01157178629487531,0,0.8417234875266906
75052,0.13919337758228337,0.04250873882148857,-0.007731451857020367,0.03836337047756657,-0.16449429442869234,0.06745387202882552,0.004449812117731821,0.018521330191697192,-0.10628899018668364,0.029526753554191255,0.018241985763214664,0.02055898839845368,0.018715392771535676,0.0009685334144806228,0.013754282504254596,0.0014005947944643621,0.07587748771498512,-0.025563752214993466,-0.017941777017643004,0,0.8115547858402058
75277,0.13957804567377807,0.03934800404432718,-0.0022077520027785637,0.025127475173901855,-0.12940943427032203,0.059829951781307324,-0.0036478245689205843,0.04679313622051582,-0.10269342799634487,0.025538452547384675,0.019106769587508902,0.011950965680382262,0.03387080161007142,0.007155358968710206,-0.008841274223437699,-0.021618113990623668,0.09442030765524956,-0.017541073564342112,-0.0223912221851458,0,0.8110693917450527
75336,0.13630222854623877,0.05681333419336858,-0.019820590707535255,0.019590548751754793,-0.13297688415815315,0.06733485401994502,-0.003580105158046197,0.01994771278771829,-0.11551479233419078,0.030495135378233767,0.01129282968006586,0.0036593516326775496,0.024409176803440572,0.016027591574978566,0.007969548290575452,-0.001564886356294779,0.07893381778410394,-0.024935755828639206,-0.01872609117532501,0,0.7898952351612856
75360,0.14748990957966568,0.042260371165694754,-0.0011531617535359183,0.03414822558445204,-0.1462344644967944,0.057015482976260246,-0.003738650675067443,0.023891208094254223,-0.09398524231356631,0.028823563854211563,0.03292270686369125,0.0153117029724009,0.02267459218827564,0.010915381718569256,0.01077760235863383,-0.018567466244713518,0.06525862984155889,-0.021951502911434072,-0.024839038105507583,1,0.8019589036982875
75391,0.1350932693316098,0.036002798821292425,-0.016029322784741562,0.024879016509661178,-0.13964255060971562,0.049264680897375596,0.004637818881880907,0.025529456849636204,-0.087470284742189,0.04028453122219627,0.029434787237158106,0.00822907415693677,0.046208642954675534,0.012321038191376012,0.013583798373783531,-0.0016022768040813906,0.0785320964788003,-0.020558986244441455,-0.02606978390088794,0,0.7953742149924397
75427,0.14838368292707116,0.048768364298349916,-0.01187314011891137,0.029452359858239182,-0.14594535869479314,0.04988252554280702,0.007809984995018601,0.02752063660319315,-0.08970275108580031,0.016733443880698525,0.030634646961922744,0.009498450366367997,0.044429869371566094,0.013425177222740836,0.007873206098150702,-0.0011577441905688787,0.08334347748246305,-0.029665327550885558,-0.009385877029775802,0,0.805486024279324
75510,0.13135303863773232,0.05248503810958031,-0.014215095938434485,0.04499661351454522,-0.13629964081540122,0.0663055893626489,0.008564443600540006,0.018027030938953498,-0.09472700536786038,0.03802144677725452,0.01481758869014262,0.029310249204221605,0.04410324189152035,0.006206634461438825,0.008304253412443086,-0.011153684837901032,0.08467528020919482,-0.02244013934749897,-0.00925474914387571,0,0.8352607642611879
75572,0.14472469043649105,0.03475827983597347,-0.0019251921088578494,0.022024994186696432,-0.13617542642678557,0.06375576744771129,0.004831311558744376,0.01389622002558399,-0.09491738848459083,0.0507935207712379,0.024211426563227115,0.02229674188978575,0.026295148431889553,3.14252514405781e-05,0.011529676386883927,0.007175813744068354,0.08616993892854259,-0.024634754133608345,-0.013630157072991542,0,0.7837778736851105
75734,0.1587780422132514,0.0323212160363054,-0.009099948731432805,0.03312725307332063,-0.1230431075050058,0.06167232475569179,-0.002442386794506598,0.03421256157365438,-0.10018476277069842,0.028742006733816876,0.030316118270149933,0.004486232058943277,0.0334705980525467,0.008145945510514703,0.003598557066450514,0.0034739453547884993,0.07592844638319335,-0.026826252551754415,-0.012977485061359954,0,0.7828471904973855
75745,0.13006444160381408,0.05219824895124785,0.0037973587307027455,0.043053850422246215,-0.1405177141334518,0.05049396530425968,0.011837801269125828,0.017989036259652504,-0.09741939924922834,0.04002455811657905,0.017002665121704497,0.01521012708078011,0.024670303801428085,0.017808456524530517,0.010838488388488119,-0.010783377282169793,0.07557684881065285,-0.021114102238884064,-0.012424422891211487,0,0.7928251661801576
75885,0.13378067609874703,0.038781391554004736,-0.001142225551193345,0.028594177164018207,-0.1224066623323763,0.05748315379375073,-0.006147495240030435,0.019093811211368505,-0.102222384264915,0.02347582778146261,0.02920592642780211,0.012265170689221169,0.025357121523450744,0.011048177506310153,0.009903298000571376,0.00465342530757758,0.07079884207922255,-0.030033017247535584,-0.012342892095486226,1,0.7387356758690444
76111,0.13111266152191609,0.05318553525888797,-0.002774569928542191,0.03289312863816606,-0.13536338130002723,0.049598800358546156,0.0034640751361525997,0.026597848022387367,-0.08601201981514042,0.02865838460301865,0.030281483374564894,0.021744714292843123,0.011824490282999443,0.010868512114442432,-0.01621688428208959,-0.01930517501214502,0.0741252025584538,-0.006276830194749907,0.007592224569237295,1,0.7478959212643103
76170,0.13946673051929617,0.049009046467356425,-0.015140145842052135,0.033403125638468645,-0.1298142763281168,0.059542148085181115,-0.006593773071690898,0.03152116856917921,-0.10048236817753936,0.036749299220587436,0.019048880056682215,0.0088619563622889,0.029610468842627087,0.0035633525943437167,0.008409972888500346,7.141627773824836e-05,0.07424335116371805,-0.004315609725837277,-0.003540731322767703,0,0.7533878211539717
76180,0.1413445985965455,0.032257387444646846,-0.004246711396838982,0.03673068101510932,-0.14335502001894493,0.07231084219037366,-0.01193955138962374,0.021827761816935597,-0.09105494605899044,0.02387780593528235,0.02361564184925823,0.0215566476313087,0.03007958317602386,-0.0057163057800589815,-0.0008301539389791114,-0.0031410135703634004,0.07456523998793041,-0.013460378759873628,-0.012062862089701965,1,0.7639731326467897
76261,0.13228906926548806,0.03630181148305562,-0.0068011509481514425,0.013898245412265049,-0.14392621823935917,0.054625352362279174,0.005605160312162859,0.008159528207865023,-0.08943674280320447,0.03361098139676937,0.027527975707792696,0.02220755026986508,0.040066326137349735,0.010185670715089764,0.01327087403466804,-0.006177753373229667,0.08667494049243149,-0.015881448846324798,-0.01759000468509613,0,0.7642368046924476
76385,0.15294491073823746,0.029325611745458075,-0.003555970647011109,0.025303735140813383,-0.15161646113804914,0.06493832202919815,-0.0007021376892829514,0.020276621074909296,-0.09898004499088435,0.033918636971837536,0.02948038864010505,0.019741324173570333,0.029442148638942494,0.022516256503251408,0.02097356655884916,0.006033216782155721,0.05342053119200521,-0.023554884851993158,-0.007904998946497127,1,0.7946297684530511
76407,0.13671787711650404,0.04646626952352305,-0.019526962270801616,0.045536172909962674,-0.15442528823087964,0.04503672245127127,0.007207280187715784,0.021047928841786214,-0.10541707403080193,0.033438207577938556,0.02208905362275619,0.018485968265923938,0.042031724794226254,0.017384913490993137,0.015450225240335104,0.00570608190091485,0.08567520099408661,-0.02109429270317073,-0.027561567906366484,0,0.8702988120599581
76423,0.14545423829624118,0.04153592450279552,0.0014245727258334537,0.04303874471183083,-0.15274489280286963,0.05306528336769944,-0.004113726305285764,0.001056901703197556,-0.08738731685150142,0.03302305942857854,0.028195378139399718,0.012785004775003517,0.04086389081100298,-0.013558068935530864,0.021648973713189582,-0.00991164209888049,0.0836527468326697,-0.0058201317449090035,0.006597577557147496,0,0.7858780753035667
76447,0.13541130519592762,0.03946094634299071,-0.007270333799690252,0.017058279656183756,-0.14223302765813467,0.05841334461706116,-0.005826194133674429,0.01488783798952071,-0.11253728744485939,0.034810956365238906,0.023861972292315334,0.024008508440819195,0.04216553743268595,0.02639557197332146,0.007369153460886065,-0.012957171150737565,0.060802000440688016,-0.015735584264430467,-0.020435606573747343,1,0.801640619232913
76558,0.12945616638176755,0.038803310166424985,-0.008419909358930878,0.03741704538043974,-0.15310230281268103,0.06661927802618564,0.003486473455962039,0.018346826341491592,-0.10713565803080746,0.044337241102072725,0.03578940850397583,0.020885758168119262,0.03843943032748183,-0.0002843920529941693,-0.000156531928949105,-0.0026868334346825634,0.07342914353240555,-0.016121320702092386,-0.0172600804665589,0,0.8121771101740233
76707,0.1257201172981768,0.03877542442944281,-0.0032231717235110683,0.030176253529093994,-0.14160233263060829,0.05093151831017672,-0.00694487893869768,0.03975834270470525,-0.0831733191150616,0.02465076972965692,0.02559842707509975,0.015596659473844598,0.021148153413871728,0.012789357141952281,0.011233096882014099,-0.025481280615380634,0.08252140902883587,-0.01842474274034597,-0.005039294125336435,0,0.7627885489058125
76776,0.13302697002366068,0.0423500382118151,0.005980099701973665,0.027413401432798738,-0.14981172154286884,0.05264023852411163,-5.4359157372009994e-05,0.026751396599406126,-0.10515721947258393,0.05231334056860119,0.019213823601213854,0.0071839676790544866,0.033707860380736865,0.0019880005701915283,-0.002365546758949255,-0.008784226797497999,0.07692419419800832,-0.030573781886569163,-0.018775209346782198,0,0.7950153964541956
76851,0.13448609186309585,0.04148322436369411,0.0021912193976656295,0.03776934989790293,-0.12986516568233886,0.07052998873911497,0.009586043120007411,0.014413737816801952,-0.08992088923230142,0.04017470282121299,0.03160747019421455,0.01592065823568934,0.02784458652627093,-0.010060678472890433,0.017325238186616295,-0.014329454179456852,0.08286305055359532,-0.029201966759422854,-0.012827203795739052,0,0.8124007198380317
76861,0.12153006994026987,0.030442322557241906,-0.0126870647248524,0.03762409413385101,-0.1354946373485162,0.0611179484811629,0.0006022892690421545,0.014535952885683143,-0.09665853137454958,0.03739622567739951,0.03133334005883656,0.01638165898693743,0.03705240485785191,0.00842157538470661,0.016389118917075632,-0.011911514286534985,0.0674699960774027,-0.022785514956556892,-0.009999230157077174,0,0.7698334900755486
76885,0.14183224933283212,0.04878386516598152,0.0008210125823679681,0.024367915980243248,-0.14879019458960388,0.053266539517720604,0.006360582709074974,0.024180899732507057,-0.09510215429268458,0.03305148266910382,0.041779566302314684,0.002693581283741299,0.03329335909147427,0.009480853713319125,0.005412560394124747,-0.011246177106834362,0.06801132002763659,-0.014993845514971602,-0.022134334939351432,0,0.7856024949458879
76911,0.13892256979456089,0.032469898277569985,-0.00852674595238285,0.027011370787485566,-0.13628224147395349,0.055527316252441075,-0.01551170808085431,0.027781141221204876,-0.10827354798029995,0.03599733844022186,0.026398898910264007,0.018716162027392864,0.03458824954603054,0.006279387786929451,0.0030514614190265813,-0.01175797083815409,0.07157087190580391,-0.01616585220029074,-0.024581119841086387,0,0.7994138527359534
77016,0.14117962520749625,0.032636849038359804,0.002527378878281027,0.031458630426389196,-0.13772902654918479,0.043825309935911466,0.0004060577777198074,0.019594595563181844,-0.09768256965638568,0.022514638662896557,0.01875496327330779,0.01787304981173632,0.02694367779618435,-0.000690102169529923,-0.0028316451841662897,-0.007636070713579193,0.09096628991584906,-0.01745822614898041,-0.002097588864548191,0,0.7148062955736879
77049,0.13144746046263525,0.03741300979133286,-0.010029677363665196,0.04182933218701044,-0.14207450756188678,0.058587872036926954,0.004557206871580743,0.03288230444599416,-0.09591731781279965,0.03728470568535332,0.0311633652951479,0.02960660397979531,0.030794418133883818,0.006866755008242738,0.006077267383411882,0.0025058182879151743,0.08294734667988617,-0.023756191222647688,-0.008293813047628275,0,0.8140349732577443
77051,0.14202642733827406,0.05342791017221489,0.008059021966628551,0.02043689896927672,-0.14779034852864828,0.05388526369355148,-0.0012705455395656496,0.02780855668570296,-0.10509840315592525,0.030122202332101992,0.028388833427821322,0.016905817005841595,0.028679119123348976,0.0007208674869515531,0.0127143867064507,0.0022975941830582357,0.0872461001763113,-0.007999906057144493,-0.018226474596252845,0,0.7931046771450708
77077,0.14192085958831674,0.04929796345616109,-0.025123063408870546,0.03252603022219987,-0.1331818009942039,0.07935072648792538,0.017049962418009944,0.034444834229683814,-0.09584700764327087,0.03629491263720719,0.03352133071053496,0.026068519206535964,0.0345165198100825,0.012402838840538891,0.008835482422026109,0.007053553866370449,0.08281606436756146,-0.03276715095511875,-0.0005109332804426236,1,0.883529554545061
77139,0.1511903880417937,0.05138193495258205,-0.006728601138698341,0.031437837532652675,-0.13447812610034815,0.05861897032590758,0.010622403475149648,0.017720450178532784,-0.09203286475293594,0.035375463298816745,0.029260823740364764,0.017865071424610524,0.044137610460559085,0.023877109939694673,0.01843510214973186,-0.005698609791251565,0.06553116729696515,-0.032274459693703204,-0.011174505690042625,0,0.8378414999843411
77218,0.12978147410635416,0.03353686876688817,-0.007940022195592943,0.038881855571392766,-0.14054279707322268,0.06731616829591094,0.005698004624874842,0.010020018221175469,-0.11303261691791797,0.028277403912133597,0.032288635881200956,0.00815198024881046,0.031729445282853104,-0.009548207859230995,0.021336250210930524,0.0009446915523085178,0.08744076320691525,-0.015016560903980602,0.0012731330727786562,0,0.7827568979044726
77235,0.12221173359035656,0.03693889046563998,0.015037687630713597,0.03153449283763855,-0.1368481081258063,0.04349282492369885,0.005905650325334218,0.024055295897280234,-0.07698045914631979,0.031184595841728883,0.02471493839232983,0.014586222574223555,0.04015177703930389,0.00766491635042187,0.007101368127934993,-0.007009505382828328,0.06953501250445011,-0.022785708015947228,0.005321090034631558,0,0.7230602772065884
77258,0.15523308883227444,0.04565899068269518,-0.005205401113193647,0.04270177278955014,-0.14703993103436092,0.056939960780708454,0.006702419487303845,0.018269679555545603,-0.09748087808929265,0.03507456602885374,0.02149866226263215,0.019525175225379568,0.03899656793636927,0.008693495183344734,-0.004765403211364325,-0.002447172678811706,0.07479356289794203,-0.008711889805474195,-0.00422291263176324,1,0.7939615302268598
77279,0.14572919948324747,0.04553437089458582,4.3014500339857e-05,0.01780751531425135,-0.15004121126200448,0.06053670356198349,-0.0064745414745940024,0.022863008411819933,-0.07986869093743593,0.04050055001771373,0.030624335438517405,0.009589212224122904,0.018716435398817382,0.006126505587339171,0.0068462256571424724,0.003268506885252134,0.0834989296417298,-0.01939562798119907,-0.008859113762396325,1,0.7563236984344928
77282,0.12903311088584354,0.04704520934988984,-0.022067076712020454,0.02591564189169561,-0.15236821145124382,0.04290701942397044,-0.005487057448054355,0.030075130112382862,-0.08720134482782514,0.038947512839500445,0.016523988968214675,0.007835053466803504,0.028309146369731163,0.009285370487228555,0.003685665618171287,-0.006362570555383827,0.08258905579949001,-0.013667781487704847,0.005692004417367661,0,0.7549979521125221
77313,0.15032643357566544,0.053831086842785876,-0.002067089305589412,0.019855604108188925,-0.13500406391731948,0.07033509432343002,-0.011704451300284701,0.014329953986682967,-0.11706741775185081,0.04629770399487649,0.02085541989950492,0.00800752061863202,0.0283715588499824,0.018132127939344454,0.013967908618210036,0.005293118863426919,0.06865030162433877,-0.009154391164337906,-0.014189232751434473,1,0.807440479435886
77329,0.14192928424813978,0.0496190366687933,-0.009467407533068397,0.021463612201887645,-0.13343202734537693,0.0857497278391799,0.005875541312717555,0.023996941784595476,-0.10747088390310697,0.03363345682463095,0.03379140559531852,0.020867848331687037,0.02780304154358709,0.004285968717376099,-0.0012998902319177887,-0.013444216612019465,0.07581845320476244,-0.011437932137358229,-0.00786321529611713,1,0.8092498913316407
77343,0.12858755741480457,0.04918066648712868,-0.0034000059519400526,0.01777096666927145,-0.14926192023316956,0.0586341426455472,0.0021256315931500423,0.020868254835591352,-0.0909544371101446,0.04203727140337367,0.019562926278334492,0.012792743074689247,0.04144831320672806,0.019322043224571213,0.02319736388195411,-0.0061001074349570205,0.06958048393885585,-0.018637612188218886,-0.007858443723505382,1,0.7813208912959354
77366,0.12829303853327845,0.04454175817044566,-0.008105070505953825,0.037217791296819916,-0.15555465070811092,0.06346579234142193,-0.0035786576544150077,0.03277601152765239,-0.10036426964388379,0.02977959739452884,0.02902599727663271,0.014026037458718983,0.03876777361275013,0.007438513518293858,0.002281505482550142,-0.009386659815144003,0.07207861750784596,-0.01445499061502645,-0.004015889618560308,0,0.7951526226820332
77369,0.151492245634272,0.053045529060119063,-0.013597382049265867,0.03326748256880103,-0.15510019446108658,0.04922006634163547,-0.0028167749169466056,0.019209444350647982,-0.08399955054441854,0.044516325941596734,0.043101958265001725,0.02960449719895638,0.030784627758833817,0.00015872922331898457,0.013497918658317884,-0.018653408775704875,0.0792583829509859,-0.01407534382335919,-0.01296651799569703,0,0.8483663805189656
77419,0.11365306155333446,0.03849367120052626,-0.007160925296324042,0.03871339324103921,-0.14592784443186016,0.05519626061265848,0.0016958578569557408,0.03048212519671871,-0.08128835090673772,0.032208278651137096,0.03091454052231683,0.008942672985952332,0.04159770549453061,0.020857952369138472,0.012549678644701297,0.0022866540051744637,0.08237778253382988,-0.011346736054578466,-0.003029685621379292,0,0.7587231771788935
77608,0.13494663125609366,0.04401114041782669,-0.0019209895269894917,0.038571771867479676,-0.12798570040245993,0.04537067526650248,-0.0002540150636126108,0.012561339624586354,-0.0956482068207055,0.04088079291519012,0.022163890009997095,0.025628197253632128,0.02887290242746375,0.007188637039403926,-0.004208171591640025,-0.024898733711924397,0.06715891957659094,-0.031113565720474388,0.0036212558602522014,0,0.7570055363528254
77610,0.14064006911675286,0.05085378410067895,0.011924469280041542,0.02959831601235684,-0.1510884233739442,0.048135311217748555,0.0006012711698248821,0.01590333270161504,-0.09598583937203178,0.038318610923753334,0.027533112521312807,0.01445680806324706,0.04856728286457271,0.005441007404935979,0.005866975442403907,-0.001466998796168649,0.07744750250703089,-0.013924018230715903,-0.003550018808150113,0,0.781303151907286
77618,0.14162145231747642,0.037728209705748916,0.0076915578159904305,0.024609579692217037,-0.1335343302879023,0.050073082253360504,-0.009363329663888666,0.04086247842372327,-0.09871617999725166,0.03335639696111614,0.02733217644262362,0.01805808536120294,0.044506772872479866,0.01062084306177934,0.020628449815091092,-0.013004602588953945,0.06722552188963048,-0.0027496334312464756,-0.00476004480947237,0,0.7864427273911555
77634,0.14232323236927513,0.04250981713614593,-0.002912993931058194,0.027197517780498826,-0.14531330993039374,0.04608788642768595,0.01036179939059625,0.01638806151713683,-0.10146692121865206,0.02896443147326851,0.033517577123427546,0.01853531386941452,0.03162617767996701,0.009030327205384447,0.011167833378890669,0.0021758041336621048,0.07834912219720858,-0.01667662291202311,-0.004876157846592104,1,0.7694809075212815
77832,0.1385626585451039,0.03851391160085138,-0.0001312465116004176,0.043018545944949714,-0.13065495760949755,0.05841148779115409,0.009219720683546,0.01314632408392763,-0.09412763973382941,0.030541793166358716,0.03518741301908107,0.023086818296641026,0.024534186927629587,0.0023559610612691306,-0.0011727250657731722,-0.004918130183189404,0.07071525381701019,-0.026484974599541206,-0.022393542178599218,0,0.7671772908195529
77885,0.1479443442352548,0.048842052581594096,0.007998201360684165,0.03437281916084361,-0.1406266323517791,0.0632827874365315,-0.006866168258059372,0.01481579974030023,-0.09146420350543401,0.043007710144881625,0.020098556373550014,0.017543098567692213,0.029286743558650512,0.011483096956484097,0.007765573852035573,0.00019966940705001262,0.08378071833983378,-0.02597283048855691,-0.008255797279351605,0,0.8036068035985672
78004,0.1302303779337845,0.030437702989493578,-0.004445924646693453,0.029821537805378356,-0.14395366617303196,0.05670590221440583,-0.0071951198099989,0.02313712591271552,-0.10176047374539203,0.006809763178826028,0.006316654138769095,0.02463695513798391,0.03343943578588522,0.010177223551736754,0.023165108573631066,-0.0005249951537577566,0.06629627431280348,-0.019644824944645253,-0.01339363386730863,0,0.7320926998762414
78132,0.15854885126540408,0.03647177451043487,-0.00714348096662723,0.04515081881284601,-0.14828118895490688,0.06743850828064311,0.005056318621694711,0.025131043649185312,-0.09896635213326999,0.053598083311359714,0.018701599818756333,-0.006324046163328224,0.04028877245203738,0.0032322182961673713,0.011958954228689757,-0.015608892339426441,0.07267841193836994,-0.0010642602214520891,-0.02230105963835895,0,0.8379446356029584
78174,0.13739400581559635,0.023052220493860173,-0.007718929963480955,0.033618407789916045,-0.13854076882858204,0.06550463007018205,0.003626784234067852,0.023708930333556737,-0.09607240321223202,0.03403050077260459,0.03391194585895065,0.018222308464839847,0.025867731430543932,0.005811816113444431,-0.002749558053341734,0.01332350179689154,0.058872380558555974,-0.020269609432648085,-0.0009063041409213389,0,0.7432027373642164
78213,0.1478487140211603,0.04234460816241814,-0.0009592691069521084,0.03317126932113307,-0.13360053516416945,0.05131895836868782,-0.009721260884592872,0.017338736998442322,-0.09161124258945132,0.027149595627649036,0.03398288280642289,0.03180568497041364,0.026932208709411008,0.0009475783561833398,0.012464561047202614,0.005721464678686324,0.08883157990844755,-0.016636175467917205,0.004133780516976435,0,0.7765201067063174
78230,0.14329635473565205,0.04827246415020462,-0.008526332336970513,0.033541671259198734,-0.15598118525415464,0.0647912183633273,-0.007602193558799121,0.010732752967280173,-0.10219813423411624,0.027636178416030777,0.017377909488247117,0.026626934848746744,0.04323561396660543,0.014148667827629151,0.018581362932764616,0.0029912545979172657,0.06392816362299193,-0.011957244888096116,-0.010556031206775398,1,0.8119816686555079
78356,0.1366247808430695,0.04013835475925592,-0.012498051405147027,0.03651606187727528,-0.13902889138399796,0.050453697425687984,0.005939409501545937,0.023599238863438305,-0.11026497034755095,0.032698671009535926,0.04012120681809153,0.03126162352041098,0.026473261368739797,0.00707139151182765,0.01195960099643887,0.007068089199339831,0.07594681889653193,-0.022696504465360853,-0.012185062608271372,0,0.8225456868015176
78360,0.13710002807685437,0.04621216073121731,0.0005630118356177461,0.020798689780958706,-0.15031455497555288,0.05886783764418276,0.002590236012518927,0.024993700630847854,-0.10113438130182614,0.027841174385860427,0.036406443371185065,0.02432286276650306,0.0321356203554798,0.012683951592567761,0.011297944749639377,-0.00022792685451478,0.06642691818622035,-0.011181212860267003,-0.018678445680475744,0,0.7837771017922901
78434,0.13651209181262547,0.030545455389319378,-0.014394516450915487,0.04090046490836736,-0.13041344410987765,0.05191000497880032,0.013274985500165908,0.03286005282612221,-0.09498618145486892,0.025992613774530045,0.017534874920169485,0.016585883544907365,0.025076139254697337,0.015735341924382553,0.00757019479445828,-0.016777379845703835,0.06921698332110461,-0.005152264804167133,-0.01570119025876544,0,0.7611400638739488
78477,0.14046688166149024,0.03663425475446208,-0.008448201974031958,0.031026650391717647,-0.1393595932950411,0.05921596475528573,0.012453491383304703,0.02300284351655651,-0.11271586258109895,0.020826312708265775,0.030864809498050726,0.01766798162798156,0.03369579458431342,0.015516085871784097,-0.0014704641041662137,-0.014082763009873173,0.07391489664583732,-0.019670216285714092,-0.0030120904345779034,0,0.7940451590835532
78485,0.13624627284542018,0.03366597448781858,-0.006656738132207887,0.02179746152425507,-0.14513866661063018,0.058248796378284756,-0.001292400913488689,0.02155155631742546,-0.10609066227639884,0.037910884652490255,0.022129232553695925,0.017963473338828775,0.026770962339706435,0.006069125320238534,0.009860135042623749,-0.007034770866118183,0.09436724598119589,-0.02211076691594063,0.002308534640270117,0,0.7772136611370382
78579,0.13667732710565517,0.034002163588506495,-0.004293746939472548,0.02520834951358919,-0.12713724836536805,0.061748092275528625,0.010968271928788189,0.03033342435043495,-0.11145801361779518,0.01801745887747483,0.026080601459636008,0.005350572188501587,0.028046121798346136,6.409870431475329e-06,0.005788792899510802,-0.006735385276205386,0.07926794647718008,-0.012944767597716792,-0.01868083835117508,0,0.7427455324813166
78771,0.1463263070351328,0.03756866687444636,-0.012063143918329874,0.02223577495688643,-0.12500676030033844,0.07053091978237389,0.0005247089946123363,0.020007276755075763,-0.11208402183758316,0.030381949359146017,0.024099688429998226,0.0003144208453906176,0.03336915362561836,0.026202210081352918,0.007232970627487021,-0.0037674237063941617,0.07537569588288882,-0.02271864513158101,-0.004875352272489434,1,0.7746850904171256
78790,0.1345232682091363,0.06310299915981551,0.01313321047465335,0.04538085109327459,-0.14068344330351848,0.0742941226351194,-0.006032991170665001,0.03858618487882296,-0.0957435361199863,0.04023579922639163,0.021832516522333853,0.024630209124357403,0.027069073408717087,-0.0019976460766156063,0.008456063765466785,-0.01236003913459591,0.07552080512757194,-0.033634484375156024,-0.0030281051506090696,0,0.8602453489568072
78795,0.15012371650010076,0.025411075382878564,0.011845131195351397,0.023063524931309417,-0.15276358424641226,0.07771400151631454,-0.011330793744077703,0.005771394863838461,-0.09312319384327794,0.011028366787768546,0.010743452274337708,0.006409316526287313,0.03355831450938588,0.002816895313981927,0.008167635924328088,-0.0037845539127747936,0.09213766307081399,-0.02591676844744946,-0.017471521549534783,0,0.7631809045402235
78813,0.13947704420375928,0.050659708288189845,-0.010439445587389165,0.023186424566632464,-0.13786986927727737,0.047003955189978804,0.00826565666251269,0.012346594847950866,-0.08369664591648893,0.03431192458636502,0.012402421195746334,0.03288374083891074,0.032153630006627326,0.0046660950759551695,0.006848421944017956,-0.005429827005554278,0.07477194331645791,-0.030169360608959316,-0.01955494885553256,0,0.766137657974306
78887,0.12614148856269616,0.027236431838004997,-0.01198106993174753,0.018225945442804377,-0.14683753006939262,0.06074698272473382,0.001215505418564518,0.006954811486836887,-0.10403572411486495,0.030636236804578762,0.02812526274283007,0.011893690093409156,0.051515033336252576,-0.0011412431347230607,-0.002957717623347785,-0.004651726391393935,0.08341387924368739,-0.014672659797635842,-0.019858477975508895,0,0.7522414167330134
78896,0.13670777535574782,0.056165167559601194,0.0018400712780348685,0.028081119634832164,-0.12269640834458682,0.044842576501466336,0.002446147776267431,0.030433261268996203,-0.09525697935587074,0.03360207517844045,0.029537429510133273,0.021307392714987772,0.026333900853675308,0.01466122420705113,0.023579238549363668,-0.009512380993436683,0.062763602381925,-0.019993201723193278,-0.00026231459444065635,0,0.7600222677820508
78944,0.1285842283645602,0.040872653619272115,-0.014157767440157955,0.030857866644885403,-0.1452528811563698,0.05683776151420891,0.0014383873726682504,0.021362975311471338,-0.09379049544433736,0.0296570927783783,0.019314457239865086,0.01803198858296675,0.022264183200728795,0.004495607079513556,0.0073002859036362605,-0.004136867490728784,0.0774186019179672,-0.02216105804427912,-0.012571900999042405,0,0.7505070601050376
78984,0.14216511233582485,0.04843704512013208,-0.00889114315828956,0.025058991534781135,-0.1347515781802727,0.04980936488021899,0.010995149463969433,0.030899040634317376,-0.10527999881650123,0.03161003445568591,0.020536295220610207,0.015948032730458323,0.04319071253361492,0.026442362150911013,0.0008326739423112155,0.0050788291457271395,0.08958426247751247,-0.03132611478916831,-0.013609015161548464,0,0.8344457567318553
79008,0.13744780069639534,0.037330718405657895,-0.0042987809590130655,0.02949492583303758,-0.1304193282600798,0.06501563158266652,0.005488765313401736,0.024999876449803175,-0.10778836735558087,0.04173301563804193,0.027040881874485903,0.019732538406091304,0.03199256358790524,0.015227485433789916,0.011700566615373489,-0.004939879385145062,0.07972518155197149,-0.017258469897763785,-0.016915480259099776,0,0.8085502575053038
79091,0.14194777940810532,0.059610674208812955,0.014738655908918314,0.033630410395433095,-0.14070466650009394,0.05880775198463434,-0.0027437980743484293,0.01466678404503792,-0.09712576678270039,0.0385814755105121,0.024908399344262176,0.030928096288718003,0.030497098111174598,0.004096897637044875,0.006230020144102541,-0.015000047331804284,0.07692366878788923,-0.010511788323333902,-0.0015993541464610394,0,0.8032531329333874
79196,0.13820495223619764,0.04463205823383409,-0.0007277736148216682,0.02157155634133151,-0.14039541841463418,0.06019884827252558,-0.010054956990552137,0.026778577172412842,-0.10431456618790441,0.04126750119368118,0.032477294070338815,0.01821514212791346,0.030757492952872625,0.010350565676243513,0.011972718245070365,-0.02039137688602402,0.07412566049262213,-0.024352639639213386,-0.007754274610792216,0,0.8185433733589857
79226,0.13816354194918784,0.02584746787283804,0.003740028647474688,0.024978027821852555,-0.1234836746919245,0.06161815746441831,-0.02795961736604603,0.015389155882202729,-0.09013393975973961,0.04650890642351463,0.021879732332193084,0.02586555890744276,0.03257998096852151,0.006061017039116195,0.01919253369746952,0.01125165191451747,0.081843321351078,-0.010049331180510063,0.004800326906880889,0,0.7713459721769285
79266,0.13812031325545032,0.034827853892922,0.021455449343640548,0.04382684291947824,-0.14011718416867242,0.07660436852438487,0.011617076435451006,0.024107646319247705,-0.09309380518371121,0.042308175982032355,0.05007700196261155,0.01708978847970848,0.037040980808448275,0.010047546420596342,0.008015821965627652,-0.010999890986627955,0.0748435853539768,-0.021170398851126773,-0.024392891073146936,0,0.8797566219268614
79278,0.12862435113643877,0.05430192961112475,0.002907225632406083,0.04029106829192772,-0.1389815061429942,0.0646134774966051,-0.0005388257677386696,0.022209196253748422,-0.10349394246855251,0.042918117325075195,0.0369676189423102,0.014345719978576844,0.025158731749563516,0.010115586632141097,0.014664599897590322,-0.008251395272903563,0.08180447797729866,-0.02570747741952151,-0.023004034248094784,0,0.838899282244612
79299,0.15296131372452956,0.03481780169663425,0.003509033849862939,0.02115955378198879,-0.15614462024141892,0.05796032613862541,-0.012192747450942754,0.023492315776481643,-0.09219427397998299,0.030084546778728717,0.027749966201112218,0.00040356876127707353,0.042824734865346735,0.012366217661746459,0.009702887830492921,-0.010890445530023855,0.08453372176397422,-0.009178551207788125,-0.008014538233471171,0,0.7901811654744287
79386,0.14573552012039,0.02646306156344023,0.007636970231954137,0.02694551077195706,-0.13787945028008747,0.03425890450988814,0.006980854852987696,0.018748132060637954,-0.10592576555693492,0.03435876150021946,0.017497098532425325,0.011882658272615696,0.037268292551120394,0.017402088802523877,9.170518520925023e-05,0.001436823212315991,0.0762331991409319,-0.023304025895261996,-0.007064068117660608,0,0.7371128911585622
79398,0.13908185797615,0.05702922032476859,-0.00202630483639196,0.03525490284465145,-0.14007243492337088,0.055191388509661814,0.00973098385040736,0.020664370187864003,-0.09010188133688257,0.0234435889064533,0.02856143058796512,0.01427388532679183,0.030842637186597643,0.006426971440872177,0.012090168414799207,-0.00024802178519467617,0.08896369671729011,-0.03844146294566875,-0.017988073708724312,0,0.8104332818105058
79459,0.1302890974093152,0.04549024004361418,0.003114673838214976,0.026679154086538676,-0.15626970751210853,0.06504530506570713,0.008442378987185915,0.031078747127335424,-0.08165245124254235,0.02760999531043418,0.027769456118529805,0.009033879638617447,0.029236843569505212,0.024426995630307553,0.004706316293580922,-0.0044735694078914,0.07928685531895995,-0.0113880234450089,0.001937893122993828,1,0.7679315831683916
79480,0.14107468868954598,0.0335039023162006,0.002188506929845501,0.026334780697881872,-0.15958870959329108,0.04554436001404878,0.0006339654216688988,0.018000181617590847,-0.09200052841927504,0.040707248972480424,0.035160272630089175,-0.008412322250098941,0.01642175275241023,-5.2651174178329625e-05,0.011016219169792845,-0.016029850001394595,0.06873825836453187,-0.02296177954407042,-0.019687764903211724,0,0.7580577434616071
79502,0.14984162136894227,0.042789267719300667,-0.0019736092759818228,0.03556164474649859,-0.13180713433911156,0.06105274111835582,-0.005827337622777866,0.014281138695364433,-0.10929762825028268,0.03426714399608358,0.026369340479618326,0.008471586858063016,0.04325903954104989,0.0034657610900400114,0.0056903641096517875,0.0003287708617032022,0.08766229503492093,-0.017006318843758302,-0.020293763735554363,0,0.7992465076870591
79539,0.1320247662765583,0.05175627173722927,0.00411038266392293,0.027691138093354713,-0.13491301943970102,0.06066531974476153,0.0040045697197161265,0.022599031805370245,-0.09718645799885806,0.04730977794732144,0.02130016966964133,0.014691910952552928,0.03868906794280471,0.0040445195451326455,0.011745379896563258,0.013644799393036056,0.0736272437885646,-0.0252900083034419,-0.014616543257764228,0,0.7999103781762953
79714,0.15044892178311006,0.0433600971224076,-0.004566181579138295,0.034575370302412936,-0.14623444847819866,0.0684801138319006,-0.004344090124521215,0.025805726984742115,-0.10638569938460457,0.03424857727249408,0.02353563283593154,0.023914122800688966,0.023026246230408994,0.00847810006746232,0.011272966318264466,-0.002626738176304534,0.0782054940013685,-0.01657276465800163,0.00934115885223036,1,0.8154224508041914
79717,0.1439972059670485,0.04774171381512495,-0.017892483862403705,0.026265594583347436,-0.14467880286591564,0.046471954634640975,0.008337405197115793,0.008369416468528929,-0.09935052416782457,0.03783757779252893,0.026463683871286493,0.019422454248914586,0.027956018257993723,0.014849481461089746,0.01710113616087904,-0.004749625681962151,0.06846502245472166,-0.01131056312043974,-0.022244462473585917,0,0.7935051270853525
79757,0.13040851795281616,0.05914336931039303,0.0013599062592434437,0.05493449002843555,-0.13507020744283693,0.058787699818507684,-0.0033426796646901444,0.022579784537960924,-0.0902035494875372,0.03683955237462607,0.041114033359982406,0.01911508102320209,0.03821320478136715,0.0017456386784256979,0.0035541851974899815,0.0041876242142314035,0.07745358059635195,-0.00916139904084899,-0.0008986812742282549,1,0.7881131850431751
79875,0.15101681755742752,0.03613666980725452,-0.009192234048029723,0.039951369303113556,-0.139309064759702,0.07009834227810492,-0.0012479047894570264,0.010028708233690568,-0.0925733013241616,0.045519325748900996,0.029185047577406413,0.022003351887547002,0.03357643772957911,0.012075871562799618,0.015362444261217694,-0.018109675270260424,0.07643098582587661,-0.014279261183557605,-0.004275901465491031,0,0.820372714613578
79908,0.13703724724636437,0.04455463429387915,-0.0041763268550704695,0.01932032961411969,-0.13518520098782344,0.06281884709625252,-0.011764118841591698,0.011588798115861396,-0.08124165880906002,0.025856921990763327,0.0233268570948563,0.016297172509402873,0.03249030019545996,0.010990047423898586,-0.00903148779729115,-0.009507276127156447,0.08133287871105117,-0.0212798381546021,-0.004650293348098114,0,0.7424502352126028
79920,0.12718904138719736,0.04553020358937002,0.009911974444732068,0.03407180647811421,-0.12543184462593215,0.06383898253815055,0.008710201668566703,0.016329378442922926,-0.10181216242988118,0.04100814653105203,0.018393233685745282,0.028900677187905892,0.03367019027521582,0.01384171958409652,0.008039922224815099,-0.0044649528754237755,0.09038235583674395,-0.011005725713465163,-0.017928493325844886,0,0.8004610128451756
79947,0.1390400192905206,0.03439727386507567,-0.02524011877947041,0.03409675555882001,-0.13971730649168876,0.07026250276216205,-0.0013762483514494456,0.024143491048425787,-0.10672683104461222,0.04152382423340464,0.01490657403357839,0.020677640275154993,0.03029698361633514,0.001536727179011996,-0.003296771821788565,-0.010636852660816374,0.09017584722826562,-0.02015890274371139,-0.0027044410141406046,0,0.8109151119984327
79958,0.138428588280551,0.03770259261464855,0.004119561923029972,0.022272670939155935,-0.13698112849745128,0.05827951948246166,0.005416677884188183,0.023062551566748718,-0.08740119029815198,0.03601766942240308,0.030159268389076874,0.008822640572939827,0.019971850476060097,0.013691291680083371,-0.0018973410871902328,-0.019670761618184894,0.0712763144838606,-0.005188341348343939,-0.00022972308856029672,0,0.7205896836530905
79984,0.15901506665098095,0.04718636024292056,0.00027669533543173055,0.03551382692310863,-0.14105271902918123,0.05537096473114533,-0.015362852205095614,0.016497036851897313,-0.09482024734942607,0.03314703866995813,0.01754677506767649,0.00911840217626269,0.024158676148370296,0.01496070066696939,0.01176180464861469,-0.008168534162257124,0.06707289836030185,-0.01838463239551284,-0.007144442494052464,0,0.7765596741091634
80126,0.1510302665192897,0.045907975562798964,-0.010560495048781723,0.042936627608333694,-0.13437273021462148,0.044551618566886504,-0.006418653746292545,0.014658378014459444,-0.09512032241451401,0.042615416258062144,0.016317050796752535,0.02296807308850247,0.03972375190675592,0.004566214998539092,0.002442822119156922,0.0014663987127507604,0.0872895271344605,-0.0304348820654136,-0.007553401949306433,1,0.8009346067256784
80152,0.12901017199998344,0.05546914660945317,-0.001656438880685005,0.02117986554957219,-0.13493884607599574,0.0708108745131785,-0.005087817871588057,0.023180235803312747,-0.12200089385542312,0.03577278263658111,0.023899248831713817,0.018481467804091618,0.03716859823190967,0.00872711446438413,0.006561280981462633,-0.002623257012747714,0.09263336350133336,-0.030338649949380795,-0.016207802543429472,1,0.8357478571162262
80227,0.14294394121754822,0.0456741351957888,-0.0034519512315670294,0.028393357291094136,-0.13833719203987396,0.06827604508514257,0.005823182709186648,0.011560284580332305,-0.10578653512955706,0.03310462304067311,0.019654779010842612,0.018004362459837133,0.02849950064691333,0.007636591777372504,0.007853154919737395,0.00411871012169191,0.07463022841349573,-0.02871857015320656,0.005569867429886081,0,0.7780370124537471
80249,0.11753371422545905,0.021845292385877464,-0.012904892385337352,0.02782661131331245,-0.13249066498160744,0.07209362149443649,0.006713640368549449,0.021969165999474214,-0.0874475847359263,0.01445462225554638,0.027203571783845974,0.014218275550491315,0.04049742634681708,-0.013669819813292378,0.006837872432400223,0.00015940631965891784,0.0760763632371096,-0.026390190050362024,-0.020100966300726292,0,0.7404337019802304
80316,0.13027657333267728,0.037337791589131225,-0.010912176103794153,0.03362239323557755,-0.14280538636181936,0.05930410949913866,0.01522334911791782,0.02987682553836212,-0.09621014969652257,0.024776360701584104,0.014137758924527705,0.02554603130748887,0.03880674327875565,0.01967532830764678,0.014346362894148007,-0.01689511358504029,0.08608712570312259,-0.025009422626430296,0.007713652842300257,1,0.8285626546459853
80367,0.15148746492679516,0.043963247834975,-0.008242375473885667,0.015216573481099246,-0.1431370762059749,0.06205006809100008,0.008116055772161639,0.013601866757479809,-0.10656243786514136,0.03103528726039027,0.030255878859924867,0.021603925420978467,0.04484192020400905,-0.008299796423136108,0.011361260108236645,-0.002190492709723334,0.07375898001112988,-0.023034595469758317,-0.010695174748189365,1,0.8094544776239891
80437,0.1492858829169393,0.0362726811278633,0.009395399709246624,0.028980442142116793,-0.12612649519851984,0.0478469283596221,0.0044525741543485885,0.01841252472322775,-0.11080277406047756,0.04635571922345101,0.030640968616556744,0.01326539881677194,0.04150765259156361,0.010669813914975118,0.01437865967628745,-0.001021180304369553,0.08428953548822511,-0.006516988787438504,-0.01613941340316481,0,0.7963610332151657
80502,0.15002521229633337,0.057825996613729926,0.013545390367336813,0.034005820740079185,-0.1262838099051984,0.060848722965620244,0.0007400548653199557,0.016960978502442943,-0.10189397245568992,0.02288373522047081,0.03305186701863387,0.025419060474351354,0.032857250336884754,0.006212182650425447,0.006373610349399502,-0.016490335382237487,0.07108586984978874,-0.01567582043830637,-0.013304969914954303,0,0.8054846603472033
80508,0.14806467326719353,0.05064741567484924,-0.010429693709383103,0.037080580024104845,-0.1325401341116719,0.06837580508957053,-0.005558991862175986,0.03514701326465417,-0.10329575285991455,0.02733907212697138,0.0391590922932207,0.025002131688741724,0.03559435121733366,0.016170042374704322,0.0072031469902710775,-0.005410386098670639,0.0695969372971771,-0.026675290765196473,-0.025321020044650235,0,0.8686115307604552
80523,0.13903951686495244,0.040949085158398894,-0.0019456989559488477,0.0316771959716273,-0.14497309203866007,0.05287201682473459,0.003579982960073702,0.03210091001634608,-0.0935950129991959,0.023688115546066084,0.030159949761445773,0.0228276988618663,0.039049423650192476,0.008930777612322418,-0.005956081030256898,0.0038318211721087713,0.07497062383407437,-0.041263588328508245,-0.019748664731772232,0,0.8111592563185513
80585,0.15385928594896953,0.04909130874728583,-0.005714108658241632,0.024678413550660465,-0.15226662240934336,0.05628980898537397,-0.013416181821518732,0.023020039794034445,-0.11538780966520021,0.03805544865444614,0.03052816171948153,0.023931793081746488,0.03774497386257801,0.02099751272211362,0.01985297850394937,0.0016570507919227283,0.08003558888397046,-0.03147426160426349,-0.008393568782022751,0,0.8863949181871228
80609,0.13696913591617993,0.03323545015732902,0.0033806278723734194,0.03532128841104282,-0.14220083520488055,0.060588557004208766,0.014855713484893576,0.020328116924816255,-0.11754301166885014,0.03661444070521528,0.03950290001564844,0.017809303462133386,0.03081724650350524,0.008294189329383247,0.009177981374255658,-0.006769648156631242,0.0764617534107594,-0.016839911352146464,-0.0019217212371736958,0,0.8086318321914265
80669,0.14781864614445622,0.05056984584664266,-0.013870956049804773,0.037560451769285914,-0.1329978963449577,0.05403490749633816,0.007841477175963153,0.02195223274285991,-0.10614003807349692,0.024640702648926018,0.02139873399915569,0.013598105875676357,0.039401896202703915,0.030928385437238783,0.013168812439323285,-0.009185170712854787,0.07624438817111234,-0.016783478708440453,-0.01143713318894464,0,0.8295732590281817
80894,0.12678910532295973,0.05141114172832914,-0.020959189059107278,0.02012256317770596,-0.1561526205329639,0.06588056283289895,-0.0025560095770717347,0.03559395968173679,-0.10199412751693275,0.04019844435727537,0.02419181088915586,0.034420745482280586,0.04021580537438117,0.011407297626680154,0.015889637333175614,-0.0036380068504420033,0.07796235901728056,-0.027364685298305838,-0.024642005693672836,0,0.8813900773523562
80923,0.14166581940484838,0.041903250227206236,-0.003050629857221294,0.03241027666507552,-0.13974934812697185,0.05465200190432391,0.010053733513635537,0.015567237214354086,-0.09653673156079251,0.023961821577044105,0.02192020558800123,0.004039322113422116,0.033681070074929646,0.01777503029541948,0.010327231455009547,-0.007777974683611951,0.09029965581171565,-0.01144682757724025,-0.004944120272103929,0,0.7617622879229272
80951,0.14155776090665767,0.035603794368237816,0.0025252854830908277,0.029687000776030713,-0.13210885828068317,0.0641634109815722,0.009622562481487148,0.019123211238162532,-0.1021460284048959,0.027910220557551414,0.04183354752826606,0.024582531715143904,0.028443376447660037,0.00871460694563355,0.011567860662786058,-0.008156076807100279,0.07899183722772606,-0.02405827931979759,-0.008058226662723482,0,0.7988544767952064
81049,0.1319584687137712,0.030484768870325963,0.0024756314213187003,0.03025146451685356,-0.13948630099582235,0.07297147503139811,-0.016396264183219756,0.02837380966078945,-0.10301395085921096,0.02346649335136471,0.016871996949081362,0.021138382316000785,0.030575903834265655,0.0037153359967331354,0.01002395104580851,-0.01346762521229643,0.08059782339629462,-0.019954420850609975,-0.0017336874941532917,0,0.7769577546993185
81068,0.14183802655339225,0.034164168705232666,0.005668342257200913,0.02083197315928085,-0.14283872691211955,0.08585567140499269,0.01697772845123157,0.024214988390276474,-0.11114777766388163,0.04222767627265228,0.02391972125348939,0.002063152830584505,0.03602833519597055,0.02376967305345312,0.004107988173444014,-0.0035202682489237284,0.07824078803642029,-0.018864375332493258,-0.020392049884351362,1,0.8366714317793911
81158,0.14718962727278706,0.034150178414651323,-0.008468860289591299,0.043674724616003635,-0.1328401906408844,0.06065872631355029,-0.01768454144734926,0.012844234269858893,-0.09128040107700634,0.024445200003443197,0.029134447160085397,0.010949658303293627,0.038419914147983535,0.015512210007870422,0.009012301951184866,-0.0044439303020586485,0.07136488308128335,-0.006760797288045148,-0.012932248041464981,0,0.7717670746283957
81174,0.1517408552980725,0.03944816290720279,-0.011161850294610297,0.019881803649597237,-0.1409183366721019,0.05696355794610758,0.006454786713508166,0.011344992498169316,-0.09664242361702476,0.052266321005423486,0.035543963337290034,0.024226775772955938,0.043109130446454355,0.004749354406574934,0.002583959673124305,-0.008857651338060431,0.08983431548852702,-0.020813836572715336,-0.014400376214600025,1,0.8309424538521204
81233,0.13646417697228863,0.03462357933741036,0.006454646125423197,0.026667772086024007,-0.14417517133227833,0.061567045485949774,0.0007777837417262806,0.016255660406272774,-0.10308191037677747,0.02971954557699396,0.024601517523889626,0.02052691394483792,0.03997435911476616,0.00516624000809867,0.00845803779580666,-0.015869335370030425,0.07158498858084791,-0.02769160315199844,-0.011589836050531608,0,0.7852501229819522
81351,0.16349840495788207,0.04939941576936346,-0.0179150497759761,0.027899606256899776,-0.1408891733533362,0.05798623140856802,0.0023192307938211406,0.012016732492647925,-0.12113503381863212,0.02888728463365241,0.02609426200971435,0.015188842734226342,0.028300555744452473,-0.0028870641381893306,0.009972230275775346,-0.0036154923529454963,0.06972700862431652,-0.006369678642339165,-0.01672254823210091,1,0.8008238460148391
81390,0.14833309170767706,0.05437895251294537,-0.0002234146686043731,0.0439324432500538,-0.135143490736334,0.05176517991038907,-0.005186059909513302,0.01751868617328715,-0.09052769739692429,0.03933071938280294,0.027066688321433257,-0.002356157694344486,0.02978427691689729,0.006982976872057876,0.002625131520445715,-0.006968826764492935,0.07017874761849215,-0.016785061991034144,-0.018230538476203054,0,0.7673181418239322
81405,0.14832384616743638,0.04014651448987096,-0.010939647307070808,0.0320587363910702,-0.13092341623391987,0.0751295793095576,0.0010872873136676053,0.021608371227460656,-0.10222932978411085,0.017771266386376588,0.012512950058403527,0.02081510167900034,0.03678256108351666,0.0007176221675186065,0.010871405724620363,0.005936441223371632,0.08106437818076281,-0.013585005505041315,-0.01716958451542338,1,0.7796730447482002
81412,0.12832814982396515,0.0577428343169801,0.001284440187721629,0.03762609364581113,-0.12921899673035578,0.06885882536404257,-0.010453107390959022,0.014782150276091177,-0.10779104833507921,0.03331248035173066,0.029794332883617863,0.02523001206454793,0.028319175974591822,0.022476474494149138,0.012869806665494811,-0.008474517176428704,0.07963867302536233,-0.01756451324570472,-0.0016124899943785764,0,0.8153781219470123
81421,0.1343626355775383,0.03850373525967731,0.0009604932363666658,0.02692130898002827,-0.13695204435483194,0.06253158795553959,-0.0007824310342949806,0.0016215249922012704,-0.09382055821021802,0.028519481256139977,0.02390552483209175,0.02224632678660426,0.032624957430875776,0.022600374908002978,-0.0033590591164427623,-0.013627380460437733,0.08771547479192145,-0.02191667284992512,-0.016735298228474794,0,0.769706870261613
81434,0.11190643215895185,0.03730614890152505,0.024219685282756115,0.038644712719979615,-0.1311163444551856,0.06960246211034707,0.00658144833960282,0.02645661478479282,-0.10087346658863178,0.02940764493223996,0.020547822484033963,0.017052183458744666,0.03994276020494008,0.0068197078563680584,0.010387082232742975,-0.01099578957052444,0.0969839559661906,-0.029959377812913465,-0.004078845208497272,0,0.8128824850689682
81566,0.14393915968636067,0.03795286630800604,0.0033833431002628293,0.032130432419072236,-0.14739545983909436,0.06759158200148142,-0.0005631130388040328,0.04431107815057429,-0.0922347609533986,0.03860718291952014,0.02098732698027099,0.0161602560088046,0.044150984231486515,0.014266341279631339,0.020898859106301935,8.999388815541825e-05,0.08055783440904286,-0.011187574043051223,-0.009963042795231539,0,0.8263711911585511
81636,0.1405765323538739,0.050593423469193356,0.0011245025182997994,0.032776058597816314,-0.1584391644439989,0.045754858533194734,-0.0015025424907938198,0.004740030914726197,-0.09837166124194108,0.03703204349496613,0.03287790760526874,0.01823447545234384,0.03588913552461285,0.01724125313021164,0.0031685627058991262,0.006840157389388668,0.06945639087828782,-0.025654151626304838,-0.008629486829548718,0,0.7889023392006704
81677,0.1274925440620943,0.039849152382078507,0.0025310307500795016,0.024058809113884708,-0.1371676086601228,0.06422207609342494,-0.0040220108747172235,0.025289407836936197,-0.09502047273452095,0.034765712148200026,0.014821920496884442,0.014244796361684643,0.029867855163274563,0.029685614028554522,0.0026997643056493317,-0.0003657035139175153,0.06927576074978586,-0.012307247600435504,-0.0013141803040558851,0,0.7290016671803013
81695,0.12766186787063188,0.04779006832860533,-0.0054455437277784605,0.03869740097517438,-0.13909798026872414,0.06768711077399536,-0.011336447681497528,0.01673256698889852,-0.08612815388579266,0.03400179348716181,0.031336305395698504,0.003911434406126376,0.03890872797825762,0.007548280683439986,0.01129690041460979,-0.015653384954078826,0.07385534338448052,-0.019499442502860276,-0.0010599459097532773,0,0.7776486996175652
81739,0.1302657936928355,0.0600147420716528,0.005716040468175331,0.016728209747614253,-0.15517672703241484,0.06923994087030129,-0.006530904201468966,0.011128736156490219,-0.10197574270923829,0.03473047855271513,0.02830700439058822,0.024697517852284065,0.029260228714190133,0.00579770283601251,0.007870407382971614,-0.009151281422463818,0.07173809655496398,-0.014668603313559363,-0.021858112472710193,0,0.8048562704426505
81744,0.13432180737171492,0.03873421047990536,-0.011243375431223859,0.027980268624423273,-0.1453028527403389,0.05301120491016405,-0.0018904100407190825,0.014735085544713391,-0.09181618315880868,0.03938813419704744,0.010529303266692307,0.006227467702132253,0.04306864304621198,0.010952356318207134,0.018346188314285014,-0.011520905034282783,0.07521448771077002,-0.024797676655333684,-0.003908431460747079,0,0.7629889920077212
81747,0.1276060948197295,0.03738637414018729,-0.014165452488314157,0.025188794909264466,-0.1445658809175174,0.057454088286554586,-0.012148517327564244,0.024396078771813996,-0.0919449340716952,0.04829763175606698,0.027613780759461557,0.020659208414432337,0.030642324062231285,0.00016799624033976812,-0.0009632808016763148,-0.00304558230877195,0.08184163111351082,-0.030091149268734674,-0.015912572507104587,0,0.7940913729649711
81748,0.1434258591621648,0.03861679685190495,0.00027586839907809264,0.027821419165117475,-0.13191810524554404,0.05038086476190264,-0.006465009993037926,0.03719371709637672,-0.11092029728748783,0.039879183204422006,0.025999775366011106,0.009900739325275278,0.021754399338997945,0.0140561457007707,0.012262402545305704,-0.008921580663501431,0.09115389874799734,-0.0134095034394656,-0.012444718013155108,0,0.7968002843075167
81981,0.1317297479860615,0.05359940459672999,0.0012682046152721752,0.03328002337627131,-0.15080096106468296,0.05523358586650674,0.0049525169753448645,0.015478050457687258,-0.09005317464951859,0.02124571837938343,0.03727034440259366,0.024829774774281412,0.03606486581531388,0.011586017740171354,0.004544748096785241,-0.0016803894539569697,0.08641255131953253,-0.009315298216483633,-0.009827537711072453,0,0.77917291549765
82041,0.15663233165716436,0.03525391910237198,-0.0010847097632252756,0.03191569501650335,-0.14253479926883567,0.06117137613411851,-0.00020043171432451265,0.017703763359177897,-0.09147371227065589,0.01801476861346149,0.02757509949464506,0.021202813909015097,0.030272895295051984,0.0011284077492134954,0.018530806491063163,-0.012911496703372178,0.0871902700371865,-0.033301339222829074,0.0036224595924266023,1,0.7917210953946421
82067,0.13064704915100878,0.046478868327125535,-0.00959313227617645,0.03104251412677726,-0.1377169857935536,0.058174389360654916,-0.004425022874844866,0.026607058821647864,-0.0963504407417066,0.02569568566221864,0.03249402377193051,0.002898418841511259,0.0204765615827343,-0.0003344354830076903,0.004827159374363167,-0.007289072325217555,0.0705201161052269,-0.029460081408679138,-0.010390687847032707,0,0.7454217038754177
82293,0.1468430704025168,0.05304021792151609,-0.012212499577803333,0.030008508840218252,-0.1312066047420615,0.06141764291338217,-3.5194305969009944e-05,0.015827345624634566,-0.10228805102125887,0.024458478061424156,0.03603466548098714,0.017047750288403166,0.03051798527996704,0.0029457320214851487,0.0062919909644850005,-0.013044577574822008,0.09160366526490475,-0.036888699408700404,-0.010373837520668294,0,0.8220865172152076
82318,0.15873608533834666,0.04677578086821649,-0.008909500179798562,0.021734994000409995,-0.1378956353579056,0.05645430652346567,0.00218595909970173,0.019996193892169056,-0.08095578906654224,0.03274286334721775,0.03298867232484631,0.015033143791379948,0.020180765411275607,0.02366415902487362,0.012781936826029992,-0.00955547418403765,0.0624328465283056,-0.024909631772948818,-0.014872041331158927,0,0.7828057788686302
82324,0.1329936369891852,0.059765516254549796,-0.003950214724983557,0.02801675890526471,-0.12959434249045054,0.07457160786158541,0.005480827033986778,0.024999782965558895,-0.09332919706670434,0.034398714904251185,0.025114860319492185,0.03209577374272109,0.023685388790237138,0.016038697815474023,-0.0001027672613263532,-0.011021435086413577,0.07891878945266827,-0.01972108667749968,-0.009641491609213381,1,0.8034408899515662
82342,0.14353221738187635,0.04022823592642778,-0.007522580562895652,0.02436244308258694,-0.13451449381516462,0.05925953939019277,-0.004137103657914526,0.01170173704674218,-0.10496536155700929,0.020739059078096957,0.026488446725877468,0.02219392331399327,0.028533396785255023,0.020863415276848277,0.009935024860452312,-0.007225066263592222,0.06859532902283283,-0.02323859166143804,-0.018227719363829133,0,0.7762636847730257
82366,0.14271250778355637,0.04792279484261698,-0.011578086283533436,0.031119009586433252,-0.15003156143411817,0.060685331292694246,-0.0002524173140792681,0.039285874681570236,-0.1059235122923378,0.024202062883133934,0.035198214326244835,0.009078320247232664,0.03095423823955437,0.004770807868275565,0.01262448773439925,-0.007328627365187832,0.0800169493462638,-0.022214804807639817,-0.010913189252643568,0,0.8268127975815154
82463,0.14432741054636045,0.038278138973845785,0.00033341816791889725,0.023953401761450197,-0.12757359437298754,0.06356786946732562,0.0031425790463238848,0.028832299285062098,-0.09131637297832297,0.03765619395168573,0.03425371718822881,0.022672426656451087,0.020749949068010427,0.022456733096595675,0.008365375703857853,-0.01708239717064508,0.08163454334808083,-0.01691772406889314,0.006997427860190206,0,0.7901115727122363
82557,0.13405632058527275,0.047131979872808066,0.0021128080666569606,0.03983411618591849,-0.14011771673282022,0.058795065661263794,-0.003392629048672993,0.020149105039148255,-0.10444048752485625,0.03691016531171211,0.03355913943829373,0.027538755641159367,0.022737850200946944,0.015795718050381845,-0.009121356426298664,-0.015014395463786342,0.06534329147347596,-0.009073358657076074,-0.007521732329756503,1,0.7926459917103054
82656,0.11716787257091157,0.05291432511671311,0.007019665925238098,0.020661868284323332,-0.13788345781104405,0.06439620832836239,0.011775469181886752,0.033131936533065065,-0.09148362657106349,0.025081142152762827,0.012576498651102134,0.01102110072260244,0.022796740308951614,0.0015288100555836143,0.010559031725335611,-0.012182019795713008,0.07340455654792884,-0.00887014764372467,-0.012192724721200109,0,0.7266472026475127
82679,0.1304965023247609,0.0334126970016921,-0.0067644074923281505,0.03310656202570193,-0.15475334080320519,0.06015159594935211,-0.0016070849472493694,0.018707156306524253,-0.0860224447052593,0.04059597057123703,0.03008359969796337,0.024734936845971823,0.041016505765598094,0.008853353987343673,0.0036205798833487714,-0.01720807154638905,0.07972977046499725,-0.03262424931525677,-0.01831560485167842,0,0.8218044344858576
82749,0.14433863658333723,0.04507289601291328,-0.008516162663769705,0.029001080174155827,-0.12935548285447124,0.07333139469295628,-0.0017002797104498195,0.01819565434234104,-0.08501164761407796,0.04371194095246055,0.021731834296016026,0.023865582047955965,0.037879624396521934,-0.0051810844181724896,0.020718441304591995,0.004362922258842131,0.08667632627768997,-0.005496242460012194,-0.010549361734690236,0,0.7946965947954259
82752,0.14285888727900212,0.03596043038239454,-0.008850990861325327,0.02687387021252762,-0.15584955705313186,0.05626995990233827,0.002676203742922153,0.02373858173391156,-0.11080892104128984,0.019721903384997592,0.027238929384233605,0.026004101384507063,0.04112602968507475,0.005999891978145251,0.026830195194785654,-0.006096522900242413,0.06972257868302391,-0.011838630979762338,-0.009365181570523821,0,0.8078313673541396
82793,0.14984908146752401,0.03858901790718278,0.0022378100139192744,0.02522592782546302,-0.15264793903592055,0.0697753089939253,-0.009369230033265119,0.016205314380882376,-0.10242732165783253,0.034707999226744,0.04465725734788172,0.01070700923170339,0.03598982049529152,0.007000225985764189,0.008074996414797886,0.00975135702896204,0.08610637552592511,-0.023649227743909592,-0.018277001101946033,0,0.8452482214188405
82822,0.14589740433385667,0.04203754033683098,0.0015392740102454236,0.03001056925669881,-0.16029599013818266,0.07458007141904302,0.0012042970232195554,0.01185099299790726,-0.08725050590397904,0.04440260148102538,0.017642666423464612,0.01564729658102479,0.01839942643408935,0.009871875665246941,0.010600233964320993,0.0033049595747480327,0.05849059663094958,-0.011198685303215095,-0.009431613559733798,0,0.753656601037782
82905,0.14049225944454405,0.0422315451325154,-0.0002686268898121396,0.029057503525613478,-0.14669316052501014,0.05539671376767229,-0.0006833060208137271,0.034908608731636176,-0.11152238722126566,0.03169119174859993,0.03655854201660771,0.012307474393941155,0.0320373829705701,0.0008478312962405399,0.014056118087984067,-0.013996873506236565,0.07257579714670319,-0.010256479829938527,-0.033185802203992545,0,0.8187676044596974
83376,0.13964671840147466,0.044749261504733295,-0.004603851291302554,0.03877943963078467,-0.1420352942980738,0.06353688081747481,0.0012205811074880138,0.018796212762851535,-0.10232769508696811,0.013724058106137409,0.023338092503873795,0.015044197767845135,0.031646280718636594,0.012105627508957828,0.00908584577997146,-0.0006738140475848501,0.0811554796734203,-0.01992603578774466,-0.016408938769260834,0,0.7788043055645844
83420,0.13209327609947788,0.036936018431561204,-0.016561339399546057,0.04056375303938529,-0.14275907142045868,0.07046975365938456,-0.0037203097487306393,0.014236489069290677,-0.09517028386268105,0.033925842938126054,0.04006475040837812,0.00806983495967856,0.03491061898455729,-0.004438173347077377,0.012818769416779178,-0.006526985619724739,0.06564088658115205,-0.026746969259042064,-0.029536960121407302,0,0.8151900863664387
83555,0.13032090323746454,0.028769129631000413,-0.013469833730390866,0.04060343524557485,-0.1526343298448305,0.044541919509874496,-0.005923598769149098,0.025527715084047078,-0.08830310512705816,0.03835470370060095,0.044570237137876056,0.01615293473925382,0.025302093687713596,0.0042568216454981775,0.031100314884279952,-0.0034825349554265775,0.08178352577740412,-0.010125782521683932,-0.01953446384661516,1,0.8047573830757423
83569,0.1279657094572789,0.03340755066280389,-0.009057033332298207,0.02540259736116789,-0.15539266143913716,0.06386085175580289,-0.004681321930315502,0.0006045096699261785,-0.11457761217943879,0.034531579189260996,0.02627355312942857,0.014916913792422654,0.026952726827069614,0.004358185975322949,0.017075607051261738,-0.02155667210897727,0.06393600136418025,-0.01335572925478125,-0.012761925168542677,0,0.7706687416494173
83619,0.1411449986286471,0.04148926673728803,0.0010238711939978978,0.024487856636262226,-0.15478307921237044,0.06653878360612789,0.005388568056881142,0.018599917320663777,-0.10726811353515797,0.032111218937139134,0.029007761030087204,0.023480470935131025,0.020423458402593648,0.01965730114076415,-1.388091914723115e-05,-0.00619416443271862,0.07456527169574899,-0.016469585160194,-0.013388339875098642,0,0.7960359074560192
83771,0.127236555414959,0.060905760912390645,-0.006516154556272214,0.036850926958609885,-0.15365727016908506,0.035853659046689954,0.006166684632212258,0.022072195533788298,-0.09493775766208921,0.03906344939333062,0.02382967977663451,0.020845362033334747,0.024528199717199214,0.01373675441901408,0.022293364615118556,-0.01397354961480158,0.06863488220968517,-0.01707736754149217,-0.011173986189137562,0,0.7993535603958447
83782,0.15211014536845013,0.048573083286055196,0.003764071302757291,0.015595218179889634,-0.14083877317941018,0.055287651509348945,-0.002457794611074162,0.01801624365644466,-0.09769965754977343,0.023907651281699693,0.03833954144308313,0.03000597554209839,0.02603722274135477,-0.008106018765871543,0.008497057965197492,-0.011804482304142539,0.08395151122507823,-0.025882735014703964,-0.02143648415108463,0,0.812311319077518
83879,0.15236884116764407,0.044494781704284204,0.0004523416235972218,0.03156912945711089,-0.14725707060157342,0.05667945208664799,-0.005849082667760301,0.021187227698093315,-0.10246849008777051,0.03298025214654856,0.02654295492839527,0.025177824097254192,0.029411397710626893,0.005590587705296927,0.00036051834714774603,-0.008537083126199373,0.08486528331286801,-0.024902828288547684,-0.010476576842148961,1,0.8111717235995155
83916,0.14061367728868543,0.05790842423691556,-0.010270469216408626,0.023392043399164113,-0.14862633196694044,0.0608227788851461,0.004051054938617518,0.014012416580829645,-0.10741133279592172,0.03523445513415466,0.020093445517326832,0.006171699474618559,0.027541877295671906,0.004782412196744681,0.007229344042102932,-0.007343492611162804,0.07842933004683857,-0.017987969814879726,-0.005132882430817923,1,0.7770554378729477
83982,0.15362414491676435,0.04694751700022727,0.009051073982734439,0.025145998539739214,-0.14847174557428347,0.050916698096555975,0.012648499245302447,0.017464043290462597,-0.10627846232568867,0.036360818449524886,0.02860308169154889,0.020940449537423213,0.03782352719421838,0.023289487702775297,0.009770635154444422,-0.014895626599773228,0.08012881707268153,-0.020318785259966516,-0.012443391451497312,0,0.8551228030856121
83987,0.15195981216862023,0.03173536785851408,-0.037046826154204196,0.03259507963505925,-0.14196259806649633,0.055077431519813966,0.01515558401987018,0.013832574634290508,-0.1130678381781629,0.03312993480332875,0.03783362584083509,0.030286748589798723,0.04239987346133293,0.010035189826672045,-0.005967737236503923,-0.015142489425029009,0.07159746015390495,-0.02379961698156612,-0.0034756192705159804,0,0.8661014078245192
84019,0.12449362203128563,0.0388261619997008,0.012439075568362825,0.03661215744480073,-0.15121122374799004,0.06294773592254238,0.005181481492041536,0.019277233441938706,-0.11015552714101753,0.04047918326612436,0.018832340196425403,0.013939819676466689,0.045486288329335225,0.01325111381165707,0.002039559485957617,-0.008772732396019953,0.0755597665948196,-0.02772070545482091,-0.0012553891758947727,0,0.8084811171772017
84094,0.1381062969496832,0.04998661504125471,-0.006262869930940962,0.03961310769520049,-0.14074374556666114,0.051979781333759585,0.0032727497703442018,0.025505058521717805,-0.09129145943962061,0.028638181986463222,0.03889904734442487,0.019052947180141097,0.02913395118189236,0.004519174231522412,0.0039984119112653725,-0.002256767096173076,0.07615601377630206,-0.012411297345502214,-0.015338607232299082,0,0.7771660835351685
84103,0.1326392278510535,0.04321448134459792,0.006281449729965374,0.03682950661177418,-0.14229471841363278,0.05859761223309063,-6.241239265988584e-06,0.005394094606212179,-0.1035581091626658,0.032486243629293414,0.02991324998078969,0.00491673749526079,0.03583952149591761,0.004451881528670766,0.021567642782169525,-0.004708168427418335,0.07317088410884792,-0.0158150566250854,0.00797670468479282,0,0.7596615319505047
84156,0.13814478701153002,0.049972453457054054,-0.008683345423362092,0.02518294243482473,-0.13565462969800243,0.05435965784635999,0.002040780669965572,0.024661376757425447,-0.08428975153693564,0.04014544646010721,0.026436838470056772,0.012708592022290258,0.03145888959896668,0.013753833008646894,0.01951092788071304,0.0034300022495778975,0.07569991921545083,-0.0301205933281578,0.0013433277825289824,0,0.7775980948519563
84181,0.13056879131238483,0.03768147407038512,-0.0060909948465005725,0.025050059935420445,-0.13630522917678192,0.053853693720509105,0.011494049339160171,0.007390727392003923,-0.10419714653268179,0.03907027922333877,0.018155089602615974,0.022510951258357344,0.029263507136399622,0.0072225640420749216,-0.0053812539935814896,-0.001970345492999133,0.06299402440505371,0.0010202362872138364,-0.01211421835884015,0,0.7123346361263029
84194,0.13703897124223044,0.028775869862860296,0.0007293601402415064,0.03880431208299021,-0.14391902987226435,0.061286966459064965,-0.0006018143854896174,0.027403220648653265,-0.10914665168104548,0.04754392804738457,0.033020602741783284,0.016752023622994196,0.03691880683631169,0.02152944993346431,0.010490468489816097,-0.004311149743086471,0.0733588716715273,-0.009298504593471039,0.00687549071182591,0,0.807805492766505
84210,0.1357924376787644,0.03862522736577258,0.01601930392887087,0.030085627585934183,-0.1434074848069651,0.07446982553565158,0.008970695837947283,0.028136885030713994,-0.08732483250351303,0.029803941056968805,0.03347245681912064,0.01939080358646702,0.019235411233392986,0.003834107657657673,0.016727612947744518,0.009205444668884472,0.0891748683403168,-0.012832898805732285,-0.005331988343715538,0,0.8018418537341337
84246,0.13977865895620703,0.05390473071916366,-0.00447295382599807,0.03590762659843579,-0.13819172321356588,0.07963112702023029,-0.0063973246281004235,0.02834510493760619,-0.10232413035718188,0.035108841742440486,0.01918885003511488,0.01131060787508729,0.03532751665492088,0.0012890923997887424,0.01391289149923187,0.0011660041478223618,0.06744127288049943,-0.024650616711424087,1.0533481831764299e-05,0,0.798359607684651
84249,0.1263854098875233,0.023345115896819646,-0.005274709105202114,0.040066198321413275,-0.1338976326429936,0.052355937984424575,-0.0024577270650598,0.026414399656109266,-0.09573369540468749,0.04239537992069512,0.017773843759015168,0.01922303163365957,0.03266117696344367,0.01597340095750631,0.00493063486083825,0.0024807447094662718,0.06944812557349336,-0.026148513425486672,-0.006124396990999541,0,0.743090074758837
84259,0.14516020293208076,0.04396918368607264,-0.0038675347038778112,0.011764540934279021,-0.13104922805858404,0.06410176477120641,-0.0062547312840640764,0.021687064320344777,-0.09790222963674791,0.035373939162289265,0.027015481033363684,0.016098644653245352,0.0259500224302144,0.016990864407434223,0.0037147962180172256,-0.0025755977903624367,0.08643319590497327,-0.015298540308869586,-0.004296175437758801,0,0.7595037376737857
84285,0.12547913391050222,0.03787088803207198,-0.0021938260919705087,0.03803669836640272,-0.13949131731160838,0.07076573176831591,0.001847108972948512,0.0183920594248743,-0.10270579233335991,0.033542710949573985,0.029355257512525698,-0.005076485030411816,0.027734578862923066,-0.002206949704835654,0.012801621675608853,-0.012205949511855059,0.09043344503900566,-0.030690319225704275,-0.021556489788692405,0,0.8023863635131909
84322,0.13016744243143027,0.04038275545528,0.0007321509278353718,0.025449564175201285,-0.14435368067681495,0.06164111047378455,-6.40720367759994e-05,0.028316543560690237,-0.09252048480697908,0.028700445540318118,0.023262682918184053,0.014926796281777956,0.039552693600659446,0.0151772611617911,0.012604923113892379,-0.01077757334403416,0.08774383694129329,-0.026882306910909513,-0.007511466366959197,0,0.790767790724611
84350,0.1419561768909221,0.04485049460681357,-0.019818867451272926,0.02569657194377438,-0.14025104908231528,0.06401374490423797,-0.004225797429373384,0.006359072607137792,-0.11112613860691835,0.02361573867735205,0.02638180716868453,0.016312722591354998,0.01939398278497926,0.004728123023202425,0.009191197223672662,0.01539328083399474,0.079348673054955,-0.011786369838153466,-0.01698796306127262,0,0.7814377717803875
84457,0.135586354795398,0.05072096768723064,0.006494750895135641,0.018123697731385616,-0.12682835117103283,0.07074279040761805,-0.006121422622452618,0.03425962936203831,-0.09553925249347814,0.03260997815561272,0.02047744461688863,0.023408528895602417,0.033137213930461464,0.02402921850300055,0.01497175877266972,-0.01419131911021972,0.040580718669373815,-0.045274317485769565,-0.016877328307334755,0,0.8099750436127032
84552,0.15271305726631398,0.03771895276159776,-8.939098020447783e-05,0.03136627599876653,-0.1291726319860488,0.06490403241774159,-0.003143157368915239,0.03300737764706068,-0.09059767617479547,0.021396334142368547,0.018356273781098966,0.005029309427304429,0.04043264231881379,0.01786798983778105,-0.01265577204061602,-0.0010969195647995765,0.05989489665918532,-0.02477302976829253,-0.01097816563677182,0,0.7551938857784766
84576,0.12401615778389369,0.040143749261856126,-0.00962436552082605,0.03571385494252864,-0.14092592047837157,0.08199635842924631,-0.01267712698489508,0.015154670580296957,-0.0924394156827025,0.03132806087342846,0.03203383767603427,0.021205044229645482,0.03189114447871056,0.002933965799818725,0.008599722446332793,-0.008092301191596762,0.06509530826090737,-0.029641607351433025,0.004917308208667269,0,0.7884299201811916
84680,0.12948950596798936,0.05533688771879873,0.0009715841093833351,0.03476455392516906,-0.1384382427221017,0.051695720474741004,-0.0022199772440585175,0.0175992654944756,-0.08438384698188747,0.026352853112481436,0.022250797884418475,0.0016798058377307625,0.02153339387456434,0.008061878857960341,0.017744788985161353,-0.0011288103941197174,0.07525661430325815,-0.01838855441220806,-0.0059413671676320275,0,0.7132384494681394
84742,0.1254126610610412,0.034326981470411695,-0.008724386164939285,0.0367976663849338,-0.15703042175844864,0.05969874849984198,0.015578893671784264,0.023537535021622362,-0.11687292937040136,0.020216182994580844,0.02653647391694721,0.005304885765460035,0.015424459711288132,0.022232838013988288,0.003598698169729578,-0.012576489905058687,0.06609882927151219,-0.01430164594806323,-0.021545783387303955,0,0.7858165104873568
84935,0.12640856663471406,0.03314078942828206,-0.014942548335330411,0.03375449155915536,-0.1376533874705109,0.07001381621132728,-0.005898310473999962,0.01915628799244801,-0.098157348952804,0.038814366671344795,0.038721128967181495,0.0163571128654278,0.045624556128724035,0.006655884766899111,0.006222920110692027,-0.0029647386699561424,0.07625444039547244,-0.021463218285550922,-0.00833407654738677,0,0.8005379904672075
84969,0.132853639774152,0.05029490529244399,-0.004860187804810838,0.01933804245407947,-0.13187697429391412,0.06884393203338797,0.0025074900917525164,0.03424035093086022,-0.09180525751129046,0.03483094863321644,0.027869949613489632,0.02657125014089775,0.02209651820282781,0.017397492812097078,0.01487884307448809,-0.006272303314539505,0.08041022370782422,-0.02582286993922369,-0.005628155930059736,0,0.7983993355553555
85045,0.14878172653367563,0.05577511778832716,-0.008420309311072537,0.03792023029127,-0.1369406616350371,0.05411586459391508,0.010529051429640888,0.02306103503685763,-0.09840639791535927,0.040543583435062536,0.031768130383511145,0.022121318824888013,0.036413567007891695,-0.0017012566056410342,0.014681986854575892,-0.009088894505143682,0.07604805418238508,-0.003660243121600412,-0.010944907141604917,0,0.8209223365974597
85073,0.13249589520778401,0.031149145730978038,-0.009470613257071958,0.022411860276549456,-0.12713595773539205,0.05321502052220943,0.004564484174374564,0.0150538488478536,-0.09574784951020972,0.025091857923752927,0.03657118884119015,0.014304177322586377,0.027006636692514026,0.00471782035148762,0.012917203340360091,-0.006229528728135323,0.08119816122203417,-0.014839433015859904,-0.008675872636377353,0,0.7227965553367208
85187,0.13460395510270493,0.05823954820579138,-0.010545976433661237,0.0242400084388931,-0.14441877839891837,0.059001613666065544,-0.004072944204050365,0.015834409430217945,-0.11038626142457553,0.027525425931022442,0.03563516014120839,0.008820425201222002,0.04185480818786217,0.0078116895881602255,0.017997422178221877,0.014585535760068805,0.08692900250824746,-0.018487439092597896,-0.018516677911952335,0,0.839507081805442
85212,0.1350530736368379,0.04685639692799423,-0.011555822429040468,0.023902537740898937,-0.13501908971846788,0.0707086000208481,-0.004141357266228133,0.022801459156576758,-0.09759883718358184,0.04120448904306886,0.03220945327541892,0.023582179938571493,0.03321164380522264,0.02362537105917061,0.025797849004871393,-0.005276387435755225,0.08005209980239593,-0.022079044961690338,-0.010530419688432754,0,0.8452061120950725
85249,0.14896891692432046,0.04067847762171036,-0.008179812837037169,0.04272062663097766,-0.12703052677864202,0.055294670600700285,0.015791694278729295,0.02162896192596839,-0.10165552282990864,0.021160123352713226,0.01965564498118093,0.00783309142391662,0.03416167834734821,0.015442704216166826,-0.002265802914004697,-0.022735286130592024,0.08488686375762299,-0.023202140735703303,-0.023400371072874064,0,0.8166929173601172
85299,0.13795138872573368,0.0556391655316109,0.008200034936835241,0.038547427001690386,-0.14015511615286164,0.05807827868857872,-0.009187089796992929,0.026455764785638918,-0.08334935244991798,0.03233384657180551,0.03856882893988738,0.028465650245286602,0.04827405213617707,0.008769894615404616,0.002332204073620893,-0.021029890777937862,0.07039888425351686,0.0009050868366208794,-0.004494845423219726,0,0.8131368019433378
85403,0.13782868399790485,0.03796842261248281,-0.004572122847576913,0.03862212827351709,-0.15780630081742525,0.04250954754878315,-0.009152193586426646,0.034705457053805074,-0.09821211601413195,0.02988504379906006,0.018577687797064216,0.011416045723260921,0.039599019692897704,0.028022408390360888,0.012154760849276157,-0.01201639149698027,0.07647972500544319,-0.01820308611883448,-0.0015565329632743824,0,0.809287674588506
85437,0.12408941887018746,0.03870886199583402,-0.007117848108425708,0.038485666876712746,-0.14290794086402908,0.06872806625878014,0.0026510658798071687,0.018959505443084848,-0.08414586782364607,0.04104511642359256,0.034863316729578146,0.005818544077875916,0.030099807964361815,0.017895183373792405,-0.005822194513958416,-0.019894655494219742,0.07350435961306054,-0.00889270662312244,-0.01993096223526031,0,0.7835610891693295
85477,0.127029214610602,0.036484843650106215,-0.010494443788634247,0.012945007990470313,-0.1443519567647067,0.05985531336237711,-0.0088744665201531,0.008064551613057141,-0.08347214087922043,0.036698292565445746,0.027872949464312697,0.011683027092239019,0.040289756943671394,0.025831739749822974,-0.0005738931972112915,-0.005372510768537357,0.0874872060148826,-0.004569760015710803,-0.013523278596089951,0,0.7454743535872511
85615,0.13937425401774597,0.039703077683374166,-0.009423387673477888,0.03690078472840442,-0.14047411567494036,0.05526253309808025,-0.0018123603105046188,0.033304086135641654,-0.08909515816712905,0.03648803375310355,0.031257990689384195,-0.00398518054397158,0.03250145562851257,0.002082617942341327,0.0014535603907885543,-0.0033189994083812945,0.0864346992561918,-0.03471498666715399,-0.012657900963551658,0,0.7902451827326789
85721,0.14379658586343108,0.03828314335093638,-0.009594299678366705,0.034301349149088445,-0.13289177997411744,0.06872745105034483,0.007047404636917908,0.01874117117214208,-0.08682336015569836,0.031680539546683976,0.027954985080381127,0.009308120704647913,0.036859358631892644,0.017610363490833326,0.008974202459980722,0.004599872865940009,0.08406874276095692,-0.010438901726672306,-0.008107508671388331,0,0.7798091409704205
85828,0.12513716211695466,0.05226797993229557,-0.003380172442138109,0.024650096635426916,-0.15357664952669134,0.06263966275515458,0.0012895767926061254,0.008612846010431106,-0.10893645315101101,0.04377893761007567,0.021305398291324842,0.018722077874024173,0.04732171040022747,0.0004561248219211164,0.0076668520141046975,-0.007906908927535655,0.07243357592164833,-0.01764142141720947,-0.010818589436368434,0,0.7885421960771493
85833,0.1357365125227012,0.039930389030699905,0.003233091459062696,0.03273628442975023,-0.13649796255720253,0.05278086810834185,0.00088939403891797,0.02722733664630912,-0.09008834504045454,0.029055168447642263,0.01878138915721383,0.02086044380201766,0.04037120271384812,0.022376071403799526,0.01667955540050448,-0.00937973773826221,0.06459318715215685,-0.011747202957568065,-0.013255371365416378,0,0.7662195139718694
85857,0.13652700095586778,0.04686253542805766,-0.015893058304136138,0.047602331901900004,-0.14053905757151075,0.06154544941556807,0.0019390264264208359,0.021130662968420814,-0.10017751196627615,0.03434017433367995,0.025430750574536504,0.019840521690044948,0.029367540197886326,0.003907816686196619,0.017986052073526243,0.002375903508717897,0.07875075434875704,-0.020782012430993382,-0.013074793455603577,0,0.8180729542381007
85861,0.13939557564786945,0.029283130793691905,0.016295006642210123,0.01817670404353327,-0.13299556812034188,0.05986457984148575,-0.005886851892072992,0.01588939163054953,-0.0957707685124808,0.03619167752634413,0.027709179128945088,0.02185984124505356,0.039273832387763524,0.012051147750855185,0.010754761833025381,0.003485974507424916,0.08668500145555554,-0.01794377723416553,-0.006352839584209264,0,0.7758656097775778
86004,0.13690911398476638,0.051249559017310486,-0.011178198784585838,0.03218478436924773,-0.14695156353944927,0.05062096285842364,0.00013257397546618765,0.024214630199960188,-0.07761944746904806,0.025587645100871057,0.017593400509848194,0.013204803224976492,0.03608248299836572,0.008937320685070372,0.011267024645310304,-0.01190286070598098,0.07845829844297635,-0.02445655305885721,-0.015067810402958817,0,0.7736190339734733
86017,0.12520647066116958,0.03445119200094427,-0.003380766139957373,0.04458447919908731,-0.13994631119262937,0.05047765400054474,-0.003583558714023987,0.01268716496705014,-0.10905860115562253,0.030987273965727983,0.026326809362848643,0.020943309215390147,0.04398604709914597,0.023895601173636056,0.01906398341079993,0.004014116934736256,0.06804868544598158,-0.028843046939139066,0.0027777832600824883,0,0.7922628548385174
86063,0.14044721271408436,0.03401935551033944,-0.00921811216479745,0.021090853123884725,-0.13666400387816247,0.05564662829593129,0.005454355528435944,0.017887767646183227,-0.10623290565194372,0.015533307235250834,0.01063647257221105,0.010579374303567571,0.03650777064424102,0.016228585190505455,0.016752107906214543,-0.008599915451923333,0.07158628435566061,-0.025962643030145893,-0.020507683354487855,0,0.7595553385579707
86115,0.14376117027089214,0.04065142270134101,-0.012483867874227624,0.030113427796141082,-0.14040236947092558,0.05742619195288359,-0.0017607188478107859,0.02930330158975625,-0.10025422368919297,0.03248919505091825,0.03705923661707026,0.0029580932640900213,0.03398889809405186,0.00770903115250132,0.0190241764403612,-0.028031751384405786,0.06922050697070702,-0.011732707005208181,-0.006899855926954151,0,0.805270146099439
86138,0.1238872603623191,0.023731706935303392,0.00132988721505315,0.026357090037744196,-0.13119645885887046,0.06423191967589541,-0.0074338227137552134,0.027000200576458713,-0.08276006546893651,0.023306303129204398,0.033311391145434216,-0.0026603811170174863,0.03319598819485388,-0.021476098613876914,0.006394758544437257,-0.0033769692860658664,0.07988922951085517,-0.02507190313670247,-0.011513390917692387,0,0.7281248254404762
86246,0.11649288620547389,0.031739951177070874,-0.012731554389560825,0.0416473144070139,-0.12249677454100032,0.04665599555963368,0.0005064563013029817,0.023363613935134243,-0.08677305952674232,0.03789403749741925,0.019493866231772065,0.008523053774690561,0.0323568151795792,0.018483730215644017,0.0028652467751570693,-0.008759346152110516,0.08080136246302706,-0.011707594422091365,-0.008383729501788232,0,0.7116763882562124
86315,0.14882151288151707,0.04413886221353102,-0.003058948385006767,0.03348261222965624,-0.13914525534830224,0.05192896857498538,-0.0015874463233289423,0.02444858759536215,-0.09483376771721509,0.042436760303892415,0.03308224711352685,0.027626597675240415,0.03454834318845964,0.015439082843868773,0.014622527449385796,0.0059042150397775476,0.07166610299293896,-0.027073249741536028,-0.0026050363044897917,0,0.8164501239220211
86360,0.14046213428597865,0.05150278846476827,0.001287296651503818,0.0242775702671259,-0.14339184249575618,0.05136451337785243,0.0038509937788887808,0.020702618632379825,-0.1165493228551122,0.03209525889889097,0.028229698468878565,0.020236988737582375,0.038816302226760274,0.010103027209406992,0.01966756984261004,-0.013878530879152567,0.08234594554702787,-0.005935206967652182,-0.004225118166300219,0,0.8089227277536281
86411,0.13031451882167958,0.047994045338904445,-0.003802586332186562,0.027271614069891436,-0.1377924248807898,0.06431414989051237,0.00591249630794264,0.022725665925235346,-0.10555543306651598,0.03125429863359489,0.010038572028809742,0.01481021410389664,0.03943168437275718,0.004962550185640498,0.007765275690181239,0.0012185272041202583,0.07827250970369505,-0.023616064995836725,-0.005888588910461184,0,0.7629412204626516
86419,0.12152231674071484,0.03691913272139619,-0.009674813825542338,0.021359247471977677,-0.14673072567270004,0.061663873869761195,0.015400300815194827,-0.0010371065438926962,-0.08675890418543018,0.05428565630258128,0.012775349774188831,0.034105800851557525,0.051266957181429915,0.009482028467409821,0.0008081887598311664,-0.0005429394138418039,0.07249862612393984,-0.02451464411982516,0.005820062097770769,0,0.767166674938986
86422,0.13057863745925272,0.03348241978488173,-0.002503213967659282,0.037796895782840206,-0.13766688972870983,0.04769442398339581,0.00662663929119668,0.030596114442280473,-0.11006824875804139,0.03222896171768114,0.021433790321095502,0.017396214204057084,0.04533988730001796,0.006917522651173254,0.007429393807671652,0.007874007316236213,0.08625315571491855,-0.009633559641909555,-0.013277965607494864,0,0.7847979414805138
86425,0.1508949970432467,0.04855131742783545,0.016323599742935686,0.02175309581344487,-0.12805726910684676,0.067275293228673,-0.016102017080356874,0.02610062461299516,-0.08201647188560038,0.031757552948214564,0.03239285168701486,0.03239192986932004,0.027630614940801303,-0.00858733978979318,0.005377817808005545,-0.0019005992118228455,0.06416432664104561,-0.008528567019172744,-0.014366356561806239,0,0.7841726424189318
86466,0.1232225533754952,0.026745536833055257,-0.0027869115225828225,0.041661832151583256,-0.13362030648115467,0.054501146285855104,0.009867080128355422,0.02212939961197298,-0.10697189969259438,0.019566770387648487,0.027837229253032954,0.006129509091294366,0.04985671983822547,0.011052942329812519,0.007246045400819674,0.0050385392803173785,0.06260938632981891,-0.010253284824038585,-0.008940167020735797,0,0.7300372598383932
86513,0.1362850430422423,0.04277673649303505,-0.0006931150329200154,0.02797998231130051,-0.13463066596305012,0.05500446888628692,-0.0020160873979902486,0.007097462132111573,-0.09461989358379734,0.03677407250961632,0.007066613265039074,0.015854954038054713,0.04687782433625377,0.026004365407916338,-0.00035086867893271035,-0.020802524550814876,0.06983022286202824,-0.007169805771220159,-0.013823259721625326,0,0.7456579659842356
86667,0.12716275115147455,0.0497594145421585,-0.005235319941474132,0.029176571020588217,-0.1400050763039523,0.07173172649705394,-0.0008016459269611329,0.0295941470379797,-0.11650543214269521,0.03497656768178806,0.030781754281566175,0.022920172795852522,0.022296052898980373,0.020918828435180475,-0.001809241681493653,-0.0046202140179255466,0.08079094901508968,-0.012711009545262567,-0.024630947397619313,0,0.826427822315096
86701,0.13376157142429712,0.04586332009682335,-0.0014803582273003968,0.024451227373099835,-0.13932337311403062,0.053709965159914955,-0.008046615363698483,0.027998060026145844,-0.08626642637129674,0.046244643461348746,0.033649472775701655,0.026845745058898987,0.024546891197950154,0.0061939752179948,0.015312410421655683,-0.011712061848852411,0.0669059011569019,-0.027589329256538214,-0.01436088846114204,0,0.7942622360135919
86769,0.13712498621399022,0.049561757318455364,-0.02393960116091524,0.035847922490714536,-0.1367214587110039,0.06383745322884231,0.0005606556538810544,0.02043798479250445,-0.09984883032799781,0.03639114336407207,0.02742019453454677,0.015706389964493313,0.04691141956796247,0.007530082749810272,0.003794792691659011,-0.02023468190721376,0.07315929699133544,-0.025795755622656912,-0.010196293921707756,1,0.8350207012137627
86789,0.13447557191653176,0.046377250663954775,-0.005651283185504778,0.03916419473643396,-0.13941943044760235,0.059637199202168235,-0.005288590164453808,0.025701596128842145,-0.10090262243828806,0.04207252575541923,0.020921834303139115,0.016864601264595325,0.04072713621753858,0.02854819064852014,0.0044901799201864335,-0.017103335026365796,0.07304779438553119,-0.02337724496424537,-0.007309967174144318,0,0.8310805485434654
86796,0.12657658268873678,0.059824993746337395,0.0033296862481502067,0.03726343990850449,-0.13864022874240767,0.0609459374237261,-0.018560607437445333,0.023085259235383685,-0.09652808219209816,0.05084635290885478,0.029139239537211575,0.01486837031878887,0.04674910526016654,-0.002320943701672212,0.0004533235489816143,0.003189654965501807,0.09312025315893899,-0.018781624796256648,-0.001283384477724032,0,0.8255070702968869
86833,0.12942221335894624,0.040538559856330425,-0.002662596824611561,0.024683234014578507,-0.1565030114347881,0.0616495267270171,-0.001333981443466821,0.02601567010885576,-0.10175454376385416,0.035697052260459265,0.021821164382477345,0.029548142227909083,0.02591552195277763,0.016756840468520818,0.021595544602958896,-0.014138914272197904,0.08630734892565589,-0.026909420642594977,-0.014198740159729321,0,0.8374520274277298
86837,0.13772488088000787,0.04155452225775058,0.00190697682270788,0.04426943370194385,-0.13847557330940485,0.05928849069042209,-0.00671105245779291,0.020827905812993472,-0.10059804064255154,0.02651688409331959,0.025605795836749563,0.027852874371536798,0.028408387128011043,0.010232961252056397,0.019027574853405633,-0.005771583102953605,0.07973980543531976,-0.015802074778038324,-0.0200280977614789,0,0.8103429151884447
87169,0.13367568457792164,0.04899401467114425,-0.005288061213464232,0.03529478132860134,-0.15706458245744181,0.05470664113140792,-0.009057785095819068,0.013722063587618665,-0.11689568878866415,0.0352623840099057,0.030645664886748268,0.011812008696885404,0.04188473843984249,0.00819705065450743,0.00019581490745592862,-0.006157493794236379,0.08402381689130091,-0.0033794638220898256,-0.014340813235020426,0,0.8105985521900758
87226,0.1506171851862908,0.04638974709583265,-0.005250241801058984,0.028749112244442092,-0.1554663432383472,0.07051375510477834,-0.0025427178923169698,0.015902943386977873,-0.09690628504043955,0.040667806035138615,0.028017398105066336,0.012746637491395978,0.021715926822150854,0.018555597599765813,0.020011435785190077,-0.0032801779627571934,0.07117281240891014,-0.027879474916518154,-0.008985174835797648,1,0.8253707729531753
87237,0.15410221032034116,0.03990774294652186,-0.006697860514823935,0.01921417320316314,-0.14794866276205407,0.06312789538029692,-0.0027030468728031073,0.019430981631145608,-0.10722227451667969,0.03354172369358404,0.02218678421931497,0.023324285274286163,0.024693567229392283,0.01008149018382817,0.01438115604958503,0.0020950490954679216,0.08134342571970572,-0.029196210069232537,-0.0037338732993403402,1,0.8049324129815667
87299,0.14302720582170692,0.026481884601627936,-0.0035334529368819525,0.03742327712382069,-0.14622579391772675,0.07442630268879744,-0.01744361967119686,0.035648486978843895,-0.10137795336130018,0.041264367043747384,0.024706229115125218,0.012591363924463483,0.0372398965149748,0.023516751592182073,-0.023371806758095158,-0.003079212208251175,0.06788912308244666,-0.02651226514693177,-0.019068593686338012,1,0.8648275861744583
87323,0.12150000968184026,0.05296706506041919,-0.004403976687020777,0.03672524668505911,-0.14724328785604482,0.0550638352410849,0.0028871480492071366,0.033238382049038145,-0.10023596476712669,0.03389630366461021,0.032401777379799046,0.017218549949837417,0.029624604700311773,0.008061532647275119,0.016218404353434187,-0.0023290503324918115,0.08212143273024163,-0.030054549127872476,-0.015316412422940387,0,0.8215075333856551
87336,0.13795891354892084,0.05345816474275726,-0.005882968985108269,0.03128703771600097,-0.14656548492354918,0.06762853247611633,-0.005174513886313425,0.012865907219158246,-0.0859613692779418,0.04445580445529257,0.006719356363145603,0.02339939929627088,0.029306881763732598,0.020181233523763123,-0.0005655486849269089,0.0012048809000929778,0.08717959262962122,-0.01719691110542036,0.007329840543577576,0,0.7843223420417101
87345,0.1500211315408013,0.040348431196547865,-0.01168341648242448,0.02782003789886168,-0.1494863460544813,0.06592808711909838,-0.008447459525008165,0.018161783535241626,-0.08789073016560964,0.029772049994303294,0.03272726028714372,0.022823570161017423,0.03238323818694516,0.007548237703007653,0.010603299446895743,-0.0026033760602144386,0.0655989790970816,-0.015132542276932882,-0.005411464627886706,0,0.784391441359503
87372,0.127392660283456,0.03017907976347896,-0.014367455013079341,0.034904354019911044,-0.13560572566531592,0.0568453932433804,-0.009505040845830488,0.015541996308974824,-0.08397246311674578,0.04151279812866147,0.027566659168814525,0.03446451162496118,0.04231676719188822,0.009556942455448782,0.01892230388072344,-0.005697130035835137,0.07436693608566446,-0.01990617681777941,-0.021242379929974728,0,0.8038667735799241
87506,0.13428560914163953,0.04825355568937578,0.01118455833653725,0.03545667563689871,-0.1545759282839179,0.06275204289483095,-0.004659956296584486,0.02264864539508699,-0.10410825184855808,0.03499055838311231,0.03003906523405195,0.01519444717783087,0.044057748408651426,0.015841328911379217,0.005125636452631586,0.0008317572845368688,0.06949739123566918,-0.02126665876717548,-0.00948274846251305,0,0.8242525638409817
87511,0.1411854822274708,0.03913419070797986,-0.0006458249763004396,0.02251708481377826,-0.12979116096232196,0.051192662400007194,0.0031029608512180107,0.013636224790761195,-0.10432297265217337,0.023186637165218595,0.04106836894237171,0.013136763829559762,0.03877121114836011,-0.0017574121812945855,0.009499732301549924,-0.008957156577203317,0.07499782658923589,-0.01384045286349505,0.0002182468385624593,0,0.7309623728188624
87530,0.1378100646232706,0.05599746132625525,0.0011924791747765053,0.05295978431925826,-0.13433272945881464,0.08529948471144855,-0.004178559028302286,0.014701967635397882,-0.10781277818315066,0.031897864118182094,0.024255047433545934,0.005641795352811729,0.035233694229951276,0.019442534384878075,0.00012748421349021674,-0.012387065877278395,0.0764214094884216,-0.011925731727830766,-0.013841249166716599,1,0.8254591844537813
87666,0.14557502620782395,0.036537156411548165,-0.004945892722737272,0.025415183172847345,-0.13793206333158525,0.06463843858090344,-0.007035634767198943,0.015829703963792758,-0.10159968129806567,0.033239293690653524,0.014919876134498326,0.007643539664546076,0.032358803767291285,0.008380257545953122,-0.004919926561857481,-0.010111218458040363,0.0784797433898372,-0.022662829675882495,-0.010111678138306624,0,0.7623359474833693
87698,0.14337059841716976,0.055464840182755895,-0.0014340598793377499,0.023917623166699757,-0.13940257288399807,0.05342220980734165,4.795555538729728e-06,0.016630564999335146,-0.10192330248472858,0.03335074528136223,0.03207014036270157,0.018461452669464452,0.04819393939137264,0.0010627909282360795,0.0196457734401442,0.0014856862869353578,0.07150102952131852,-0.013677033320835566,-0.006921801192416009,0,0.781940959771692
87729,0.14424352724018336,0.032005412043418495,-0.0017086878568307025,0.028510033828544175,-0.1332108068765233,0.049339533818840146,-0.005655213114245573,0.03313213235685687,-0.09137177421410593,0.01790949889099018,0.030092225749401874,0.013616930830075662,0.033858942495722924,-0.00021171881303545153,-0.005847686595705312,0.0003185128193986247,0.07458829214055908,-0.0420191293826787,-0.01782807417407202,0,0.7554681332411883
87744,0.1382318015776175,0.028399526449248817,-0.007654297207505291,0.04198279205939625,-0.13617859699071133,0.07025219503613475,0.004570418836118426,0.031460848238188885,-0.09558386389743892,0.04649176549998816,0.012167741575365135,0.018322247150512443,0.02668984640944055,0.002710185115588352,-0.0015658468194111464,-0.0064881216044878395,0.08318199953580396,-0.014488467750699223,-0.00698293375659998,1,0.773403495510257
87835,0.13956325282121235,0.04673083829295109,-0.01076667634789886,0.028247572380817983,-0.14889898706313096,0.06463259002256261,-0.004067708704671365,0.01524800805170136,-0.0979714709050711,0.024102751116942076,0.019061538005158262,0.0094258986093481,0.03607667432264883,0.018046907774187788,0.016404239121308308,-0.014543860671022469,0.08135215223438942,-0.010403500474150932,-0.012681385861633362,0,0.7982260127808072
87902,0.13912080651625994,0.03887364169971823,0.007986165584155483,0.03230620726073389,-0.13570477031851053,0.05839219750323531,-0.0023854760233643934,0.030345443827115754,-0.10580616457999452,0.021533881578249845,0.03191163971381531,0.022829674681003925,0.04043168986394824,0.007380589298606295,0.016800326579944562,0.0029530163321534286,0.08297785126473035,-0.033833717267202315,-0.003606458178256324,0,0.8151797180709986
87959,0.14350705506517653,0.05625609454700122,-0.004908448724455263,0.03299855270801963,-0.15010302568429087,0.07763368856764191,0.011099993320048879,0.016692061319990285,-0.09779819121226621,0.038210133073599904,0.02098759880151709,0.022156785597139825,0.043175261042121285,0.004982334670837718,0.0002548863861450902,-0.015775022867560256,0.088494015657656,-0.024566236603052034,-0.0020468433673052934,1,0.8516462292158253
88096,0.11774462986522949,0.02963778841185494,0.0023953067832513126,0.0272907012069943,-0.1256645626671871,0.07441054151530921,-0.0031023356653886863,0.028345448027789856,-0.10700500143875104,0.029102635833066846,0.019034397432275113,0.02056836129044095,0.03611081895145638,0.009597525425391282,0.008419194327159653,-0.017442723789060432,0.08500196091027155,-0.019881690945060534,-0.015876939637973632,1,0.7766325641239124
88106,0.14226034114590902,0.036689961381398524,-0.0007924033132597109,0.02910098197643073,-0.1536320763027521,0.06498222762756158,0.007269718055729186,0.01693720351177341,-0.10189032492694107,0.03505331151515073,0.020131029045527993,0.016003464882346045,0.034346879520995514,0.008820909236624612,-0.0009934442969457727,-0.0028435269272537324,0.08185312000530878,-0.008443267139162538,-0.021966334316897002,1,0.7840105251279681
88176,0.14023669991331522,0.04737101236426832,-0.00812562047793181,0.028711911415620038,-0.12867657776867295,0.0658314146115799,-0.00464511856742979,0.018644590935434635,-0.10325136615116727,0.028304367422966645,0.033458813805221976,0.008779317738262547,0.026112443232348525,0.006313257537827934,0.010256816890772338,-0.0061208185290383636,0.07703576714483984,-0.043334524072905355,-0.0064519880419237185,1,0.7916624266215272
88254,0.14496215389929545,0.041135977516451594,0.0013061611571611948,0.039451101543293066,-0.12815033887252839,0.07871089835530973,0.0002770543290214079,0.015808527614221926,-0.09609482345756261,0.03281628402385249,0.03362705178502687,0.017834946127005456,0.06369352615819238,0.02204855160416295,0.009791807245531596,0.0011185210027408307,0.0717640033499651,-0.027770019732336913,-0.006991886754509693,0,0.8333536345281697
88312,0.14515473227148426,0.03900186114016651,-0.007405297371117295,0.032600069917883306,-0.14867802917732267,0.07163278165647423,-0.0020294977950408456,0.024383767153081805,-0.10516647243135638,0.055454909162126136,0.020815752664020644,0.00855822904147922,0.041110206332620115,0.005139266275746426,0.006027321012747149,0.0016285583276444975,0.07906831245501776,-0.04453253205636621,-0.027804115882735042,0,0.8661917121244305
88353,0.13635154662612914,0.05005550235100968,0.003818511973738847,0.033771641091824484,-0.13752747110045035,0.0641547301209044,0.007064244603701124,0.02240987861785204,-0.09838013905779112,0.033231142698609495,0.03996225543932622,0.015626583119758827,0.03053017095250166,0.006633360965467602,0.012484053028610631,-0.006501550141349034,0.08306215974234939,-0.0213120120088238,-0.005365837260809368,0,0.8082427909010073
88395,0.1379957847676195,0.05265113548054685,0.0015881771634468872,0.03607102670731901,-0.15693325974125777,0.04658047600608788,0.005499365638850465,0.024955535066582726,-0.08717853123828713,0.02797730332507546,0.016943768914094937,0.028001080792730657,0.03066802481428249,0.004671804340441143,0.006562405965495282,0.01005735523096874,0.07566865259872217,-0.029278706661718477,-0.017339560884778008,0,0.7966219553383056
88508,0.14272112229059136,0.053629053535844406,0.00039405123754336386,0.02509579536308144,-0.13009927286081002,0.052259241237558506,0.012460192039683075,0.024980768713823605,-0.09166491659689133,0.03790936308355869,0.025179625484653034,0.016013652854428243,0.028552575953788097,0.017578979669221808,-0.0027863859944852274,-0.009807348961795392,0.08079848320065036,-0.007269822831948154,-0.01547076465100975,0,0.7746714165613658
88596,0.14703204198670505,0.048088626703564806,0.006434566103616108,0.02204207689847346,-0.14935271194968283,0.05103428669362459,0.0013916958588724832,0.022441501215881187,-0.10340917470937945,0.027414621624194956,0.03906827023876399,0.016864230003941487,0.028755102091749123,0.009363540861344485,0.00754468229420073,0.017708540251467356,0.06602370937698947,-0.022063584752164512,-0.01512797559381792,0,0.801160939208434
88707,0.15943954882331504,0.049897156926567154,-0.013505324501062274,0.032509449887607234,-0.15221664373070556,0.054500014771548075,-0.004059600453189082,0.011111958914424512,-0.09733343259689621,0.0290157784418532,0.02882866670201367,0.023927227225398386,0.03582222168578887,0.025151071765249337,0.01240474439989444,-0.008578450805232346,0.07376000126696304,-0.02696174966444443,-0.002005661989914441,1,0.8410287045520674
88723,0.13990172821288716,0.046146672711068336,-0.011610108696779465,0.031744124616328306,-0.12082292405080904,0.053731817226638466,0.002482328640241187,0.013542170164282379,-0.08931229882872992,0.03858828057097194,0.028560321818907396,0.01681679657242499,0.044972388825651674,0.021903267046037782,0.021586958793237958,0.001685406479788728,0.06777237473144462,-0.01551668298354794,0.0007926077238362,0,0.7674892586936135
88781,0.14660565758653313,0.04008373080753001,0.011892291895844767,0.06121650925905079,-0.1510772863029752,0.052089505049735724,-0.006641808056289237,0.022498676541589657,-0.11164986370461408,0.02064625980959995,0.019009877151704886,0.013522339996271336,0.016266225532097296,0.011491509296899497,0.011432893547655285,0.0029288374320081754,0.07342564146542575,-0.010173831987376744,0.0034705354532477465,1,0.7861232808764492
88819,0.14322313588617702,0.047345527644305094,0.006646122335730938,0.03044278281737713,-0.1533799755382616,0.06716716653177365,-0.006800718422360494,0.030915325936908437,-0.09939550909420508,0.024358556236794948,0.023116126697068105,0.024797413256304628,0.03163658609417964,0.009126444003737754,0.01087816999829289,-0.014627004614704765,0.07868302812485445,-0.01913188466527761,-0.006209441540021182,1,0.8278809194383354
88943,0.12901195334653587,0.04710829699985718,-0.008118243650031682,0.030205655792494512,-0.13639720293520077,0.05415102482941789,0.009067754432800227,0.03535866126676088,-0.1054266293897707,0.02666730936594073,0.03562746470113752,0.023519908146544317,0.042094800797786214,0.010433305311630366,0.011889693497583557,-0.00886700514364662,0.07503056242423033,-0.0035060980877951653,-0.014752974120920222,1,0.8072345442400848
88977,0.14206994167664985,0.04280216318338929,-0.0030475805411067473,0.03259457263924004,-0.12860409758355487,0.06780090283759536,0.00554957122270953,0.021896896774510986,-0.10271834417412233,0.0272161984738513,0.02927213604675504,0.02860934326086969,0.026257948194619744,0.010507940663068897,0.022304635988557885,0.009309695769585279,0.07337041182109735,-0.014172304582578885,0.0026274002817360466,0,0.7907320857155992
89017,0.13091747558966813,0.040702709537273465,-0.00024022720118336814,0.026864777432855747,-0.143855752490776,0.05834714673249134,-0.012657632593328269,0.022932923144924566,-0.10870439155984998,0.046418575781081405,0.027510727835304158,0.019580984546104838,0.03102799149057199,0.008144865589741002,0.01255285665534849,0.00024196063815638653,0.08503867012675224,-0.004155937909722402,-0.006430558139247131,1,0.7863261649943809
89039,0.13918225011895574,0.05612060274309455,-0.01299606703978489,0.03913294854154147,-0.1656722046495206,0.05692036360994807,-0.0030721799318775313,0.013012431047892816,-0.10411161282193251,0.016157588602659305,0.025340871775817182,0.02914271008944178,0.032021710671790576,0.01810966933260012,-0.000355067016148126,-0.0029582014164646416,0.0787502977779057,-0.024333428248511455,-0.0031187676273615596,0,0.8205089730632487
89119,0.15664276242134248,0.040683720702477444,-0.0020702345406748215,0.038044180170071974,-0.14825814316692643,0.05086759929371717,0.00029867992424693587,0.02291871634527518,-0.08932380451479478,0.04222055118702731,0.024176829324205895,0.025181793663071956,0.04187412715982471,0.02341025272897524,0.0009966506888130717,0.005015950686825174,0.0820003355534465,-0.01573918662285484,-0.005916375924679406,0,0.8156398946192513
89149,0.13902211326023728,0.03956327176700459,-0.02294618582819896,0.032474623568617064,-0.12315182449664246,0.07306368708969711,0.0020757842273621597,0.0020009739473026357,-0.09582841011321626,0.03842225069886372,0.022762638943566244,0.0338890705902683,0.04089461812277203,0.01717282200600588,0.015579000873281016,-0.008871331988356752,0.06814213600461311,-0.01689806862840022,-0.014972764756277563,1,0.8077315769106833
89244,0.14809870660955343,0.05283522798219681,0.00425429976821165,0.03300972691426447,-0.13690022771692922,0.06173345402393999,-0.0017280426739018097,0.018571976285066065,-0.09658635642654352,0.032947741811141414,0.02488380924285156,0.016076413346360032,0.036162737714156,0.0029795387826288705,0.012585736744113217,-0.010640388292740485,0.08022392433866973,-0.019104997380396633,-0.018460308179069358,0,0.8077836142327343
89273,0.1308435593990734,0.05894972344625877,-0.008027538589857192,0.01799599436484003,-0.13236993743049402,0.07644361955976739,-0.004070878325535895,0.021888669700874507,-0.0906110818115845,0.0457308258324697,0.04061108560608978,0.013136505759468104,0.017980027720142663,0.004224016225966848,0.01861779526032173,-0.013184967194981214,0.08952151068676022,-0.016306160568744465,-0.023052762669119077,0,0.8235666601523495
89345,0.15154870096752163,0.035288779280939486,-0.007411896837232825,0.043719922248136256,-0.14449908053484722,0.028644146062002895,0.0026745028292578005,0.028326711036745982,-0.1000535256764625,0.03366622209421947,0.02298571185727852,0.011756637619641703,0.021763147350596704,0.012767454975006276,0.02769423729338321,-0.02222322032025972,0.08795987329527985,-0.020733893619654702,-0.013410708810777,0,0.8171283727092438
89373,0.14813036037735355,0.04165372446096822,-0.015815300865344346,0.030741222949023428,-0.147960901208504,0.05607107583728935,-0.005798838852968803,0.02173642767745061,-0.08824965367670698,0.04291082806746529,0.017693703729633168,0.02326358666489732,0.02072909984794652,0.007035391454063774,0.01703413357044685,-0.012067421144915078,0.0866463075066882,-0.023720802250810868,6.528256046410978e-05,1,0.8073240627029404
89468,0.13798422456763154,0.03125922906655114,-0.0037564229277819213,0.030652596818508463,-0.16281549477947974,0.0658014989488073,-0.00451713475538218,0.029775795407902976,-0.10309613469446038,0.025685360622067943,0.021291443709014167,0.012089421746669755,0.02985891047364496,0.005611731929678412,0.020417991809057044,-0.013283928393196514,0.07868752213153132,-0.02446979942366592,-0.015458963737607403,0,0.8165136059426391
89543,0.14174244247566745,0.05965533293428606,0.003313580737641714,0.04786115189166878,-0.1489431787964181,0.048562634411027115,-0.003375643448394761,0.0252770338818441,-0.08928068128930368,0.05340114044707143,0.02078384265019442,0.011105597672430167,0.03581187371613335,0.009198184293839902,0.01522907155139213,-0.006983696547902071,0.07908463834523888,-0.019447840833323255,-0.010089005142502022,0,0.8291465710662794
89630,0.1374949384935395,0.04402112113041694,-0.005899721982138109,0.03410963765032982,-0.15553010878036955,0.06491837927120034,-3.666190219848961e-05,0.023746757253140176,-0.08739480460837969,0.03651398801330791,0.02503545142985226,0.006653836967247506,0.020919030105354126,0.01258482018747109,-0.003306598263153467,-0.01742999402436465,0.07209492068342364,-0.02580638044177655,-0.020347720878304134,0,0.793844872065968
89693,0.12510807002814936,0.0380998547483259,-0.007512251346779098,0.04060223673556198,-0.14126795806035958,0.06307474209009058,-0.010623775157594575,0.027336907514537517,-0.08871132430212975,0.02493162017116288,0.038360693801124106,0.01393187644197014,0.02884814160494181,0.014828597301193154,0.012801578942868968,-0.009477087304814875,0.09247304653465976,-0.018454317768317727,-0.02112643071200976,0,0.8175705105665915
89697,0.1377376780371731,0.05081371562247522,-0.005375786649262308,0.02334383775414531,-0.14742634366422638,0.06842210983562978,0.000657386434737715,0.035928610330184546,-0.09624759352227563,0.03783599954328256,0.02188461084314651,0.010884214087958961,0.036571128092127314,0.021661050600609338,0.025158866625226123,-0.015783664304153247,0.08185365999164992,-0.019762279318848715,-0.015347193982669965,0,0.8526957292397827
89706,0.1338552608226589,0.045144551026822105,-0.003920242878182058,0.024334855327112905,-0.14514593611324336,0.051686276709591,-0.009719431283139922,0.019102945255020688,-0.07998948634722357,0.04230716037317682,0.03526923402389942,-0.00011301394056729858,0.03498004617896425,-0.00012439517199798423,0.009905213942196614,-0.010233812754936792,0.06820320683155986,-0.01710700154276256,-0.009367358553224568,0,0.7405094290762807
90102,0.1507238394110106,0.0425867393143255,-0.007522547745925252,0.029134464348317905,-0.1334696368051438,0.06307947686658957,0.0020454319602224943,0.025138811356396777,-0.10175280670851375,0.03592108916833586,0.02094139152306505,0.017234933931612222,0.0413091345282943,0.005860052285412999,0.013058426313656361,-0.0010449800765506998,0.0702686271642981,-0.034479716106190314,-0.005157225823686326,1,0.8007293314375479
90153,0.1320377195744937,0.048318134134421147,0.003814204954262647,0.03257908723188947,-0.14628996096106264,0.05708907749632091,-0.002496043346741364,0.026634796816853996,-0.08865194308947212,0.022319260273385495,0.027582935561325794,0.029206655050347287,0.04936108841378373,-0.006570495991080682,0.007056075990017984,0.001306364922609639,0.07568003067394825,-0.018543570993015294,0.0026629356641751853,0,0.7782003811392073
90205,0.14623152843765205,0.03297012232200572,-0.008467134148510948,0.020732341118841296,-0.1523513184924991,0.056036267815162744,-0.0033404182799613327,0.022693659940516316,-0.09468249356338712,0.031527363306153966,0.0243209424205706,0.02055155201193052,0.03879775545918327,0.00853917609091207,0.008786814533506925,-0.010315165452348209,0.07418389520106851,-0.02372476185543599,-0.02058470987070477,0,0.7988374203203514
90225,0.12343182365844306,0.04740691718569382,-0.006779541021948899,0.03213449235999573,-0.141371515724086,0.05500295311768033,0.003554096733197435,0.02397783096679914,-0.10440406170910288,0.02251966456350602,0.030135461939252338,0.020041392819928075,0.037762821792626536,0.003166709292143216,0.011851873771203433,0.014399779463590308,0.08822259308673987,-0.014782377843542421,-0.01934085468713911,0,0.8002867617366186
90263,0.1426722514816603,0.03742932115780901,-0.005525182433214099,0.035638163484464774,-0.1322283069644059,0.06286784573084687,-0.0016196699019872958,0.038848106484788605,-0.09695616282240047,0.021798348154383734,0.030443675571834854,0.02777588183287283,0.03648071140436193,0.008667908700477619,-0.0024551153185287493,-0.01905529202299672,0.0791576152701362,-0.027848342149546644,-0.028344549554517894,0,0.8358124504412345
90285,0.13695981617618433,0.04245329912088341,0.00019313835376665782,0.029492890217912637,-0.13230100894768132,0.06328911933741026,-0.0014499135460592793,0.016687910228612778,-0.08548299668013784,0.036494336462996366,0.028546455527876064,0.025891676424026094,0.04387821430384586,0.013850992439535822,0.0016117824353254738,-0.005834756681549868,0.077999453140814,-0.013293927646649365,-0.015955295822175756,0,0.7716669834934432
90305,0.1377067869346027,0.035613372090594106,-0.0050241990767347375,0.03148817604273321,-0.15422706036881942,0.06438473582785176,0.005086946002653069,0.01696247362840252,-0.09554193383766552,0.019381328425696856,0.03370686481055481,0.023689749819857435,0.043312613106627304,0.012886265323014496,0.005030651093337376,0.018064611333688706,0.05963270316322779,-0.026747431908330625,-0.012705589250272733,0,0.8011934920446652
90330,0.13768774739094242,0.04342351354007889,-0.009157523916684904,0.040862933067682225,-0.14031390630303484,0.05057935555759104,0.021954768127592755,0.01668851914015205,-0.1043808186519731,0.034335462493187294,0.024146552841963074,0.022724188233505093,0.025700714409058304,0.01554892967743687,0.015513676446633326,-0.013325859260787517,0.06553744768114356,-0.01694311995117243,-0.024428221731043254,0,0.823253258421663
90424,0.12870065989618104,0.03309867521080137,0.002733271378936891,0.037897724561683936,-0.13338981004240516,0.06474309410054974,-0.002672592143839697,0.02050579506069059,-0.10982770341788624,0.03665794332451334,0.03867708936923981,0.011748995388114069,0.0339104190310002,-0.006386825088727482,-0.006579944023676905,-0.009073289650258339,0.0929689642178176,-0.020966040062393016,-0.016543062868263583,0,0.807081898836979
90431,0.145510270393265,0.042719331984481884,0.005240662822111888,0.03181415040933073,-0.14418476097630678,0.060977265183020796,0.00738568433428171,0.033021533004422725,-0.10234926548949369,0.03532154959156784,0.025443687187288566,0.013585141560523607,0.0338816828112635,0.005283192605892667,0.013186368037762387,-0.00802108091384008,0.09208900011680562,-0.0223589197656984,0.0015343287464213782,1,0.8239078759337792
90551,0.13950848224982995,0.04542185427408354,-0.008457262610824317,0.02155462031243044,-0.1436163845994683,0.07317807748668713,0.003080347676960951,0.03099504596706374,-0.09391140889477746,0.020088858391728127,0.019937086447114696,0.014901305805951455,0.03399448382997231,0.009417710550832226,0.007606580337324831,-0.008896411324443135,0.07847809924851966,-0.026516753736561722,-0.012597332097263896,0,0.7921581058418379
90625,0.1327562343044424,0.05854203620069932,-0.004297902392885756,0.016597997558058,-0.13948644058512752,0.06311641352324167,-0.0003882738141946183,0.03196484323619504,-0.09345219922463892,0.03654848280054254,0.025506332815754085,0.014508118617872573,0.02897493457966489,0.011690284045804288,0.016668786155240353,-0.014893713303551428,0.07243315660524711,-0.018047722197824002,-0.005223740912744409,0,0.7850976128737289
90715,0.11217861951358347,0.029714702419521066,-0.0016419522929446654,0.019124478868560647,-0.11569025525270688,0.07067805918927351,-0.0036057878797786836,0.027285102729628103,-0.09258578669832755,0.027826799254727183,0.027900061449974325,0.01058479834165567,0.03470372819859097,-0.0010599727631975242,0.020523459735561984,-0.0029664235454517776,0.07355547884415459,-0.006462109552619365,-0.005456166595749503,0,0.6835437431260075
90726,0.12064235063402136,0.040801713641369725,-0.016461890640864677,0.025937056499369556,-0.14047432340670674,0.06091374626466847,0.0012992077191001513,0.02091310161149364,-0.10365295717564793,0.02570945531303722,0.03341140692624818,0.017955864486803745,0.04139075253204113,0.020476548736545374,-0.0034258391014029958,0.008547111769198876,0.07285366803064089,-0.009872723700510212,-0.018141158088542966,0,0.7828808762782138
90871,0.14819715543506617,0.04710811701568696,0.004305703480291733,0.02159564691411601,-0.14189966818891708,0.04592234855089594,0.011447313899281506,0.016182390636524168,-0.10971493240473594,0.02935125622881676,0.025461109855718245,0.031881139527940014,0.019299508879135698,0.01694987868413938,-0.0002055711754055344,-0.005615104712743232,0.07442673731067811,-0.008080502167510125,-0.012370150876016837,0,0.7700142359436195
90876,0.1330255810426421,0.041812547297836226,5.3524163296763686e-06,0.03388465419664849,-0.15033404429364758,0.0618795328483845,-0.00890030548676765,0.024473298168983856,-0.09625135080065937,0.02793444986165637,0.022584784002716834,-0.003435319285923249,0.03163040260062652,0.003884132793955748,0.0022976240410392383,-0.0002311367097647555,0.08299060239307847,-0.01149111957496248,-0.0071586416133533025,0,0.7442048794289764
90904,0.13930931833020757,0.039512838457724034,0.005657063357989575,0.028117039826286917,-0.14205877168735942,0.05021613961378929,0.006099564838264936,0.02488576277983568,-0.09349254019264862,0.03409583552516276,0.019178038284553153,0.021135224125805513,0.03668383396036842,-0.0026360764676083147,-0.004132261787221407,-0.012757278641623076,0.08713873182904203,-0.02068713847711884,-0.007831397970555421,1,0.775624856153165
90908,0.14123567431988088,0.052029423536194934,-0.001339385734867685,0.039676056111248525,-0.13081737530464818,0.06784651641915074,-0.0005845001261806546,0.018578723457103048,-0.0861306637957472,0.043692108740526585,0.025708619229657264,0.01633874844391141,0.0376454184607442,0.006074046317308193,0.008570387305220275,-0.007974980459832748,0.06183752289857012,-0.018655689279847145,-0.00438152210643645,0,0.7691173620470763
90923,0.14506575750295644,0.04439014960827966,0.0030402942257691527,0.04077879400396204,-0.13919535748045703,0.06203857715006434,-0.007930847017590552,0.024143916672940764,-0.10135936853353626,0.028424091228297803,0.025887703672093438,0.010702152699519156,0.044098550996894165,0.0060130458946923634,0.001786703831310762,-0.010644654354951762,0.09029288631583852,-0.008453227657012065,-0.008567361149119811,0,0.8028134399952861
90943,0.14332706798715986,0.0471658986127314,-0.0047712275443724875,0.023801580530683614,-0.14123906729039615,0.06196022280924791,-0.00028943006783980585,0.022399229936810167,-0.08082593313813498,0.030646741375899168,0.03443142435480667,0.01703012479116196,0.030154876039716574,-0.0006466453842139705,0.00039920016190234944,-0.001875665516313952,0.08472605841049408,-0.021742170678637273,-0.009191815407034025,1,0.7566243800375564
91005,0.13766717925229155,0.04237641408603378,-0.013306749110946764,0.035328529742293474,-0.12285832025790176,0.06540214553927917,0.010752712007859613,0.0301072813510866,-0.09635691077261208,0.04295488635367557,0.01755126239100762,0.01431651333457491,0.03912715155042625,0.008656843997855719,0.0052240951326809025,0.0047782559769532,0.07690815224854637,-0.0334741529251906,-0.013107720071207547,0,0.8102552761024234
91061,0.14163183271895985,0.06271693221494411,0.001396631870399373,0.03444951410935938,-0.13675193890716308,0.06314619360339327,0.0027296427101338454,0.034768126877948884,-0.09355442453054838,0.03665529063469827,0.04161164331169646,0.013777561118803745,0.033154949823995916,0.008992964736296771,0.02062562234654325,-0.02635046664315785,0.06640283694218889,-0.01434746639806205,-0.015764391368618794,0,0.8488284308669122
91114,0.1488564255753294,0.031578076252845394,-0.01041967945763151,0.01946098124622519,-0.1462043191830471,0.04789988137066314,0.0040308792725631155,0.027661397587550467,-0.09109157691941519,0.051923149239779705,0.026695765981077833,0.014795401182981815,0.02773425110188275,0.0020739378972003003,0.011595377342043887,-0.0029205160364814634,0.07344741407153804,0.002372938229175735,-0.011322770326897203,0,0.7520847382743292
91201,0.13934007711599114,0.05228758361020075,-0.0015625416916839098,0.03224863957024431,-0.13681978559736102,0.059045908343478636,0.0006728656255617055,0.012041523747907849,-0.10302253808302327,0.03308267199400983,0.03143884688851739,0.013386023056901168,0.03345088987976564,0.00855306636552652,0.015647249261432402,-0.0086040719709937,0.08881275671549697,-0.01802463014282787,-0.010387609607645804,1,0.7984292792685699
91265,0.1322399731835324,0.03679249501323585,0.0014397297393106741,0.034450627210106395,-0.1394833553142544,0.05559109369534308,3.750384214939565e-05,0.02686331442343118,-0.08950455787233201,0.008147511650483066,0.02491231304701559,0.006496966427864671,0.05066261512360494,0.000850790779244734,0.012922593144631907,-0.013664482491538238,0.07165590795494638,-0.02494630291855967,-0.012193545734791991,0,0.7428556795663765
91338,0.15345032438464878,0.04995934716440389,-0.0012189863589953688,0.042139812499191236,-0.12470441258143694,0.05041405335495505,0.006336407373401703,0.014421571290050507,-0.0910392744216306,0.02226689189618116,0.01833276428208456,0.01774400620029065,0.031759406240091395,0.006192732603588095,-0.0005893519054628281,-0.00020877137216033552,0.0820427510143078,-0.0252841944370785,-0.0036726729572335304,0,0.7417777323371929
91388,0.14505474615640618,0.0479093228140637,0.004138338952938877,0.03352843509790087,-0.12586151519326008,0.076628792079696,-0.010632735938580848,0.010944800095889048,-0.08333880538398632,0.03954617290348119,0.017825481409554773,0.018209999338615418,0.03815693142496955,0.00946937088727512,0.015330370163666113,-0.0013740732128154842,0.09139623484590968,-0.020422501899034776,0.0008523404430421009,0,0.7906209682410861
91507,0.12498391288582032,0.03937401165168134,-0.008821961302666203,0.03466565212319924,-0.14734147020816094,0.07009752521611758,0.005652449425027265,0.012771051470997967,-0.08954225827404765,0.02731735570796465,0.03706673034374179,0.017180835296076648,0.039119623447663086,0.023250473201626747,-0.0021892795074970207,-0.009931332280443806,0.07602267937568202,-0.01612710125805866,-0.008802946013576991,0,0.7902586489900499
91524,0.13800856287099977,0.04557766240917767,-0.008398846728221691,0.029216938061571728,-0.13197678475725394,0.05113689532830651,-0.008760056469693191,0.025211195092254016,-0.09669864547923264,0.04384979127770559,0.027447280803414735,0.005396288879102803,0.02202200628885054,0.015067249401742644,-0.0053609793130932615,0.001644188291166724,0.07812608519469079,-0.009454608039446734,-0.00741219679588593,0,0.7507662614818109
91587,0.13968082397229586,0.04760173817509734,0.00033536867867477665,0.03025166248918796,-0.1477962759478055,0.07400490554145757,-0.0013066857741800507,0.0302899669097683,-0.09746309339462184,0.043209916789132996,0.016121935756208853,0.015372913950962705,0.03572752896522054,0.010454159082692835,0.008075171907716394,-0.00594203172921181,0.09657838233313897,-0.0272037318744908,-0.030239607505307055,1,0.8576559007771721
91674,0.1431938613183918,0.055467395546071795,-0.002820570510337827,0.019756855541163614,-0.12996672948128624,0.06383476514669811,0.009874366759942578,0.017098042317892928,-0.10120586854453661,0.041613125793006744,0.02878611869393861,0.014413194047388373,0.03447788574792544,0.016127086269331493,0.006839261114263793,-0.009974771075364432,0.07541998500134052,-0.018614075980940607,-0.0031175215491990576,0,0.7926014804390206
91690,0.13494993446229395,0.04235268597762514,0.0002196800703087068,0.025657963543798106,-0.1327264956498311,0.058017754061994734,0.010162926928997331,0.02061998900828314,-0.10500142432674701,0.028324054075170257,0.025269185258909678,0.0197131555336539,0.04785309671541143,0.016093455209630788,0.0036289621789127413,-0.011048375306137243,0.06961966071109674,-0.013730677924785313,-0.008461742130861764,0,0.773451219074449
91719,0.12268297957241063,0.035093854770963835,0.0005620767762449806,0.029321001784322637,-0.13473426488792759,0.07972659440358848,0.0036229043536980875,0.009808549046692663,-0.09366545104894111,0.03300047218584592,0.034043010894496184,0.0012198487344572228,0.03189902146620563,0.002272621973311447,0.002458076469541602,-0.01624037552937489,0.08289359034014453,-0.02577789872167945,-0.00543375461005197,0,0.7444563475698989
91738,0.14642652710355863,0.03579767329729879,0.01066846327882772,0.024719382236076403,-0.1351757483505041,0.057806673509125175,-0.005562836394656451,0.021443680626409143,-0.10618890120568901,0.021847289894909583,0.036104472540652306,0.019641468756504687,0.03315762626489985,0.019090725970473656,0.013167563532705026,-0.012076691187604927,0.06655014217084351,-0.019787641279869476,-0.02341485962129708,0,0.8086283672219056
91806,0.1401956770179294,0.03832528453594505,0.0009759220506596278,0.042025067181295846,-0.14715302063666252,0.04468016083245722,0.012545626346890682,0.02241441458581298,-0.10041801744145654,0.031002306564575897,0.025087802366595725,0.012079030969443618,0.03486147670261302,0.004372673200979822,0.003660560648045983,-0.02222580083180743,0.07740451712749456,-0.017701618505979434,-0.013274532167212543,0,0.7904035097138579
91912,0.14083697367523143,0.04984681110977641,-0.006072274401780782,0.028483422805604897,-0.14598642658406616,0.053261919465738196,-0.00449821033105266,0.02524052688361574,-0.09995205294698839,0.04752956579324971,0.02982860625424287,0.031571119357985816,0.03341179282168911,0.018781040021272438,-0.0094162868571977,-0.02156102856699532,0.07171050039909717,-0.025522357292006793,-0.01597936894967026,1,0.8594902845172618
91971,0.12527375694533815,0.031323134828315474,-0.021942991369696293,0.027342104286837064,-0.1446848477098594,0.07449524823130793,-0.003251947676234869,0.025052861622343606,-0.09710027380889409,0.020068237731342663,0.024924669202748717,0.01731708192783688,0.038791510783991755,0.012170617320120525,0.0014863526437395595,-0.018465786899462613,0.07156218564705245,-0.012304708279392078,-0.020999598750126917,0,0.7885579156646411
92040,0.14901056343228236,0.0412232922420212,0.005864455313238016,0.033098696360260145,-0.15689767487503803,0.05590581898175635,0.004860077605771543,0.01848973132731973,-0.094470944698186,0.04298436862264169,0.03901057348834378,0.013357960680224587,0.036829848205770774,0.018362522999950243,0.012200536846292841,-0.0020325424048288406,0.07495344528744831,-0.022013691928615037,-0.0090204550740634,0,0.8305872003740529
92126,0.1386350008036772,0.0434224170981607,-0.007414992667946505,0.025644580748747273,-0.1448394974322065,0.064761386739143,-0.006907686715330043,0.02600668913684825,-0.09535136945944937,0.02614476646830937,0.031041678474382838,0.021174712162302878,0.037700760983062916,0.006129566295670361,0.019593112782887542,0.009929651309405088,0.08639614105088493,-0.020260624132664804,-0.0186361142629188,0,0.8299907487239984
92134,0.13138290664143001,0.04468601812316868,-0.003666288216780978,0.036748969376728884,-0.12647257856701707,0.05726482637098715,0.0048570567136003995,0.00983671325047567,-0.07809726744817938,0.03724678648809203,0.020135385117361005,0.015300855235103467,0.024702776686532535,0.021108740393511793,0.01959042356540567,-0.006979764203823365,0.07892083924289588,-0.02056370086524007,-0.024610895318071504,0,0.7621727918244056
92231,0.13373846377832288,0.046389584251448665,-0.0003985411421471131,0.026791363136849402,-0.14036288459446494,0.051762272545995525,-0.0015718421799213451,0.009841585406449764,-0.08659916769184642,0.03500777855158069,0.020994209740262865,0.003828888216635041,0.02851675971043555,0.017019092045384238,0.005706859618517618,-0.008064240665242636,0.07138378807737006,-0.02183224417779158,-0.009111608521249313,0,0.7189211740519157
92311,0.134870625266939,0.03829344747496798,0.0014537756099741541,0.03578048134397408,-0.12937294780996356,0.05158324845807418,-0.002106461973391163,0.030359971214728627,-0.0939107657334277,0.04793203445653378,0.03508117036837977,0.013229643933090637,0.024464040164583357,0.006563115305968299,0.0114280297018176,-0.015531008781725501,0.07532788869799466,-0.020939188080790545,-0.005176355266019851,0,0.7734041996423444
92350,0.141082985606613,0.03915993731076758,-0.021872621645869107,0.024039634060781388,-0.1352503601643993,0.062010439720387,0.0055724669939630714,0.03715126904075422,-0.10922980459190583,0.04372464523779215,0.030296748133388753,0.01222630207332274,0.04449386165990178,0.010446417614146334,0.011341953954112607,-0.010746952801640336,0.08913552993688556,-0.0327232954671345,-0.017969336494506483,1,0.8784745625082717
92419,0.12946671000379004,0.0340270577227047,-0.007965155678936126,0.033424381077704526,-0.14843972028929928,0.055534689001364435,0.003923251962457743,0.018593494091680044,-0.10388156977456237,0.027659892207863964,0.012663751649179931,0.024405684976056965,0.018150159004582223,0.01418139254964247,0.02189571634135445,-0.014317334082601654,0.07920637498431041,-0.016793962944529017,0.0010494620961068494,0,0.7655797604387272
92448,0.12516499096421996,0.03331826166566761,-0.005310236933001049,0.05117271343638128,-0.1454462147844424,0.048164998037955355,-0.0004943630357604828,0.022845271261765204,-0.09045837903632138,0.030524139409177215,0.03165240150972858,0.014377450258724105,0.037266631226385676,-0.007854013225768591,0.0105374080290149,-0.019343818448114777,0.07754034142317723,-0.019815821740144686,0.013059980072471474,0,0.784347434498222
92486,0.1467098724909708,0.04579661898792805,-0.015752101306355317,0.02870037511456525,-0.13230421443115925,0.047021300912494866,-0.0012004364571332957,0.025945828371369526,-0.08963018740415582,0.019039672851698764,0.02302921724411621,0.01586547399423314,0.042004530580390505,0.017682715017809755,0.010121938864841692,-0.000642822266602929,0.06876074422950915,-0.020042153202949702,-0.011561572926632015,0,0.7618117766549161
92661,0.1305616316757048,0.04145195626839848,-0.0001944872452513176,0.0413786895204603,-0.1299439827672197,0.05294408407535309,0.011912072674696404,0.0186073747640125,-0.09604122469904998,0.04312630324584617,0.027696518577351496,0.011395657098851703,0.030589038443261385,0.013465339280475967,0.017386545468763365,-0.018860482622447623,0.08512698599487407,-0.018998156057056494,-0.007930638664335838,0,0.7976111691434107
92696,0.15167304860764488,0.030318150779165658,-0.005026433307509558,0.028460749154830788,-0.1424861893469075,0.05362390823782079,0.0026306381435834162,0.02957579484013402,-0.10300185892443216,0.04221156481184825,0.031307743197511576,0.009377347057503062,0.03343453451195502,0.014324812939012945,0.011084707932917732,-0.0012490326836800758,0.07479905990215487,-0.01457573893754542,-0.012060662656465078,1,0.7912219759726228
92721,0.16109410934251608,0.041609357174172266,0.0022607857841141932,0.03495686889788851,-0.14290379599741534,0.0557052092370238,0.0014753848404972477,0.028073071162481866,-0.10959275628687977,0.022563047206222216,0.023494534924668655,0.009540213063619603,0.03333173994704364,0.012651584819399452,0.0002408388458520649,-0.009370968950870105,0.06971406676627978,-0.020764808659141588,-0.01768553432096275,1,0.797028676227049
92777,0.16248776452761868,0.03773733952984141,-0.005756310977663366,0.029985635980139824,-0.15098170497249633,0.059408245738387336,0.02022365763081182,0.017416698526189992,-0.09114002587479787,0.03975464390631168,0.025696629325329335,0.025527355798526018,0.027928883430797073,0.019008591317346845,0.011259163729225677,-0.004011354553953024,0.08315821530746495,-0.016892408937873426,-0.02613370215149352,0,0.8545083322162682
92825,0.14562527782327966,0.04023081525333355,0.003947479674227062,0.059205214153424855,-0.1450001644659577,0.07194490807905249,-0.007956253512269747,0.015198971390780568,-0.1087232635130754,0.03841321775677997,0.026249785039701653,0.030111505771549404,0.02808306296296098,0.002090970546477137,0.010541367540578774,-0.013703701399560845,0.09075076535718604,-0.03498601656049134,-0.001911952503091868,0,0.874674693303779
92865,0.1552075511986283,0.03803081415228973,-0.009096287297231696,0.028341435379746753,-0.12967663460987855,0.06361871602850865,-0.012270464796512006,0.024288360095048152,-0.09973506196082989,0.049448815179690964,0.027125183256875404,0.025226018019437347,0.024215029098004732,0.004035747530267279,0.016805693455774533,-0.013418126425819884,0.081696849749883,-0.0257647648918139,-0.014233485556033768,0,0.8422350386822746
92888,0.12846790930882201,0.03841175031783727,-0.005820237364198189,0.04025530007273398,-0.13222045466751678,0.08119064496761122,-0.0015927764291006742,0.011436041941273263,-0.10095479770918389,0.041675730619756934,0.024987379545927862,0.02337293970996118,0.03738861098465269,0.007326910479397742,0.004651050579423218,0.005017684923555513,0.09089696766855297,-0.02510328319167772,-0.016418267210421805,0,0.8171887376916049
92955,0.13699341194523995,0.04034498894957307,0.007345799045595956,0.048855271446760086,-0.14790274146966784,0.05312937991325873,-0.007445322840081622,0.01716163875380263,-0.09732342641278202,0.029006841932881822,0.023377418156659422,0.007759636141792873,0.03982916835045243,-0.0027702828814236383,0.018247032778000605,-0.008380457827036942,0.08023533043688257,-0.019095306849879597,-0.01367409254055833,0,0.7988775486723301
93124,0.16099269631687374,0.051063013675865125,-0.005255794497598504,0.03394796309780192,-0.14006958065872818,0.07526435490416605,-0.005799983779029465,0.017953929186551785,-0.11169320129148959,0.03327949139236035,0.025270450115928683,0.0017481927013023725,0.032773331217750556,0.024999214083151467,0.005855284430306292,-0.004921930175112534,0.09240450744873623,-0.01479397904398954,-0.005600925427491586,0,0.843687823444234
93134,0.15962361685421997,0.03692606093484781,-0.00515309131373868,0.005315122110275062,-0.11953450959463499,0.06950312224055323,0.005093710952601922,0.014672577170305923,-0.09856015631349575,0.029323161069218055,0.022833937996086226,0.028128231693428023,0.03687563576607065,0.008067006170906861,0.006543851507635041,-0.0015330312620507867,0.06711060595341549,-0.017865340090761635,-0.00183422777070025,0,0.7344969967649464
93228,0.129979846048432,0.03304544732871265,-0.005070408142582166,0.02875092882259155,-0.14445685709731337,0.061060583972071224,-0.00890807721124425,0.015054803031575007,-0.0941606154383545,0.03692467082934026,0.03345429971776327,0.012451922392150767,0.03854269649670597,-0.0031728663457949928,-0.001217149921837569,-0.0067338160997387625,0.07475151513840056,-0.014168224940058266,-0.012990292846686695,0,0.7548950218213538
93250,0.12326167474399138,0.040015988174253767,-0.005809455093631827,0.03074532894699107,-0.13712934597721108,0.04343475946898468,0.006935632523003564,0.022923865821702707,-0.09962011639236303,0.03491358388191168,0.035111514085071925,0.011566248770931785,0.042173772889865846,0.010961686393819479,1.5921431297468665e-05,0.006486156853468699,0.07571794610153598,-0.028567664287220344,-0.014372429609126925,0,0.7697630914463832
93292,0.13747520149315948,0.03332087456082087,-0.005377990622745797,0.029442536058091353,-0.14079141072584908,0.06102750182322232,-0.0018239542300243217,0.023623106937148322,-0.09466303519591883,0.03561789920286216,0.03940793925055134,0.04441912466173303,0.01575397097651517,0.011026043992759737,0.012545692188279162,-0.008186231641848153,0.09197846736706096,-0.012618784488280705,-0.02397239872751148,1,0.8230721641443822
93298,0.140033029213879,0.04619003150272384,-0.0029926682074477183,0.033714756004367935,-0.1348534506755961,0.05324783450167533,-0.002023462885223416,0.012256591810902398,-0.1013239547277938,0.025942400677452248,0.03167798064587217,0.004408842342389781,0.03074707827346357,0.013039240469867956,-0.0030424772736965503,-0.010742572821381805,0.0730930156747579,-0.016789181423066624,0.002638245966830494,0,0.7387568150983886
93317,0.13497570511299944,0.044726787694788994,-0.004280675343845662,0.030615906804858116,-0.14203183489521032,0.04747562320822658,-0.008718505757669226,0.008580203258768765,-0.09678975249656675,0.03328290711646176,0.032318293709919704,0.012118074020815085,0.03683205862231595,0.0074478511071726615,0.006471949661565441,-0.008579996954640484,0.07861468631913542,-0.008672843995720344,0.0007599076130095283,0,0.7432935636936903
93412,0.1300309330339187,0.04836406778165718,-0.013362184738477658,0.03201626646295823,-0.12819557047294275,0.06035223662990715,-0.0013553152393014497,0.017566848247265034,-0.10825189947159168,0.022909142415996613,0.02055830535550121,0.034250123290915986,0.03615951925081565,0.014219578004935153,0.0034777314014709793,0.00788798691937377,0.06554455518140838,-0.042681496636288355,-0.01685603195788642,0,0.8040397924926124
93582,0.12194746856075656,0.03833801562900088,-0.003204205919115372,0.025295475252052852,-0.14542103244433535,0.07022309136408462,0.003029319851382379,0.025155628766895272,-0.10263690225599902,0.028444473694048678,0.021869999585354384,0.018486394550052188,0.040060548658543076,0.008683383037702297,0.005810243955099069,-0.006815990512504796,0.08062258145056354,-0.023949644906382985,-0.016878535984382104,0,0.7868729363782554
93604,0.1362716283876912,0.052515596300794734,0.004956205900479711,0.038947417548153195,-0.1364247353099568,0.049301912271654806,0.00868762691051607,0.020803691111904877,-0.07319309021553955,0.016300017979539314,0.03512985951029002,0.021750693946446898,0.027565530976619873,-0.007152242733771555,0.015016897260075863,-0.005567323446014816,0.07774210748701897,-0.014317863589246166,-0.013677852178809275,0,0.7553222930645237
93654,0.13475402645805723,0.05595968400746238,0.01337095745672099,0.04369817830508361,-0.14681758966001038,0.0455457857280177,0.0024834469842387854,0.0160497063600086,-0.09450885436591311,0.03937824209115895,0.027622141670106473,0.006838594284179426,0.03954451911642835,0.014014804685318962,0.010813536517900391,-0.004277446155566073,0.06659544198235222,-0.022543146222991837,-0.001141963897981156,0,0.7859580659494966
93660,0.1370548664668294,0.05080003829243013,-0.017189780450697766,0.03514453044369121,-0.15063130848340447,0.061858423875368,-0.0018593272223525845,0.03112393096879568,-0.10022799559250355,0.051268749434313116,0.02070631497827949,0.019724377270031936,0.04506717813466621,0.013115672688180289,0.01593933984168888,-0.01483500975984117,0.08118877262723544,-0.0061220508577950776,-0.025317766332897968,1,0.8791754337210024
93662,0.12395372242626103,0.041587649156062244,-0.01576993949430446,0.033219626627754975,-0.14766341902859564,0.062942466866518,-0.009776102635934904,0.0363731812681124,-0.08802127921125887,0.026796215824341763,0.022361905720397975,0.02320666901606237,0.043336590320514096,0.010868930282663457,0.006866002812108314,-0.0024222548210704573,0.08748800829351233,-0.016158041894274104,-0.0021657583465019533,1,0.8009777640462493
93669,0.14004180846763306,0.04266952335506506,-0.00673062513546124,0.04727243953258963,-0.1285816134255146,0.06777782774023419,0.0005044418349409565,0.009173471850712914,-0.08549114948930062,0.013140530848893701,0.02046128669397007,0.03410520718985075,0.028737622331981714,0.015717889621056833,0.011002586423183466,-0.012317913583869154,0.07957540496076598,-0.021068711801401543,-0.012567806411582933,0,0.7769378606980084
93752,0.14058967678440207,0.03523342902986203,-0.016004023130715087,0.03621711236939897,-0.15456312921783155,0.04743608495552765,-0.0125766500245913,0.02364937657348932,-0.08826798495313744,0.019628532262140366,0.02119040073231576,0.017197193265530226,0.016809092490512385,0.016983827225787212,0.010741104766189351,-0.006607661198937752,0.08078607971087023,-0.023185362180001452,-0.00730239872414087,0,0.7749691195953811
93825,0.14423204803971598,0.03974043709195955,-0.006447970590143624,0.057251690822918325,-0.13494493462153195,0.05487921299436768,0.010607888952277957,0.030699052824259315,-0.0928382444775983,0.02765433398629741,0.032350434467957434,0.01892315843813668,0.03235185672824748,0.0018261006796507293,-0.002553957920912764,0.009157555179537386,0.09424687548603757,-0.026616014063164772,-0.013309681881809792,0,0.8306314492465247
93826,0.13546676866328622,0.054378898839324105,-0.0016015357282743927,0.046197023529876105,-0.13087720409181092,0.05465124622802643,-0.013686758720368739,0.01123928218268889,-0.08296757959845064,0.033593535729962945,0.031022589984013742,0.014529788699183772,0.03342756317387593,0.009651447792793758,0.012686979547003424,0.0012291017775936325,0.06923964951622975,-0.018470470657764564,-0.009640627446044284,0,0.7645580519065722
93849,0.1384359109892772,0.04369743979968394,-0.0036475173101358682,0.02329575248662234,-0.13030679509394602,0.059669886256199386,0.005324330863606166,0.018401556217790972,-0.09454873693275946,0.0319116584419316,0.030434011019937025,0.01761138992885596,0.041816914478909326,0.005470464892685784,0.01566659172471604,-0.0025638973561007495,0.08615040379509376,-0.016090171213773617,-0.007338595859729803,0,0.772382024661755
93880,0.14996367650616507,0.040724679419665365,0.017176476987471247,0.03429649137822661,-0.13218120744108308,0.06269772369535595,-0.009541727320465907,0.03148084741883424,-0.10882237193088411,0.04705574231691457,0.027972515661860996,0.02820641684623904,0.028319338192672943,0.013037040460662652,0.006959581886589289,-0.01094019785856199,0.06221426127924613,-0.03491632667145607,-0.01030659443474744,0,0.8568132177071027
93953,0.13428653529361803,0.049361828962574975,-0.003994476886020478,0.034654596512105056,-0.13449472962094164,0.08351410068466461,-0.01611637255087239,0.005740520129142469,-0.10016802111982143,0.04904236894231956,0.030136435107278665,0.004617406581265532,0.04225204292464251,0.015794569012250993,0.004087480842961268,0.00861252792305124,0.09173170788696008,-0.018112748184435735,-0.014836514746832329,0,0.841554983911759
94023,0.13777505881846824,0.03626408003426471,-0.005707492280536105,0.02675764946448423,-0.14245763352525212,0.05072050502494246,-0.006158353133908362,0.025683808657937637,-0.07777659431539984,0.024579749513710968,0.0330462645056691,0.005205631854878427,0.03149997319420273,0.0003226007063731832,0.006148858060589953,-0.011712348626315016,0.06608543236564456,-0.011129754403978384,-0.014635850771639569,0,0.7136676392581955
94051,0.13732700812685622,0.03751544250970514,-0.006710778329462599,0.02619945754699336,-0.1443796478228906,0.06668434404160557,0.009646711824461415,0.03078920447345926,-0.09904461852872208,0.049665506249765935,0.020552556825765143,0.008668645752689334,0.024599530068174644,0.01906960273215813,0.0010309312386726894,-0.011795328128954044,0.07398304783741505,-0.006170683247321186,-0.026629788755522153,0,0.8004628340405946
94156,0.1510659688718228,0.03612723714756316,-0.003680191447345769,0.03930324646535107,-0.1400068536469316,0.059095343652789026,0.0025619943619450973,0.01189535270793884,-0.0953782038323825,0.03579030090393996,0.01848530157310442,0.02732575666758238,0.03133503114965053,0.021599230048488797,0.015913560017408405,-0.006399741578109821,0.07088212709803011,-0.03943541878171559,-0.018541838777443316,0,0.8248226987295432
94277,0.1350613616548431,0.03743482890317738,-0.0005985352967158052,0.018875251175537282,-0.14721796425503472,0.06751863123741213,0.00025010203061809355,0.028153983867680848,-0.116347983915039,0.03935513710066569,0.032468298620519045,0.010084414586815102,0.022589958904623293,0.013256487499772289,0.01574135933924669,-0.016357381313790893,0.06590253546344797,-0.010408518142120154,-0.016531224699764695,0,0.7941539580068242
94300,0.13263396226369442,0.04237625143261764,-0.02654019332005233,0.022882491047552595,-0.14557802425623062,0.0682847155710024,0.008458457971629906,0.027127265278159937,-0.09313179342591558,0.030716113673839814,0.029351808592823214,0.018971447934869587,0.030760540342528078,-0.0006362095613772583,0.01509082652225769,-0.0072167280964218145,0.083266116147301,-0.023175783246367977,-0.014404051757200366,0,0.8206027804418422
94344,0.1391372705119957,0.03594120759553684,0.00889682766518673,0.03471913694129403,-0.1305054877643915,0.05839577452834398,-0.007608514481160181,0.021960732526306842,-0.07184995250451497,0.03188530078292648,0.03467132839497839,0.012159808863072517,0.03728611787475521,0.012127555154087475,0.001648277018472069,-0.013413085573057124,0.08082232314047125,-0.026825872669424943,-0.0016831711084060326,0,0.7615377450983822
94373,0.14617705825705685,0.038898290835853555,-0.001987953302461809,0.027872140454146453,-0.13275722279165222,0.07080797283330868,0.015966767829480016,0.01758923232620799,-0.1151570905031574,0.04272723761118561,0.03357145645004292,0.009017398073396498,0.02654167410727884,0.015183439390060975,-0.002852379641753648,-0.018033240516430567,0.0648905934966952,-0.02636927897305668,-0.01826878074665704,1,0.824669208139883
94440,0.13927212809571682,0.045433430025471365,-0.0069552053876517994,0.04658156998466291,-0.134904815687186,0.06902484345262044,0.010515287812932806,0.0399593903110158,-0.09442770465881958,0.029622285308511954,0.01545138114536013,0.015230342136091127,0.052833255592194185,0.014774666379287656,0.012812892866002632,-0.003920525276160305,0.08106298463862922,-0.012862223917872456,-0.004010533559384723,0,0.829655466235572
94448,0.16095506867980708,0.05839464958262963,-0.0019058152738539852,0.02982675680867681,-0.14948254628548824,0.05921579540452795,-0.004694967910960976,0.022145464841094708,-0.1074192232282739,0.017442317429677882,0.02558505668130043,0.02597485186054743,0.044010159417480814,0.0024718048817003336,0.019795280663795156,0.008314792545320767,0.09223677258075082,-0.013930371032988572,-0.006122691909167606,0,0.8499243870180431
94467,0.13903746094644795,0.03783260553368776,-0.005614495617527627,0.02707155427037847,-0.14177094342601382,0.07688540794696982,-0.0003379298208077349,0.02636983246705049,-0.11046589561440012,0.043620140660523624,0.019884765021221103,0.024057888273581546,0.030964166224759188,0.018657937210852973,-0.0016173260989648028,-0.007237856788518649,0.08681340473420074,-0.010970971739387558,-0.00969738646539067,1,0.8189079688606846
94469,0.13813504417546182,0.05455137783437786,-0.004998052830662162,0.017980056961059702,-0.1560048186568063,0.04777775410159024,-0.014573754181797465,0.017375365862058897,-0.09157672721429759,0.023016512128743043,0.02067603439914185,0.02104779286018915,0.031596661447104026,0.025715258395661224,0.002622509032453913,-0.0013598785286058873,0.06192547027226328,-0.0070653629777799746,0.014630196882573781,0,0.7526286287426281
94606,0.13829154025284382,0.052358992433030334,-0.009090518795111103,0.026143430349701183,-0.13653335665537958,0.07406760075020133,0.0006427667867538508,0.015545803854276232,-0.09062882936966446,0.044990219304777535,0.021614992019683636,0.035496428484844175,0.05943649252784714,0.0012744541557858666,0.0025092143822072394,-0.00048493605848064144,0.06959580499745713,-0.02628099849962528,-0.014531498644818275,0,0.8195178783224888
94731,0.13743043522200116,0.04933125721577105,-0.002908155191932023,0.03373850944851596,-0.1356011897851289,0.05651161638005058,0.005682134209180562,0.04214254830718665,-0.08355047938950315,0.036857264914609916,0.02148852970898405,0.009507864754052936,0.03065280046118005,0.0084406308570998,0.018867147241794262,-0.02613908434258941,0.08019912343945276,-0.026498369744974853,-0.001834768917720063,0,0.8073819095317282
94808,0.12768844535092208,0.03740371528008175,-0.0002467375635934132,0.04380074587583253,-0.149720458001931,0.07098372428952118,0.004641851196276512,0.014560925600943894,-0.11925697432927164,0.039341465705999536,0.02584771681364446,0.01867074090454595,0.030689723520617215,-0.0002689966413919896,0.005714322426868952,-0.0009204766594482794,0.07653927721809797,-0.023110638560312122,-0.021782811566090785,1,0.8111897475053913
94848,0.14183055786506957,0.043583517265182725,0.00026371555848854077,0.026280480163332,-0.14197499096880598,0.05856772688780521,0.00017759920280147352,0.011411678872723695,-0.11594673091477921,0.023638152899844854,0.01871232063845503,0.01077517641732687,0.04304101170979283,0.014366202058445972,0.025756240751228017,0.005373674736386803,0.05881426784229467,-0.025540433139234316,-0.004952789944729073,1,0.7710072678367268
94874,0.14752271846293954,0.03235688394047399,-0.013249822239553458,0.03156897903916299,-0.1375155723997531,0.058784367931768826,0.008217523614744288,0.03246521347404717,-0.08726617239729148,0.03475329302918167,0.020594277788997018,0.023049211751548646,0.04119251688497965,0.004200059499141755,0.004636088097966193,-0.0024886637929800617,0.07076836827570743,-0.008666870052950294,-0.005067172979788481,0,0.7643637756529761
94942,0.13291334713019975,0.047670498182492284,-0.012659373688232108,0.036503854279255364,-0.14700933284346115,0.05739664694276224,-0.0007492120769690692,0.015661110000926376,-0.10141148799615754,0.03382826979428693,0.014642499995072365,0.022406479824308243,0.018146400448962326,0.007586790236710843,-0.0028751779264955526,-0.007824469636967547,0.07328292759592336,-0.03041853237457387,-0.008477363220098877,0,0.7714637741938558
95007,0.1330383788758049,0.04783637178698128,-0.0007843159730666602,0.03747119095394298,-0.13427201252002668,0.054010844176936565,0.0030334656544319387,0.028131002267551976,-0.1043637510490792,0.038081543340203305,0.006290912130744193,0.008721096704338517,0.02251902854437647,0.00545796007589212,0.002156881333453164,-0.0035253877670767667,0.09542466581284496,-0.028344443663098694,-0.02068474457232109,0,0.7741479972021715
95043,0.11680004719416776,0.043533722294216926,0.0013312426285878184,0.020471365907369744,-0.1458265991481933,0.06140176124627386,0.01337813209946078,0.009703258075496823,-0.09817425315021193,0.05647724628359245,0.02749124668426642,0.016100810098732213,0.03131462335918905,0.01130238066506795,0.009831871117760595,-0.0016494582651630108,0.07477217926101927,-0.008931166799898214,-0.007992427195102528,0,0.7564837914737707
95196,0.1556070271436266,0.04209651119460743,-0.0011735124915463776,0.02679263703855682,-0.15041502234468979,0.061672228356388095,-0.012083360373352035,0.023596492092337273,-0.10317241312798972,0.026843396456599222,0.03320346443982219,0.015939252556194813,0.04067868101908112,0.02090437706446708,0.01133539714879935,0.004189902892011281,0.06885454317624393,-0.014103010551198222,-0.012368827960325452,1,0.8250300574278367
95235,0.16255627925389846,0.0418372810763106,0.001755214985099822,0.038187552709639694,-0.16032610120214094,0.07379468796759688,0.0020898562027511797,0.02799629795089093,-0.09004998275955174,0.02482785958949478,0.01704391832766458,0.021828521938796672,0.0420397769632203,-2.1928781044642442e-05,-0.006511596285015121,-0.00671041017028718,0.08143411046597894,-0.02579769299033809,-0.012539891913698968,0,0.8373489615334195
95339,0.1507447663686605,0.04283757142608629,-0.009086341049829938,0.0317245920073939,-0.13992544131243562,0.055964473828787366,-0.010576340553512734,0.014181945089477526,-0.08360839461010165,0.02325718263839532,0.04537486342028767,0.02486053918787658,0.022033061227763412,0.029216969767646195,0.013295297576329594,-0.009136642031149137,0.07464919729710559,-0.012758292314311026,-0.00623152477326578,0,0.7994634364804158
95406,0.12408368963388709,0.04574065188362441,-0.006031410933206751,0.027872808826296672,-0.13646610326079506,0.043923082865903046,0.003854187792134951,0.007856237824623621,-0.09797551823625274,0.03679387873719451,0.01932194382900735,0.015833297559555454,0.024987514064683004,-0.00814897406699002,0.02020974492431888,-0.009163997191821368,0.07207939845488567,-0.02083718602989341,-0.00685740791202564,0,0.7280370340270996
95441,0.13132265358163162,0.038944845955712966,0.0017822305599096446,0.028614754203933578,-0.14757112563708738,0.060438690024138764,0.0014873501223937107,0.022655471973932424,-0.11329918754029385,0.037648103739656706,0.02337106097145144,0.007900764050458153,0.03978188039914573,0.0045669400488569985,0.006093906350043133,0.0005912664409195797,0.08948087246462864,-0.019717084706535035,-0.008986074019758195,0,0.7842542627904875
95481,0.14640798509010944,0.050737896186967085,-0.007146756643006169,0.027078022751022543,-0.14529950785463439,0.06965118475104279,0.008994437934460031,0.030866598677814275,-0.11030644473458119,0.02600390608565398,0.02453123248428827,0.017908045753015467,0.026131450631974425,-0.0011322886385597335,0.004706229425473246,-0.006489654390034997,0.07626294490705658,-0.027895567864281455,-0.018721647014188124,1,0.8262718018181642
95618,0.1324692100823795,0.04581472487554905,-0.0037794775018359385,0.043213445096140134,-0.13928422017034642,0.06924556571423221,0.001963819005700035,0.007101034450565476,-0.09848788156985311,0.04616129269548922,0.03621358563878476,0.013210255803271943,0.04862242192094955,0.003593791183351303,-0.0015892246955216416,-0.011189702984578082,0.06855330767146108,-0.012066371671376612,-0.02018651872604078,0,0.8027458514574268
95778,0.15780687053014072,0.04640894558992541,-0.015558131228648924,0.032706217264991976,-0.13190079590627687,0.06497525787767786,0.0022257433343335097,0.02374425103677558,-0.10116368626037957,0.033978812492525254,0.04251890709594223,0.011751568047571522,0.03239378290845748,0.010730781420447151,0.007384406877002429,-0.009126431924433343,0.0705291068629828,-0.013003480445483478,0.005712288750109726,0,0.8136194658541058
95790,0.14408038600513892,0.05084960319785139,0.008773064568824948,0.0324320491119682,-0.15720229611865574,0.06031966858615321,0.0037305526953494224,0.019770834912585553,-0.09684448646873102,0.028892546558800965,0.015321088006299652,0.016912175608059795,0.017202545601261186,0.007144256395266992,0.009321819556337523,-0.01140624834600443,0.0776910632685642,-0.018940680308375285,-0.000984911148315286,0,0.7778202764625437
95840,0.13277321103208434,0.03559704774518374,0.002298337633662202,0.013782421037783474,-0.1256668283443336,0.04664158026604252,0.003965454089141716,0.027911983889646295,-0.08857415873097316,0.041585346296043595,0.030446858956138467,0.0015439558962049174,0.03899757028836015,0.0032484821178872633,0.0019346497619281266,-0.013886769841117006,0.08423029075660773,-0.0039838754773056555,-0.00316562525928175,0,0.7002344474197257
95855,0.13399907964653718,0.05249739383416462,-0.007089575866690845,0.03500328501231806,-0.1370998480522581,0.05715630771935958,-0.015489536039785505,0.025382176509403786,-0.10086892173436005,0.021337206580075988,0.026388736496656105,0.027898500777506764,0.03507010426898901,-0.00038058287904292354,0.002873913719254611,-0.007470744163586076,0.0715284104091089,-0.026328541203406275,-0.010384532359562776,0,0.7942473972720672
95896,0.13340866804882087,0.04966184852158003,-0.006976660326001291,0.03285831891094881,-0.14999340755661458,0.0642648461915359,-0.009070555377157093,0.030764113818719463,-0.10757579051475988,0.0353004916572802,0.04262906745774915,0.013377306241053216,0.030350503630228964,0.013308936306708695,0.020469865669335292,0.007238619637596428,0.07941232598213575,-0.02106442008609957,-0.019377762371366635,0,0.8671035083056918
95926,0.15163573979122827,0.029157999624211894,-0.009000644744793168,0.03487381808978744,-0.1302291111003255,0.043842634629712954,0.0008366325623183512,0.022602429156831756,-0.10505660893592036,0.03398107994479754,0.04970334752448716,-0.0012659939862312282,0.04080696154835491,0.009264516044789166,-0.0042665860183429055,0.001616194262382784,0.08218404966092277,-0.020000001574416535,-0.007583612819703698,1,0.7779079620195584
96058,0.120728847229036,0.040070428082613734,-0.009371282912003474,0.040546385539000904,-0.16879214092515163,0.05805901795964846,0.003384607051568091,0.024569683158663824,-0.10728237639040047,0.028184684164427105,0.024702251108070703,0.009440192304558724,0.01935066716770877,0.011510089136286747,0.010275911414410609,-0.010541078634615644,0.08359998667376264,-0.008175534262339914,-0.013720393590932325,0,0.7923055577051997
96194,0.14486111972912197,0.04711422324307314,-0.008102907304945594,0.03364836741594976,-0.14979324770441418,0.05977275166809737,0.0065672848476654,0.03343791929277895,-0.09651917400261431,0.03373601678858736,0.02249112836528194,0.020511499946827418,0.03721709406412121,0.006663407119836796,0.008112094054436185,-0.02129816676939472,0.08230981348599219,-0.02192604460511744,-0.009466284761554937,0,0.8435485451698108
96199,0.1482542334232437,0.03718934607175375,-0.01239501472969195,0.0291519948270356,-0.1464041613363076,0.04982666766796112,0.00910962623886914,0.026552513800252073,-0.09346537533883446,0.043844349287824345,0.03304399402371132,0.011521557004187959,0.031713212166564676,0.0030961912610308483,0.013102454909033308,-0.008587677527171014,0.06612609619107457,-0.00838244203439722,-0.015051041762637007,0,0.7868179496015817
96223,0.14356908183359995,0.04909474520875299,-0.003837481517133408,0.03998402220113969,-0.12107626380886839,0.056438432860435934,0.0028496998383577945,0.023320024012708565,-0.10166113217460508,0.0461197269212343,0.031494352760932605,0.01242157147845775,0.04058884255843268,0.017072600439480452,0.006954756623654424,-0.0030398895153763345,0.06892383839418921,-0.02314898087066574,-0.004046362861412925,0,0.7956418058794382
96245,0.13655764060220038,0.043167512495266444,-0.005304263898827439,0.04453180413557576,-0.1250086242392716,0.04742986629713018,-0.0013441307143761928,0.025623425336878614,-0.08899053983023732,0.02952467575779091,0.021464037577054194,-2.5280649687442173e-05,0.03468336030135966,0.022344709971215102,0.007148235039486896,0.004546864556798017,0.09045051641600371,-0.009656631705674967,-0.004252976012980981,0,0.7420550955378158
96282,0.13636077075015282,0.02553978246233537,0.006254318197634839,0.03421834174043714,-0.16323526345319658,0.057061455785404884,0.001630287953180709,0.03335996932016485,-0.09188581924532414,0.04553392067345939,0.023701593082912663,0.02596476421990007,0.0353317623258015,-0.0019519244031447162,0.016752563167000887,-0.001991704505062937,0.07360345525696887,-0.04189882512466752,-0.011976547113269743,0,0.8282530687800197
96350,0.12885834935287957,0.03891213776303877,-0.014859169410300877,0.027391071421766278,-0.14445643807042272,0.04760701974663244,-0.0007555193163497903,0.015691250597564054,-0.10457540907860792,0.03951111308058662,0.024998312497624953,0.02181383395459511,0.04773598666592728,0.006933299392896066,0.002919342463617614,-0.0009692083549726642,0.08201079131811516,-0.011333343305335735,-0.010677674740581272,0,0.7720092705318149
96388,0.1538495713018939,0.047779183761069106,-0.00024251205789303313,0.036441260563372296,-0.14670681238117897,0.03023631033867986,-0.0057796132732644365,0.025814017770949483,-0.0933444358490731,0.034790596622371016,0.01891514049265462,0.011632883697587387,0.019556993029036587,0.002031323979632988,0.00481571900405325,0.0006352485186200864,0.08232789783342057,-0.019176969519869195,-0.006607324843318785,0,0.7406838148379387
96492,0.11577744532997272,0.05200542294852147,-0.018468793963948474,0.02207495549442729,-0.1560692749605218,0.0568735818352663,0.010427089985837868,0.0055411800511498315,-0.1036780982575684,0.03219634875229061,0.02750292813893834,0.018324079205341758,0.020068335396452617,0.00492767922892262,0.01092033423232322,-0.010503887451084807,0.07961367974464924,-0.010461108486437548,-0.018180821389690027,1,0.773615044853345
96545,0.13476995210042506,0.04735158589025859,-0.009424631295403989,0.032393198801763876,-0.1422797271592242,0.05626949351737343,0.0034863331019286976,0.02638243878380772,-0.09502831997934492,0.0443932549787128,0.03988510648321705,0.021703702404066494,0.04405297210371066,0.020186588930343845,0.0023528980525820468,-0.0015658452879535865,0.08197616004291533,-0.031249431752238536,-0.008009854137158384,0,0.8427614948024292
96607,0.13400255740771963,0.04297983540444384,-0.002830784501472902,0.022776656633132324,-0.14273250428086853,0.06338312399738258,-0.002191973260195407,0.015559804476946021,-0.09769945107443335,0.03622163654736307,0.03834536002041374,0.015465493317198643,0.0321357109278853,0.013542075477468314,0.002936209699546042,0.0041791598148197525,0.08207366857364097,-0.026588694451865087,-0.006658519098905222,0,0.7823032189657008
96663,0.12268264483807077,0.04282852081413493,0.002756264210359641,0.03142367671093748,-0.1302051806553639,0.051023238716393596,0.0029175152789958857,0.018567043148850586,-0.09432413010318533,0.028949008046117792,0.013175332826651301,0.0007314056448472886,0.03683894920420182,0.0008420288709570253,0.008094037816316721,-0.003329091065268782,0.09450946165240542,-0.01181574441231183,-0.02020601992065724,0,0.7152192939360273
96711,0.16192952299596527,0.04355348569871058,0.02008198370415885,0.03286952868144935,-0.11967423987061719,0.06124972143098069,0.0007930784775013514,0.032987722253947555,-0.08543697034035345,0.03346271732928373,0.03389759495755012,0.02709094381387545,0.027168325005695902,0.008126989159960242,0.007766648443433676,-0.004748187561900617,0.06446128255162226,-0.015596609188878403,0.016109516419698842,0,0.7970050678855836
96804,0.12292945924549743,0.05795784227144307,0.00470278998059057,0.031137565216003787,-0.15169363335762456,0.058610670612262265,-0.006321856324962147,0.016067784047835137,-0.09409147104570498,0.028420200660904824,0.018696892980743146,0.005507017678299913,0.03353799304950499,0.00461731313352672,0.005255580385328407,0.0037427957294940504,0.09173681096967073,-0.015630172350313328,-0.014948330599777652,0,0.7656061796394877
96817,0.1405146153594358,0.05917084134231037,-0.008908358559953203,0.03684308706281442,-0.13077660762851634,0.06146064420759448,-0.0010232407506199658,0.013757252281168433,-0.08985919185147268,0.029823964443683706,0.025474630968773993,0.011922655947543534,0.0363215353229067,0.009004111280266666,0.010678728993703004,-0.008472684817724603,0.08297670427953155,-0.023519685049693484,-0.0063050884745845795,0,0.7868136286222975
96829,0.13419822492366312,0.033416850935495686,0.00587881826239634,0.028755499535749334,-0.13633308648251985,0.05697993738282926,-0.0014194582485761722,0.02944714477004,-0.10189123237083696,0.029403910660873177,0.011966237273216326,0.02971715031375527,0.023713425982736257,0.010157899384775354,0.006035341925030665,-0.005872795844245916,0.09967608551995066,-0.016863472223319388,-0.03646182854551188,1,0.7981884005855217
96832,0.14497659374543084,0.03259562027848138,0.00797083654340913,0.025867755917382725,-0.15183338464840626,0.0659930723452952,0.0009290669173380652,0.02766960280427409,-0.09448011562970768,0.033062549135351636,0.03996466901621849,0.015743773679789224,0.019084261744774296,0.040269222812324985,0.018575034166506094,0.005959403178165729,0.07967660632593972,-0.0072968681004276096,-0.004522548478599959,0,0.8164709854678232
96906,0.1388116639847841,0.04560406738154013,0.0051668117983149015,0.03533043501427907,-0.14037308619532857,0.0634373626715086,0.004386700119769083,0.01502847166702372,-0.0924008349901312,0.022988970516764642,0.03699328984495424,0.021541020419978473,0.027780292947814304,0.018510207081485812,0.016059193306240057,-0.002632513161734548,0.07043003083578091,-0.01790429787535623,-0.010402333514329759,0,0.7857815833271183
97069,0.11260650872209477,0.050375216874031944,-0.00603911522306705,0.0489601759412728,-0.13316588340454122,0.05687909261527025,-0.0048955504115120695,0.026591049469537536,-0.08872636618854134,0.031145603181930537,0.02164313400282919,0.018728569540862435,0.03277940649508593,0.01203018804937456,0.019404645108077954,0.0006649246460913755,0.08103870207200166,-0.029469053628114198,-0.010344876584444553,0,0.7854880621586814
97082,0.15075999193517173,0.03916014424313883,0.00404697990456172,0.03996919274435403,-0.13092152786641287,0.052581738723507555,0.002363239117356411,0.02430551444272239,-0.09444043547450451,0.03368695780544572,0.03619259372536906,0.010502824410275124,0.034824270491160665,0.013180880033442685,0.010607731818986579,-0.003024538660841124,0.08429096510268098,-0.007291711408591577,0.004754551072590627,0,0.7769057889811142
97120,0.14105841241944927,0.06145245756841595,0.004775472983317794,0.04183977204732801,-0.15047740156802347,0.058271420752923554,0.01134347699702098,0.01919546041423429,-0.1068079820590273,0.03550448900721588,0.024460657785208836,0.021334286505842678,0.035868446646368325,0.008789344292728457,0.015927637340570587,0.00019516943254351202,0.06169541445519807,-0.027119297265596358,0.006072432048351794,1,0.8321890315893651
97121,0.14279447455097943,0.03841665252645019,-0.0033282913583845613,0.03654998779721927,-0.14027253251162497,0.04690856543052536,0.009144581266815837,0.02203331958771142,-0.09846570259434746,0.0324015903185652,0.03667758843930678,0.026163484553004726,0.03301080448475,0.0015857679003973613,0.0017370040871881934,-0.015214458259360242,0.08622917195346252,-0.018404885965115837,-0.017336840825190197,1,0.8066757044103996
97191,0.13220159159989475,0.0449419372473126,-0.005465858343868459,0.04225335592455296,-0.13127751868484236,0.04998865536067467,-0.013896254992542852,0.018050703993874442,-0.10511806282204536,0.02860864560392835,0.010081573606921166,0.018995186803794258,0.028193873695620108,0.010691579435193381,0.010331084438825168,-0.011335914797245952,0.08787060823791171,-0.011830372594830062,-0.002001744307735012,0,0.7631345224916136
97213,0.13449601760494215,0.05614059274422337,0.013146375356369774,0.022101038054992812,-0.12664256761248427,0.053005976254093486,-0.009637874802393016,0.028658421723860607,-0.0958018299335831,0.043666404571738676,0.0214443823828517,0.0233346223549788,0.042460435329702194,2.1952207029882718e-05,0.0025748353932362835,0.0010845157865670206,0.07076754305349826,-0.026431724197291402,-0.006031646084367447,0,0.7774487554482042
97259,0.13435098630392112,0.039555443245685704,0.007657229582808167,0.03273133898660134,-0.13618245868605644,0.06156720029069616,0.0080327135015357,0.017012603611446124,-0.10925402698217918,0.02944374563514551,0.0266928362319826,0.030319856065671086,0.03832207218797324,-0.00855081078706234,0.008319182088975318,-0.0008226955873865047,0.07576766231652221,-0.01604648224222681,-0.010323912031746731,0,0.7909532563656223
97267,0.1424375011090199,0.04724087265717527,0.0013197917279372025,0.03053038229435491,-0.14721841524761475,0.05020038714267036,0.001159820580645882,0.024137368303623667,-0.10580797701638572,0.02447295724317091,0.03405312990105201,0.009503693783607858,0.046079415735458706,0.015013561134299991,0.0051102543661803584,0.00778740258765524,0.06914728794648814,-0.014213525401283405,0.010987468772107652,0,0.786421212950732
97311,0.1344030854958224,0.051496165804166744,-4.323847456763328e-05,0.027521943036828343,-0.14229515800655265,0.06868372611205398,0.024972907327501903,0.020207623753362387,-0.09174234160302525,0.041410048989200726,0.03634452817376909,0.0036074978085808944,0.03558745640396747,0.017903304840198853,0.008994941696997143,-0.010475349977699975,0.08396794117903977,-0.020574844154324895,-0.03238753686350206,0,0.8526196397011622
97391,0.14325624176835455,0.031317448778348966,-0.0003217607644156436,0.03262817636571176,-0.13923540372860327,0.052886241258589296,0.011412303049194316,0.029934891042783063,-0.09728812439951252,0.02611172432856089,0.03722779238834068,0.019101313715959186,0.03075029034635489,0.01621352585011873,0.007057218689284843,0.002503098689677429,0.08188554206015469,-0.01643597996059393,-0.018522214888314962,0,0.7940892920728736
97395,0.1440928369113313,0.04823211137247077,-0.002936446709472833,0.007967206235007641,-0.1430075329950493,0.06511676923874275,0.002044562718366977,0.03199969354977581,-0.10845900888982492,0.033991200440092455,0.03779543569850667,0.014632501215372058,0.025029390529368933,0.015987344444004653,0.013143723936871249,-0.00470446824740645,0.07952506865346094,-0.018065151250550922,-0.021164897421317344,0,0.817895350456994
97536,0.13814535866831104,0.04350138605827993,-0.006077589321427183,0.025295911252340736,-0.13535864406219625,0.05786116531146607,0.01765001041579029,0.022563046378203094,-0.10018018915036195,0.03182199137979938,0.020277898743565607,0.02695945081092679,0.03161618808555948,0.012475522660215121,0.012991320608259463,-0.008130402197148508,0.08528129702487068,-0.013180796500494479,-0.012358193029878157,0,0.8017263616590942
97567,0.140231731272516,0.05045850534092518,0.013230796292530218,0.0325903474330356,-0.15133239503384616,0.05088261565478848,0.009775720806386695,0.01655118086649811,-0.1016283867073125,0.03474670081428467,0.027184124592091335,0.029042061804996452,0.03582961781191756,0.016754207242654688,0.011147300469921273,-0.007987034210316532,0.07480386819394788,-0.014203826780281,0.002886931742592924,0,0.8212673530708433
97604,0.1523218916946091,0.04948579581877432,-0.018679309307851638,0.03262487923064488,-0.13526608752486055,0.06580960704292788,0.007424125884106293,0.017478288401147114,-0.09335020182992197,0.021369902739664264,0.02584186566713891,0.006899907744275123,0.02969252291723953,0.008365681143425984,0.018678543715112062,0.009298851915916296,0.08163448646044419,-0.038041153211417364,-0.025280272773358686,1,0.8375433750228362
97660,0.15543290556516612,0.04983283861348501,0.003313369312420643,0.03253685899564626,-0.14133004809930483,0.07177576674768009,0.01147557737522626,0.021881604919973464,-0.09715527306894216,0.042547200017245074,0.03279322692591744,0.015177404536117949,0.031175047598873313,0.00911831206619679,0.0073431423675048525,0.0026064432443345872,0.09137630279695116,-0.03498161317449151,-0.009272772063458237,0,0.8611257074889358
97707,0.14888220320621384,0.04818680355404175,0.0005820672380600993,0.034610505918657074,-0.1300901879741045,0.05208964210180107,-0.005563390900914622,0.014914350797347157,-0.08016505825043924,0.03919619800043243,0.030538082718047137,0.02676948114969074,0.037167985338618134,0.016659346905668733,-0.0006167450569343008,-0.014616887021919904,0.0889242071306278,-0.011497892088576364,0.001247375764147904,0,0.7823184111162428
97973,0.14562652916486274,0.030774716778921813,0.000628927670855887,0.028402113501493683,-0.16739372164928126,0.07297680778480287,0.0017947563763154642,0.021396484826809007,-0.09553409033851044,0.029555852861227843,0.021028132957598946,0.006604286081389363,0.029681816431223425,0.018204130957596182,0.010380160193546517,-0.004703199033314468,0.07183881046841015,-0.02924021160037368,-0.017969401656418155,1,0.8037341503329519
97988,0.13509241071226555,0.03311693223080597,0.016669086392016943,0.028269278533559625,-0.14769048865384507,0.06881603585401169,-0.014589653141765623,0.038671164007762715,-0.09787023985754531,0.0413411995251669,0.007732357103864878,0.018024261863044087,0.03404855858838023,0.010756822602016615,0.0032106353374581125,-0.016888654816250865,0.08310398678627129,-0.027006153048043623,0.005674476711993218,1,0.8285723957660683
97989,0.14704050659966866,0.04452694836555206,-0.010979908063902734,0.03484204607883223,-0.13790189242962975,0.06428220543113086,0.014080072904903268,0.023171777577727454,-0.10922959388375243,0.03287052855202351,0.014536931787192635,0.021452479704727394,0.023966062247430125,0.00815483438257849,0.0015809709300747372,-0.004798528803153552,0.07736714343737496,-0.02547206564735333,0.005724371140352734,1,0.801978867967361
98078,0.1343839025403179,0.05182902607341176,-0.001695225585258107,0.03118446285222804,-0.1309961521150381,0.06704615453448536,0.011952108225948771,0.016709081483335074,-0.10853577259481204,0.020144883175332123,0.03139354495636695,0.02506727631377836,0.026901813900082755,0.013094504319704542,0.0004338974500549561,-0.016660561908355197,0.08194242673001692,-0.026576717150145895,-0.003029663843315631,1,0.7995771757519885
98116,0.145601129869869,0.023858419067694377,-0.016939863427283403,0.02996797558006078,-0.1378223477918384,0.056453629980519233,-0.008937279915132807,0.019343691441819615,-0.10221180665115462,0.04440164271108167,0.02049455239463631,0.011864462472402752,0.04108908702119851,0.017043650348516848,0.015675368788934246,-0.0009218597955198805,0.06641465280837848,-0.028237919985276513,-0.014252588120910235,0,0.8015319281722277
98132,0.14438645314222126,0.04132973430172279,-0.005981080134990924,0.031130324260096816,-0.13759665285541162,0.06466407128296964,-0.0006469706856889762,0.013687972026386396,-0.08603282855658874,0.04270210072819084,0.03370596443595005,0.00961681872626722,0.03399415330993548,-0.0016099888549749265,0.01282569331056195,0.0036999557719767503,0.06215450848230693,-0.013872635455924704,-0.005603396458324445,0,0.7452413027804905
98235,0.151380020620088,0.040838897055052316,0.0031431616631644637,0.01926158118717764,-0.14434240310269822,0.05124487541192486,0.006646258471047573,0.014476484963931653,-0.11085047585032425,0.04345106153369577,0.04030221950033891,0.013836857988835096,0.03202136624506192,-0.002587429021417284,-0.003796657457559099,-0.014598387208565126,0.08848894232862085,-0.028715662784381278,6.52917833193151e-05,0,0.8100480341772036
98392,0.13560485383721085,0.04526856137848384,-0.01424451789205054,0.0327586658215412,-0.13998826496119587,0.04077757126776041,-0.0001700317381278215,0.028270179627880122,-0.10644917136653517,0.0410931526563899,0.04605745488568071,0.022301823342718984,0.039002167213738954,0.004268210911493395,0.005426144307222542,-0.006747841975132822,0.07222237206001275,-0.02392132053091609,-0.007848404426320087,0,0.8124207102004121
98579,0.13322796573596965,0.03909785502608586,-0.0013634688530981375,0.0244571908245741,-0.13293789821057764,0.058525478986432684,-0.005057285642257429,0.014157582635631756,-0.10821738186025616,0.029943605818564516,0.03326940195555076,0.007860598492798231,0.039571259962067444,-0.008167089777137338,0.006494420780442088,-0.00910131733763226,0.068484414930465,-0.028648535434832263,-0.014964851715909633,0,0.763547603980283
98590,0.14324057280218522,0.04002656021859922,0.0014967469510131163,0.02140461178739688,-0.12780160439677737,0.07647789249661961,0.0008547412132905673,0.03215292017147959,-0.09475021959072158,0.046361493773949804,0.028499893697551088,0.02359061138793602,0.0472541936283451,0.011182779136839774,-0.005402177039413246,-0.001725331659442527,0.08449407165798963,-0.02229782299119298,-0.014987203035448126,1,0.8240014476361914
98639,0.14674374473189455,0.05192160469564013,-0.005231943564595653,0.03108464813556937,-0.13224186249111122,0.06836679890161991,0.0012893534594616625,0.032123860460450626,-0.10256522462469346,0.040306355985837344,0.03905137314904779,0.023619775958858308,0.04360886678541103,0.0053400773828292765,0.01083437125573676,-0.0038234524290986565,0.0772257912591966,-0.012276145367150134,-0.00996837450689658,1,0.837623625145099
98682,0.14104105870874703,0.0409247780589287,-0.014418581207135442,0.03940171225334437,-0.1610548590128488,0.058614193228132994,0.0034962478206006014,0.011404256631385066,-0.11628863546365391,0.02971795252196578,0.023785036874739374,0.01899960827094629,0.03397792507203605,0.009628210161653508,-0.0018679436386466724,-0.0016793160921216462,0.07641083864490802,-0.014408249143589104,-0.00561402558285791,0,0.8027334283882412
98708,0.14243913866808394,0.03825546688371644,0.003461172223968726,0.03316757288001178,-0.14252996482441596,0.05202030899022064,0.012846023737353177,0.022707625887510696,-0.09423447514398252,0.03286676329200164,0.027798721114438145,0.020989282385641055,0.029017502892960317,0.009256060208496137,0.0015435155168344414,0.0018154574406890702,0.07139414674248822,-0.019979159620633943,0.0028370654278631114,0,0.75915942388131
98736,0.13492689878653635,0.06608177590962175,-0.010248439132303045,0.03573238995133812,-0.14772691640029742,0.056191466104809545,0.012901154186907019,0.03173926309719959,-0.09297000298827801,0.015068606884259171,0.026483598852236022,0.008550544290452917,0.03774691609093616,0.0052819810390470675,0.020462063155181506,-0.012957759033402978,0.07318206522332103,-0.03305613274984466,-0.012781317358777744,0,0.8340892912347501
98746,0.1357211468395695,0.04799795997728138,0.0024470404102546113,0.026995775689082013,-0.1484889614934465,0.059807965407360913,0.009129083540881024,0.019000188210557316,-0.10042369389770792,0.019973419783290525,0.0155758730060797,0.011423533258329031,0.03358986667281633,0.0051026127567023166,0.0008425511858288352,-0.016192563695514972,0.08325502127160506,-0.024241598445831836,-0.0046690396984191895,0,0.7648778952405589
98796,0.1488632005456012,0.03743008978815385,-0.005490217459207872,0.02931367250297645,-0.1472576867018796,0.059635188338914,-0.004270888190223237,0.030535893404473324,-0.10855776381783151,0.029999950745461232,0.03780760322678196,0.013059577529288208,0.044863260201309665,0.014198446752694995,-0.0005311598665353235,-0.004707899628360635,0.081021281416712,-0.011417085543437011,0.00020049034188098096,0,0.8091613560017231
98886,0.15877768006569162,0.03949293660925358,-0.0003179260030917124,0.04330910932290203,-0.11863723907347953,0.0565206188126794,-0.0033585403399877213,0.026870016507421796,-0.0842059428607015,0.0457180646285143,0.03891692530462761,0.015814946355318545,0.03790988341946358,0.009702292135656211,0.019705028340793514,0.0037139252087631746,0.08407667135025594,-0.0156352209023706,-0.0002901931304930549,0,0.8029731603714654
98896,0.13021830022729466,0.049055691072310795,-0.012950570300890921,0.033224870976963417,-0.14821618616855958,0.06560270203853841,-0.0054450464470991835,0.01431779095907184,-0.1065980498491933,0.0331014539648468,0.015165223238696134,0.00288365699274535,0.052574137141631484,0.0060531960614655074,0.014304259102568818,-0.024783965503103775,0.0730446139711801,-0.021333850430383012,-0.0005430681024677004,0,0.8094166325490108
99150,0.14953776160984805,0.042119965676408376,-0.0017398489048496433,0.012925938715536923,-0.12067732886844029,0.06589622233244158,0.0008104724061604947,0.02244863679912229,-0.1031664515069427,0.01975909480067325,0.02239755892369535,0.013808274602787192,0.026407462859396578,0.019076172935666286,-0.01206173803624493,-0.00034417644147967814,0.07825042301682898,-0.0212306346320291,-0.013126639107110425,1,0.7457848021756621
99223,0.14225773994980848,0.036285419183432296,-0.011207747228921846,0.03607306475931573,-0.1304803499014647,0.05880222012667186,0.0044505926477792015,0.024620172844824224,-0.101506379464536,0.03412860301340356,0.04527100791761807,0.015965499254303843,0.04020687034471103,0.0056757248098579524,0.014075501866470061,-0.006795268302714465,0.09083909134719283,-0.02962490829516245,-0.012507601428302434,0,0.8407737626864911
99249,0.13855825859377846,0.029709737329568872,-0.005890833118012702,0.01510822449513909,-0.15096310381771727,0.056962877047147316,-0.0033755200623039276,0.02426304137883139,-0.09683697727652316,0.034116280001557135,0.027322884153198394,0.010776445359855953,0.035670304085369815,0.012863829658360177,0.015344211994931956,-0.024441118829354,0.07758234840214581,-0.009258339097310532,-0.013695031201371381,0,0.7827393659024774
99329,0.14890614808511254,0.042277573204232,0.0019601528609635424,0.028874917867055417,-0.14012823260114415,0.06656548749709179,0.011264345777740563,0.024764284012499586,-0.09390819084846659,0.042310124143004335,0.03495462759498894,0.014760461368833402,0.018187366157265794,0.004717181774506249,0.0007150044182393533,-0.010818537565082576,0.07147278914837117,-0.015601591904345333,-0.0008019955993858943,0,0.7729890124283292
99438,0.14639783078037374,0.04393796834200095,0.005855774855835407,0.027035563796914897,-0.15148068368176726,0.05186095179042422,0.0034299060893852318,0.015756390814047165,-0.08218099436362888,0.03088783177420623,0.045646281012195596,0.028463031706800496,0.027032001535955225,0.01562061908274196,0.0030203340209091216,-0.020731702141756465,0.07613637572106487,-0.01820682881929565,-0.005464313317131574,0,0.799145383646435
99458,0.1508428655659336,0.05242715252243181,-0.003672919165524287,0.018392382279027723,-0.13124572001180218,0.07238705721667467,0.011010550608040603,0.02547748788720413,-0.11838755843693125,0.04828456929428809,0.026335537268177917,0.008596465137399577,0.028224017332378695,0.013455771632803476,0.019982934005874708,-0.005456122824545337,0.06830241230468911,-0.026317547202035524,-0.019861972293422608,1,0.8486610429891853
99657,0.1511541491909559,0.05150394605190386,-0.002141724073900255,0.024596658530667146,-0.1297343213967123,0.04816610708893366,-0.008032524013879319,0.003847860606823404,-0.10585428169106299,0.035777748311275004,0.030240391282916425,0.006192240933202723,0.02266640883250529,0.023307105519159436,0.002747364831426489,-0.008306822264319199,0.07856420535460522,-0.02433503060823951,0.006274262577437014,0,0.7634431531599252
99672,0.15267175698960034,0.062184577186182644,0.007987332264220595,0.01849444270282968,-0.13877610895614742,0.04815666328840102,-0.0031609399733698628,0.0071381856575799575,-0.09345066129041975,0.0349562031489266,0.028396785585683856,0.021403788584419506,0.03977395936890074,0.007782655408849967,0.006330504077975385,0.0015282366198340783,0.08189995194577372,-0.01110356929673758,-0.02287475285808658,1,0.7880710752039393
99713,0.14516253149843658,0.0392382112896646,-0.008073386571033663,0.02132656997709971,-0.15576825014206724,0.045071384393267876,-0.011329576199000954,0.028206826820485156,-0.09066014774035616,0.03141248809566462,0.024027812464513493,0.020847127777922872,0.04412797323402336,0.0013971290529684673,0.0025571906736801876,0.010104422104579264,0.07380254073072633,-0.019702201973622185,-0.0020799835339441923,0,0.7748957542730569
99721,0.1486759750210048,0.04521911332645038,0.012622309630063767,0.0346927855785946,-0.15381001493591792,0.059720520564417186,0.0020584371859915496,0.013351304579113628,-0.10863692791257949,0.020067433423014716,0.006137225788838855,0.026832927116690403,0.017574573116100115,0.022698784081595143,0.011562605503581376,-0.012194702239325748,0.08447321014916823,-0.00875417881932841,-0.023050808039343357,1,0.8121338370111196
99769,0.1357975375002496,0.04092065838995189,0.004285275638700593,0.027208271675220313,-0.1553097620340654,0.07237229287004007,0.00010729699666485042,0.017153578230490678,-0.11570045976515587,0.02986140951199444,0.031292744736252015,0.01983769122298521,0.04251550775523454,-0.0017755979445348018,-0.0028071155959674392,-0.004778901549516699,0.07353488386014016,-0.020823145140899287,0.0026956982770552354,1,0.7987778286951192
99826,0.1542567153009898,0.038662325976112216,0.00498836037307644,0.024454571329992802,-0.1369238053246344,0.06557803565271027,-0.0016526323561409345,0.011268823109982406,-0.0905667935470105,0.0280573180209388,0.038378933165727644,0.0014767857101761546,0.039742390120133045,0.012631484134100746,0.01588569536027033,-0.01328312727631852,0.08488105822218675,-0.013400940552417548,-0.019991785535480328,0,0.7960815810683997
99877,0.15063971351178967,0.04814829214595138,0.0038755829703422356,0.04162563592664131,-0.13316905763552309,0.060101360763690825,0.013088963856746634,0.028157066232791707,-0.10452419339084737,0.03411618630162344,0.024854708880617866,0.028154756728255466,0.03994611355486329,0.01303636261651243,0.005792240409260084,0.014143835878870057,0.06959274662871907,-0.013116533166314817,-0.014828188906634608,0,0.8409115395059954
99880,0.13937265336254556,0.05029632029096985,0.0030350850090857437,0.02739520595020442,-0.14408458720068978,0.06258514088059625,-0.005541585377644067,0.014286469049965467,-0.10529266309987516,0.03452394043150689,0.02590064643819326,0.01923811410577435,0.031384825588239046,0.011934109360658945,0.001313745361712893,-0.00034274351747545524,0.05719323094926894,-0.019444266651433843,-0.024558643960868695,0,0.7777239765867087
99988,0.13948455164473458,0.038637284203412385,-0.009259022161935748,0.04486620858034246,-0.14669901958808493,0.062464714434303334,0.0034738258426592183,0.03067974199621592,-0.09457419544068187,0.03538608481248316,0.03364678536894683,0.029761720646745964,0.024299728777555492,0.011991228864657125,0.0029481189433418816,-0.0069250613716382425,0.08354117424266781,-0.01424252393207235,-0.016387130245777533,0,0.8292681210982569
100001,0.15146740572932102,0.028413003650255432,-0.008298520596334485,0.04024263554871253,-0.14537130346344995,0.05756189197027171,0.016542175646145952,0.02413309900663332,-0.11279065292468674,0.03186596816452894,0.024313313789351632,0.008340038516962073,0.02150038855572895,-0.0032465396020198603,0.017112295105435913,-0.019304257022002433,0.07139453045756902,-0.03380303625537975,-0.017230104250339297,0,0.832931160255129
100114,0.13637889166097678,0.04192506811438795,-0.005364476849958436,0.02310729238504434,-0.1378338260107898,0.056098993933095594,-0.01112794650255957,0.018177173916858844,-0.08618786209638754,0.033397232875681866,0.03581088040246299,0.020428418061901637,0.034104373587208074,0.005294383588684191,0.01494595033332198,-0.008238638430805995,0.07148522946310154,-0.021881174520066948,-0.021981905304787528,0,0.7837697180380816
100136,0.16115207949228724,0.026870412885165305,-0.010307965818127915,0.03301189791890607,-0.14533032266456683,0.06153664001642737,-0.0041032243647036075,0.027250728269428804,-0.11086369122480269,0.02543896192574944,0.027850227800561386,0.0049556701506531685,0.04132103416267772,0.01637919677702027,0.010229722506556451,0.0031887162822275285,0.08587768506033194,-0.012636055966985523,-0.006198740184811903,0,0.8145029734719912
100176,0.15158456539433948,0.048451544522716244,-0.02361773992754295,0.03378445505931956,-0.13757729637097915,0.05695795012028453,0.007417360825140998,0.0350399243726766,-0.09201696309174731,0.02406551939822163,0.020185352346734003,0.014078885628623188,0.0216096824624656,0.011301564928649423,0.010538189945696932,-0.0031702299739817174,0.07193090893842019,-0.010690501452313093,-0.01309158640720951,0,0.7871102211670621
100231,0.15089737213406193,0.04908115060824647,0.0033317920787409344,0.027966905456060853,-0.15504845396740355,0.06942599805084881,-0.003931515316617788,0.01205111300627108,-0.09235982612591515,0.029852240258793687,0.02283975786931426,0.023959019117511148,0.04562615525355055,0.015936312892496425,-0.0017843444998895646,-0.01054477338018932,0.0883852412010543,-0.03221526945912774,-0.004025938140685572,1,0.8392631788167791
100300,0.15051405986383898,0.040204761089799104,0.001785808688380579,0.04968426368627123,-0.13344450644193834,0.07063573990026815,0.004946192093708501,0.030405581678686077,-0.08169927169234713,0.02674004395110157,0.03975921376898929,0.02365164349407135,0.031001870267265814,0.00857629922033805,0.007742312152065357,0.010441888128381394,0.06990773939577984,-0.01781078128214914,-0.004828798405712479,1,0.8037807752010924
100389,0.14030667554153192,0.04035058751454399,-0.0029945187849798206,0.03789084445296046,-0.12931187610631195,0.06895732813350881,0.006622917469686192,0.016960088730946087,-0.1040937616315561,0.03980220786250855,0.039092142483969666,0.013051791377383758,0.033888993177082015,0.02774102652691104,0.01201825341842145,-0.003579244678971383,0.07297156589400766,-0.009888476985784945,-0.004486097972738932,0,0.8040083987438047
100464,0.14439894913301912,0.030185690472013194,-0.0024106724134365615,0.029855173363240308,-0.1331281176741589,0.06308213414415172,-0.008936220490068956,0.027215976804709253,-0.09920175686038586,0.044967367269106086,0.02847631455926117,0.019088579281440452,0.03729516638126919,0.018514226287095013,0.001727699997296741,-0.008444837864944075,0.07702159095671918,-0.017639799507592212,-0.02729053519448639,0,0.8188808086543944
100546,0.13935155397266039,0.043064349451855256,0.001291660275872559,0.05069845109509248,-0.1582884072012746,0.06788464408823507,0.007646147493920059,0.0201657238255499,-0.10164403023385543,0.026385911678402495,0.02763670407339102,0.012970935387207342,0.033890125869909485,0.018826731672803087,0.012060169139576832,0.006043995375758857,0.08191778937981438,-0.031745257971273276,-0.009757134745179108,1,0.8512697229316316
100622,0.14161037481015387,0.049417372285912066,-0.004548372519837769,0.029831711800859275,-0.14939601594508659,0.04808504218988609,0.0015087169890392398,0.005143207680662839,-0.09816908613974948,0.03656662585769063,0.04445280554622088,0.0012930502510888008,0.030432228271669415,0.0067796946974881195,0.011037879965921028,-0.0016247207733117352,0.07880210955653948,-0.02211916846839951,-0.00430863307583471,0,0.7651268168253516
100661,0.13649962338708696,0.048760086884854593,-0.016193338629390312,0.034531266370218486,-0.14003354200512297,0.05268883875681032,-0.004181776092988642,0.016797103172790165,-0.10336668189065625,0.04729999919209515,0.013135259981741572,0.029352611148202704,0.016742302190343953,0.01244912035375952,0.007911081811929238,-0.005240246225565528,0.08590338051615608,-0.025918003039111993,-0.015175643774483981,0,0.8121799054233084
100863,0.14331570939413482,0.049412765598290644,-0.005108634422816857,0.022736193003058357,-0.14343947130496063,0.0512552609694925,0.0015675051623478627,0.027946651372305356,-0.11077582055949856,0.05510244505281938,0.018496210071957026,-5.647497020691934e-06,0.038968332756851985,0.00499132432552582,0.01249875444277958,-0.005007377368455318,0.0785217262347146,-0.025681377529389874,-0.009800836048797923,0,0.8046320431152177
101017,0.13390526880905287,0.05168326084802536,-0.006375374418455006,0.01256606569301455,-0.13996333816040166,0.055795572473217966,-0.007174003526277019,0.019046172891118228,-0.10963502205478727,0.020701872225355817,0.010862209244112702,0.03937735505113732,0.028159128244539967,0.0079116974765157,0.010999113845704652,-0.008594309792033782,0.06884088465179317,-0.010440495682001527,0.0023520544805762165,0,0.7443831995681208
101054,0.1545116872958797,0.043637595842646766,0.002414266286568381,0.035565087889350984,-0.14687688153375186,0.06307903166608342,-0.0013117966228373096,0.023838479169177605,-0.0845794909288864,0.03547092526120244,0.027237689893108517,0.026288622834242402,0.02536968303843977,-0.0020651440934772195,0.0034926406272465915,-0.015111200862426611,0.07021716631182572,-0.02604374329483585,-0.0029094297043696957,0,0.7900205631563573
101082,0.13199830893920414,0.04182501829108539,0.01868062557210929,0.03355260629779406,-0.12980056695880493,0.07503998805086767,-0.014204398898014305,0.011050741092271077,-0.09960594888368524,0.037660406463442334,0.015269726856938526,0.022629685668837003,0.03236250832913158,0.003951078332050917,0.015120665484021073,-0.00012243118797762033,0.07274549191070531,-0.003813373955214253,-0.010914352760428275,1,0.770347923932583
101094,0.14817802762475446,0.0439602014593633,0.00883897387742686,0.03891026961983938,-0.14315903523705684,0.08191514787421643,-0.0018829792314702385,0.012809093050450348,-0.10205967650606954,0.025899192565457477,0.02784152112281022,0.019938249667826407,0.045460517113708306,0.0027617066721387093,0.019127091010880226,0.0005902321687595484,0.07902272869333628,-0.025501450015319317,-0.003532412829153491,0,0.8313885063400374
101110,0.14028823542953647,0.03587821908685983,0.0016857409521322212,0.03701120881650313,-0.15629245694222604,0.06292507744485895,-0.0071125425955699245,0.015954395164365198,-0.10077077652759915,0.027239879139097933,0.013760877841957796,0.021875915349406916,0.02876548263753381,0.007820525488390528,0.022631273162848915,0.0004567605024597021,0.0872700232376126,-0.02583209235427568,-0.016862615036408794,0,0.8104340977096436
101121,0.13680985696451137,0.034518159345972466,-0.01799009754848674,0.03546487794845983,-0.1464326151697606,0.060955953139625034,-0.0020788688289231044,0.02195503344084011,-0.10170340543068371,0.042021440503146726,0.013430164065678159,0.009494341875849521,0.04020926882328211,0.016442272336634284,-0.0008026593626101888,-0.006599874313618869,0.07099773217267226,-0.02656020959780806,-0.02295685868300714,0,0.8074236895515703
101229,0.13699806240532506,0.04491475703106415,0.01608181447204316,0.030984787646914667,-0.1681995744489651,0.07444271489889069,-0.008419550622408156,0.02978409981096338,-0.1075368517835754,0.022416357492102246,0.020687877289762575,0.0198346087959186,0.04120375688382782,0.012545617791636614,0.018365278061733537,-0.0010018089702506139,0.08231809847822104,-0.011007713297579552,-0.001083691684342832,0,0.8478270218655252
101237,0.14614250260233172,0.04995153258986952,-0.010386654260153989,0.036784699242979745,-0.15611511203198486,0.0714359608834958,0.0004368211796493711,0.023131774340524828,-0.09357722538569739,0.02229302014077881,0.04526254355137696,0.02607325326818962,0.02066621585090609,0.009807976375751846,0.01962855579436404,-0.015371282548637772,0.08540500529122684,-0.025228233050917627,-0.01781021434706757,1,0.8755085827359044
101272,0.15066643339102306,0.041648314811349126,-0.012895767375940224,0.027346615298420588,-0.1304833718515233,0.05701199587729986,-4.34341643634071e-05,0.017693272487718657,-0.09807561710991865,0.03570577308841412,0.024376085094719214,0.013259144765591145,0.028581524296508173,0.0012102800705674243,0.013898702068985903,-0.00628566829600037,0.08385069723653595,-0.0217444146388686,-0.012894470033145306,0,0.7776715819568931
101349,0.14353678730467695,0.05086609734280516,0.0009428761547971865,0.031361218893232866,-0.14911216274889008,0.04976788276445974,0.014549147643582637,0.02264510765618989,-0.09096347459450178,0.024377716165683072,0.03179823783803273,0.02110645876653841,0.0179460012976396,0.0004299753301387386,0.0024841257431558504,-0.006448714603440817,0.07762449027492803,-0.01829955700869254,-0.005706573634075909,0,0.7599666057654619
101452,0.13946752476228635,0.05524273226337929,-0.0015981471659087154,0.035043047192181556,-0.13857118478727967,0.057546402836297715,0.01028165051538976,0.02372524744084961,-0.09068499307271735,0.04394513930734147,0.02564123162904912,0.029744247040211523,0.04055302771203378,0.006560376598196123,0.009428982963877145,-0.005821355315934277,0.072910908827192,-0.015436914270135908,-0.01682865938525396,0,0.8190317730855153
101474,0.1546012927199295,0.03905596695946862,0.00046612689373627095,0.030641227111933553,-0.1490045475825849,0.05890994277947033,-0.006755972596410897,0.02402361133747456,-0.09291087516927853,0.03767616781247294,0.015296874098279494,0.008677936759806309,0.04603443518104695,0.006798719813025044,0.005992276311015942,-0.0019033890412989603,0.08405519262118666,-0.02298769803643112,-0.02630821472227716,0,0.8121004675471277
101494,0.1518926922057482,0.04636833762583202,-0.0019169111467788168,0.03619581063543795,-0.1490196744340106,0.05075970105785656,-0.012581235222997162,0.015462729921236915,-0.08906540693294704,0.031302308364140954,0.02699959333018663,0.03232724618459057,0.041675894760178134,0.00488798246632545,0.004373427629441908,0.0005156887758951147,0.08799614113621645,-0.01137566242900596,-0.019390886268791645,0,0.8141073305276181
101526,0.1537717622205503,0.030483390573671873,-0.008075988055266417,0.030956611955791923,-0.15390216027912418,0.07480158446555628,-0.005225509120884592,0.01987389029830793,-0.10973356594657369,0.03434374974399035,0.031602291132583324,0.018419514134069705,0.03085973054470009,0.01564713272940223,0.010663615915008763,-0.019646950640703282,0.08239751193820713,-0.02774633249158104,-0.018381604190345936,1,0.876532896376319
101549,0.1529664624886091,0.05093430874146443,-0.0076132401983900816,0.039603716901319454,-0.13400578408185237,0.0634597521204435,0.0030657915031491447,0.03297781689705971,-0.10189344112723964,0.03850504082012387,0.025255507984334267,0.034437429675504234,0.017869113952852955,-0.0005265292724645357,0.009857956254836537,-0.006969957832442887,0.09826591140994087,-0.016665812123502034,-0.011403445485794163,0,0.8462770188713238
101640,0.1371348215089345,0.029008514425299003,0.016072593692118893,0.03327452805761404,-0.13543371601914345,0.06488654716288919,-0.001184389025957103,0.024284684234758293,-0.10987583585421279,0.03713920676304,0.021081450392041932,0.017069031985720455,0.03533236787506662,0.003065081879757445,0.0097937816526864,-0.008063669261741128,0.0692720882198424,-0.020095075689866765,-0.007315610286251535,1,0.7793829939869419
101738,0.1338137450700161,0.05696929032637389,0.002000026423739594,0.03787554923265615,-0.14069594856823223,0.08260786690751115,-0.003346760299663893,0.010133501811585557,-0.09577467995623397,0.031649250623394916,0.012498850264189303,0.033363177386855215,0.024963874954321483,0.009825263747561153,0.01829732714484258,-0.024666730654178712,0.057292471565829665,-0.028814573463188855,-0.0014403098605504417,1,0.8060291982609249
101786,0.14865141036057905,0.04725913165549533,-0.00035719439065030114,0.03839463326647259,-0.1292179737336734,0.0742345484769218,-0.017499883726035673,0.013482068627964772,-0.09089282732482178,0.02909157576337694,0.0329476243650715,0.009302066598614288,0.044347447533996,0.02183053163491954,0.018312784714262162,-0.0008492766212962335,0.0707151619795147,-0.019795378350029813,-0.012734723686025785,1,0.8199162428097216
101812,0.13419061039998592,0.02331758298441134,-0.013587683400318629,0.03514075068190942,-0.1450798641961617,0.0687221350336814,-0.007839443455149876,0.025030564388471455,-0.09109458409280277,0.035789081432195204,0.036871137283804464,0.024808625049229198,0.022408163574761962,0.007657483222274701,0.010673635551639688,-0.011164471903539624,0.07368875081927087,-0.02342495079329669,-0.01210458182764499,0,0.8025941000905499
101822,0.13313805506866097,0.030333980121061793,-0.0011732562591026446,0.047863405986446984,-0.1410042879083599,0.05762108971233599,0.01209907094599612,0.021593060929168656,-0.09801244932384572,0.04245472825792492,0.03060117368040965,0.01420935199381624,0.037283507771081054,0.0025238934697278826,0.0055039278858870925,-0.014957642592488381,0.08522504757786761,-0.02855333912008549,-0.010807547821881239,0,0.8149588164261483
101830,0.15494005600226357,0.029745826830153737,-0.0026329547591725793,0.02688590073201722,-0.16109521010810368,0.06390605064406513,4.3915593909129786e-06,0.02834385975713115,-0.09295735054719877,0.04106446412977203,0.028030407302531722,0.010472551407981758,0.02782771385034991,0.008170868159804391,0.009881573828191437,-0.0020523394338070504,0.08771037975290284,-0.01366909234052652,-0.006962315100941423,0,0.7963533062463058
101840,0.13365639871289978,0.05521886393653009,-0.01018000840683834,0.016135279798063368,-0.1461757074441461,0.06409705416359111,-0.006153278296910596,0.012027439018366568,-0.11336248143843351,0.03821958823010732,0.0306536643067299,0.019482532454570507,0.023742508614128507,0.0033747681292456326,-0.0065833501950624445,0.006994609053248299,0.07672028528091804,-0.0005952840468913701,-0.0261036455718266,0,0.7894767470985081
101878,0.13915495581918966,0.04497077236193451,-0.005116908772744981,0.02988000517565207,-0.14911323197992749,0.0875486279613366,-0.008077455893314581,0.02557851717270374,-0.10012962029799054,0.029440497058927668,0.03558459408707727,0.022767441122385206,0.03625603321755025,0.01450264195166978,0.015783345926395475,-0.020390131014571246,0.08091846403822693,-0.030573617320220032,0.001010270389493466,1,0.8767971315613114
101908,0.13411339829335311,0.0444818767228629,-0.013555225599351739,0.032171219850192605,-0.13677892473790057,0.08475432804043097,0.0038908858449616594,0.021479956620906092,-0.09556459859187506,0.03714928294349134,0.02827900480521863,0.038029494874727315,0.0418266598587351,-0.002707999561583784,-0.007791611337364732,-0.012426847703136172,0.09354099358812608,-0.018372557869216665,-0.012643665971255769,1,0.8595585328146903
101921,0.13500212042208032,0.03169695176206842,-0.007100237197279567,0.03076348547112913,-0.14074174969731726,0.04190280042491986,0.002460206046724936,0.010174706459230526,-0.10834871951330735,0.02782443606190996,0.02448642817489249,0.010482305586037372,0.04620403344547406,0.011073482260261641,0.001323972722650203,-0.0006640129351120817,0.06708810951527926,-0.0006734396751115959,-0.01205877721779548,0,0.7100699745885815
101926,0.13737858718999685,0.04082638772509651,0.0038082586718217303,0.013936147942402295,-0.12840662683747497,0.04188602221684325,0.005015884405019371,0.029182934347305928,-0.0967684672312399,0.032784925746167946,0.029246693437383106,0.017072415308694525,0.02535725350642041,0.004927650780716299,-0.00026363142596961495,-0.004992105390002882,0.07438154048520294,-0.008417338058258577,-0.01422442752775023,0,0.7088772982337673
102041,0.15186992475295266,0.04355677792984707,-0.0044847541457107565,0.02380108577859644,-0.15034981836335906,0.05052938427582297,0.013108413908007524,0.029739908178230048,-0.09649832625064199,0.054462037000957426,0.032018972501200275,0.018623036666570916,0.03362155798614342,0.004687845637361619,0.0045804421931188045,-0.015893415840483087,0.06240108690567285,-0.01858734238732598,0.00017197676037785382,1,0.8089861074623808
102045,0.13605201111124468,0.03160279517605191,-0.015154805319071023,0.03194669333982438,-0.15672995857843347,0.06424020643486353,-0.011396013052570828,0.009784692145890377,-0.09959803376132137,0.039417582082526076,0.019459529604642332,0.027810794814674536,0.023023081006353,0.02073796340669608,0.006459033237557354,-0.009670280822248724,0.05902397403526699,-0.027983896648298277,-0.011388958748364894,0,0.8014803033258998
102169,0.14446285719664548,0.040752837582598934,0.0034532544400654396,0.03251952002990207,-0.14845454357365107,0.06915243402896708,0.006307295836197321,0.0317975503979998,-0.09962153110576512,0.03663061325860622,0.018243363688195454,0.020548721203449506,0.03500022375432804,0.0009304964593976967,0.013058139599411576,-0.009352512513175657,0.07149767064397876,-0.018505886184807717,-0.003930151330933212,0,0.8042196028280761
102173,0.1560060120888555,0.0466845692377543,0.007164741196049161,0.03318850674654703,-0.15740987429103698,0.06010754357901111,-0.007609039132461647,0.02786836770357795,-0.08442129274497077,0.04015178244757849,0.0240030094636073,-0.0074234029494455,0.041450490527425915,-0.014128002114118111,0.020941394790988773,-0.0229117598515728,0.0852029551608522,-0.02310742710925734,-0.018511003518662916,0,0.8782911746537738
102297,0.1291603048669368,0.04048881937937327,-0.011848195361339877,0.03027066687028679,-0.15635688506489628,0.06357862995959793,-0.003619791712403178,0.005355838089979736,-0.08494016743208022,0.0472173686130785,0.029490822069852558,0.03224991892578589,0.03269257369750027,0.02089568696242514,-0.0012028854717892974,0.005931096364432425,0.07150880464369685,-0.012796550647442612,-0.01208077215539157,0,0.7916857782882892
102311,0.1376456539205248,0.019613619362594478,0.004626171385308739,0.025705203767454596,-0.14192152903773372,0.03711802652740027,0.005916653122513831,0.039557851020761474,-0.08903093123190994,0.050862461807688046,0.02585712680180119,0.008518291702902088,0.03010794621214496,0.010267724472920056,0.0011945985560663785,-0.005906222834923087,0.07130943522695596,-0.0034665740293036173,-0.007210775194546158,0,0.7158367962154534
102318,0.14951139836205737,0.054602823209117864,0.0010223268644764913,0.032336397455798485,-0.15322004912352674,0.06544023425412558,-0.003573501522819945,0.02210891522896991,-0.09954130029064609,0.04045866552473701,0.03065755599382599,0.010233635628030171,0.029640847569455526,0.010417808898974562,-0.006594872699911365,0.005055842234782683,0.08363720791933177,-0.01719934976430842,-0.03143228774856389,0,0.8466850202934598
102340,0.14705568183413717,0.033702464548354474,0.005558574037242423,0.03524983942338042,-0.1334625933182028,0.04695083332179899,0.0008148646428768277,0.02125325050901249,-0.10728654638795143,0.02825380778697428,0.03842086685579132,0.015804285811303352,0.05120900433209178,0.020170996113655193,0.003221446382233472,-0.001728112681844818,0.07838821965166247,-0.020974518905432622,-0.002714309680003636,0,0.79222021622395
102348,0.14499178756209447,0.03087588641992894,-0.00794951859715558,0.03414434484329011,-0.15458690013350082,0.05135625828319086,0.00391485190151273,0.018783490907006723,-0.09445641409060052,0.038861321150267844,0.017986196015673785,0.028260013622984036,0.045283991472089655,-0.0006946254534465552,0.003416713637382938,-0.010915607877505595,0.08593243542603225,-0.007250345439627843,-0.009668749075309823,0,0.789329451908601
102466,0.1466317248571501,0.045406571974713185,-0.014552680517602482,0.043447851906068494,-0.149686074533065,0.05727887197301019,4.288073809477504e-05,0.027368502213957008,-0.1016434863791658,0.019974138498292757,0.017329751158926168,0.026940091788758308,0.039858784025189456,0.00035779628187498864,0.0072288227149315595,-0.0035923770679818913,0.07313289236530643,-0.002155217386965221,-0.011901563443532884,0,0.7885300798245867
102488,0.1407211921902767,0.04341168683076032,0.008137487581691218,0.043495782978465146,-0.13889028575408116,0.06633353099239558,0.0008975126411958928,0.01707802271517696,-0.08142826207635667,0.03417338561892698,0.03111535567300455,0.02767453415601339,0.03256512370824096,0.008934211478475645,0.004659644752969226,-0.010745651796237411,0.07891799706188107,-0.02241594236412918,-0.005980703983052586,0,0.7975763143533307
102521,0.13803814449598617,0.0535498554637959,0.00868787755398778,0.047200774317256014,-0.1433166088710559,0.06628256764414646,-0.006815343532926857,0.017939462051154296,-0.10520645826512422,0.03179570682159874,0.02526510547625008,0.012640049940095818,0.047998425925393134,-0.00090057143755687,0.02443424522605843,-0.011727332377524576,0.07721851602361349,-0.035897866302464596,-0.008097044895526068,0,0.8630119566215154
102586,0.15347825737460138,0.04722944581140276,0.008229520749910768,0.0239912413347982,-0.15690522586335004,0.04188409702980326,-0.011471901946355046,0.018624457520818496,-0.10385267066957822,0.04324390807697429,0.027621721499983726,0.029401359639078535,0.04463871863138064,0.0023349754636553884,0.009965232084841548,-0.004351800566479913,0.06354577246799535,-0.021225608888333764,-0.02833342910043043,0,0.8403293447197717
102629,0.14664685878418224,0.03603398262548159,0.002351736493605228,0.028156088584962716,-0.13083427712875031,0.06064889976236941,0.0042784162319796076,0.01876830291949195,-0.09806859152269837,0.0381709605487839,0.031200984167103644,0.016467439299896146,0.03081161085514102,0.012266134581656768,0.014056867389580528,-0.012729598401170059,0.06875432264918953,-0.017049647169359,-0.01424956216940148,0,0.7815442812848035
102656,0.14534913909812014,0.051972508245382194,-0.0012336818092452504,0.026158656978743852,-0.14356426953790072,0.07037978759668057,-0.0001702199998471051,0.024045489527138406,-0.11026163615656073,0.029183545442285488,0.020218657804930474,0.03306710514792018,0.03832515622156784,0.005983893799978545,0.003349312537775412,0.002322991671972898,0.07456969173217491,-0.019298195318537326,-0.00944581103263573,0,0.8088997496593978
102670,0.14347296114188826,0.029613275064788544,0.013299635732007906,0.02541664763502552,-0.15430648914653408,0.03814931727365118,7.207005544111637e-05,0.013052280139195379,-0.08734864130017762,0.02742927022526728,0.021753214482467996,0.021802821498552317,0.0432167801452606,0.014190000300581757,0.020803171912721918,-0.001760440860840498,0.08076339126785109,-0.01873080319629008,-0.01144360756007131,0,0.7666248189386144
102689,0.1387444641363886,0.04037034392301761,-0.000788132788950537,0.029109448396229927,-0.1506651694328901,0.08266727360516252,0.004485797794831827,0.011145095618436294,-0.10140876916318516,0.037158948160861446,0.0003902397862523266,0.030708795223078626,0.0398922671501903,0.014275431359651246,-0.01478398796934496,0.0006785521593143283,0.0760869843508256,-0.01651508431523051,-0.017601540885498014,1,0.80747632621934
102777,0.14128756072652973,0.04025951391825333,-0.01967879073350665,0.03354917856582165,-0.12342023754976941,0.0740002412666379,-0.005193096800803177,0.025257203083106788,-0.09386029057998854,0.020920570626840888,0.02752301726956828,0.027475665381930192,0.018534116280118695,0.01580750471684147,0.007189348634241662,0.007955523515062624,0.07458220559195017,-0.01838337352622381,-0.014675859084821575,0,0.7895532978520166
102835,0.12723703058734875,0.04551716371920222,0.010530751493688303,0.027896621784772258,-0.12931297717600565,0.06571365970679019,-0.0007568181720781202,0.018839696662021867,-0.10536435143808448,0.03699536151612171,0.04056696522489347,0.016033437540979786,0.04344428678259954,0.0015746164160251582,0.00930444873804852,0.0009279648606417965,0.07399515318100816,-0.016881497401795356,-0.00021790527893402023,0,0.7711107076810394
102837,0.12886449142788448,0.05730186440658166,-0.024546182654980892,0.034595222590275615,-0.15115778953661438,0.07181802374084177,-0.004188090489749871,0.025821582749620133,-0.08046977423017605,0.0408329365231399,0.02844900706307813,0.021611074999576322,0.037269050539744435,0.018218131596385276,0.012973402288963327,-0.0005869881056248456,0.0873295133164088,-0.017307640138378735,-0.014081156400864794,0,0.8574219227988894
102858,0.1408357836196243,0.03892467284938887,-0.0014424144621490937,0.04118877293618935,-0.13738576760336782,0.06940408738801782,-0.00940925567324741,0.02597105572095287,-0.08457480567200831,0.03817179019312491,0.032172144521929597,0.02591767096951914,0.03843561089484828,0.009624353329151361,-0.002048368099558537,-0.009612057617109215,0.07202249216610924,-0.02263707440495778,-0.009431580416735658,0,0.8092097585379896
102978,0.14004075483414566,0.038298698446112917,0.0027951420852230244,0.019216644250074622,-0.14165644251966034,0.0648089635315559,0.008668265785762207,0.014105856927521863,-0.11418882690011467,0.028686296878484032,0.026295810636014834,0.011488982705238768,0.032628818610277145,0.016266604523432437,0.009992616092370296,-0.006650993592461598,0.08122223834322266,-0.006996868642632485,-0.02454133442645889,0,0.7885501597307644
103045,0.143205066801805,0.03740197043020364,-0.007741051200733814,0.030080003961324833,-0.1332382150277366,0.06410337378163483,-0.010785972454156809,0.015069191807190994,-0.11197795156437096,0.04826865630128517,0.00671541992891657,0.02614816070561948,0.030433790750953024,0.014928532183019564,-0.006918256948561246,-0.01572255824404381,0.07717891440351958,-0.03161656761424184,-0.02153289025036841,0,0.8330665443596862
103080,0.14162811500858927,0.05099105051092214,0.0056467716870753255,0.02647906243117687,-0.13174857756771036,0.07803022896089533,-0.020043145972738263,0.00551148123510136,-0.0714146318528822,0.04039380541895222,0.013544055399030508,0.008433542956293243,0.03907070094232097,0.001570360430251362,0.009960801175040224,0.0005707617246724756,0.08517214795878256,-0.004983109076915571,-0.02505821193511153,1,0.7602505622444617
103109,0.1325923611571706,0.0613138212629225,0.001038211940396743,0.02866199485720338,-0.1401671773796254,0.062351620222072975,0.007062410321273106,0.02085885265348366,-0.09264584003651816,0.022969655740182233,0.03351110705425989,0.018641445536788724,0.032480033530201284,-0.007150555192018763,0.0027146870469540946,-0.006682764765404444,0.05628654847998534,-0.03150311782795366,-0.012556101259886807,0,0.7711883062643018
103164,0.12916002010995667,0.050285641295509206,0.003975333712074388,0.03468137303330335,-0.14050642553041354,0.04546239562345799,-0.0029891069236853505,0.007506895308606536,-0.09824063894756928,0.028206557409150373,0.03219406487604548,0.0251207220595272,0.027137795165947873,0.014844557271569223,0.0022360396387218796,-0.010008889560803067,0.08826691941952775,-0.01343001226929212,-0.008990021286539009,0,0.7632434094417003
103261,0.14708439623891242,0.030275496636145777,-0.016546401178506726,0.016880945848788197,-0.13529883986463387,0.0760648665264859,0.0016409482054193676,0.026269669162308835,-0.11338412929604813,0.04186470890799863,0.040805495568257036,0.018638095757094315,0.039560082436059435,0.017167760556623887,-0.002002911663209271,-0.000942244963801074,0.06134848250064753,-0.02252654714845869,-0.009146862281484888,1,0.817448884740884
103364,0.11833804572393261,0.052640602803913965,-0.006312617384211533,0.0299199808667037,-0.13789577275354342,0.06790515804263315,0.00822651019756785,0.03915533751314232,-0.10208637052641491,0.04164255484388597,0.020798618064520068,0.020079158011950753,0.03053649829082633,0.01760797182847074,0.005247141158782927,0.0018565723041441802,0.0965366536937182,-0.024426755369204554,-0.01785428139134023,1,0.8390666007689074
103377,0.13177164308071695,0.03758611585845167,-0.0006922238808337018,0.03305315196636931,-0.141399147106484,0.06663715881388976,-0.0064879325013945145,0.03729479818949806,-0.09300305295944454,0.027839762964074366,0.02864934145737788,0.011352580911893406,0.021299343120481304,0.02574796104261595,0.014313621733951828,0.00026887842084068935,0.07828304757071212,-0.022293188504193585,-0.007656596041087251,0,0.7856295461243109
103415,0.14897186437725676,0.055619548843607564,9.980357132211106e-05,0.03403882738418096,-0.15550913833619748,0.07768919820135603,0.0043167724394074375,0.018765561800618825,-0.12294327950348974,0.030407465597753723,0.025580269312924352,0.018596895288076145,0.04653099087093565,0.008475963721508406,0.005678254562970031,-0.012832097264354097,0.06757298384494138,-0.024158425174887425,-0.007704708275306498,0,0.8654920483710946
103547,0.142590949102569,0.03115909066523273,-0.020918841323454045,0.020672530514576872,-0.13920673024477673,0.05525563076327255,-0.009768732021271842,0.03160815193880429,-0.0907111531557819,0.03511168390230961,0.025972113262009662,0.0036012979486161377,0.029200856054453425,0.02318805333604472,0.003357826888889291,-0.014080941551879526,0.063824603635813,-0.012096057001927892,0.006306939213580897,1,0.7586321825252641
103554,0.15064930920006542,0.050325109064239114,0.005228094601397845,0.026612216683209337,-0.15569994523709413,0.05794783818903019,0.016099522769733005,0.006452424494108544,-0.09619433110318636,0.03888725038277755,0.03166483851546203,0.017361325642914746,0.03143227193207234,-0.005092992525420717,0.020395326915548417,-0.002844766032554819,0.0747324791347716,-0.023741470507542675,-0.01566847099842849,0,0.8270299839295573
103659,0.14435076629489582,0.04137436770965245,0.00019763758291856226,0.02431859972557906,-0.147089905777247,0.06522056015272217,-0.008487397642714637,0.024251950154589457,-0.1094543412486156,0.03658507154393229,0.036319292373584895,0.030995250099834372,0.03917361432098603,0.021710900259022104,0.005674774925009042,-0.0037569871930730634,0.08514822068931024,-0.029304348095049358,-0.010633976220842735,1,0.8640479620095789
103670,0.14493112324254523,0.04131302962673564,0.0031396682194924186,0.039995620780610835,-0.1453920598413991,0.05067246332168868,0.0031579605281859277,0.022994851068128368,-0.09072932688545643,0.0357300874177363,0.017662319047432217,0.016379432010721843,0.03666668071260832,0.028882675284553235,0.014649597369201758,-0.007048780897206806,0.08543491893804823,-0.013844736655664106,-0.007644475872607182,0,0.8062698077200227
103883,0.1382988432069556,0.035343490963734736,-0.013595538628894342,0.03631996233197078,-0.14635967766151617,0.07358448823576934,-0.00655159935693421,0.032831253779989154,-0.11488413236591657,0.01781814731439917,0.035941627136622724,0.02020043558869189,0.020564733469371002,0.006178009075013411,0.007983020673239258,-0.01545806725474971,0.06949964477776939,-0.007914034207667658,-0.012907053296924043,0,0.8122337593261292
104054,0.1414586904427527,0.05141813648109526,-0.006583008117975421,0.03492038123874831,-0.1576728489860705,0.06578523482235443,-0.00400313230375863,0.007820150670825737,-0.10829468071511664,0.04826957341308361,0.04032566883614758,0.004848844442856379,0.029463607692499574,0.0005095616977958855,0.009223813366567031,-0.0005490551844532969,0.08929535266671249,-0.033951863802440696,-0.014287043889945755,0,0.8486806487712
104083,0.13173818595529407,0.048786899075110246,-0.0032939045885674433,0.03069822083297201,-0.16252019121832736,0.0792961870654441,-0.0004217697289073268,0.03004993770582209,-0.10833983898321374,0.038331229543529556,0.013321275194792254,0.019739245340041834,0.035093704818633754,-0.003056743740998595,0.004800586574598136,-0.015294404083998606,0.0718382395602291,-0.029450738103804983,-0.012833208087055872,0,0.838904510201341
104129,0.13816362624767844,0.04527977038621348,-0.010285346202833813,0.042643143075234674,-0.15398597817644907,0.06334466708136309,0.004186481241230856,0.02036514936143477,-0.09049715881411297,0.04077241190935964,0.023644738651099003,0.008437209901250242,0.03367082573427856,0.024420412077402583,0.010615594363648215,-0.01937934351213934,0.07763273636139745,-0.02036930179178808,-0.0017641924408097268,1,0.829458087329724
104175,0.13634073819421702,0.03980410973839098,0.009277795012357381,0.056970802715957655,-0.13745042427706522,0.054107292161209165,0.004605907479854063,0.023715209830967147,-0.0886288458554829,0.030728688493113242,0.028931722583806007,0.01126741971752853,0.02646966221844933,0.017819284920139688,0.008450407500684624,-0.024785038520765152,0.07078150478705438,-0.014922636657804151,-0.014051570731396021,0,0.7991090613962426
104180,0.1307678799072287,0.047406528978617996,0.008874235682942462,0.033707858253863104,-0.13067494034477997,0.06860968572903468,0.005382694669562876,0.019032556806587147,-0.09487127653162279,0.04633260042820374,0.01666323523561841,0.020401879424296776,0.031454370820883266,0.002040768105123116,-0.00660196480350348,-0.009926712636007641,0.06701974625000859,-0.021208353775731676,-0.009858754334731278,0,0.7708360427183477
104200,0.15140873150442588,0.050697793761839374,0.006667248953838997,0.027445684446797382,-0.14323231263684938,0.05780124290327993,-0.01819920968359563,0.01847553743295346,-0.09695083367547508,0.022256970452723287,0.018916388717268345,0.018494598923476317,0.03465158781379347,0.023822443338311478,0.005859127655598808,0.0008340511996121303,0.09023619031920281,-0.016985254172764596,-0.01733113704338511,1,0.8202663446351914
104216,0.14274990244615682,0.0355212612509175,-0.002611335171163522,0.033615911852254834,-0.1565554292471878,0.07159843238184521,4.429575683247529e-05,0.0348885970583248,-0.0932560395309747,0.029936487282528384,0.016193015128743,0.007952519764735317,0.044447016921839215,0.017052443814363376,0.013555435187362404,-0.016466880283205317,0.0685274276189095,-0.022722834571902915,-0.014020824809692113,0,0.8217160900789392
104241,0.12483903193597244,0.05207734797495127,-0.0031077881534795674,0.027395383846880606,-0.14468166868316473,0.06491539246194056,-5.822570980486911e-05,0.029713070882190024,-0.10942977245723223,0.03738938760311131,0.015781673722134838,0.03310617052635514,0.022749843792258074,0.006719219075157564,-0.005558119909796638,-0.005140420948201287,0.08176120177405273,-0.02783508637341206,-0.005165364631869113,1,0.797424170461965
104257,0.13986900794063956,0.04579987274095957,-0.0029803631411026185,0.03573828493902536,-0.13848568953732399,0.053564693836038756,0.011385671768598232,0.01302569180498536,-0.0981068975581589,0.01266184598341714,0.0223426459692364,0.04259242855053599,0.017681503147292714,-0.004553807936125132,0.009194617151932677,-0.001527223626990156,0.08472485350388138,-0.02284944643766585,-0.0231025237853536,0,0.7801870693592634
104269,0.13245500355934556,0.04491052528701912,0.0058797566528556435,0.02814663479706344,-0.14499127986589694,0.06186438416222503,0.00042517752759981957,0.023877168637470525,-0.09739982030818822,0.03021186038354231,0.03798823309341689,0.031004314365442844,0.03510363595153927,0.009690849527721073,0.018496850854935364,-0.004069429356954762,0.09609191974248943,-0.02706098821442986,-0.014375459394101491,0,0.8440432916822376
104339,0.1374391261859458,0.04139980599708425,-0.0027044332890036175,0.007656323364256998,-0.1374576036322764,0.06593696709716085,-0.010568066075675984,0.02245983121731335,-0.11038587566368566,0.042981417515383036,0.03141100772553968,0.019196471240910184,0.03592817142831264,0.014270210777591236,0.004804297033977598,-0.0020090530447554765,0.06757920419137807,-0.022699115932073664,-0.010385133001593863,0,0.7872721144139184
104531,0.14515856514133632,0.034810028201988114,-0.007313887355039965,0.029459117558018846,-0.144251972255782,0.07434565203830532,0.005240061730785185,0.042784227056174975,-0.10056159269343128,0.03408668952406378,0.025281481531782755,0.015611669123192933,0.03934304458064523,0.007651831994747447,0.0027057521615688846,-0.0032519336630224987,0.08326661787890195,-0.028511623078781412,-0.0022170096851738524,0,0.8258527572527428
104569,0.14157916851024369,0.04173464747584424,-0.0012100514416383443,0.03470823692037183,-0.14739711141594122,0.06475151486629907,-0.0035318789598204462,0.02446250646438715,-0.11165771937242844,0.04843560715148577,0.01783383726983215,0.012989337515226292,0.02786092326526271,0.003106170434390698,0.006523032464136913,-0.004121097899278791,0.09158169404759113,-0.024302463823104126,-0.01758229935439507,0,0.8253692986516781
104627,0.13198723735040005,0.04032284831446666,0.007609417033697878,0.03201571541732519,-0.1433693601165554,0.05813314902949313,0.004250583209532236,0.030500389932317466,-0.10160688430794429,0.03903975511880957,0.009379267990018602,0.019835872787831735,0.03591183543689964,0.007737804069191803,0.007697851560585768,-0.0009591754685710651,0.06425495920913427,-0.0303789810420999,-0.01643134691949103,0,0.7814224343143656
104714,0.14915464270873552,0.03232171375361688,0.007206402102348255,0.034819539752917836,-0.14127123355661939,0.04795126867900397,-0.0013604658817729244,0.018791986848933545,-0.09007309245985658,0.05083014918618375,0.014622528090883236,0.026816586110603374,0.04019247726324252,0.012684649887107062,0.010950525405524934,-0.00738381438404486,0.07377542009085254,-0.01632695633247869,-0.011814770520801389,1,0.7883482230155272
104788,0.1424753115065802,0.03725317950589717,0.007986596594367422,0.03135226909627931,-0.1439790528822223,0.07049206023429921,-0.0024720189181262793,0.020479149056853843,-0.09070462246910933,0.03625432859244784,0.02436518593339405,0.013305924882937031,0.03382533031907047,0.009920616096033888,0.011653394359800683,-0.005737737670360994,0.07685030553562955,-0.010141729758254036,-0.002045384066977284,0,0.7712941974786409
104799,0.12375258555454302,0.04419625952599707,0.009253696708925256,0.02750733411809899,-0.154034544872565,0.05878027346052728,0.005239357031148687,0.01659577643925222,-0.10328408735395028,0.03735909389830704,0.029657609286121787,0.029842516845145838,0.02805406666008384,0.0063582227930875776,0.01502504492741177,-0.007903943591958219,0.09181181059606493,-0.011382430574132053,0.0005866079080414663,0,0.8006252621453623
104858,0.13188242027333533,0.050892213503115166,-0.01004817548686273,0.028726606704771056,-0.13822568997150603,0.05771376358977195,-4.650514887408645e-05,0.018179397136545074,-0.09951804818829459,0.03992470384263445,0.018127226494986003,0.03180366058237677,0.04533101822228015,0.009757653429000859,0.0038022637960023918,0.0009912159549013274,0.07229823697388782,-0.031744969809825004,-0.0009371047405743816,1,0.7899508738495452
104921,0.14796241838643157,0.043959516705433986,-0.01922481393236735,0.034588793599558965,-0.139071146858892,0.07222111491340959,0.0037212420190718327,0.006559586193586712,-0.08592495914563937,0.03831548768792283,0.028623170332784543,0.025470501679570268,0.029106471890900567,0.013119863861372677,0.00020388276560311805,0.0008787472251195191,0.08980986222882434,-0.006992090524871128,-0.01777862872236576,0,0.8035322986737261
105081,0.13458445936542357,0.057105130260665646,-0.0022790646919741346,0.047626721256361276,-0.14444719668960881,0.07118981738030175,-0.013789381216712112,0.02145847478260482,-0.0875655692990486,0.021858731014519392,0.023356739915788443,0.00888952159485313,0.03659972065081252,0.010975946337598432,0.008954936657119966,-0.005976025526667146,0.06969111960591716,-0.016609883351824593,-0.006810845752627015,0,0.7897692853504286
105130,0.1335415448785716,0.04326865962080037,0.01626682435398844,0.033303272174013715,-0.14440641049471642,0.06467473946904985,0.00031409935930274996,0.031862840101254966,-0.0964768512264632,0.03774250831074112,0.024588483522833965,0.024089141689492388,0.030399471049060676,0.01351144748126204,0.0008872692509935669,-0.0014112888363732006,0.09076307584654814,-0.01050484435144623,-0.013979440827257153,0,0.8119922128441698
105146,0.1277435494592081,0.03997730409616175,-0.014456388964818637,0.039312199171581345,-0.13446636413945529,0.07066969928459643,0.003854172296459299,0.015915765862697016,-0.08988306355790912,0.03649498744225392,0.03175468395728843,-0.000748506781100285,0.031717226126142854,0.012474862221077885,0.005286758361401222,-0.012905718920789748,0.059385894379249925,-0.017127592396758,-0.00897450093767553,0,0.7531492383566247
105186,0.14507169066267822,0.04686229175608563,0.017805251967916772,0.031422539799117626,-0.14757251710117922,0.06244773898547184,-0.013957480498958869,0.01832916740031734,-0.10690219083918316,0.02237098687327802,0.05607736709470364,0.020080502830091104,0.041021198229191216,-0.001280116828091874,0.015255487303683934,-0.004440477100369391,0.07639784246807065,-0.015477018678434224,-0.005291444691456514,0,0.8480633111082793
105305,0.13072578793216405,0.06301534704868868,-0.009421202337609269,0.02492320925416845,-0.12639328182018225,0.060695905607219984,0.0008572467575473167,0.031139630452704885,-0.09963797436190379,0.029310440679475604,0.02437193408339921,0.0240357396271724,0.0436154500979719,0.010716310623064555,0.006889959343683871,-0.016085913495613773,0.07602006668852605,-0.019525697815759076,-0.009342308972261423,0,0.8067234069991165
105424,0.12554056637849784,0.03450733211802926,-0.001048942641945411,0.028691411518239868,-0.14456126997176533,0.06750159260475641,0.00435966992648927,0.02608602430236912,-0.10697390418501479,0.03798595957084369,0.03697212408021228,0.008770445975244623,0.030237990437517518,0.006384276182670002,0.009120386132228646,-0.0056930760024067,0.07822232295923073,-0.01922288743895613,-0.020223724433892757,0,0.7921039068603104
105434,0.13067911826576362,0.04926442895235273,-0.01401935971939162,0.03773677934768704,-0.14517880508525274,0.06393627115772521,0.0017841304643796895,0.021919578287874452,-0.0927732431525764,0.031513381532298615,0.016535096630449067,0.018659979398742744,0.023178753116175187,0.018180579930440546,0.000998120363834995,-0.017730982254329782,0.08073832150742996,-0.019402721094970137,-0.003003004761595647,0,0.7872326550232702
105452,0.13199717331724486,0.0401547701603915,0.011062095078949882,0.011813181400432386,-0.1407383559351223,0.06736103937266986,0.007359827405903838,0.015406091860003378,-0.09715056116142874,0.0324238054767356,0.037223325488509644,0.025956519247500625,0.03031799695673519,0.0062152524438705125,0.010435964419366792,-0.009865734608269276,0.07964596175609295,-0.023176397044537046,-0.014030438297122872,0,0.7923344914308873
105464,0.12947505583018604,0.032565039967102985,-0.004957393897349342,0.025887879791177647,-0.14126198880156093,0.0409138029603302,0.010616370726936823,0.015505679494751857,-0.0888272834219016,0.023898839095659336,0.02134055664546055,0.02242784590343002,0.03487133851414904,0.017120372997785387,0.006534172396515773,-0.0035314269383119393,0.07744642369239271,-0.01939174774268438,-0.020431506064333693,0,0.7370047248820203
105484,0.14338266140915115,0.04337424778714064,-0.003971180880916712,0.02284577796924335,-0.1452630518317965,0.05418176144478742,-0.010204433278537045,0.01605635414477035,-0.10215884305688046,0.03265619472197904,0.021906933758799117,0.014218799607732594,0.03318677077475646,0.0043375647555052394,0.0014302793796312483,0.008569179714409902,0.08467341019943578,-0.019753946008285027,-0.01948179181898305,1,0.7816531825427411
105586,0.1509205032533857,0.029439645570373738,-0.0019518512944281588,0.04128616218414023,-0.13607295619796103,0.0707940343729216,-0.00341702261527016,0.015496166243432261,-0.062227632279455276,0.020190184976501303,0.03246842253517549,0.0038735584714554693,0.0380742462143513,0.03252359433342262,0.008031610405648024,-0.010460249822918329,0.07633087104992127,-0.04063000965193517,-0.0005735797063631098,1,0.7747623011790603
105591,0.1362577844255369,0.032016832258477956,0.006069944661343684,0.03359324258505312,-0.1387402329007928,0.05916085086102393,0.0015387645172421954,0.008772692013229179,-0.09374061333428235,0.019816540615708388,0.018200235253980134,0.01159263082452772,0.03699491095791004,0.013720768181431156,0.012505431322922167,-0.005259184017487489,0.07324424827118599,-0.018000646750543737,-0.02150255357289452,0,0.7407281073255735
105603,0.1246414921806595,0.0367896226357874,-0.00400616678825439,0.037355195653777075,-0.13058403950296055,0.05173968083032017,-0.013567817652038022,0.03524797800864193,-0.09574146298876064,0.03923890579167591,0.03156913242636644,0.023298677876431778,0.020169184834794022,0.007662381703190373,0.0008866062472786699,-0.006249651868971769,0.0758980463878719,-0.02244217814779002,-0.01869419062250635,1,0.7757824121480769
105617,0.11815607850994125,0.050061673696655845,0.004664294241731757,0.02973832970248671,-0.13580196708143857,0.06989615156937308,0.007521209157597807,0.022895991305888132,-0.09942214683565193,0.03529701958835232,0.029862993682958767,0.017229977563446342,0.04275923398610895,-0.0022267220934081336,0.018945150330757315,-0.005288718420777977,0.0783732984558443,-0.0006177094940024415,0.004776837906183485,0,0.7735355036226051
105729,0.14244738335420637,0.04981151443737554,0.010490413522321275,0.03188501219653508,-0.1399338175221379,0.07236102521725675,-0.003518640066177471,0.02686557386600371,-0.10003725582173574,0.02747206529580325,0.022087582805529173,0.011547104282715043,0.03872421699311135,0.0011915603591767586,0.0062811949262270165,-0.020483443941079482,0.07583329106673965,-0.017637323645187452,-0.011701802102057264,0,0.8103102214213763
105831,0.12393198243386574,0.03150756439918248,0.00637048368089012,0.03416836588007907,-0.1516942234580251,0.06943775989526858,-0.00015515608745470734,0.02149884551956152,-0.10527849106585264,0.02584655908743101,0.014025768867717923,0.016962963642659208,0.03557277829142569,0.025902696748904778,0.0014082849592644967,-0.010596952149948591,0.06311537478654032,-0.019035162665784276,-0.01127030865037344,0,0.7677797222702297
105849,0.15555158446479722,0.04881975878655536,-0.0026842360428819345,0.04352748634138424,-0.1396026057565863,0.06802202762019002,0.006476404764494998,0.023767058673241602,-0.10105753823843718,0.03353993574555884,0.023359688420439846,0.01373165805395094,0.038050605792484475,0.004183943247928782,0.015099779466166117,-0.0017176383457302882,0.0756270873312021,-0.023707181867576373,-0.005454418214671966,0,0.8239806371742786
105881,0.10819625955675341,0.03546118479792236,-0.006590352957212531,0.032447195172768506,-0.1362666948066168,0.06808917209041855,0.00029402667562915464,0.03844834344197353,-0.09344044740462326,0.02793382088517189,0.01781787059835496,0.024567182803928916,0.02139660883395024,0.0035254003502281973,0.0011866214231882853,-0.00024824758857707363,0.09460263039507354,-0.012422900558876127,-0.0036869339107041582,0,0.7266218942519714
105926,0.13275323893273144,0.03590207518518995,-0.012901691112437781,0.024806749295263806,-0.14066752119346504,0.06282254158481425,-0.009268301091143183,0.01903870747668485,-0.09990685197951488,0.03126574317881284,0.02079006643187252,0.019117054740303632,0.028300862985494158,0.0010563912157561027,0.005233844587788998,-0.008919639151188204,0.07974782273870416,-0.028001573283896835,-0.005084086449515311,0,0.765584762614578
105939,0.125676847412411,0.05656051589644978,0.012932815368352406,0.032053630245299614,-0.1456491473978566,0.07153425511307339,-0.006615087220117366,0.031446308395917465,-0.0919257437082683,0.04556971683154314,0.02324353845842714,0.018700324115969637,0.029986756211634602,0.00520676924506857,0.006218326593749424,-0.005097637264139663,0.07496915550221663,-0.016973121002047533,-0.021558069083889998,0,0.8219177650664322
105968,0.13184882284396415,0.024387604258915157,-0.0035692019478841797,0.012545307269872668,-0.14963992870859255,0.07036586208989154,-0.01706400539647647,0.03324419056371,-0.09769041430558285,0.046160104115575626,0.010157908947105053,0.017434756861173562,0.033229042555484464,0.02978385067748551,0.004554969529989405,0.004996468549724477,0.07106785448957245,-0.02314999641716572,-0.02444006308954875,0,0.8053303526177146
106016,0.13769805917754355,0.044669303659279555,-0.007806538574848056,0.022481707836730157,-0.15730499726593342,0.05067700257011732,-0.006381378982191089,0.009451832902229765,-0.09286358181574515,0.04224767542340642,0.03200972603467085,0.005323443799278054,0.044024540851539604,0.00949940490189353,0.006927849562469213,-0.01950109995079073,0.08054939401249106,-0.019895757819724257,-0.01988851217410233,0,0.8092018073149841
106159,0.11322310560656072,0.04111335095662896,-0.006815151406456718,0.03522548454803823,-0.13945239965052547,0.06019509115159019,0.004115376535903975,0.01210397081645377,-0.09753066800283273,0.03915977426286856,0.02355617527638938,0.003832325838375227,0.029005458884657626,0.008147905217731538,0.00955297094657204,-0.010247997362631423,0.06651303472797826,-0.019558790661538032,-0.013105881494909002,0,0.7324549133486419
106161,0.10659539596385943,0.03931669780959676,0.005282651009134402,0.03010666379034513,-0.13904121132470956,0.05042769864798712,0.00011014130721108454,0.019484878520650874,-0.08946527029777183,0.03646428050193014,0.02655397934958036,0.016702891046342122,0.034225314507951674,0.01695787261066355,0.010235252047341164,-0.011417354367370016,0.071667992785257,-0.029868287588439176,-0.022027973259641908,0,0.7559518067357833
106216,0.1302440148708456,0.041499921635230815,-0.013511167995941013,0.03685039517072051,-0.15351487490028454,0.05431723518304198,-0.010581062354447562,0.025061741015343062,-0.10579744486772431,0.02975906587675926,0.027937682587667958,0.01473376984620337,0.035732533019834714,0.012841406582219186,-0.011917344742627832,-0.005065945094294655,0.0764181610501336,-0.026099861791988446,-0.00997088190796114,0,0.8218545104932695
106231,0.1327559485379814,0.04148171048517621,-0.00459298993970929,0.031916015528937434,-0.14526727738588108,0.0577331678665692,0.0008919015382647487,0.038305009195161895,-0.09090131968002221,0.02697518596283073,0.04087740930406449,0.018422759761386156,0.028758226869826365,0.01448314578092024,0.007054340339527322,-0.00699449634514317,0.08067999326717558,-0.02448026807692794,0.005126541255346784,0,0.7976977071208522
106235,0.13433585590784816,0.03370718607368379,-0.0021239887087313065,0.034143231900800416,-0.13896947894299766,0.07005427065957381,0.008621032737160878,0.016711945674421778,-0.09761529102726822,0.027961921044773724,0.02860466092447819,0.026776610304627222,0.026431647936944424,-0.0005867448028106626,0.007846944575933074,0.0028643312294312924,0.07967094307772313,-0.02908411122856199,-0.012214574937469006,0,0.7783247716952387
106240,0.11568146503751954,0.038761565834289725,0.009519646764999477,0.034750997352259366,-0.13115080529824874,0.0776748146418151,0.0048131300334400854,0.005459791193004604,-0.09472106087934841,0.02378903696428427,0.01291954188600951,0.01196334813648876,0.04439290984402979,-0.000710248508184646,0.01564841303102797,0.0012500622159988038,0.08737278365180715,-0.023742133440359883,-0.013451697389212125,1,0.7477734521023279
106352,0.1356672262609971,0.04194517603971825,-0.005611406041354326,0.019756955417903455,-0.13384503028132422,0.05061806100963204,-0.01039066359964323,0.02119480493547831,-0.09764225780712911,0.04012456658856786,0.007524410262413556,0.01565459708239549,0.029041243686283504,0.012716813824432748,0.009670735166152128,-0.01687535857904706,0.06359427987515476,-0.006621095172633358,-0.006301004956303563,0,0.724795686586564
106393,0.15745257826956008,0.0432225675307104,-4.786137648432587e-05,0.038734847746032704,-0.15269344813628602,0.054296199670563365,-0.00703858563595663,0.024442687891241877,-0.09516825119402071,0.038044495860277146,0.02636723485666763,0.007744354449889648,0.037548217193991956,0.007116139140341682,0.018361653741952682,-0.010301757957677203,0.08129329597760959,-0.03283677481996118,-0.010019485171399719,0,0.8427304366206245
106440,0.13555555419518311,0.052280122278200045,-0.0006047565161726063,0.047086364910497794,-0.12497139483061036,0.06220535597392613,0.01864101720454204,0.013170666608153867,-0.08006039490305807,0.03105126931734606,0.0321577235101188,0.021240169297020405,0.03309831958325099,0.005642001410899235,0.005700075458988144,-0.007310689257262366,0.08019613143222694,-0.040458513637362935,-0.008583076522597571,0,0.8000135968474175
106443,0.13330325277325664,0.04913521443205989,-0.005475009149903784,0.04505645012069652,-0.12789029787362913,0.06532543259258604,-0.004323907736786929,0.018990550425285153,-0.08554047828840375,0.030619053870638582,0.036278191630855675,0.026906198084052313,0.04888378704014894,0.010691327348283064,0.006526336857357062,-0.0037051768955630687,0.06586696947428591,-0.010632444742753083,-0.003946264027250385,0,0.779096343363796
106480,0.13211627163821485,0.021473974233272422,-0.008410203803253108,0.03320603312513139,-0.12472038016448561,0.057334197285354466,0.004932375865705416,0.02245001089232755,-0.09077704393499084,0.04003487956809493,0.027721241035189463,0.01147277798726089,0.036619035962620464,-0.0037477842019025616,0.016426034588240736,-0.011480681257598156,0.07555616696942517,-0.030748853267114396,-0.0032729087382194146,0,0.7525008545184019
106481,0.12086424122116296,0.027905097837723006,0.00583680153721878,0.01911041755786288,-0.1343587131501957,0.06101039456575625,0.014534865459516993,0.005073653521482819,-0.09528614915290114,0.03233009113091539,0.031195148880878598,0.019872936574730323,0.022764275937249247,0.010182136083259102,-0.006767412146182066,-0.006423172411598836,0.08010457416414442,-0.028448713681529784,-0.01566462134009399,0,0.7377334163544023
106574,0.14207827808796855,0.046341238767436115,0.0024409326736911535,0.023635598138023458,-0.13771618006020908,0.0811291728925002,0.0063887519692182315,0.02238057121791239,-0.0836108194324643,0.014535155695538276,0.013883566349549169,-0.0012723727018133404,0.020650254308665125,0.012143800194479075,-0.0081379582091609,-0.00023565342957414118,0.08607936256902383,-0.02026591520915703,-0.013222170492805496,0,0.7361477523991898
106575,0.14378438687799244,0.04392893753598804,-0.005146879705644767,0.03666257688572217,-0.13871810511227647,0.07103847495679583,-0.0020320100154065683,0.017212335773829242,-0.09087563959885893,0.032651392935097286,0.023579618248590666,0.009642173636813979,0.035743008597325404,-0.0017089964853092463,0.011937935486530996,0.004221637111814189,0.07689736969924255,-0.02737240938403919,0.006019391073986566,0,0.7791732791212646
106589,0.14314353194774726,0.04083944579978251,-0.01520434055806158,0.013629399079133317,-0.12538261498895484,0.07179674688239214,0.010002215225691289,0.028233645680318574,-0.08979104912173844,0.01640249286001709,0.02578248635349563,0.003166474565830322,0.04042208579265852,0.009347191870506585,0.005938918578613919,-0.007114409441747667,0.07836988211680294,-0.026464722329968438,-0.015299785099830997,0,0.7663314382932921
106921,0.13526259523046333,0.04586551259461156,0.003939061018191141,0.040811377067872995,-0.1356687677883965,0.06935094609122307,0.0060215792875186105,0.02312933408425239,-0.09026765971705526,0.04072167269863811,0.041286848520118054,0.008609294574637199,0.024154954416626812,0.02175347984580278,0.015951674894737995,-0.01170528161059891,0.05920808025547881,-0.008653621236662783,-0.004381592419822755,0,0.7867433333527091
106976,0.15282191733430603,0.03940329791769964,-0.0003900615099251289,0.0379942998890935,-0.1387668335183282,0.05643062532309804,0.003183646327825463,0.009153547984920832,-0.09703635647263816,0.03728369233071144,0.030798958411668267,0.017878069294817396,0.0328733854861562,0.010563349747169383,0.013424529278193532,-0.010915232218045409,0.07002158415269817,-0.018008201536475876,-0.011778893925596813,0,0.7887264826593675
106997,0.10932816324657706,0.042795461637127746,-0.0004134487428527647,0.01990495654613942,-0.1409712727973111,0.053640362669589596,0.010858456186543528,0.010344134104476432,-0.08650234836000471,0.033443175915980936,0.024756341086915858,-0.00016479057460251374,0.060488248341365465,0.006421319818297724,-0.0017966865086029916,-0.014708903449855107,0.06872805122015734,-0.013182896203128047,-0.013374342228046135,0,0.7118233596375745
107013,0.13736394094984936,0.0426724437877984,0.004705700167717538,0.04378877835737152,-0.1364478213779104,0.06766004079571807,-0.013702506846371061,0.02121431952562085,-0.1031111877323946,0.020285135259251463,0.030492011270807334,0.008418453488404773,0.03383539425768865,0.013969674330010319,0.015539293196263883,-0.0196998122181176,0.0665874523430861,-0.019202192400702766,-0.01998197244540447,0,0.8186781307504891
107030,0.13506615726371507,0.03719088842660813,0.0013272688958472828,0.027272228088540483,-0.14718551243800865,0.07352015571097377,0.002428404026931473,0.020906539532452067,-0.09234827465500842,0.024944076216766663,0.02037829857769859,0.028283945017916527,0.025721453605040863,0.013708618757035157,-0.003566018742102337,-0.007653716341130961,0.08944543654231422,-0.015048694637588267,0.004926843554746288,0,0.7709225310304252
107034,0.14057084746002335,0.05833211415521867,0.008557843411312646,0.02845871072886809,-0.14733303222301466,0.04199337550332275,-0.0001696257763765399,0.024573031112390568,-0.09488069984143883,0.02741603854929756,0.02582350610588366,0.0050951758724275,0.02860197302828532,0.0024043591583747443,0.02453927321943413,-0.009790539478515516,0.08628668687459302,-0.01905562301384015,-0.01243001979659787,0,0.7863124753092156
107059,0.12378630188891325,0.03834418642647572,-0.009225371460821006,0.025772912307442396,-0.13677057139307966,0.06228044832534802,-0.006366724005092474,0.02847508208885456,-0.07845405722734258,0.03214437789503866,0.020778607540682868,0.013642238240775385,0.030413072942586925,-0.004581826609242118,0.008101525353470512,-0.00809381405238138,0.06607375506889265,-0.016384244416826895,-0.024323644325715894,0,0.734012761568983
107107,0.12076215658327816,0.02737325885186218,-0.005102665703146556,0.029980007724944316,-0.1344217012329602,0.06490693874293817,0.0032332943625135112,0.00817290963778588,-0.08608517078692028,0.024080454443569353,0.017028129889375538,0.006801972262395307,0.03815871325734816,0.016269789782332265,0.010581384642342274,0.009141478878497662,0.06908179601939887,-0.03509426092575201,-0.02270054683020728,0,0.728976630557568
107149,0.11564580161080448,0.043184836071050725,-0.015218395889892957,0.03640489617206117,-0.1294341860806788,0.05564579208795583,-0.0025428354443530394,0.021985577438834513,-0.09859035533226738,0.050609735982980956,0.04516319068459118,0.014988805311042817,0.029700555471558227,0.00935921915323142,-0.0003506120956125984,-0.010620696302385513,0.07757113795717392,-0.041915019640796775,-0.005322847074022601,0,0.8042544958012949
107184,0.13167748493610895,0.03264020835861366,-0.0027367230684723002,0.033263872443438494,-0.13919823856860633,0.06416186741328771,-0.02340677219837586,0.009938422640635238,-0.08894778580975596,0.04290159313819013,0.03366623498311387,0.016729597937341023,0.026757203782868968,-0.004598045904964624,0.010096411311146579,-0.019618060523060435,0.08237561918145887,-0.023563026566273244,-0.0036509615372711745,0,0.7899281303029834
107230,0.10571685969780406,0.04269941196861425,0.0003738945815563747,0.0468320595281382,-0.1411915100314507,0.06989515346101889,-0.0031119210660199535,0.021506189032588673,-0.0936600706094502,0.04340026985643649,0.03310973545596203,0.00839767933230375,0.052950044076981624,0.018906492122411758,0.01502720992168292,-0.013824709644287062,0.08378800638189329,-0.013798733280692805,-0.007521400253112066,1,0.815711350302405
107255,0.12801816249841547,0.037146804103789094,-0.005362531265500702,0.03327226518343037,-0.10782685193773184,0.054023058767133994,0.003239160520918977,0.03616933337187255,-0.07863110500022583,0.03376104917137646,0.024182129513307737,0.015140707042733154,0.037437572922312444,0.0035229618984798402,0.00491090886948912,-0.012205652562707245,0.06204725112355037,-0.008889587950174319,-0.009738584855183668,0,0.6955256785583331
107292,0.14168831764674059,0.03268813127799727,0.0006034562540298315,0.04048307015141003,-0.13669919124703536,0.06166826892297049,-0.014996619536517932,0.01820671103607261,-0.08725765044387279,0.03150264868481076,0.022616222040018043,0.020009427788957916,0.027690296503947144,0.004843237116471681,0.01675771017995981,-0.01570367581794271,0.06940650873102823,-0.019850706450410257,-0.0032113985719828303,0,0.7658832484021763
107307,0.1346376300580977,0.03784593670378613,-0.00900262817763998,0.029016801597841917,-0.13769978361306337,0.051993563697466855,-0.005655773704357572,0.020820655332855192,-0.09600485262570621,0.04005813401489045,0.030282601998765507,0.02105526204478242,0.023605593550278713,0.01759250553958967,0.014293066551588586,-0.0009884293769602186,0.09300826087539678,-0.029141669561702024,-0.01849819541855058,0,0.8112013444433199
107419,0.14653672539952586,0.04784774645556221,-0.0027423790014048,0.025265882846814535,-0.15556317606756187,0.07428569888617417,0.00848957577467897,0.039928029742069784,-0.10334832411301481,0.02967622325722215,0.03267320148354673,0.00793044941510019,0.04038277706198139,0.011543693847527852,0.008405419164232004,-0.011604185996023093,0.07503366569321909,-0.01764324759418412,-0.010585615299195132,1,0.8494860170990388
107440,0.12364798313045398,0.030960237629977357,-0.013446653542820201,0.017974876497124065,-0.13066634181958975,0.06546165808631943,-0.009673096017503439,0.01589826817954104,-0.08599069799192498,0.024985131792730344,0.03403055694693802,-0.00046914544154039005,0.04162547554993206,0.014500579557826585,0.005395141380464935,-0.022987494090195123,0.08692801324073751,-0.016289806271694983,-0.007743337164620867,0,0.748674494331935
107571,0.13681755542322896,0.049821632379313335,-0.003918432032586182,0.02216310169071724,-0.1483316476236432,0.05610743924314753,0.010245319735336662,0.017679003012891076,-0.09046839708321738,0.03262772353698006,0.035089759313927424,0.00040902489984481,0.03992248905725551,0.020343592469078135,0.018185472190293338,-0.0008934167576407228,0.08344517982792993,-0.02643633315816675,-0.018601347617108823,0,0.8115068670523071
107709,0.13073448958698852,0.04668479279699022,-0.005988210609754541,0.017721129919381667,-0.15356556486227665,0.05357742549601215,0.004809285638740709,0.01964874831420006,-0.0945107161930923,0.03970108626566966,0.03652600092937995,0.011402354413840578,0.028860253084102148,0.02935759642691755,0.008417936961354329,-0.014046687647320413,0.06395162081558756,-0.03162749068765508,-0.01858432065700999,0,0.8097157113062741
107760,0.14389734703742713,0.05121490060815258,-0.005821689523552858,0.01806376637594637,-0.13600127457024808,0.07522682162369028,0.0058567653119773275,0.012742568733732943,-0.09047475126223793,0.029919472904042645,0.017948275051654635,0.005631556669665717,0.04247347656546078,0.005115814170825545,0.012748327460396924,-0.0028491359917896,0.083820983301242,-0.03624790446917443,-0.010415927082837678,0,0.7864707587140555
107855,0.14000566375343168,0.04840190042083728,-0.00831950130276478,0.024326219383691002,-0.14665533613722073,0.058423182883949605,-0.00077675555537868,0.007506150073947065,-0.11000737899720486,0.03842675833977648,0.02277883945548785,0.0165014592139216,0.038981974605969846,0.02403839897507573,-0.001568623948633587,-0.00040027533451440734,0.07432675668480535,-0.014227372260821053,0.005047246861109352,1,0.780719794188541
107870,0.14148429514361874,0.04204640599129618,-0.0018927663514116816,0.041588883636261176,-0.13599052980113557,0.06611574887941322,0.00850576796398815,0.02780795502210871,-0.0981654666054093,0.033731823810092834,0.01987184335236105,0.029414262535626783,0.02477535950648467,0.01458993962114691,0.0023267904152814494,0.00328272695033723,0.08669418293214949,-0.03890324886544003,-0.01394727812754435,1,0.8311352755111076
107954,0.14133322692777447,0.03951285186993311,0.0007837663801509829,0.03649152391001881,-0.13846984509978616,0.0644442198649794,0.005879818872556087,0.02276369615649803,-0.11147766088444593,0.03999822493704345,0.015844506614349805,0.0013501640514930206,0.03668884905320179,0.013770970538981096,0.010480955550564608,-0.007364700877583865,0.08358166499783673,-0.03801690087580585,-0.00015741329596014224,0,0.8084109607589633
108090,0.14389538868168072,0.041258071604463584,-0.0064528762238294565,0.02864594147371934,-0.14098684427488514,0.06278773716786201,0.011677842380236194,0.02055683618437201,-0.09966710346889854,0.0391282078276145,0.02065080248634012,0.007974494561919204,0.03315243535847392,0.005998016380928599,-0.0009181323367014573,-0.011486687408010565,0.09289207242998943,-0.011947652677910862,-0.004373729085260997,0,0.7844508720130966
108268,0.1432629508322466,0.047713383214208385,-0.010550332311203092,0.03803658447510204,-0.13515622308020234,0.06821195453381898,-0.011034364706040216,0.024301273165781758,-0.0985376452640539,0.033917992339747446,0.012204291788269414,0.02744134632381606,0.04042152161317346,0.010857494854490453,0.006353561719651915,-0.018091382709888002,0.08376302670056425,-0.03219951061430106,-0.015948697754374467,0,0.8580035380009339
108333,0.1541535582784097,0.04694270315053427,-0.0009893841988863668,0.029582383871840846,-0.1334728165784986,0.06860731328165832,0.011778150499509832,0.02718511677714027,-0.1047362897772753,0.03480744064208938,0.027516320979517422,0.004561415698174984,0.036029116766183936,0.01689419302994229,0.008485410430414406,-0.011713937159467912,0.07981999974212671,-0.026255460932247163,-0.000639329509191859,0,0.8241703413031096
108535,0.13480164419390755,0.0275358785356083,-0.00275591094159103,0.03934661430276856,-0.14391250205872205,0.06312489965972874,0.015845569910687297,0.02085997750573288,-0.09649654265120415,0.030816346934110086,0.02369889294089521,0.03232565122204506,0.024420497952271244,0.004283414926304867,0.022110433029949292,-0.009343504170684306,0.07658696029398106,-0.029098494043107402,-0.017722666584513547,0,0.8150864018578127
108721,0.14116255012475395,0.05624432343088107,-0.0023369989863893364,0.04879302010442622,-0.14901892141377435,0.049029706200924734,0.003337705754770954,0.011270043559835328,-0.09694386891964889,0.0452327265108997,0.03725754490316393,0.018148111507360957,0.03333049406891523,0.006203708180769146,0.010866762999131958,-0.001853244514855111,0.08320794584872525,-0.028487572934923145,-0.014875814989888027,0,0.8376010649540373
108737,0.14585822961269898,0.04450795914155667,-0.005145713281276137,0.023423715283153512,-0.143852470920958,0.0611829141295126,-0.00503855870598682,0.01573098447343098,-0.1053032778755527,0.03283764097711476,0.033451463877085474,0.011228240685334547,0.026656844583124308,0.00726954768107197,0.008125076850626852,-0.009402932091252609,0.07020908857059223,-0.012773369861285315,0.00579425493463901,0,0.7677922835362535
108774,0.15708449677728445,0.04791671251595309,-0.005130135370406172,0.04571552431112123,-0.14693654400558878,0.05786513224937476,-0.01940170492721331,0.024781247467426753,-0.10276948242880157,0.03231295811089478,0.030967978214670858,0.018541536349470235,0.025151334014793057,0.0027906678997826383,-0.0011202628914441517,-0.008992074990551093,0.08102437021376935,-0.005743184615300053,-0.0034680974978618245,0,0.8177134448517082
108819,0.14415129678238423,0.04487987008546227,-0.009886515168684345,0.0239536436918007,-0.15336476852454214,0.07252760881720527,0.008351071423398233,0.020948024789839766,-0.08263828470179918,0.034406947390652386,0.036276962745543956,-0.012432577143251987,0.036288761368459994,0.015665778916052513,0.01755730274285466,-0.003760431900677297,0.06784508194094867,-0.02136241787836478,-0.019437219051502558,0,0.8257345650634249
108861,0.1510092519186032,0.04282604930749616,-0.012055265594688034,0.027806264680546994,-0.13825577070151912,0.05295271046475045,0.012616546215478319,0.017272555612841696,-0.08915360871406336,0.03698986310769365,0.032788190905414696,0.01709775163914548,0.03510153915952469,0.0032695694684170776,-0.009531868748058848,-0.013509877806722295,0.07171082030119094,-0.016767300726970132,-0.017774553618019644,0,0.7984893586911448
108904,0.14092522008892666,0.03329223470183538,-0.01514116571324938,0.04664671579392564,-0.15444725381162663,0.06588944607635137,0.006459328543115535,0.028060670511750135,-0.09757037785050927,0.02721028352438578,0.017066659995724136,0.03421271767054107,0.03994559063361297,-0.0030258607001209816,0.012870774500676726,-0.008777467896818807,0.0785789917420409,-0.017680007120258943,-0.012338947061085855,0,0.8401397139365562
108913,0.13792055523264002,0.03577428639161248,-0.0049923554643234004,0.031004635075405188,-0.14381251902213765,0.05967511099505762,-0.0156338870355937,0.024337112751065718,-0.0935227084914628,0.04272978597012932,0.028678845177088963,0.03029621180807034,0.02713290854928042,0.00014336204225402652,-0.002932847593504287,-0.0024739361182430225,0.07894506155851354,-0.015139024920142906,-0.008361101043065955,1,0.7835062552395914
108948,0.12574371231712014,0.047322959559077185,0.0009113303067836323,0.026888759819880457,-0.14428186995529202,0.0636002790941713,-0.008204886151461862,0.020330856774761062,-0.10011728253281654,0.04049069612968567,0.019988027108744817,0.03267798225721096,0.04862215118378685,-0.005771457700586482,0.023693626943699784,-0.00889055216155806,0.07893411381629009,-0.022080996569942876,-0.0014055625671770431,0,0.8199571029500469
108969,0.15299294155537604,0.05579622093398204,-0.0043064053133736015,0.03813510715430106,-0.145144287658947,0.041840938849082035,-0.002154219576961635,0.009927918125948726,-0.10624647294759255,0.03691345671870649,0.026669655647059448,0.011925035442125639,0.042087174255925265,0.01692351883835429,0.00461404212838074,-0.00047517743028215525,0.0766023356366136,-0.004664826544683798,-0.015589716485245337,1,0.7930094512429414
109018,0.14988802994424372,0.01952836788506074,-0.015089894013498159,0.04081257437097683,-0.13036063227510183,0.058399231971153584,-0.00575158098459576,0.023601700227625234,-0.09429788551932222,0.02795767510350107,0.03953981674674779,0.013462122207177756,0.03486015286948198,0.011167043894314619,0.0065816508193052995,-0.008797792428636875,0.07078431606936292,-0.034072848469657135,-0.023613639747368353,0,0.8085669555471319
109049,0.1316808599141889,0.04604440513831098,-0.004340013907624279,0.019042233092498154,-0.14005540957113866,0.055946755224700453,0.007234369518461838,0.01695022093657141,-0.10477426847595879,0.03929278189396155,0.026881634001996762,0.02150459483323424,0.0423881683272647,0.0018132145130752538,0.012748478732495435,-0.016181501560237108,0.07277375788809386,-0.008444416206380836,0.0009226651680449406,0,0.7690197489042382
109068,0.15016468786306258,0.042843817374793404,-0.0065864746550080115,0.03210952396104635,-0.14640132710527737,0.05934037981063688,-0.010250931351613068,0.01791019370289745,-0.09296501103051763,0.04257314110348499,0.02506661497471645,0.0061034000513790964,0.027854664329455624,0.017606549429509236,0.020921373855826163,-0.017143792307999513,0.08339743924305087,-0.00858370754536474,-0.004281720035500301,0,0.8121047497311398
109072,0.14736855409761104,0.06009522916629284,0.0015065039303100338,0.032086446391008924,-0.13151150972085068,0.05633430385386647,0.002421259313446188,0.03240988132380284,-0.09278788614289052,0.01968916273486075,0.02665656349080106,0.0057180605119715395,0.03558027271629829,0.023064109478178135,0.010356495574671644,-0.01742338478450391,0.065146693979253,-0.025157933462376426,-0.019020978409585623,0,0.8043352290825799
109090,0.12971464202613137,0.042174005667404625,-0.0012151066112312061,0.04587987865636761,-0.12581680241718765,0.05049188875061242,0.01740149184911189,0.026860881348881302,-0.09889203104935573,0.026920001863051827,0.0328359112726681,0.02276346255570388,0.03575558493613981,0.024913611587387537,-0.002485683993740264,-0.007213056805875168,0.07549530914449218,-0.023833004787954082,-0.01742579043137892,0,0.8080881457546756
109170,0.13844042396221218,0.033477920123367956,0.010412900321284802,0.034324459124716517,-0.13392301034612072,0.06624112468579635,-0.01940553391907492,0.03449540826199796,-0.08003906368915908,0.03583153171025863,0.022677217672167696,0.02109153231224741,0.025905334388638315,0.009033730803135971,0.01969094540316787,0.00137840209203002,0.0711694305258759,-0.029246094166315267,-0.0016878964554250609,0,0.7884719599629927
109199,0.12870345809620246,0.03260525492574344,-0.010176713788570652,0.0340349269473305,-0.13686356045081755,0.06372760855706797,0.0011479115409190812,0.018692661421357348,-0.09911609754946461,0.031803485664174874,0.031452677535818575,-0.007837330744984234,0.039012735690096265,0.00965322705723469,0.006497749411410677,-0.012643269015592073,0.08102556939249661,-0.006766564692025178,0.0027453894681538707,0,0.7545061919494607
109212,0.1389951842866885,0.03227571872706887,-0.010083166811303834,0.0480022471594549,-0.13180759340332732,0.061029607599592646,-0.007801118703248261,0.012640310139393384,-0.10635254983099851,0.03600371744349336,0.030198625996449253,0.026209672285013315,0.03250745822015606,0.016929089112751945,0.02410593880358959,-0.0038091997568970725,0.07965553560696599,-0.01078389378548343,0.008823621362383174,0,0.8180142490342595
109248,0.12830245397511728,0.03910265596315287,0.010852886423084853,0.03323632578401249,-0.14523297598476353,0.061050953812421614,0.002162492347130203,0.019822150793972385,-0.10038186835317164,0.028429650662637942,0.018343484815988933,0.01211924573348891,0.02955685820756329,0.019417794419155896,0.0028777264973714137,-0.013133415864502479,0.07427379528109503,-0.010857242763366338,-0.0038919342513846957,1,0.7530459119333818
109261,0.13266111460288108,0.0292983746656214,0.003464551701805201,0.043232722804929395,-0.13476352061165459,0.055581231726480024,-0.00809292508736713,0.018070979569863387,-0.09067885465603155,0.0387640108931393,0.02961665803994136,0.03125163044183933,0.04488296372197815,0.02805137317474078,0.0005504426112841006,-0.002808369153535491,0.07889170724375485,-0.022243804366114523,-0.02023914678786817,1,0.8131443818608298
109352,0.13765550534237114,0.04136425640238239,0.0024418391144833337,0.04056821030215971,-0.14166891815714164,0.056685665615629696,0.004155823270607149,0.037149293473158145,-0.12032741474766086,0.03290845221039318,0.030992916007720545,0.017342862344708294,0.03693198170350992,0.01256345659748831,0.0058489202824675455,-0.01621406814655962,0.07889363249401342,-0.018125765202906603,-0.021254385055762427,1,0.8530933664711239
109468,0.16070117580124585,0.04564712091969526,-0.004975122169094104,0.024162321549658226,-0.1362317060265498,0.07013647093017825,0.008746115392302025,0.02233135870191424,-0.07993582178749947,0.028475595571340658,0.033940647452330046,0.023504828340418206,0.02806138391248153,0.016458743612702095,0.01128052772564542,0.003297919579549362,0.06966424528891213,-0.022699414856993717,-0.002040453355979006,0,0.7922909729744894
109478,0.1452638591356187,0.03727031385500941,-0.007706161395017129,0.026021528878910207,-0.12867814379581022,0.06457958286678968,-0.004467587971656659,0.03260087964466536,-0.10639100595677808,0.04353307995934888,0.037910041556963585,0.024219723402077436,0.020953781334626977,-0.005835411635905909,0.0015613131290622391,-0.02096168449727198,0.07962976723062602,-0.018013290267575865,0.003544819587524031,0,0.8091419761012384
109479,0.1435004950987917,0.036963882241627236,-0.020004301969358786,0.02676146616484249,-0.13907108758008502,0.057182339998622475,-0.0020362151159234736,0.024066963976808808,-0.08628934607938776,0.021926136805841757,0.027616106195289206,0.021093291638366037,0.03661612053946446,0.009504169498657754,0.0029356203665148834,-0.006522629743121462,0.07264100732455225,-0.00918882922735519,-0.005506017408074303,0,0.749426026972685
109622,0.13829759576649886,0.05138719212337452,-0.017609449328391213,0.04047135520814831,-0.13867622273525487,0.05607610290221528,-0.012218491345968257,0.031937742155451344,-0.09735239374685596,0.04100930262901063,0.02060274516005653,0.012426954478773532,0.03928216565652704,0.012161093627058977,0.0027299263643045914,0.0007607547861912016,0.08181874196468539,-0.03185603820995903,-0.003956472272561825,1,0.8306307404612874
109647,0.14072388758807,0.03146383690147505,-0.008530446327059642,0.04558931077887075,-0.15116207640075333,0.05961085887815941,0.0013843814377550057,0.023217589726137102,-0.10466068133199016,0.03548773349959757,0.025140600900138584,0.018613189129345484,0.0264570818910963,0.01305489070271686,0.009986583601834827,-0.010707359833692278,0.0731668552347045,-0.010127916770650445,-0.005825109013125937,0,0.7949103899471732
109655,0.14010558886159158,0.046594197890161386,-0.0009263811114952778,0.023014640788296806,-0.15508641758975708,0.06440619205687131,0.006016753570914119,0.023108263702671033,-0.0869686724586018,0.04425049176216393,0.035568389686630154,0.013906936918226078,0.012117748025502771,0.012398985393272563,0.009691385629273054,0.003758320585506673,0.07611745592823435,-0.007714944820953911,-0.005732193889121983,0,0.7674839606692458
109760,0.1350015727456247,0.026733366679950892,0.001696145225410435,0.034019839108334,-0.1504758523499645,0.07373829205199636,-0.005584675532831999,0.019003249377233942,-0.09960411744901664,0.021800703900970997,0.033839397656419974,0.007928737701453872,0.04207132980972477,-0.009849920936959843,0.005713679155497803,0.00013059547104752586,0.09357702786310394,-0.004364005996283704,-0.009873764381689609,0,0.7750062733935155
109795,0.13030639254277784,0.05395835452009327,-0.00590605975611256,0.032059588346644595,-0.13221042507480799,0.06147085627431868,-0.0014044247499274993,0.028622494968413594,-0.08350766162884588,0.03968037704618919,0.03691123960280824,0.01450557699335699,0.048455186855807596,0.010928540346319567,0.005699622069008866,-0.006209864541558945,0.08828803967078958,-0.022459278335036397,-0.01917562106340496,0,0.8217596043862222
109880,0.13754250691220554,0.04183989169915266,-0.010876148648407608,0.058767123090240535,-0.14327593113822268,0.060423176510066956,0.008583168177499543,0.03061713033130851,-0.09400338635894126,0.043144043942006056,0.0319189243470723,0.013075896625568741,0.04113150176329524,0.005844172498637741,0.0039681080428868,-0.00850695050879424,0.08478269818118164,-0.009630416612651552,-0.025976634874860523,1,0.8539078102630001
109989,0.1415254470689864,0.04214334346388558,0.009233332868945938,0.02977562083984998,-0.13849491347495263,0.07650530989107197,0.0024990757193355784,0.023740068965644096,-0.09685486500599638,0.04561171770101125,0.04072213491084781,0.019895593493724113,0.023500912970751374,-0.004268488715701463,0.013809926337584018,-0.003290426092732824,0.07970671379492654,-0.01849492822253696,1.1447458803691916e-05,1,0.8100842669972886
110270,0.07775946186801283,0.03663451276365055,-0.002031958451592915,0.023722214705083684,-0.09624912283966908,0.03841834453454462,0.004195218298232234,0.01449454630483345,-0.059750607799933596,0.02382606928500508,0.029342081510040228,0.0011936978334096656,0.02648111927181431,0.0010073569587361949,0.009200248490170449,-0.008474891621658449,0.05043269471986802,-0.02159818198656564,-0.00033190790568591054,1,0.5251442371485069
110322,0.1473143718059076,0.041964881608190875,-0.009443736833952618,0.027705744869723884,-0.14950536063502465,0.07118521017470796,-0.0017511022549501747,0.027580476333927042,-0.07622687390348593,0.043928469531396716,0.022115374937731587,0.019748109920642302,0.02876380386545294,0.005108809858663794,-0.0007218746359853979,-0.010866910226263004,0.0888081420292614,-0.029377579017676552,-0.01046741933515357,1,0.812584251778098
110348,0.1463084070845132,0.03468743313975965,0.007188854198648199,0.03464350936098454,-0.15116788937344883,0.06052562216985885,0.019771566378787832,0.013389866137968439,-0.09660357090124216,0.037686315502098375,0.0259280681456777,0.025311749264728747,0.04353700070990936,0.018255625486259242,0.027238413012169754,-3.513332594751297e-05,0.08951420916855471,-0.025048559444240864,-0.006625944602225013,0,0.863467737407023
110428,0.14081374703622104,0.03952574031096019,0.008722142515306472,0.034243881385918704,-0.13435767051050335,0.05857434765193738,0.003908208116456966,0.028678266299275414,-0.10993793496089214,0.030626028931143016,0.030435569177684942,0.013068907495451134,0.039546056176220604,0.0010308234811442945,0.02111312911777721,-0.004997461044288476,0.07799677921735004,-0.021888977513774974,-0.010184990423638025,0,0.8096506613659443
110509,0.13574365319886525,0.03919390838087259,-0.0004722368589171218,0.03545178690638357,-0.15486216869791997,0.05951079097521891,0.004900901040522466,0.019507257129268055,-0.10224499577819263,0.023895646134820807,0.016711172195628326,0.0246620280425886,0.03121630478925842,0.013606978123320327,0.002896236866544102,-0.012362057566301616,0.07489827802051334,-0.011104611977340854,-0.010976039088083237,0,0.7742170517705602
110516,0.14998702785647125,0.03549109934328702,0.0023522459984012998,0.03809246253451044,-0.14525359937608337,0.060022367825898426,0.016493262309235538,0.033334438499319594,-0.08590599801987124,0.03715767806959862,0.032263637308432104,0.012225126211555339,0.02379409764916899,0.008781393925816715,0.0005177208452530168,-0.013978447672890183,0.07532177674346278,-0.02027094769455285,-0.01584206594683632,0,0.8070853938306451
110551,0.15600751794486548,0.033251789939553585,-0.0019096795280294026,0.03272701994498173,-0.14012660606474203,0.0811011202370779,0.009805748253751995,0.02191167292220545,-0.09501434783992196,0.038344308377830996,0.027170532970271444,0.021045841381976335,0.03632826517483146,0.015523335642684188,0.013683420360338674,-0.000733429861615045,0.07928911242841036,-0.029187034010801246,0.0013228139868115035,1,0.8344835968707007
110709,0.1372763157417441,0.0578741819570034,-0.008108801838640434,0.030731163849385287,-0.14962263766390133,0.045295848103048625,-0.004512739454139022,0.022995733257061796,-0.10265763865667378,0.026209167774821823,0.013806174315880711,0.016624514688562467,0.0393578857020902,0.012399486070289914,0.012331463500631055,-0.004433214513198825,0.07897264543382447,-0.024316539782092014,-0.011629059216908126,1,0.7991552115198973
110777,0.12401494691160626,0.03791875137996997,-0.005267061921079795,0.030555709572741622,-0.13516057511307072,0.0831429351600399,-0.001912197657246491,0.03735097337371252,-0.10221104780641863,0.03710864549923508,0.026105132868643938,0.016268169452835955,0.02384464856332102,0.004236061203606184,0.0039749807905686526,-0.011574587176031385,0.054412617257963876,-0.0265634084108377,-0.003039179179637427,0,0.7646616292985672
110848,0.13917703112698332,0.030363609387511727,-0.004964950189222243,0.0420506350718145,-0.1315637581188004,0.057173009597960775,0.0002808242270886397,0.020817889151118735,-0.09988339772207405,0.03946060214379815,0.03217471242868128,0.0054727301898174355,0.03278603596675663,0.00411656227908576,0.015325974205353156,-0.01349147277895004,0.08370805283343277,-0.026975367561908877,0.0032337079860724443,0,0.783020322966431
110861,0.13067225291512818,0.038756036795364025,-0.00887854440012476,0.03323331394845644,-0.13746754222786145,0.058562521305975584,-0.0013881707019867005,0.019846170593018204,-0.09966925951006442,0.029171876352756775,0.027073792886650308,-0.00143451179677051,0.037060008637653075,0.0018883815769726788,0.014200489870071133,-0.016779648137923205,0.08104013315018911,-0.027029404892398082,-0.015164316764583427,0,0.779316376463948
110915,0.1209533096229675,0.04489168270783881,-0.01994579150392634,0.032365774457743336,-0.13320015229493998,0.0511817851669321,-0.004588774925066154,0.006568230729408711,-0.10876848171282517,0.02479569421602814,0.03237045903814232,0.010556854771838728,0.04714225152535547,-0.00033833654936733977,0.004746532670139543,-0.006915114731443906,0.07590983252126343,-0.03556656299807179,-0.01995445082328116,0,0.7807600729665799
111040,0.1470766637716237,0.03980821959889386,0.0093868824540962,0.027655498439498355,-0.13912367921993754,0.0643531136839239,0.003241640739000596,0.014629656132333189,-0.11826486277562265,0.042338446027214705,0.026351989356153148,0.018052908745898617,0.0342603610599826,0.01773477241920608,0.0037022367740002318,-0.02190891210409281,0.0850824568873228,-0.025896497784018292,-0.019797736705228455,1,0.8586665346780478
111069,0.13618994538180168,0.03207448795912039,-0.0011375635212295789,0.03111223608374089,-0.16187173138865715,0.07548569080270083,0.00634782150939018,0.01407214552815047,-0.1167941629921462,0.046552193434801374,0.03820269389870183,0.0016810976809466002,0.05209243196928688,0.0037685595428548625,0.02510246918523876,-0.009423664202936879,0.06379033419780365,-0.04995090299533468,-0.012547503134759498,0,0.8781976354096024
111111,0.13659224564802472,0.04213546774140494,-0.014293919467611292,0.038580142049804804,-0.13513998983817926,0.07055896360185275,-0.008623068903860876,0.027600038175091452,-0.1028143767201604,0.026072957847205237,0.031407344185573026,0.008884088794778857,0.029564423093822567,0.010603093150813522,0.017566344621103347,-0.00314703053541527,0.08549324794449394,-0.019103978653350395,-0.008397798928982932,0,0.8165785199015296
111155,0.13131632759220188,0.04465558430695146,0.006316929606342019,0.029236147694679065,-0.13413592454458526,0.05962693333309938,-0.0001342762282669572,0.017188293778102326,-0.11879332715842496,0.034670379666195274,0.02427109005196233,0.010671951352930142,0.028507902487209556,0.015262354729882532,-0.0028958841803491463,0.009602318780923278,0.06607569896871884,-0.013712702067511,-0.007752795317881043,0,0.7548268218462164
111182,0.12299178572081086,0.045643049478092605,-0.006726147807193041,0.027441897861063293,-0.14204413660061954,0.05724920826396014,0.00028343739751829713,0.021267069363891777,-0.10370861385264792,0.030878594168722753,0.030614955382542768,0.019353812903725287,0.037205734180374046,0.01109337199094956,0.011849514174834666,-0.009133517497552328,0.06807414132781206,-0.00835892274773805,-0.005535757606988238,0,0.7594536683270372
111201,0.1434038607648421,0.03710422188833539,-0.005054928992525877,0.03175379842286405,-0.13353821906531962,0.0534891542598763,0.00387786926002369,0.025751321909993158,-0.09883157643931875,0.029479610645017248,0.03610879985615232,0.015193535586770859,0.03247734429293602,0.0012874389923431264,0.026223422484689854,-0.01775266612767118,0.0878635058453592,-0.030377161713718816,-0.012061260141847443,0,0.821629696689605
111214,0.13591771718127393,0.05131896224566731,-0.01185086034068081,0.02698315870718435,-0.15205899123975222,0.06342194953361553,0.004587238394822428,0.01104144412241935,-0.10783314462355756,0.035616367295056774,0.02504702681186108,0.013351766611492684,0.037516446813780566,0.011403223416068137,0.004592151236186017,-0.015323257624655454,0.07325161568203774,-0.011258245207063866,-0.0131638589232659,0,0.8055374260104418
111217,0.12489826971936936,0.04366922048419425,-0.011836675295580168,0.04243078872576298,-0.14104079528340166,0.06422594845387118,0.008257124042739336,0.015022425469170856,-0.09873444144463384,0.03749739588326983,0.029173597600363466,0.023751491934795768,0.04148877666203709,0.009571190241691908,0.021695914053756905,-0.008577743492609239,0.07230364687853422,-0.022828053202361934,-0.013656679182439761,0,0.8306601780505838
111223,0.13401519691134534,0.04750622387681165,-0.0016867301562571474,0.03679976555915146,-0.14334280977609032,0.06460061370139722,-0.0030158676079776827,0.031310699552899404,-0.08983633993110755,0.03873049538887407,0.030574578216447636,0.019825577431624882,0.03970006843615249,-0.004773260667116246,0.0061773198193707775,0.00548309112050268,0.08339881458165584,-0.017549665159298865,-0.00926636848483259,0,0.8075934863789138
111312,0.15258534315585262,0.03560294303188848,-0.008377717836289817,0.05657611998743382,-0.14129856108991887,0.057295181122111544,-0.0021030548992279695,0.021101882581852485,-0.09204533140713854,0.047996132666217196,0.024512732388466643,0.03262775672764562,0.04064152644277605,-0.0016106866755165928,0.014578434693990902,-0.001418453377418682,0.07867001148371476,-0.021466997964683075,-0.005883022728342044,1,0.8363918902604857
111318,0.13165406114809228,0.058028161660937126,-0.013304244436476253,0.030218870323754723,-0.1182000870945491,0.07027935538181893,0.0022223940372553537,0.012883545549615467,-0.0909227745707765,0.035715915151725,0.03076885070122495,0.032367533627171576,0.0407353017468457,-0.0014020571746467684,0.013143224038677107,-0.01706676433930017,0.07021552858983375,-0.019768260444956384,-0.018990890184068195,0,0.8078878202017253
111373,0.13085187028530834,0.024702759064297038,-0.005415551463887878,0.02905588760083201,-0.1372047461057989,0.06186359619349532,-0.0046127099922299766,0.025492347167479376,-0.09867849895647722,0.023189417085543836,0.02026771217643196,0.004255740884536391,0.03800263383562622,0.0092003890758818,0.020340266064208638,-0.021128997820795782,0.07526885984020792,-0.01388933135886263,-0.01157302868791225,0,0.7549943436598135
111384,0.13057159653570896,0.05100357819986812,-0.008535333120282125,0.021462016452598032,-0.14095137344024355,0.05534616547256976,0.00018130264097955344,0.02377605379173347,-0.09437862921652079,0.02531571313035062,0.013424773350226495,0.0033621341702263488,0.01785188240164085,0.0002658106484357593,0.01734830746364916,0.007163238530152266,0.07772036505482248,-0.024734938277757246,-0.016253244036367322,0,0.7296464559341329
111462,0.13607080131093244,0.04763331343966701,-0.0057226695981858755,0.036006754578073674,-0.15562553041140212,0.05698041622122438,-0.0021715000206070003,0.013194662425873586,-0.08504651674932795,0.03029908807073022,0.025833753401753253,0.024682975425826155,0.03453210223195959,0.0017269098511994742,0.014689236845124702,-0.004245447373391603,0.07819224026707935,-0.01844145653336173,-0.014188173809988871,0,0.785283548565709
111544,0.1353597001247981,0.04591681151201141,-0.009467786231247924,0.028923243238875938,-0.14052917659772207,0.07247017012898099,-0.016413836668320525,0.020506575565971512,-0.08849681430844364,0.027402419053873427,0.035855724844425896,0.00027024424295776756,0.02883235295167261,-0.009628509112703385,0.007334167557371201,0.0008334229398428357,0.07883231085154023,-0.03263245443874147,-0.0052390074892220105,0,0.7849447278587229
111690,0.11772349984076008,0.03468698907871625,-0.010370075546217546,0.0235430072278819,-0.13402130090799574,0.06226609881842012,-0.009253089641970618,0.02617136890758814,-0.0854462443492274,0.03294077300155887,0.016372172181848887,0.015210817263622186,0.029873069962245636,0.016397281499647743,0.017685903661241485,-0.019740966784626904,0.07914986714502677,-0.02248134782790109,-0.02035040787486469,0,0.773684281521362
111716,0.1310238164994821,0.03152374448978595,-0.0005912666344068941,0.034191393358070164,-0.1428632905655533,0.06320674330337135,0.007149008036757532,0.03142441945665868,-0.08680930733451823,0.031104362645057875,0.022030442746355478,0.0091165103628762,0.03717115147242203,0.020359655645387144,0.006832801929940168,-0.010907150122915921,0.07488028097827715,-0.014877790411753548,-0.01347808578905337,0,0.7695412217826431
111841,0.12340310474281266,0.04583636468682827,-0.008136989559195944,0.03184224423556552,-0.14205748023564346,0.060607943313286936,0.00019146602831743168,0.03256347949959473,-0.10145631534380498,0.030640332185576057,0.026540821417276355,0.004725386015506473,0.027107691680343098,0.00588390025206902,0.01408514262067115,-0.0047169193530285725,0.08415099463645853,-0.03738850046719824,-0.0155416259878636,0,0.796876702261041
111858,0.1309831262250951,0.03217559298832194,-0.015220221758744648,0.04569915400278034,-0.1387320910961092,0.059328034525047785,-0.0003932945786348619,0.018479449319272936,-0.09670613457306977,0.03737716097558437,0.03988134497635223,0.012126740860198024,0.03775219544305518,0.013772317386717555,0.0076376885835270185,-0.006155657687316982,0.07127404719557799,-0.017582719975296476,-0.006342629594982895,0,0.7876196017456852
111904,0.11640930262555484,0.04450473134018059,-0.008315364717100444,0.031093379188741554,-0.15514107200936772,0.06035245154170201,-0.007866821785297394,0.018908462053821937,-0.09227260785437073,0.027427437502540123,0.018581467918456128,0.01491280769691254,0.028950459664877564,0.0014905751187178982,0.011160291740637582,0.0033644627068142364,0.08413474075085653,-0.010366054238880556,-0.00807298839362101,0,0.7433254788484513
111908,0.12864819162731117,0.05623038532807832,0.008155924563372842,0.03287798559586193,-0.13357432355532753,0.06965130745175167,-0.001804908795540561,0.03211170047253162,-0.09777756830934531,0.02791116905648804,0.02166179178254875,0.01172731114419845,0.03761382309608221,0.025707934904199523,0.008772117350792738,-0.014080620951563209,0.0698907832505037,-0.004435658392267859,-0.011293868456466915,0,0.7939273740842323
111944,0.12625229809393745,0.041167835191227194,-0.00528782678438642,0.018759055069931106,-0.14334175500491442,0.054654145499990425,-0.01273844450243321,0.0026175135288736755,-0.0879656526172124,0.02954009555103129,0.03669577889884807,0.013494328187720124,0.05640398982538714,-0.0018348978684477495,0.0272298254650577,-0.012923867026792355,0.07951180048122734,-0.010155466505586606,-0.01814946864174086,0,0.7787240447447455
111951,0.12576956230552921,0.03423202859174487,-0.0032132313292575375,0.02139515733611074,-0.13886066853760107,0.05658734534777365,-0.009620635709316032,0.014810540795227435,-0.09230900832293895,0.03702378821516006,0.04320431778442709,0.026303378810367976,0.027146574362060305,0.000648567919080153,0.01502854167860694,-0.017626468473098098,0.06477810909863016,-0.02001280990033309,-0.018479890268984524,0,0.7670506247862479
112047,0.13554206676027888,0.021496690577852272,-0.00512291863088833,0.0288890160505787,-0.12903400876130372,0.06199479799377973,-0.009721719505480609,0.04628079537422746,-0.08358764090518439,0.04381147830524874,0.02993508166319219,0.021363430922926533,0.04344849766562768,0.006616496793804611,0.011511337877480498,-0.01560151164687492,0.08240947661886085,-0.012857697157205913,-0.006721418220868712,0,0.7959460814316648
112268,0.14305526860064274,0.05047005188159286,-0.004063770542139175,0.04105140621243375,-0.14598924011508507,0.054171016129362926,0.00154440351550957,0.026265615924524817,-0.08965687422553201,0.03219067397611949,0.01823800048138523,0.014083886422880637,0.04084800754606609,0.011717045959403786,0.011070614067853183,-0.004283777841686505,0.08465889471530169,-0.026227584284862833,-0.012503641017907406,0,0.8120897734602898
112276,0.13681502695206765,0.043879957195312604,0.00012746736833060143,0.016350513070605237,-0.13870072088603574,0.05418646347753573,0.00218343062921912,0.011481808188098734,-0.08843281089215671,0.045242257530053266,0.02434917842319718,0.005118452699536184,0.031053163028331752,0.012925556407660195,0.020223740151273536,-0.019832510991803567,0.06428784215716211,-0.030327040582879952,-0.011446501985747301,0,0.7569644426170072
112414,0.1377850360755912,0.04662464828744652,0.0005198934081846831,0.03286821650428322,-0.13697390073931265,0.06025357625180143,0.007787828525066869,0.00938553610927574,-0.09225021282245643,0.02767341825370212,0.01796533141787592,-0.002300312901834074,0.027092654181184873,0.004143726972431744,0.006960108503581566,-0.01076256064464257,0.07742477120103503,-0.034948136429803274,-0.006228173213601701,0,0.7399480424431116
112494,0.12163817783947602,0.030939496321546994,-0.007137527778663403,0.046406006821255646,-0.1353877845585034,0.05997687707017922,0.004371887791678594,0.021312206778430917,-0.08998665053050049,0.018695852095570786,0.03599896272551605,0.0152027150286052,0.0352877029989528,0.0145339747939437,0.006992797467140067,-0.021804213006348997,0.0872233191162525,-0.004297897334534175,-0.024195247600014843,0,0.7813892976571138
112583,0.1332478907675308,0.03802775035671308,0.0015854785923557725,0.0341329951648337,-0.13816531461237896,0.06412108106849432,-0.011520796406407545,0.0203452928607941,-0.09303241417609191,0.044470390579794496,0.014225179355230669,0.014520482789221412,0.030553651606169196,0.0042838759588688085,0.014090068963205967,-0.006434573416603583,0.08429601586916136,-0.02366523695488402,-0.01200477748144459,0,0.7827232669801842
112584,0.11957623172707349,0.03537292947351988,-0.0032294133773115396,0.04254147262566548,-0.13318817917611567,0.07240907675503554,-0.0039910193536464664,0.025492553561782445,-0.0834566869365104,0.02204699055666746,0.009477714142352971,0.013527208588873907,0.041512478245804126,0.018280530911882056,0.007759466590167751,-0.013959075137942213,0.08826730110514733,-0.01999869406316505,-0.012087247258958952,1,0.7661742695876227
112590,0.14386106991571238,0.03839449558375963,-0.0047156403918935585,0.038875487384212454,-0.13027918906837435,0.0660662626272782,0.003011729380509062,0.021554941025126072,-0.0973300573608052,0.04141887927675196,0.011008522847964664,0.02679580659868402,0.03599163530681313,0.00895486123538521,0.007136946470947231,-0.014524143820203256,0.08052068871556055,-0.01602797566607905,-0.006389955049073957,0,0.7928582877251339
112603,0.14316246280643768,0.039272048243426644,-0.006178072095723898,0.022520916784165228,-0.16027815807168228,0.0593246580054812,0.004810400834463415,0.016266598029039195,-0.08476490898710116,0.04047270368111806,0.03837594621399509,0.02324759227706531,0.03717767267827581,-0.002149780579846067,0.014234791477684788,-0.00956171685982823,0.06716633106735348,-0.007368805192472644,-0.004117879085502314,0,0.7804514429706625
112624,0.12949829584765318,0.039181047232059424,-0.0005933857013535017,0.03331275226910482,-0.1252159973189461,0.07901754046735908,0.0030342268358910986,0.019783491704223766,-0.10977596507063202,0.036998275675071475,0.012308589755615803,0.02701600086341133,0.03377670911840563,0.012758730928207208,-0.0025578966458571183,0.0053718259355623145,0.07310755049143418,-0.019132681393977894,-0.009439734302947148,0,0.771880697557713
112629,0.1265685263047548,0.05289788270261225,0.007009683668770511,0.029879289385355907,-0.13386013645445496,0.04332517562062431,0.012449809166668187,0.02318374397590065,-0.09859434004090865,0.038218209224914715,0.034342217275725735,0.024688504450922716,0.0326934695524955,0.0007332165755457961,0.0004708296167295473,0.004350410235724424,0.0720459357733581,-0.01079065410598992,-0.013270201027179757,0,0.7593722351586364
112781,0.14357490867160339,0.05086405093170968,-0.011219514777328613,0.03375956226537846,-0.12270871497814713,0.062235747435012666,-0.001953833305898839,0.030939561881452783,-0.11526301112983271,0.030380176566416037,0.030712115711587325,0.016021105221079655,0.015084472793798437,0.008665351708524643,-0.00474451703272691,-0.011853820391110752,0.0685577814731383,-0.03562744249525166,-0.01830799317307852,1,0.8124736819430766
112918,0.1365026611437097,0.03384323937227809,-0.00041495500813281387,0.023509340189573933,-0.1376711380179854,0.05028080981765059,-0.006773065545493498,0.020261064626224564,-0.10051369382849555,0.023987735692093764,0.008623725781510347,0.0034812585874818666,0.01971935184673252,0.027707888111372543,0.004708486212374288,0.004443657530848088,0.07713749867668106,-0.016585785677912374,-0.002663295111185691,0,0.6988286507777367
