index,Humidity3pm,Humidity9am,MaxTemp,MinTemp,Pressure3pm,Pressure9am,RainToday,Rainfall,Temp3pm,Temp9am,WindDir3pm_cos,WindDir3pm_sin,WindDir9am_cos,WindDir9am_sin,WindGustDir_cos,WindGustDir_sin,WindGustSpeed,WindSpeed3pm,WindSpeed9am,true_label,sum_abs
209,0.14464176744321383,0.02829431217324583,-0.03292286830052422,0.04174805355059896,-0.20566024290878593,0.15465662793173623,0.0018541057682474953,0.050013639187637626,-0.05167257560929865,0.0320107479955475,0.012643070878973968,0.005042812477630463,0.015288459177032629,0.012084076086396051,-0.0028041334149706406,0.012998368853268345,0.08257485142385117,0.0006057535148583418,-0.0012871409182984544,1,0.8888036076141164
293,0.13324849778648265,0.02292560317913636,-0.021720675231195953,0.047076010896862745,-0.20755562865288815,0.15392324200904808,-0.01607855220850808,0.047814911477240186,-0.04279452229440559,0.0190756096598298,0.013050450583848294,-0.01438584491232112,0.009301012756525777,-0.0061435533755200495,-0.0009277348849492634,0.01649388243732255,0.0995752797727663,-0.0352167153691243,-0.014886615965238593,0,0.9221943434532138
339,0.12973991875687782,0.0459797826452543,-0.028642459598401178,0.035584805078593164,-0.20013373104347262,0.13109649737508658,0.008082250471633266,0.04512807344971499,-0.02520040365229876,0.015952145442027648,0.007712397438707668,-0.001521735647718819,0.013264153840490959,0.002330731536988011,0.0050009872918905076,-0.007475690539204313,0.10805887274200875,-0.02699855106714519,-0.0038326286672839007,0,0.8417358162847984
347,0.12778833933554712,0.04838363618411703,-0.011101911092384786,0.030219319545238384,-0.19576138557359485,0.12395192154580463,0.0006258427787152012,0.05108253539656558,-0.046257700634234344,0.017034246557907588,0.0032130010155804376,-0.011057825751305312,0.018200519240576807,0.008616289640816146,0.0032628351667444966,-0.0059213846276231575,0.1036592108931344,-0.022663926149952,-0.005518211131529556,0,0.8343200422613718
365,0.13968175353157095,0.033474344338729915,-0.03383730912162618,0.042268600877591024,-0.186000598632038,0.13056353905251405,0.015066412238158428,0.04530120357832198,-0.04689834116210407,0.024074031480596197,0.004329212438171176,-0.012911758994400464,0.010950050564744268,-0.002424975613614731,-0.003653138559038457,0.0023775469422794883,0.09692179060477421,-0.03069146590563007,-0.01625831317007613,0,0.8776843868059798
437,0.14464823421862943,0.026779503039537654,-0.030340873690703082,0.03725931892340986,-0.20146552072074297,0.14612570163361185,0.012160776370308352,0.05415093679902539,-0.03925537827143919,0.04409429509871865,0.013534845255778007,-0.021172493045971096,0.012395208014772379,0.02000597730130313,0.00133105803073113,0.01141952627338689,0.08660531787953232,-0.004580850298065362,-0.000200652445034627,0,0.9075264673107014
596,0.14460527469951803,0.037376772437566444,-0.03147541459780596,0.049278647917436386,-0.19460187632706344,0.11724018351542363,0.003834274673566398,0.05378515749524069,-0.04576179411601646,0.04510513834334088,0.003974879929775434,-0.012449286923230204,0.018372706711345478,0.02264382179561252,0.002233833892022673,-0.00028344719508443253,0.07759272910397233,-0.0226789192869815,-0.007304163653053978,0,0.8905983226140569
617,0.13942814224338712,0.03950834187524883,-0.014665472407126108,0.03551720335937062,-0.20668951749625913,0.1405027697443234,-0.0060458164441178274,0.0431034695454085,-0.048447721897196774,0.0259839237913566,0.0009954098431474133,-0.0027928272168459382,0.019156226283821277,0.014668841260128889,0.0077873488530714125,-0.01796077180406055,0.10454843893106695,-0.021494716370499243,-0.0059232228566084896,0,0.8952201822230451
705,0.13204455858878097,0.03429541103360232,-0.04645388052514376,0.021371834962164465,-0.2129057422261677,0.13809614343520782,0.014544843022739305,0.058271303396672004,-0.04690349429244932,0.042470726495766116,0.014487916743321566,-0.02593741963983699,0.016170244337418274,0.008609565821660663,0.0017253030032636952,0.01874318322923389,0.07146221677084655,-0.027216999770531467,0.006054115738919759,1,0.9377649030337266
786,0.13705664224782632,0.02404764490857253,-0.02718170088401983,0.04161796968836209,-0.21963343265603924,0.12416616527542981,-0.00978739108785254,0.053244831990033194,-0.03570347200495488,0.04633359713031195,0.00126677782145221,-0.0003770430655535912,0.02121371766425437,0.0037476791144422563,0.0016856859709810368,-0.007316556008410597,0.08434373823073302,-0.03381901061999872,0.006976323001833744,0,0.879519379371062
805,0.12746476112061061,0.03592871598983817,-0.029039410785554803,0.04174892906309411,-0.1819234060652441,0.1323984213048349,0.013114026219258553,0.06542033838036748,-0.05075609149826731,0.03305064295943183,0.001037395645545402,-0.004205542706724082,0.01411026635072599,0.0031319834573390664,-0.016902869145763406,-0.010404670970969226,0.08113503388756223,-0.038269160072405745,-0.007972806013642527,0,0.8880144716371795
821,0.14133684527530008,0.045770738368186625,-0.01771005468328689,0.03984345790167476,-0.20836772065937334,0.13536134777666886,0.002918526412628309,0.03399008975606045,-0.03835654304973246,0.03150535535639595,0.005638713360734675,0.00898498341914159,0.019533402295335338,0.0005939734842092154,-0.010597908403012961,0.00025534657684308116,0.08860060628141214,-0.030381326152269676,-0.01349297701980676,0,0.8732399162320732
838,0.14545750298784527,0.027862951050542747,-0.02597665401555722,0.05237812720334286,-0.21216845624613534,0.1427112225572085,-0.005573454228472654,0.047370782595452555,-0.048759047180516144,0.02007684340169678,0.0037434494531629376,-0.012990607727897702,0.019242494076120595,0.006597105118101562,-0.0010443501324782925,0.01011252702738675,0.09136888499627752,-0.006488665591306091,-0.014255033065209479,0,0.894178158654711
845,0.1277390406925603,0.05094965379534531,-0.0295483041824644,0.05759820527962927,-0.20920350024230813,0.13566595844654208,-0.0017773094996490603,0.05333020442491657,-0.053241157349925364,0.02543437504437794,-0.004421752564462394,-0.0036962392907961823,0.01675799820291768,0.011115635040313718,0.002576914033238894,0.016822622986487266,0.08798693666260597,-0.01689106448015094,-0.011736936859158767,0,0.9164938090778503
858,0.13782822700672848,0.04975006858861831,-0.02863609702645244,0.03733196576614323,-0.19381148450836078,0.14849515892272996,0.00340590564004367,0.05959645764556885,-0.04653884247744083,0.03241370200519111,0.01258687169855956,-0.0043558886408190944,0.027320495151608778,0.00993303513633702,0.0009596963442649961,-0.002147055628395605,0.08425545984432187,-0.013632927179203275,0.0008832485219348069,0,0.8938825877327227
1067,0.13333196419238544,0.02698689301588048,-0.03311603429398354,0.029666898628186656,-0.20112068764584368,0.1402619180595006,-0.0037190009312024837,0.053669883462345594,-0.029904822178981362,0.035591211262562594,0.021851981002152226,-0.01360317925693526,0.004457309588795405,0.008409023148213188,-0.003666437280740616,0.009881497760164533,0.09825934579377876,-0.0256697272396155,0.015315824669141784,0,0.8884836394104098
1088,0.1308686469875517,0.04596654586164255,-0.02115033560742058,0.03714965272047811,-0.19271130778598258,0.13108755754693224,0.012203077375599577,0.041017242062413875,-0.043464567814408016,0.03934474454631346,-0.0015110523200666257,-0.018932254486981576,0.028774817374590384,0.010504794186675038,0.009433707699979574,0.002473595410526989,0.08846807807066512,-0.03132762404016877,-0.020987168830697657,1,0.9073767707290944
1155,0.1348422452049131,0.040969922596833824,-0.03432377161358328,0.03276143170515124,-0.2113866831479525,0.13588227630418065,0.008504472748313908,0.038689050197078224,-0.03231630195767034,0.022653620367247503,0.005578020055819773,-0.015088997743858036,0.0101837334578606,0.00850992552427576,0.00024469799578394916,0.0022094433187363253,0.09756793494377362,-0.0287888372150909,-0.009315444067347951,0,0.8698168101654715
1262,0.1545935408207007,0.04507656123198067,-0.03341255100991863,0.03499426432382776,-0.21152367896070914,0.13585811035723702,0.0029508485709456283,0.06380323458244898,-0.028991844451301214,0.042302920649894375,0.017183349508515487,-0.005417041388336105,0.030391694269243364,0.002459362445259669,-0.0030979564638207225,-0.0038798183806665145,0.09603379967168617,-0.02479162102954566,0.007190400412782486,1,0.9439525985288203
1277,0.13572310555743722,0.018584602588526428,-0.0341926034784318,0.04894626186546013,-0.21299217396665357,0.13903741697594157,0.0071128944817142135,0.059860262907542885,-0.04612526471865458,0.02352789919397035,-0.005347633110959347,-0.0013913404856384071,0.02735149218014107,0.01051871251197565,-0.0034587069583513225,0.015880442192399,0.08256187203962005,-0.030705858126316262,0.00439693550652848,1,0.9077154788462624
1278,0.1409417431521958,0.04137054484829198,-0.021327500686498548,0.03904159148812738,-0.19801905530258912,0.15094047899819257,0.01558386345474,0.05334410586517413,-0.04188298509187837,0.03574903690284384,0.009177614831027348,-0.0016274652121942186,0.022485574952456875,0.003186208031587494,-0.006763605336264654,-0.007598862200406049,0.0853285052465025,-0.01888577442497182,-0.013184015781073232,1,0.906438531807016
1285,0.14439981376919103,0.035143893047833975,-0.026443857536718032,0.03593086650604751,-0.19540424014557167,0.13472454066675138,0.011571435570001391,0.05407334625720027,-0.03250249535678843,0.03364975495737517,0.012888870801068718,-0.029005087003837228,0.027354686463319053,-0.0071888298135764465,-0.003242706666613062,0.014715797658119157,0.10545366552491547,-0.020030688895531563,-0.007928083062045167,0,0.9316526597025048
1559,0.11975728987806383,0.022959579059719706,-0.038117584503538596,0.059280131495581055,-0.21581871088117607,0.12830937029565703,-0.004872127998010226,0.056741067569350385,-0.04013374625827918,0.03380871900844146,0.020898473245073608,-0.009899208774189368,0.022870008080106582,0.009343660965827687,-0.00169759162864135,-0.0016827025998874554,0.10011403098012386,-0.01784361981602621,-0.0058340347083895945,0,0.9099816577460833
1597,0.15425418799103982,0.029034123456185803,-0.03242665208383439,0.03529789789774388,-0.20580924573562448,0.1435356105681314,0.010411365153230616,0.05700726125501672,-0.06125110260768682,0.0414158359351181,0.011792361219377625,-0.0075646191851371815,0.03629429332662981,0.02695750761348767,-0.00411362961326127,-0.0030294103950830047,0.08215519284901385,-0.033973014788095564,0.0036644356939852583,0,0.9799877473676832
1638,0.12392948181595952,0.04310050229950254,-0.031142449063591735,0.03296835134229909,-0.18229184353917646,0.1349291340878618,0.0029001938657859283,0.04165290864975903,-0.030810245834383795,0.016845640318084318,0.019857607461409032,-0.0045483621164252655,0.014852186645136031,-0.0012848619307675327,-0.004452722115939533,0.0023729230024363886,0.0818454808159702,-0.024654052454643156,0.0006646558538324369,0,0.7951036032129638
1667,0.13211736492380674,0.04740776849287744,-0.024447546115750746,0.047211167470731785,-0.19922868193297882,0.14021656582210026,0.006393666159470267,0.044112516758194116,-0.047349746234379445,0.035211001753237534,0.03569114302250832,-0.009123988683452483,0.014448980722665664,0.010899962600813027,0.0060994783361076905,0.007746401025110368,0.08428814594988374,-0.020869040594395136,-0.0034713079638477914,0,0.9163344745623114
1687,0.12444593363891693,0.030787144655118438,-0.039515189373746415,0.03889124902509508,-0.20554196783357934,0.12317290312729713,0.004408094406914671,0.03311944035168899,-0.05209341356678448,0.02696206777221736,0.015599668714161349,-0.01803519250383734,0.01509702445269769,0.011303975612175164,-0.01192049601580387,-0.005993263895377304,0.10256071816222381,-0.03453651903679741,-0.0007044748883441505,1,0.894688737032777
1744,0.1405089562127301,0.037432078989852416,-0.03573538876724729,0.04351198359678757,-0.19992383119639798,0.13435911731931544,0.01311618027799351,0.04054780383920858,-0.04586458627160755,0.03193076947003346,0.016201580921510597,-0.011868692045916066,0.013757144471253223,0.00018746167777125415,-0.007931406214813867,-0.00470781326512381,0.09610007275634544,-0.02644624832201606,-0.0034752787868020866,0,0.9036063944027263
1807,0.13751734444223707,0.044250497548977634,-0.0427317531994202,0.04313898999219014,-0.2030599048613786,0.12378715818296636,-0.004086347014085409,0.05075783625859323,-0.03800393105831777,0.025951050050970054,0.009417223022016105,-0.016035759123859152,0.008912059979701748,0.019478165106695183,-0.010160695667230544,0.004790101864371366,0.09850049162382357,-0.024961948758559536,-0.003747326388796093,1,0.9092885841441898
1854,0.14486218297582532,0.04734736113184232,-0.03633758508021792,0.050121867453061665,-0.20113719914267145,0.12340413441843791,0.008878700731234068,0.0493120753500199,-0.03672635307174222,0.043258048529557315,0.0001803137199100787,-0.02581033141663959,0.010341651784690582,0.006547693798702106,-0.00809457105295712,-0.0009836693161409827,0.10987796764271301,-0.03085422566430106,-0.006933226517993921,0,0.9410091587986585
1958,0.13902732329548606,0.03643998765367332,-0.02751530234003095,0.033760520083502006,-0.2078885995803925,0.1470779711923973,0.008579198223157343,0.03895365876174631,-0.041406633665069165,0.024744905419451707,0.022996931889971137,0.001192173401891482,0.0326513565222002,-0.0005648700034832143,-0.01822244514132375,0.003842089625738836,0.08629441171706533,-0.02014032842068696,-0.004024613899482396,0,0.8953233208367499
1999,0.13387079893877585,0.04130210443317259,-0.02926144731326486,0.039196461854347976,-0.1943234516182866,0.14618962992410908,0.005076324168199967,0.03839310287776201,-0.04222757535895689,0.030536989772355003,-0.0021586895709668264,-0.010955771023471696,0.009450000335527233,-0.0012852756619244415,-0.010211829378739252,-0.0042038188356625684,0.08786887691191016,-0.01843123615305026,-0.0014123199023750891,0,0.8463557040328583
2023,0.1415095198250013,0.03458265423112224,-0.0388105265051785,0.03229121287004952,-0.1910880643919124,0.1368633203406329,-0.0032261569518100626,0.059675571417094224,-0.06323828959155155,0.0495810608385244,0.012994434483574156,-0.019840914658332213,0.022110396264555923,0.013296687448046251,0.0038488441791886046,0.006781201233555991,0.08681876748655297,-0.03473955182463547,-0.012873161936751016,1,0.9641703364780697
2036,0.14298251581533464,0.025438149581772068,-0.042743962349154306,0.038150718621339556,-0.20001836959056102,0.13967370076894825,0.010791173725013847,0.03393609918847727,-0.04798491436075678,0.02973492160322806,0.005346785825541954,-0.007031401552745102,0.02566045749464503,0.0019431607173784802,0.008549501542416908,0.014024221559950633,0.10448822003171285,-0.02527145107881499,-0.007842224825793422,0,0.9116119502335852
2063,0.12964328438105305,0.04449785403823733,-0.02445558292648463,0.04352549761196762,-0.19997247511245686,0.11974900559054043,0.006006163387738572,0.039331043868722874,-0.03158172349423327,0.034344932560668014,0.019266524424345875,-0.000509031190658156,0.016462331282109745,0.015720010107235654,0.0027585573678003566,-0.0023358259810629784,0.08333688152211595,-0.015137388741282471,0.0035817539811572583,0,0.8322158675698711
2127,0.13291643316612875,0.03813895141280611,-0.039786759949737384,0.02794273892482232,-0.19565341989839802,0.1259291083784968,0.005238210961722143,0.040364936926143936,-0.05643212221121759,0.034739626408187035,0.015108203730967423,-0.019370495974378753,0.01802364228519173,0.016294037789189066,-0.0020387915410682053,0.013189535934592427,0.0868491788922911,-0.02117672060064142,-0.003625728233539456,1,0.8928186432195196
2159,0.14536766598260578,0.031224002916285135,-0.01848506540100304,0.046781957736521725,-0.1908107518448183,0.1369252288920768,-0.005336036918573516,0.036118312029878495,-0.0540393319949975,0.037053202452700634,0.012390640448865326,-0.018538664365531993,0.01601271665516136,0.012603198835584464,-0.02045225872036145,0.00739043959499416,0.08571677240431859,-0.026105880685630533,-0.002396117321810396,1,0.9037482452017193
2172,0.14343613740623312,0.04008598816115756,-0.03363020418580543,0.05139191486802911,-0.19560644203946728,0.12417131820166766,-0.000730659423543702,0.04837506490705725,-0.03472112048985791,0.0382325031143487,-0.012443396452682881,-0.0199905275320921,0.015096190708575635,-0.007434467883091217,0.006964898786307004,0.010729074265592763,0.08305367910909785,-0.03689908598075095,-0.00014483464668436894,0,0.9031375081620425
2226,0.14492856019341616,0.036049902645892605,-0.02858163902229926,0.04514778942469058,-0.2124506258794601,0.12939189764460604,-0.0019496566963482537,0.054744433538265434,-0.05870344514694049,0.024977407896346133,0.023756025575017395,-0.018581833516039536,0.018020678950248614,0.015326757364277277,-0.00848231054909458,-0.00201492923503684,0.09590486526667956,-0.016003359761005156,-0.0005939310509784854,0,0.9356100493566425
2230,0.14507515973303697,0.0335300678939692,-0.03254208752682938,0.04380228948084949,-0.20895415552015661,0.14857461465920874,0.010782899043089534,0.048835932926431444,-0.04582450578430508,0.03923234998947437,0.004145953788302974,-0.011793528209936123,0.0106062248791254,-0.00212718784751853,0.003918656458764699,0.01582581694148743,0.08920153385529582,-0.03208814891767908,-0.00973288263073804,0,0.936593996086199
2367,0.13992863848355622,0.03329881319354705,-0.021847419641543964,0.04145007904398392,-0.19756064658421119,0.1413969760710197,0.0069091028347078075,0.04526234145350166,-0.0423786297516586,0.03717957357084059,0.004386927232772991,-0.012532562984770396,0.013198552173980162,0.01564034853302984,-0.003665437296620387,-0.008510776956459985,0.08870327414866942,-0.02063830214164442,-0.0041171622834530065,0,0.8786055643799713
2416,0.14234517656842774,0.041134399422046025,-0.04468029665242609,0.034869585090092615,-0.20010759236567985,0.13361010101116935,0.004682390723044369,0.04613086069699634,-0.048697657434726156,0.03093356138183578,0.01836756328430462,-0.013410116837710546,0.017589493993339766,0.0037143747526363394,0.0020330773649661934,0.004296613022228515,0.06778400998765048,-0.021915589542558924,0.0072499660071090495,0,0.8835524261389488
2515,0.13314161797541438,0.03998325434960898,-0.021478363007153674,0.0350006391669778,-0.19808983534114077,0.133581403419255,0.005296122860655024,0.05367280531079663,-0.047486004121353224,0.03417861671521173,0.002105420819327226,-0.002783163851242739,0.017147647722153735,0.01564085053560872,-0.0025186765209586673,0.012677649918821138,0.08801592718656479,-0.026901728340567806,0.010471658267826449,0,0.8801713854306384
2608,0.12872319024252635,0.041891582055503106,-0.053382215094978966,0.02986621383875666,-0.20886776782924205,0.13136812048917834,0.0027058728818633916,0.03666870411952309,-0.048527826279332685,0.030024778725248037,-0.0022307231568905296,0.001128491720698454,0.016556358870206202,0.006703911723425993,-0.008151010502422734,0.0035544411044309485,0.09250351164019198,-0.03313289862420721,-0.003647762373902455,0,0.8796353812725292
2618,0.12849997122598802,0.025691062540833837,-0.029663897618182708,0.04488912210460182,-0.19687613145004934,0.14346328560868538,0.01319226636567507,0.04392575136739458,-0.04395173759798655,0.019019613868681416,0.00926528122013998,-0.02610494911279461,0.005629832355320787,0.013103218127284997,-0.0006399054114662292,0.009393048027311989,0.09880885747582696,-0.010521158881233868,-0.0019335324557572123,0,0.8645726228152153
2667,0.14058230068062638,0.030366277045316775,-0.016518440770952696,0.0398905013819531,-0.20098722106858713,0.12524530844463952,-0.0014153390739375538,0.04746484154943461,-0.04608742296216875,0.027154275991549456,0.004371343769200381,-0.012484200892663916,0.023462369604654892,0.0021373602815039634,-0.006086706445498237,0.0031607930974047295,0.08181440052894962,-0.02736743236401752,0.00598571633964377,0,0.842582252292703
2674,0.14152621119223144,0.041292989840386894,-0.029495491833815484,0.038717134298119536,-0.19649589582760593,0.13408769202904616,0.004050362497972292,0.04098978917427067,-0.04252512960746533,0.02688640953950051,0.011532399252078315,-0.011488725842790903,0.01879818450950615,0.011966388611598051,-0.0008489163704301175,0.005853362615547164,0.09789677338003519,-0.03393062917508932,0.002329948213317158,0,0.8907124338108067
2701,0.13370452616102682,0.040674566669762977,-0.041797666153228455,0.04677960460357235,-0.19808398215449813,0.13897498768879962,0.009070517805262142,0.05984302618675472,-0.046782286180427485,0.0334450745146658,0.003830399722800321,-0.010792299740916006,0.01136206990401291,-0.0028112803591775043,-0.006378342884668772,0.0092529027447659,0.08679115712736134,-0.03317994321465597,-0.008178386440778843,0,0.9217330202571361
2733,0.12500066329344806,0.03489572191553199,-0.024800087057880595,0.030767057888564455,-0.20116617709825327,0.1262364227885309,0.011188231346788645,0.03183293695650555,-0.03875913169391932,0.03654960957419614,9.57998593395812e-05,-0.021379275474825467,0.018414985853238378,0.01346531288128332,-0.006646654900800866,-0.004561155769183515,0.09796863946826671,-0.02180140350727947,-0.0100907756553523,0,0.8556200429831885
2799,0.13839190688682185,0.031730057836905703,-0.03594394163109938,0.04522789977225349,-0.21028427650610945,0.13924116169914313,0.008021685090140748,0.04853988971233952,-0.03702975910563713,0.03062316978197804,0.015699394312379846,-0.0024462748615730026,0.007822387719248309,0.012361995549499299,-0.004876006396881928,0.0057167112756639545,0.08033436716344544,-0.0191114710939364,-0.01657926686862701,1,0.8899816232636837
2906,0.1374285587917906,0.031361545395528316,-0.02653231233716334,0.04779126217383774,-0.19784609825729976,0.12954797860237602,0.006430524912441645,0.053347488208838494,-0.046676845613735085,0.04692402253917904,0.005267574937915885,-0.023101322112041724,0.018581046228290397,0.004947731581557502,-0.00946687888741732,-0.008643525131989621,0.08215083464785877,-0.01997011872432052,-0.01653815111611541,1,0.9125538201996972
2934,0.1405614187586853,0.04293499689747946,-0.02135625653124497,0.04364090263849625,-0.19946236589119662,0.14024675762055824,0.007404639648373541,0.06022187177971978,-0.043448986118169816,0.042205866473248185,0.019351220486087357,-0.010824134339923018,0.014142065652191579,0.002833850000815618,0.0006385131713528028,0.010118169059614946,0.09437824752317304,-0.025389117960902926,0.0017974290839876852,1,0.9209568096352212
3023,0.13878507620665145,0.028305244311599656,-0.038125218830922104,0.042704488572373446,-0.19602081019752704,0.13676846672033433,0.0167775588846489,0.04827492373158686,-0.045463815610952515,0.033326233489874096,0.009876985620135522,-0.005376369809401535,0.0157253076825594,0.006640879554299435,0.002393562293222401,0.008429238951769604,0.09283545249429308,-0.029894598346044028,0.006596956506800127,0,0.9023211878149955
3036,0.14278727125029295,0.02728448350862782,-0.03163330314779215,0.04909340490259683,-0.2114110049739329,0.11617569396017396,0.015019227499341689,0.0433732506316393,-0.03935178152942661,0.012306217789512798,0.02529415469778829,-0.028932458565841663,0.010454249746121951,0.007172042726317243,-0.016780510364469356,-0.0068488139214546145,0.07565009262576047,-0.02604783524751141,-0.010674780607805752,0,0.8962905776964077
3076,0.12617302354635201,0.020604184993890697,-0.026902073154515205,0.03553533644619832,-0.20850154149063202,0.14536026611329894,-0.0049178631685104866,0.04447747501259033,-0.042611821723072284,0.03505727695365147,0.016366847712262735,-0.010240464159218856,0.01055813003042059,-0.008430312467085428,0.006443702013901218,0.0006949832419542979,0.0964066032732698,-0.013498489662948122,-0.012690504484503736,0,0.8654708996482765
3185,0.13386718515027923,0.02528187040500654,-0.031361236944785105,0.032658085119748624,-0.20786814066791903,0.13640127259423238,-0.000749075626209564,0.06013617185009617,-0.05471664957747258,0.04334633853576534,0.002322345330360758,-0.005266580471493504,0.015730241690516934,0.0187216364062322,-0.015273735110043606,0.015541515983659998,0.1019575585956113,-0.027390987902935673,0.0018714867501289124,0,0.9304621147124974
3310,0.13795327772392652,0.029177839719350476,-0.03467425063169578,0.05246574933746701,-0.18912282238914568,0.1341931808459459,-0.004452079664473016,0.05637421948461565,-0.05192040877981649,0.02947823146919981,0.00231549205098232,-0.018886794391182044,0.021301923660570574,0.0032715518461732024,0.0026679081343173824,-0.0020729344352346866,0.09169460827353133,-0.021100175608708346,-0.0002832587862043159,0,0.8834067072325406
3314,0.1509408816799491,0.03820302823093237,-0.030209960509290833,0.04419582108262078,-0.1965176791564092,0.14921289454737086,0.011687159870780332,0.053885834183720144,-0.046667437598270176,0.03997853079647321,0.011241793435940494,-0.006753171835182853,0.015615750413909326,0.001706347674299084,-0.003522343010562997,0.012840317663010704,0.09155569816562845,-0.017120084789446894,-0.020219353115833914,0,0.9420740877596318
3358,0.1404614531695355,0.03887314898664836,-0.0202741242792604,0.028297437290426636,-0.19459789697892696,0.12973319165090766,-0.0005622120089804895,0.05878029944024894,-0.035240529315205105,0.03175249217608898,0.009618058889162106,-0.010846377331320928,0.00973292700833348,0.005044812153265282,0.006188261675264493,0.004323839644495114,0.082158134013551,-0.014160901181418693,-0.00515551113780097,0,0.8258016083308412
3362,0.1425231115797611,0.030734859626133475,-0.03021483229740232,0.038134560133124794,-0.1963377326874305,0.13593694497981842,0.0022032960385875025,0.03971365292689604,-0.04864694204931966,0.04766359727427107,0.011005885996151345,-0.010146370590761148,0.012887845267220654,-0.015087445105269342,0.009423869819573712,0.015732580652900136,0.08946061710363216,-0.017081510553527274,0.008955544388451465,0,0.9018911990702321
3391,0.14600219761119648,0.02418043818687032,-0.04042935899854017,0.04377607543101696,-0.20564654720920492,0.12290439210337234,0.013871509216237402,0.042999198400089346,-0.03629029682062157,0.03883586881238898,0.009985415737872443,-0.030531475324208635,0.014430811039783695,-0.013300219733466298,-0.01036119223243944,-0.010215926153534333,0.06685490871438408,-0.024663020936093474,-0.00648611846537547,0,0.9017649711266964
3432,0.1385440088002411,0.010642574540216748,-0.030195286227212896,0.04328965333847312,-0.19822720151229853,0.1492785149749753,0.01484509426292401,0.039202646859690514,-0.03286667712048101,0.0374890466964916,0.017849724677081426,-0.0026837675528824413,0.021308816571666722,0.0008740869746078717,-0.004648119058313313,7.07606888528381e-05,0.07965961540946097,-0.01311970395769086,0.0006317240620886256,0,0.8354270232856499
3503,0.13558927617443065,0.041099668929834125,-0.04151042673664079,0.044852042290921906,-0.19869355478220127,0.1202709672507643,0.004234118162905215,0.04884607871153811,-0.0455262709855068,0.025543342643360886,0.02299955149409306,-0.012885685112668509,0.0169674378479684,0.013527362988368399,-0.0018623271790932751,0.008000496084300875,0.10094720607829896,-0.02230570162692334,-0.018522097508887853,1,0.9241836125887067
3575,0.1219860919063215,0.03310698449990957,-0.022187374668450312,0.044863917368553656,-0.19036750433984645,0.1292486560137787,0.01689010833092383,0.041534976699735104,-0.05177372237065361,0.019413961297386574,0.014538683556255642,-0.009049070445026121,0.008433998158104066,0.020502245017880373,-0.001614983813390493,0.0035420869289784517,0.08232497228742196,-0.03997736905298012,0.001124711902262956,0,0.8524814186578594
3646,0.14468406360484762,0.032786812786903534,-0.042647723872911505,0.033735495247012415,-0.20860433379961726,0.14787588442774613,0.0010720896034731903,0.0617526308341206,-0.02637572651593929,0.01987214493627862,0.0276200162786002,-0.009561291534004137,0.015945344346328272,0.005983756006888558,-0.0029842950741092726,0.011184994124624465,0.0709526916047251,-0.03000343572541632,0.002345710072149388,0,0.8959884403956959
3724,0.1373004562926044,0.05053008495040607,-0.03120155721466984,0.02956787564220767,-0.20583039566613875,0.14644327503695018,0.013977543125182394,0.05705108281407655,-0.04803868277628611,0.040453446208494115,0.010692239143607854,-0.013419447253495162,0.021207223381659313,0.0062873155191213795,-0.005705226656733713,0.0034724559282791213,0.09265130363926065,-0.027448474832202467,-0.005826025919517086,0,0.9471041120008928
3794,0.14808192652839797,0.049085480826396154,-0.036780192334787645,0.05287417245086523,-0.2049087258985527,0.13495989632535363,0.015871071802258108,0.05853598311877406,-0.0483454374230281,0.036439870873018594,0.017639671032805528,-0.014944220350835497,0.007777236641183471,0.00651941472497269,-0.012630417001637364,0.008422220022602176,0.08260832884221865,-0.020928459455258452,-0.015033086710532523,0,0.9723858123634785
4031,0.131870808067595,0.022722585310083147,-0.036630281084140494,0.041635280719189795,-0.1944506381094485,0.14419944960981426,0.0042868797331583,0.052116347364046724,-0.06069236344504813,0.04932824997160295,0.018817859357869254,-0.0029234092664002327,0.017329408929081636,0.005452547565393287,-0.013588605557907956,0.002181083268259781,0.08163485008844446,-0.03138388950550821,0.005302659515503229,1,0.9165471964684954
4070,0.15161254948958017,0.036673680830307365,-0.027852705296968313,0.05777958148649518,-0.20593877364345772,0.13805982580082032,0.010443118735466205,0.04059676594537346,-0.05370879819027827,0.027683961922174878,0.004398543040314554,-0.02126015359016495,0.024391588127468306,-0.003184447604843191,0.005492745193017908,0.0035180658448686042,0.08159659303036197,-0.023583742771074622,-0.008053324438680636,0,0.9258289649817166
4073,0.13343040244637644,0.041488932313231586,-0.023837010963856785,0.043723377420652514,-0.18871889266445446,0.1336235735547963,0.01194880112751154,0.06088845259800062,-0.026537888235744565,0.039767661550085855,0.008511061988541277,0.001246193910329548,0.0015292605937651674,0.007599521745458638,-0.00849419141514301,0.003521511182553411,0.0901332727820371,-0.03813009574379056,-0.012321365879669106,0,0.8754514681159985
4109,0.1362334853976055,0.042709822447163155,-0.032996198569884116,0.04417009932035837,-0.20560410260454667,0.13880950319894572,-0.005168545789355657,0.04781088980083743,-0.051058624532721246,0.01779309735423591,-0.0008569204438778953,-0.008391042951820304,0.015299342022005379,0.010230757554453162,-0.00012608843567536368,-0.01394942814699446,0.09365863063980406,-0.029039020624265895,0.004060851695591589,0,0.8979664515301419
4160,0.13286143381013957,0.038537198972490944,-0.03533867442397022,0.05455412503492381,-0.20021021095818306,0.13737979186942445,-0.002022444774738621,0.057489435975158425,-0.0479083672328607,0.02397028231408663,0.0005716332404327105,-0.01341224002171238,0.01052225298190985,0.017394677863138926,-0.004088034066810338,0.010824779009322456,0.11171315473649544,-0.03653626529796539,0.002237130543825001,1,0.9375721331275889
4189,0.13674638194650485,0.036832426584258234,-0.03656990108106795,0.04798210659772542,-0.20843072745516028,0.13531961121867053,0.010709671201718802,0.04340212421566344,-0.031113618943232058,0.04522814212043328,0.0017346347475332877,-0.01537079375372498,0.004557848711619491,0.015337540359131742,0.004216509468743354,-0.015714763348185723,0.08570320766422039,-0.017437388060767424,-0.00405874415147174,0,0.896466141629833
4194,0.14526366996827547,0.04478493512380612,-0.04664303885104662,0.04933471142910228,-0.20687746989267122,0.13930526144227454,-0.002478378254804105,0.040466236636102944,-0.04820024633252109,0.03047718679259006,0.007116066381847001,-0.009162446134413037,0.011709738922606615,-0.003214027941051701,-0.012478213961235565,-0.006171320675122612,0.10390824536922967,-0.012959028521485902,-0.010283223390869553,0,0.9308334460210561
4273,0.1418965567151441,0.02120794380417106,-0.022393849610461404,0.04008075713755776,-0.19659224245601056,0.12440265559245114,0.0008338769461553754,0.04273486692720628,-0.03390776267698539,0.016788869537171902,0.00040697304212412215,-0.03394849436907936,0.01602398693757778,-0.00024521028551049854,0.009943392103202825,-0.00758619890323535,0.09171219782103303,-0.02756621571970501,-0.007701420812812068,0,0.835973471397595
4308,0.14495713811331087,0.03649002512192194,-0.04438364217395454,0.046854065350834785,-0.1972635820239659,0.1295784651942612,0.011836668550433624,0.03897172421987629,-0.047074332681487974,0.019667022978019956,0.006412392850341158,-0.02489277990741651,0.0168512062436154,0.006068585894763178,0.002247866247844642,0.004342524514702238,0.09017108623826739,-0.017769481955286093,-0.015967676867511698,0,0.9018002671278154
4342,0.14046268592303063,0.031223164726724553,-0.028247613911511746,0.06920118068732276,-0.20148169115026446,0.13244926129267848,0.0017719791242711228,0.03264654394029701,-0.058692444129168506,0.03071150632098481,0.0010747315252507587,-0.013832845728466318,0.012129509796530867,0.007017711663034558,0.005455584054123682,0.009034417240057624,0.09482096300517509,-0.027713224473799068,-0.006469690852290929,1,0.904436749544983
4413,0.14723228825981807,0.021529337192202052,-0.04607769650265639,0.04155414231578433,-0.20659290801414928,0.13367904008849074,0.008956818190385164,0.05462787732737988,-0.05061234184506364,0.028028273352885637,0.012070585159244512,-0.011330436162792596,0.018019159065997707,-0.0089004979029844,0.015183255533691495,0.0073735709056522184,0.08367626090209715,-0.03623223119096094,-0.016455004614367524,0,0.9481317245266038
4514,0.12459732682140688,0.029153012230883773,-0.029084816219209136,0.0377414557200019,-0.22043460401442064,0.14835926663029522,0.0049134624883235955,0.043913726052722424,-0.04337155922482544,0.030882959338903837,0.0033408091052859875,-0.018353381128553694,0.01950439340506128,-0.013775458493267168,0.009287972598191061,-0.003789693695625005,0.087254874970136,-0.017037215208576956,0.00045698962430160985,1,0.8852529769699916
4596,0.1466321064580261,0.03658473778704551,-0.037577670544663364,0.057257000352018375,-0.21222255461891448,0.13595050702965236,0.0027373439500341925,0.03473167289768152,-0.05896357018908741,0.03135362502532825,0.007495565368759873,-0.011287356978854185,0.03410232938460235,0.004032312014625222,-0.010616029869063343,0.004781616258587128,0.08956079802723722,-0.027500500469596952,-0.013870562238326192,0,0.9572578594621041
4657,0.13861747246182596,0.03561872703211066,-0.03787872425027482,0.03620697095932102,-0.20503099486252366,0.1337737998843435,0.0020359673621482754,0.03936223223411856,-0.06500257282086877,0.04265231570301329,0.010370783699954604,-0.010137048342362545,0.004622772006306449,0.0006862702318489254,0.004886082989779577,-0.012565063640585404,0.08302342509989932,-0.03466468915026952,0.006924650804862703,0,0.9040605635364176
4699,0.10923563902676545,0.04936703051675706,-0.040082211511813404,0.05568159557484191,-0.20108984026684157,0.13408182964284823,-0.0038811791989668307,0.056654029391387035,-0.03491436983362064,0.04376636505907045,0.0015679328485522954,0.00012138753163397142,0.013277196633125286,-0.006645467336759718,-0.005733115502057878,0.01272896736641168,0.09396963678055503,-0.024733246439192405,-0.02224618739435837,1,0.9097772278555593
4714,0.12756001779956982,0.04197671119547464,-0.043937891109210064,0.029337683862155288,-0.20412331349373922,0.12605819140352734,0.016144917706457092,0.056492163383084104,-0.04451459169723485,0.037703243700771494,0.003593359929991667,-0.015560687202243049,0.01953573664160401,0.008561816916914981,-0.004115747821720058,0.013709794485766884,0.08346428369294513,-0.026584953689951944,0.0024495578830253497,0,0.905424663615387
4751,0.1369948623563277,0.032579491792489715,-0.024004196783292447,0.04235657597768728,-0.20090215974029624,0.12927747520951316,0.01655748423939393,0.03782578966999701,-0.04013715144979697,0.029680933731587568,0.012109881609774848,-5.873274354831401e-05,0.013645503875580648,0.01497077470657769,0.0022524261942507362,0.007909797393314752,0.09316501096875392,-0.03337241240618878,-0.010829459819166455,0,0.8786301206675382
4922,0.14150391155307077,0.036541654429591806,-0.027262203090932236,0.03896993419200843,-0.1988089484777769,0.15166694782879644,0.0014307929048513598,0.04423519902719852,-0.04919716019040761,0.025944112066459583,0.01875998826369766,-0.0024965122536510986,0.025797773065186012,0.0003616838642299963,-0.013673318435439862,0.012893399304706843,0.08666742674219051,-0.01885089327475962,-0.0025957590852026314,0,0.8976576180501579
5168,0.15124877172803752,0.03242624692056444,-0.03431034185899395,0.04198599494310788,-0.19403621100098004,0.13530581422723076,-0.0004936904968975677,0.03731669303824855,-0.046627670232944236,0.03729043399025911,0.00538258940220086,-0.008138367180636276,0.02728430739024508,0.00918546597989541,-0.01778030875917405,0.00444304105484803,0.08956247131863092,-0.01754307782251736,-0.01607559786610825,0,0.9064370952115203
5217,0.142271494868199,0.04165302605995421,-0.030544811376868326,0.034804501943788965,-0.19964324420582466,0.12802259560488713,0.0040067523034442165,0.05422441216819199,-0.05116402209908061,0.041611382515559826,0.01024493199073002,0.00011560625628520088,0.025452370722085567,0.008497559709181177,-0.008238991421814102,0.0016695153300636868,0.09947659515813673,-0.02212342661273926,-0.003505054626068022,0,0.9072702949729027
5281,0.12077859851258022,0.033796831634467076,-0.030482134369089982,0.06705824937897943,-0.1866706545487775,0.13449170041368608,-1.434760651713483e-05,0.04967947604161448,-0.0353533997342042,0.028020115830749464,0.009042029577989948,-0.023211924026544296,0.02656776856785313,-0.003526039806160925,0.005973519253432685,-0.0023465171063662736,0.10388329814700326,-0.0301298536417268,-0.0003760368779242656,0,0.8914024950756672
5361,0.13055136508582674,0.02113315019531368,-0.031989630525964624,0.02842539380632826,-0.19853750402121906,0.13902643396528902,0.006644604468751216,0.04475507795554335,-0.03487700070242127,0.03467048236628318,0.014247521633318203,-0.02286050735331005,0.025056897075455407,0.007918410462755354,0.011769586860851005,0.00041341511444789955,0.06456180984899146,-0.017450043667526866,0.007660520918067827,1,0.8425493560276645
5378,0.1317711640386643,0.045941127098236716,-0.023774432095662514,0.040726248540168423,-0.21149581785871516,0.13723998036650145,-0.0003423414268850664,0.05622614209603094,-0.03671458388592748,0.02619468510375948,0.017794305290553054,-0.009878572060772585,0.018167795790807486,0.007691235910290365,-0.006652393622413025,-0.0011954644777606648,0.083662850663474,-0.019889885272242468,0.004099059896325593,0,0.8794580854951908
5381,0.12290964034149367,0.03393350686719042,-0.024371483501085197,0.04090759161909007,-0.2108455876560823,0.13869428148761412,-0.003548501138770709,0.05644317751467908,-0.05218526481350909,0.05145861323248759,0.011313155298790546,-0.029147984292966642,0.01968389171242782,-0.003422126810806907,-0.005840027794676418,0.019347705772300973,0.09721241155948791,-0.030807736803867867,-0.009847725484046535,0,0.9619204137013738
5515,0.1424125532864194,0.04541180363813269,-0.038826943775236746,0.03889323346228771,-0.20163831025145962,0.1288388678348752,0.0014761823088489754,0.049493937431734775,-0.028522640090534648,0.02764447045489417,0.006459453902275249,-0.025257304364624967,0.010167977003458843,0.005448521054769398,0.00014993177892205748,-0.016360707723295807,0.0819552442718784,-0.02227362268793623,0.00830787286388697,0,0.8795395781854719
5535,0.1440042060597478,0.03480898491235286,-0.037038173161785266,0.051209207609886516,-0.19766746994907503,0.13142921218676995,0.006535693967395127,0.03547441613226276,-0.04270311387149415,0.030495744262547957,0.0068977460035594155,0.007685341020015856,0.018205430531674754,-0.002944083759697725,-2.5805998839851498e-05,0.0010789584792358332,0.09215259049748313,-0.04017286881405877,-0.018138463058356882,0,0.8986675102762396
5638,0.14673252911457962,0.026940841905346322,-0.017431995735083486,0.035549023764196344,-0.21334713414679077,0.11445110730338695,0.016347380974696332,0.046419600597999794,-0.038860730235554086,0.03837873665366883,0.012391048978825195,-0.012256453985882397,0.01788564164684451,0.016459658170541194,-0.0020965135517396556,0.0033488218174691727,0.07228782102219197,-0.015125548518962523,0.0019581229780606803,0,0.8482687111018198
5655,0.12441983472816558,0.040134434336937905,-0.03592674619910012,0.036179211417658494,-0.18859998353682983,0.1325750365414367,0.009433850321832225,0.05605050836994661,-0.03492668757909511,0.039919963950492104,0.02321988752707122,0.0037420786353778283,0.015489489801039301,-0.011346339641941382,-0.005038940184670244,0.018050557355862678,0.0898342009469714,-0.019369036952348855,0.0031251619836844685,0,0.887381950010462
5729,0.13549086951325826,0.04977026274528272,-0.02483340366588746,0.03043367908516335,-0.2020679766955992,0.14135212760064414,0.004061994305512966,0.04141554991573876,-0.044260396961439435,0.037298420854949804,0.012097933273036444,-0.004066583286453788,0.01039939762504378,-0.0022176559642298004,-0.0036122130941826057,0.005101937801268635,0.07189602393403667,-0.025694666081534773,0.0030837254138036565,0,0.8491548178170663
5738,0.12318450412288443,0.04262560041741963,-0.024772852800251394,0.0543386039588577,-0.19528618862080052,0.1260741780298161,0.005236227859644407,0.04559157219595404,-0.04748011162085741,0.0387169511105809,0.01655244060784445,-0.013985862786254757,0.024883355995837315,0.01894146520047721,-0.017178095376621884,-0.0050156565973871565,0.09233481978671955,-0.030594513568498925,-0.003731347687051658,0,0.9265243483437594
5744,0.13413066280518646,0.04131759257513657,-0.03113975770706937,0.02951209384722403,-0.2086050648500916,0.13139627382120855,0.0033046401732918012,0.06388048993346708,-0.06587494023266445,0.026227730751927594,0.000444783667181902,-0.013250836400666276,-0.013825998908856163,0.006177468323586679,0.007386603863353411,0.004164407718110083,0.08316993695023833,-0.019936755632203443,-0.013260247335452172,0,0.897006285496916
5772,0.12964787651120155,0.045396497967752365,-0.024562773169593273,0.03339879853751504,-0.21298487978085726,0.1421242550810761,0.008751170409183995,0.05155387758169735,-0.057543098817503524,0.03566963715405011,0.010533412782771822,0.001453507960036739,0.016860046739879737,0.014588137708939774,0.00295298493502008,0.010399003377636077,0.0842619671386374,-0.025167833422443733,0.002623232889808552,0,0.9104729919656045
5775,0.13577255899087776,0.048379636858257996,-0.032021231740966424,0.045476904001546865,-0.20405773609824696,0.12668591272627736,-0.007943093378058892,0.053795354010060636,-0.03571025638476098,0.040595780880352296,0.011451558380035249,-0.012413638056674559,0.024252194604819505,0.0026454167704834677,-0.007738554124236467,0.0040872874136012914,0.08951660651185903,-0.01825644459155526,-0.0010624035156101468,1,0.9018625690382811
5795,0.14800411108801764,0.04640615825047394,-0.026743020904410345,0.045773789915130064,-0.2120734859210339,0.1346518996526819,-0.0035287176579222217,0.047544243861134323,-0.04738542786052626,0.02522286616065982,0.01192492882771711,-0.01358041563379495,0.014757927173186651,0.0030840962532603855,-0.0015000552738053665,0.00429367463280882,0.08476443677856116,-0.03180015012718394,0.0036865167678335198,0,0.9067259227401423
5825,0.1102175564567008,0.026820901666418605,-0.008445192477851944,0.05167891392820517,-0.19059713163197842,0.13798094084662293,-0.002308607954320772,0.04704248356621691,-0.028166297710504697,0.03666377177105685,0.013320598581350302,-0.004446745551064975,0.021943963707960604,0.013668429391945684,0.0061669348895883516,-0.00289648402950065,0.0980189648159768,-0.036882143792457744,-0.008441677057842135,0,0.8457077398275643
5833,0.13622425195112858,0.035010965484313074,-0.042118553558112774,0.0448134730874633,-0.19733961299431024,0.14445277340523965,0.0020440563402795153,0.038124011590717335,-0.04863539972783934,0.025168878525302626,0.017600770919718137,-0.009640502509650055,0.008441354701944646,0.0013770575369481048,-0.007757376434727586,0.0017668088932640518,0.09101088005236396,-0.009010906123878216,-0.0004403754164958017,1,0.860978009253697
5935,0.13368008281094768,0.035176150314929336,-0.03618378516923403,0.03736731982362465,-0.19501340408604123,0.11640902591374694,-0.005929041025652712,0.02321313151627693,-0.03487557396194021,0.02182328304636778,-0.0018484650227763224,-0.013523323091416845,0.029096803637580184,0.01035565750393554,0.0022648406789520237,0.008071447924984806,0.08610356566843348,-0.019963860427879326,-0.023441441449468085,0,0.8343402030741881
6003,0.14595303572410306,0.039113464428258166,-0.04189096505764267,0.03874114225023486,-0.22579509355075011,0.15585493177334944,0.012380388942759123,0.06142474130977562,-0.04967822617632983,0.022624930602339555,-0.0022589346736152866,-0.002265154107729518,0.010522147663751577,0.0007808272983677014,-0.0012888711566804284,-0.0011041743119109889,0.09106629230362441,-0.022618805333521178,-0.011784127089937892,0,0.9371462537546814
6066,0.13077978795977604,0.030255496450397875,-0.03180359837150403,0.03670345595346688,-0.19916332104927043,0.14266407165071454,0.0036026234838819615,0.04990607143798667,-0.042348490035893444,0.033679441513437956,0.00281047220254723,-0.034652968384575086,0.019937992135986526,0.015915586543979142,-0.010845031039512766,-0.0071670432315009275,0.0893592112344563,-0.023603249959374763,0.014594963220348733,0,0.9197928758586112
6109,0.12727199599009917,0.013403349766232737,-0.026887584622772773,0.029145162171828942,-0.1963532412368757,0.14396553212331478,0.011325977339334208,0.04630838089190621,-0.045714086257505476,0.03267402285427386,0.016688137488581556,-0.009654578845197421,0.028589160804075812,-0.0070002044660598065,0.008602776693810332,-0.005608472132870566,0.07007877369099642,-0.02639124365213023,-0.005249915574819594,0,0.8509125966026856
6246,0.13816587492748192,0.043915938603055635,-0.02043473227445345,0.0448934536729146,-0.215781513908333,0.13063510060497407,-0.004552908167570036,0.03732408404948799,-0.04539331821197525,0.031560911750670696,0.01010803397874515,-0.020618146829330566,0.016377413376241177,0.011542174649367298,-0.005769206130958319,0.011893443073971291,0.10500693996874708,-0.02968397829669636,0.006571732390029526,0,0.9302289048650034
6254,0.13995562228247993,0.05249208605792623,-0.029520763746144724,0.04742272097103026,-0.206841349945991,0.14280455042279433,-0.00024076775232039562,0.040165325335195894,-0.051052151904182094,0.02930833878114846,0.011615590581906676,-0.0038694539494373128,0.02555503313431954,0.007991482099856475,0.004332580685142438,0.004153317130452383,0.08857630285275132,-0.03710896559618888,-0.00753803090777412,0,0.9305444341370425
6295,0.1450634936202025,0.042727469121447,-0.028334053295464734,0.04598681764080191,-0.20555960192112507,0.1260224983032949,-0.003048286057924956,0.0377151024025739,-0.04047485792518874,0.03089853034076627,0.002174014874764339,-0.019855940358534854,0.006868120752355777,-0.00435122693577869,-0.014411651878832931,-0.00873592938317873,0.09385093643818837,-0.02298653859743126,0.002233591103870946,0,0.8812986609517258
6369,0.1383005191789605,0.031380784611503766,-0.03583384535807091,0.04423091283167247,-0.19471028489176798,0.1427272907906813,-0.00210076190606863,0.03998571172218699,-0.04167600781431444,0.015508174359064082,0.009118155980227177,-0.014971926144053502,0.0175019493754629,0.01284041172354636,0.0021238366725720393,0.014169924031645196,0.08773707695356858,-0.028022681740455236,-0.009155382793702854,0,0.8820956388795249
6400,0.14900388694107794,0.019366807893856544,-0.0198515064819262,0.04399910175368135,-0.18989702827975308,0.13869655470459424,0.013769750075687084,0.031545106234391336,-0.04855054767624609,0.03751200553869074,0.007940120983727936,-0.010458569913396448,0.007257850736966681,0.015044877559280734,-0.0020958652108764987,0.014934651730988674,0.06436056659929143,-0.011736985096548887,-0.0024718900756439833,0,0.8284936734866258
6401,0.13041547385179936,0.030226995618146967,-0.04707207403778353,0.04834548363540068,-0.19109132792858252,0.12739665967420588,0.010422999664242462,0.03404068078368198,-0.03955532776036337,0.02428866194943425,0.01832201458950736,-0.012256451363307528,0.013077302205597184,0.011094854721693269,-0.002258176815887038,-0.00865715878453937,0.0898418661199367,-0.046141401932401196,-0.007738138677971759,0,0.8922430501144825
6404,0.1367723284741885,0.03024918448756467,-0.029541204144996797,0.035637115934625846,-0.20486982952692145,0.1326315605095035,0.0033670054275617093,0.04875906018383773,-0.026460328719155407,0.030636819168064645,-0.004230865789483785,-0.0075282022390651465,0.025438761127017727,-0.0006826107459124299,-0.003756202506080085,0.005222890604852573,0.08507421888759505,-0.032700218955520687,0.0004935369774076236,0,0.8440519444093554
6419,0.14341438295618494,0.04477680673433607,-0.032076577478160485,0.05367909367468211,-0.2089958724278874,0.13096945969790788,0.003413716473119361,0.0321110628869212,-0.04274427371198726,0.035812182207055676,0.010579293161245465,-0.02249014884657337,0.030167376731529458,0.0024410251921400212,0.008335720848596717,0.002788975450348275,0.08230381459088806,-0.02647577224631659,0.0030530334528369478,0,0.9166285887687173
6538,0.13418887584324407,0.03511528764351244,-0.034103503724415854,0.03324229888454123,-0.2134791697225127,0.12773620200120045,0.007821820839007097,0.04497541527036111,-0.05775111474427387,0.02288160985552783,0.005897677572574301,0.0011152154684390735,0.008473433464763327,0.005060238642345159,-0.015408160902349723,0.008075874109286101,0.08718707957159945,-0.031341875531042625,-0.009970682464532435,0,0.8838255362555288
6543,0.12947433261092856,0.04554716322104493,-0.036900797367849694,0.03357115235317686,-0.20266192900183036,0.13475559060890333,-0.0030192062959543808,0.046306891520003925,-0.05222535797404182,0.024072326522833656,0.013061347909701348,-0.014546435578666325,0.014337825743635322,0.0025914563570689796,-2.7978304454677014e-05,0.005674246640580313,0.09736571813390346,-0.022155786198158636,-0.014352517160713982,0,0.8926480595034505
6563,0.14420624972171397,0.041191774605948916,-0.03573834655578772,0.04003328268990999,-0.1984700216583556,0.1264216584750214,-0.005461954022314916,0.04175116494310439,-0.04980664283332673,0.04171894482408004,0.02928171775504766,-0.007889720439755133,0.01482277398967901,-0.0009368713608789196,0.015653827007826814,0.014127214570403767,0.09917423034109177,-0.024180572179075585,-0.008897294903450452,0,0.9397642628767727
6564,0.14084991286721302,0.03110569343857987,-0.04265987486020943,0.03385300004256147,-0.19716944222122054,0.12180597934225268,-0.004485685354815029,0.049736082280330954,-0.03955844585398484,0.019168567333609627,0.013411523731149134,-0.021204964073555578,0.018846839432088997,-0.0015205198947440455,-0.008474162049691024,0.0014061139604536936,0.09066387795029546,-0.025772838836371242,-0.018952016501075728,0,0.8806455400242024
6756,0.1370394573764033,0.029306686489465602,-0.033797649321736394,0.04273632918379965,-0.20877268248303174,0.11570974099836744,0.0002647984263240994,0.0433221952771118,-0.04882184724418596,0.04476520083346759,0.010481498306896821,-0.012884200974667895,0.024094553916766303,0.009213939464000249,-0.001060799380139211,0.003126842175690042,0.0924061728857724,-0.029860740183549447,0.0021195501574949836,0,0.8897848850788709
6768,0.12939945242208498,0.024921083229092342,-0.027072137439693184,0.03864538173996047,-0.1921112682722947,0.13553311475418323,0.007292590034535478,0.03893883208730689,-0.04296154131309845,0.031829450575213386,0.013698847543211936,-0.004554731601689562,0.009781860128921757,0.01119694800150762,-0.007687235045947787,0.0018840535117274713,0.09584005948831593,-0.027049136358341726,0.00904038642917761,0,0.8494381099763045
6823,0.13107145280870583,0.03714151819912912,-0.030290334217889462,0.03282256940888314,-0.19184219644839862,0.1424012885851212,0.004638735866751998,0.04264836810869793,-0.0435553786247369,0.023601921454363933,0.01522068761732138,-0.00017191734496950947,0.01760687117611737,-0.007949578916260842,-0.015606509523434396,0.011807676764382827,0.09358511121314335,-0.028098759399581404,-0.006164382009248716,0,0.8762252576871379
6927,0.12198087321319802,0.023987738136067298,-0.03632229070487921,0.043123570032077584,-0.20696752507055763,0.12967833244829394,-0.004696796244731626,0.06272033546674784,-0.042550924015344854,0.025998527073148606,0.01582522873289919,-0.004284696718027572,0.02926747054530513,0.0009231661531004928,-0.007432841754524835,-0.0005213740422770666,0.08438531243644387,-0.018015607194594264,0.0043319099189144585,0,0.8630145199011334
6943,0.11767154275870917,0.028196519394986668,-0.030877369154105723,0.03799909658418301,-0.20767622353171622,0.13642623863890344,0.004824012584759979,0.04646961785629217,-0.045183660392447436,0.022359441509308492,0.0047522786291754205,-0.003359770373278835,0.020916841021459284,-0.0033724907289311673,-0.011957926463137404,0.007245259226774429,0.0881882931316279,-0.02766917610267089,-0.0035357515493077184,0,0.8486815096317754
6944,0.14914979066999995,0.02565727333435253,-0.025769674644280836,0.04361422067955135,-0.19783829124781938,0.11966635980027321,-0.00024252805366179776,0.0456553259161734,-0.03135040920664425,0.028479770587039092,-0.006952575291234505,-0.013462735923546416,0.0005434831875272655,0.008197081527014293,0.000841947356162791,-0.0015516531311119803,0.08998381470551015,-0.020994468785535406,-0.0012847647856744165,0,0.811236168833113
6961,0.1382855211129117,0.025296748520244175,-0.027472302698708928,0.03541618070756798,-0.21441329467607437,0.13142816862508705,0.017366424238445248,0.057013271909467624,-0.05469522277276047,0.028664665003786748,0.02604133536410158,-0.008360414813538865,0.0114908790698474,0.007683246554322238,-0.006569303510909481,0.005918058109299987,0.07252586625524275,-0.010057577641682174,0.00044093089008347716,0,0.8791394124740822
6963,0.12384042086866981,0.037872694563771424,-0.029730731892431767,0.03605343494773095,-0.20468488354180148,0.13158642426013764,-0.0004711710509655924,0.03735855638230376,-0.04055454038027947,0.025395871179227102,0.012330741648884123,-0.002637537479513514,0.009922772520714862,0.002143842428211369,-0.0070313544690979194,0.002415191892652395,0.0871177097042186,-0.020820992554859856,0.010149213812505876,0,0.8221180855779775
6977,0.13299003477895585,0.020409343627213566,-0.014293675660254253,0.06288243690188215,-0.2067423254798686,0.1169460955406288,0.008664485208768984,0.05345260055723812,-0.04283058934288676,0.04257509748441479,0.002984344251685857,-0.01626048185117106,0.020444914227112067,-0.0007437524359630882,0.006124683354638174,0.013981108291739326,0.08654588288436836,-0.02523595196428906,-0.0033314113645135225,0,0.8774392152075924
7062,0.12906233722045635,0.03812712006693873,-0.03230680892914233,0.039179983824760546,-0.20378365029619216,0.1355211747791073,-0.001953687046523405,0.058186468826537587,-0.04801066476400749,0.021717976631419167,0.015360943956076347,-0.008575562570568303,0.029694032429459654,0.005705442984578258,-0.009708052900063881,-0.003070225335614832,0.07784268020986924,-0.03229886650996196,-0.009473622866876443,0,0.899579302148154
7079,0.1122845058892253,0.037804014942804144,-0.02059331070379401,0.0333969926305167,-0.19568032103909586,0.11876892193940067,0.005334866329900202,0.05510072839966556,-0.040248091114487926,0.0312037676635973,0.007981320892962876,-0.015418459837925462,0.01470912480115484,0.0021469054470164817,-0.012164747575994532,0.00406779026748296,0.0788372623510562,-0.018897428579403568,0.01178506544957765,0,0.8164236258550622
7086,0.14475397263196138,0.025948665533973247,-0.02963697984393215,0.03642176560691166,-0.21525151836379988,0.1327197827991088,0.005087300533634416,0.05224046177912113,-0.04543438006577794,0.04550464553623072,0.012237113905844497,-0.014410212120195198,0.010833098965653066,-0.0019045511574800492,-0.0031720781040612198,-0.008595620288630463,0.08914001318620332,-0.024118382022938107,-0.004930797887904704,0,0.902341340333362
7101,0.13882993583344214,0.029160805852841854,-0.02021702753345606,0.04574278064490019,-0.19736695913409955,0.13067091252917745,0.0021016477562691175,0.052775843701800614,-0.026099480741202916,0.03624830917543086,0.021701767907465017,-0.001247671289437913,0.02671997815083441,0.0013150548735712812,-0.009863213010293071,0.005551208590509578,0.09413323463196846,-0.02690179382269926,0.0058369949413259285,1,0.8724846201207257
7187,0.129836998510835,0.03709357002159693,-0.025261776593253064,0.038690102723712545,-0.18588210086701903,0.13179072550541884,0.007738436091350065,0.03835511025377327,-0.043275268075773095,0.022179077631028245,0.014824763550786574,-0.009116968151533636,0.014099720232802706,0.01690963569567562,-0.00857375400967655,0.01860990108422999,0.09196452980639216,-0.028074257419958865,-0.00319686760179796,0,0.8654735638266141
7220,0.1447437675258523,0.02611909571351363,-0.03543250675552867,0.036035064244905816,-0.2065971332556416,0.11873195599490963,-0.006955121891951291,0.04315211758436389,-0.05550249008373694,0.030771245595099316,0.018663825823425257,-0.0027673020808092895,0.022348898086998074,0.0026758502400799395,-0.017087262274258684,-0.014843074944311573,0.09312419509999996,-0.03011012824110502,-0.003840748764465423,1,0.9095017842009563
7258,0.12702772588635894,0.0382888692569062,-0.026420241620460687,0.04394201383943769,-0.20093636325320122,0.13348256610291517,0.0005448416024533777,0.03861480554450255,-0.041208826476976136,0.014655641101317864,0.004037147244824253,-0.02193437785997362,0.026836999040625704,-0.004028909947725301,0.0032224194150326404,0.005665330254211038,0.0842211292016678,-0.022530540556126154,-0.012218380399516369,0,0.8498171286042328
7289,0.14071255162609878,0.04319624626267578,-0.03375357536506139,0.051979929467499644,-0.19824178751272717,0.12150668667371133,0.013008467739374866,0.041998884267597784,-0.056497286375387465,0.030874194608453403,0.004066582646352334,-0.009307579781099544,0.01345775278268908,0.0012226633183441736,-0.0002585953639884573,0.007355106732482007,0.09168674892896367,-0.02968553574202429,-0.007996341312589863,0,0.8968065165071211
7334,0.1326940180322683,0.030822515754631546,-0.02395302591836653,0.03654310322156126,-0.2026416767687353,0.1301045816428403,0.008823007726870948,0.049783985302944096,-0.04146679308420119,0.03238536892270695,0.016346043459377246,-0.013866733797181402,0.026129077474851516,-0.004938453796860274,0.0031290992594820606,0.00429446608089837,0.08990219752184452,-0.019593120879629927,-0.006981947831168901,0,0.8743992164764206
7362,0.15499282126629094,0.03170493340484953,-0.031969683570475624,0.037938890401117954,-0.21394265913721022,0.13721298676681104,0.004828832047123924,0.04534745268365146,-0.043178417535481343,0.044429986271159676,-1.7081785256965946e-05,-0.011446054492181269,0.010571970701114578,0.010204744154998321,0.0005790688744983723,-0.0008767397987281743,0.09578869406590551,-0.021360120671017866,-0.01932769140929992,0,0.9157188290371727
7434,0.12026676831410106,0.02966736777739999,-0.04014515174066843,0.05334023894178929,-0.20580743425763057,0.15764925470626906,0.0022510353762008957,0.050365752927130664,-0.052096859658530344,0.030750704601571484,-0.0032396943570106545,-0.007798583861054022,0.01610539113126754,-0.006093136746617029,-0.007451364993368661,-0.0005592314576317166,0.0869972971808513,-0.014325107149736222,0.006619572253789214,0,0.8915299474326182
7596,0.12466622599015313,0.03968741367773121,-0.030255821398195777,0.055937964270623725,-0.1926987813932707,0.12888313096178278,0.0055918759284109025,0.06277379014416057,-0.05652769151892521,0.021290904161956253,-0.0025879782544010275,-0.02467191939909063,0.009998511649436683,-0.007844093352065151,0.002580680742456329,0.006512285560975377,0.09290310511594566,-0.04511106913161352,-0.00951237588173918,0,0.9200356185329338
7611,0.13711555669327866,0.03422715377804541,-0.034386103159472284,0.03241076004091382,-0.193142419014099,0.13335603183328784,0.009433655301122324,0.051489833150423346,-0.03962952416060064,0.026333430582389666,-0.004989514462313016,-0.011756426501171174,0.016445392418802322,-0.010951920775324704,0.002696775172653686,0.01341228896482683,0.09324955142200385,-0.021963086723106345,-0.005430235954998156,0,0.8724196601088331
7696,0.14532565627968394,0.035156729157808694,-0.024426807991310334,0.049968388837212295,-0.19444150612801903,0.12089095634276366,-0.0025757896025759663,0.050972773520670235,-0.053199148242166684,0.03600774100611237,-0.002497024359363194,-0.00919091266176389,0.01238045671566042,0.007267366851619505,0.005248713562339558,0.011100413253228011,0.09866553132106769,-0.02638664286790443,-0.004019912213311533,1,0.8897224709145815
7731,0.1308958359798741,0.04202072036483431,-0.025515654692731624,0.02524366691528062,-0.20365081806950647,0.12468196995126378,-0.004944903169249974,0.04301404529138635,-0.05014437199189513,0.02774261486191865,0.004982120240546532,-0.014759714162172598,0.005205886008063508,0.013170075659635986,0.00311580258572968,0.005376009421553751,0.07409476286184598,-0.01926748933884111,-0.00046768727491706096,0,0.8182941488412472
7822,0.13497176150453452,0.03539459332213781,-0.018765261501838004,0.026049304357654145,-0.1970386619746515,0.13351110272870342,0.014580121180726581,0.05924104924429044,-0.042964649909016744,0.03881059886652792,0.01659940797682705,-0.012516777241984113,0.014484963333738145,-0.0034368554060983138,0.012831371688297701,5.51442019447375e-05,0.08200687480907148,-0.018882725388112625,0.008184769667576456,0,0.8703259943037317
7826,0.13738514552323056,0.04043066287516784,-0.024212433764969322,0.04428994033858857,-0.20448460321288775,0.1412063688450396,0.008145816278198928,0.04015079481137008,-0.04745683773247141,0.037983539243712915,0.0070596214709691555,-0.014284180640379658,0.026562707296696852,0.011301043428204281,-0.007520780772795999,0.010224907796095653,0.06785741568378426,-0.030161381250182834,-0.0028965515150125927,0,0.9036147324797582
8046,0.12645557021356757,0.035089804414559826,-0.029979141546117218,0.04153559440987211,-0.19365982648509553,0.15443593781353857,0.0038274169159738247,0.04340953515735608,-0.040981620833464315,0.023691477917988757,0.010435363599382581,0.0017441774431187682,0.012281115036545899,0.015585596709461469,-0.0006408858664617693,0.008623766797054077,0.08344078051884124,-0.02810981827646973,-0.004689298443149805,1,0.8586167283980192
8080,0.1184467457149635,0.03474042051560925,-0.033262028873688294,0.037641239013805186,-0.20572336676555134,0.1297887582806412,0.0023710551226978067,0.058848864729403906,-0.03531946796212855,0.02932321774109671,0.015817962211095715,-0.010435188718190136,0.0020484728998216516,0.021352532189678124,-0.003951065484073583,0.01325804852682518,0.08553386966216622,-0.0305207224569078,-0.002666854910645157,0,0.8710498817789893
8111,0.1405185811784609,0.029125480329787717,-0.03014669066479928,0.03383999148857364,-0.2050437469584102,0.132647877404114,0.003493854003343268,0.04460781159329408,-0.059375453265889444,0.03571251342925107,0.005588656262670444,-0.012874528493103736,0.008655058341975492,-0.005291455836868408,-0.01409219236977496,-0.0006330176522310446,0.08176917955376106,-0.025962391760161876,7.541096647332956e-05,0,0.869453891552944
8148,0.14036145794259475,0.04702062663349632,-0.02607697824738605,0.03002904789690271,-0.20003435893755622,0.13116428946294495,0.010487734650358014,0.04609006921785531,-0.05118980830388201,0.03713505122118498,0.0024107060337619467,-0.021927505369797075,0.011687543570741305,0.0013443465863513266,0.0013871204524182436,-0.004783804193973863,0.07939361860155648,-0.028919202393910527,-0.009174479229433336,0,0.8806177489461054
8162,0.14397798034273415,0.03624776759573281,-0.0339148429230932,0.039395663950273885,-0.20996699355428194,0.14093931056578562,0.014313615006042653,0.053398251526436076,-0.0550337042084911,0.029962656796481944,0.01874272090538756,-0.013562220573417078,0.01593555789150591,0.0006115348930672175,0.0019279929461789968,0.014877080464958019,0.07934708717534983,-0.035977785281013294,-0.009300821375855693,0,0.947433587976087
8186,0.139261038869078,0.042897876584191044,-0.02087041440371635,0.034190294845923605,-0.20799500868741638,0.13409234151922705,0.0020713706725647802,0.03612824919495268,-0.05132414901274416,0.024418045976493934,0.013541376343826118,-0.004425693618016249,0.013758494626208477,-0.009747512793654689,-0.009258119600714853,0.006469454017546339,0.10489557052604861,-0.024494242066709297,0.004272823728326918,0,0.8841120770873595
8206,0.13158189800409437,0.03151193549344224,-0.04211820967760654,0.03039701912476724,-0.19331574042023356,0.12803104113154795,0.012711496308633188,0.04764669342599082,-0.042675339986256666,0.027093411831248974,-2.058879885471395e-05,-0.027843401061736755,-0.0035250357743864835,0.007969348086983165,-0.024213268623148713,-0.008224152463574974,0.08940139676283186,-0.040630391943437635,-0.015001127210014299,0,0.9039114961287902
8260,0.1433060389254007,0.037105187948820395,-0.03381559060194958,0.025549993945549163,-0.19019726020807565,0.1386545127795037,0.005337000272528059,0.04742873015123117,-0.039944326380571264,0.021118774768590576,0.009585638741410529,-0.0044839618697217675,0.012816510544879926,0.007837350121693903,-0.008069209079005251,0.003100338787993341,0.08390952484178016,-0.03652018251137077,-0.0077637007618186,0,0.8565438332418945
8363,0.13242728657175307,0.02731066059933864,-0.03423082738733468,0.0474911167171862,-0.2014254461115015,0.13360886559401988,-0.005843271470360339,0.038821363672344414,-0.05674677251224326,0.03582098528352021,0.00405290017306295,-0.021844332805075722,0.013763197840187879,-0.0025912108906936803,-0.009046796199899216,0.01766560939813932,0.08607487121030544,-0.018833425013553822,-0.01079047355728082,1,0.8983894130078011
8372,0.13648469977996894,0.03658572472888722,-0.03175344947757379,0.04215155788504096,-0.20441895675549066,0.12523727921366326,-0.00744276540703213,0.04404676829348586,-0.031245349169863483,0.03233972922500724,0.012108547263592163,-0.005711218114980405,0.01313590194574974,0.0007960087260105626,-0.007697514456295329,0.01897635122188372,0.0966484805946845,-0.024099555668605215,0.006680339379331765,0,0.877560197307147
8427,0.13672810510459643,0.05054369470578246,-0.021556465809153293,0.04381902167717052,-0.20389014907305242,0.14533306057310344,0.002395964370514545,0.03888669707907077,-0.04065160715051822,0.05296834055595131,0.013215734454066876,-0.027919812982610117,0.016210921823524606,0.005590471057987828,-0.013524135265870818,0.011672250957229716,0.09073131232207911,-0.018327427497609083,-0.002932725158322855,0,0.9368978976182144
8454,0.14129457713283336,0.03404966545098028,-0.031684696739735944,0.035235377287858825,-0.18907594440222966,0.1311727951784252,0.004087664086970025,0.05032120490064319,-0.04537454809305048,0.03323243145652362,0.0004883598531427465,-0.0005088323420778558,0.01693796218983395,0.003445148321299506,0.004323223290136436,-0.005017964194401474,0.07490754338593925,-0.02067875542996661,-0.009746145743144115,1,0.8315828394791925
8525,0.12395571730651195,0.038096198879202556,-0.03201413991405614,0.03107353773257445,-0.18589927023618782,0.1351763664837789,0.0011847787692268745,0.05924569850277952,-0.06042716996360782,0.01537855270376264,0.006055115241266956,-0.019955361369014477,0.006941360534588249,0.0038109896048136413,-0.015839909342306953,0.0038152091989640613,0.09636549122935384,-0.022976292321297963,-0.013595638448737728,0,0.8718067977820325
8541,0.13439069369382767,0.03195256498587801,-0.02889256265593096,0.03480979977231423,-0.17377289536959242,0.122318144801365,0.0027289074152431693,0.03386781084798652,-0.04107607004942634,0.039367025726417634,0.0029791627958314798,-0.0204095697070254,0.005482426541373893,0.004790124339598255,0.0007690551649922532,-0.003046807004912286,0.0784310343981766,-0.04454495835055316,-0.0005339483264177451,1,0.804163561946863
8546,0.12803907605537157,0.040617710328137734,-0.019775261048537114,0.0334011080436216,-0.20422380373833307,0.1242077807392568,0.008186011795612128,0.05972384747475034,-0.045097396141047144,0.03002352648468944,0.003425236941906657,-0.040242643340482886,0.0028253592426143214,-0.005063401415385722,-0.008221789125739112,-0.016706914394117315,0.07213227119921277,-0.035356426203213186,0.001101235274625158,0,0.878370798986654
8555,0.1270324939103896,0.02472133921373044,-0.03166500857466882,0.043478332224997834,-0.19121456741427148,0.13451167693769858,0.00536826109216533,0.04388596676960934,-0.06101990332292338,0.03906347132205619,0.006730251515345347,-0.0060998586033829535,0.01608492569982281,0.02636802660414436,-0.00544130399642736,0.01075237028056914,0.09243550840445876,-0.02322178374461329,-0.005012859647270026,0,0.894107909278545
8579,0.14040607492165447,0.043473853654335246,-0.04601828508990076,0.025309739105368798,-0.20130168917498764,0.13375581640224055,-0.0013130184878361293,0.0474457466747149,-0.051264695426948774,0.039538335420215204,-0.002162410387067957,-0.01640636790733129,0.001219707648484097,0.003055471810898831,-0.010959678296176768,0.009578052520887653,0.07533587905609052,-0.03987552084685179,0.014668670984436541,0,0.9030890138164279
8673,0.13804444840548122,0.04191246185517891,-0.03945790992885217,0.051990690165049515,-0.1882554415841001,0.12775477400713164,0.01023050360916997,0.05404010785178579,-0.038213746269843606,0.04292316325802201,-0.006252312852099995,-0.017573290752280576,0.016405808055432423,0.0025406192695544686,-0.0035306790813179004,0.007303878770450941,0.07604116959875258,-0.027908278414003333,-0.00027600013604526776,1,0.8906552838645524
8718,0.14046167312703245,0.03954117860901739,-0.032566535310495685,0.035176029549051094,-0.1971942013668597,0.14445773301003956,0.013249440063272567,0.050466696592880236,-0.04838097376080247,0.03958266632602155,0.010844583511366626,-0.013707349225667412,0.011378046090178767,0.006835766223441739,-4.677433954262746e-05,0.002674061839863151,0.09268217654493388,-0.03166729038044709,0.00425150100379969,0,0.9151646768747137
8886,1.7782434466304584e-05,1.321878571000697e-05,-7.538699550072036e-06,9.644535353975302e-06,-1.3314352847461273e-05,-1.2082850084424667e-06,1.5325091778433364e-05,0.00016220453816251436,-6.384728462585624e-06,3.421314490591433e-06,-1.0164631207426948e-05,3.0212042859162755e-06,-8.353101050584271e-06,-1.1011813629358256e-05,-1.177680953331228e-05,-2.7245097237031996e-07,9.070175908683893e-06,8.068248021003967e-06,6.162203253162241e-06,0,0.00031794340369220586
8901,0.14402120779588226,0.04950051473689674,-0.033071118697180796,0.05311364505784961,-0.18700215836978498,0.1406315945153099,-0.00676340640219335,0.04767794898171138,-0.04316772636649228,0.04033565877412671,-0.0004314364750873076,-0.0009488128184646879,0.021536034895205343,-0.003834928979478422,-0.0010201264562233823,0.0026010994999874602,0.09984065130094043,-0.01966769524394495,-0.02018353874333799,0,0.915349304110098
9056,0.13564129635603406,0.024624169024891722,-0.03240763873073355,0.04435870762862024,-0.20257441313145774,0.14212403176481173,0.009623006825624194,0.04861682728202626,-0.05920733821322704,0.03784741178736947,0.01157965241421775,-0.023064913364344793,0.01824492458051533,0.031751159185396664,-0.014332308556982271,0.0020695906066402845,0.0901579042320862,-0.021708531053986724,0.007987184699171571,0,0.9579210094381376
9112,0.13814883537923983,0.05248774105226008,-0.029957914837425565,0.0460569032899221,-0.20008282260406848,0.13478616675047805,0.0015391748521985655,0.039347762042717165,-0.04523441387200772,0.03495541415005784,0.01801172439408932,-0.025606411829214012,0.017414204906464503,0.019794040228500575,-0.017538046511794535,0.00855062143366186,0.0948442898708448,-0.026350608662479624,0.006969118356997867,0,0.9576762150244225
9175,0.13678140231634436,0.03486581168829038,-0.0394752643935779,0.05329225939614821,-0.19739679946243854,0.13997123094042,0.01042843664875981,0.058798713248355804,-0.06237902250199653,0.03240682896297306,0.010019248952226374,-0.024226937183176783,0.010724695646474982,0.018716425425239526,0.002674283461833966,0.011119730727493506,0.08180117830385013,-0.032413286016188,-0.00894115234148248,1,0.9664327076172703
9211,0.1371968616821449,0.029408766077694944,-0.03488884877120093,0.05089670309354121,-0.2078389784301558,0.13480806225102007,-0.0009374006147918241,0.039179302490190276,-0.044459928140772285,0.03261964688636296,-0.00039555447210497225,-0.018913932570342584,0.026790952842217552,0.0055473026718988105,-0.012042542736966337,0.0047156654332634025,0.07999349444761612,-0.020658126341625293,-0.0008650369874743724,0,0.8821571069413846
9269,0.1445814733951095,0.03658713944888628,-0.02478401422549021,0.04206000580422562,-0.19573337977732855,0.13731650737467593,0.01499844468336924,0.051596469473426824,-0.05483678597646209,0.01822983984523307,0.0018344911486338688,-0.016997225420056255,0.000892561667034723,-0.002103469493738869,-0.005094403146142211,0.02108873121393751,0.08627325133940346,-0.009933489305053859,-0.0038598660179327924,0,0.8688015487561408
9283,0.13614041130495433,0.05414371758584946,-0.04513514592188741,0.03708165595179062,-0.17937657120369604,0.1349862512676174,0.01992221665660233,0.05200835149637314,-0.03469683790064897,0.03992434284426635,0.00797044683916512,-0.008528905009480977,0.016073906217989035,0.0011933007648101007,0.005040951105850368,0.0038971561574251,0.09151940156871434,-0.02727669989898131,-0.0046946050370751755,1,0.8996108747331776
9338,0.1361695285826421,0.04191774990408056,-0.025598344712667875,0.028344196403582367,-0.20399989866611706,0.1452230681304316,0.008895385242948379,0.03357894140662335,-0.03772396515758637,0.03888971578367518,-0.004797588514964489,-0.027795778718077972,0.01184906386101553,0.007299819264404984,0.002722753803321038,-0.0013072451714387571,0.08296919423071536,-0.01091172696361549,0.00207699853856196,1,0.8520709630564705
9383,0.11272760611347582,0.03170270214391219,-0.032403972742095465,0.049682694050082785,-0.1556334877716287,0.11644650984888746,0.00332842483499089,0.028348769984298295,-0.0392280648128562,0.030937726080045257,-0.0025328845192744164,-0.026330467806434592,0.01657651446251825,-0.012153041203885466,-0.019020015534171653,0.002779087028540973,0.06418233867122185,-0.032366914652073184,0.001092195048547229,1,0.7774734173089407
9427,0.13335788929384026,0.04413559827811778,-0.02708828994480305,0.052681926233836565,-0.19746887935420374,0.1394953943952092,0.007978558410552167,0.03833327647668486,-0.03907806933260316,0.022331567827898257,0.013679379606977014,-0.02260965167273515,0.0009359228480531631,-0.002799107663078412,-0.0011492698846593027,-0.009306343412894115,0.09196968233889753,-0.03769988818622771,0.012417934525787206,0,0.8945166296870586
9428,0.14708065085717179,0.02731194722318455,-0.04210380298291125,0.041336282145489754,-0.189827743095068,0.14348443679146733,0.0019975409851352086,0.035148782512438595,-0.045894721402801576,0.03572046354695614,0.0054044487828350295,0.008567036333083318,0.00921552519129454,-0.005487531800464982,0.004344302851538626,0.01400105451656189,0.08820129380279947,-0.03438845600325981,-0.0003658665799441037,0,0.879881887404406
9467,0.14937019431002366,0.04080715063351449,-0.03416915131297734,0.04109160971634117,-0.21853814808011024,0.12325826562269215,-0.0033639219493252627,0.03605654022164291,-0.04772583224968394,0.04125536554938216,0.00742660507977874,-0.013752062089121763,0.014319863835223108,0.004423341053837296,-0.011676024303128755,-0.0008835505035040695,0.08612700606620625,-0.026182742139041565,0.0034905626146742846,0,0.9039179373302092
9486,0.128507137651139,0.04113559912303398,-0.014467216503809483,0.04306948969053247,-0.20404771510867378,0.1402225243345762,0.007381467294499398,0.03610140015454761,-0.04912433140566244,0.04246039348659639,0.01056670637593602,-0.01581656369319679,0.0184942075462334,0.001311613181475182,0.0032032209039691635,0.01003670240637133,0.09418356808150051,-0.024765269095811983,-0.01200599880841365,0,0.8969011248459787
9511,0.1473596782524663,0.051071682042010846,-0.029392457054901327,0.04037760241974705,-0.1961648350534086,0.13858613628633856,0.014277258477230735,0.038630745440138434,-0.04746991828904779,0.028393583358592347,0.017383010358892743,-0.02008464221747147,0.01266887264516968,0.003203832265744373,-0.00866778801526481,0.002066569647054196,0.08522141908786647,-0.0335902940080953,-0.003256075699172486,0,0.9178664006186135
9519,0.11902685204017152,0.027546400704356405,-0.01766616206712895,0.0464484321851847,-0.21002439650489665,0.15385800761140792,0.01236536690396998,0.06088959088309341,-0.04931862066773049,0.0434674134176808,0.014746120768533657,-0.02107894261851224,0.007480925929263798,0.002357528525291715,-0.0045393674580269635,0.003909600265966433,0.08660529834293987,-0.02142566738838695,-0.005666161546262506,0,0.9084208558288049
9566,0.12260917315359271,0.04033385403815243,-0.049307565265687164,0.03297072802465159,-0.20130047854806782,0.14146675775771805,0.017266822133331774,0.04508814719890303,-0.0439516365083462,0.02522841567666346,0.008870024620890777,-0.007130231644945781,0.02440854128833101,0.004363064126705872,-0.0061210367005011404,-0.0011989600795371041,0.0843889196512375,-0.029529726352322542,-0.007953207457791841,0,0.8934872902273778
9610,0.1341151244183932,0.035616594483194625,-0.029766908646454763,0.044868296175618376,-0.19353087843265274,0.1309504911348562,0.006095640514733739,0.04447421955240081,-0.04437493854226992,0.03748134199382179,-0.0014220574759498483,0.002467088154240276,0.007343771061812538,0.002555920511001804,0.006661616674380732,0.012777444657237881,0.09202236559775202,-0.024203710729001012,-0.013044044111749477,0,0.8637724528675218
9653,0.13029641923781504,0.03735009384220834,-0.03147310444509175,0.04778134914041823,-0.20771481923608348,0.13307532198612287,-0.0002691633507882436,0.04545945839017184,-0.04198313881336783,0.035724962296348584,0.005005251162280497,0.003947402239420834,0.015699001330903937,0.00586459786268337,0.0015738096002478564,0.0033985563356753808,0.09013001538835808,-0.03412969563570859,0.006726327396058439,0,0.8776024876897532
9663,0.13926508774643323,0.03844130214637921,-0.030276604517365874,0.050930889540689056,-0.1783471377241019,0.13907291968414595,0.001298726102453514,0.051162112192065845,-0.0457486949679178,0.03406491796368859,0.0031581186361752094,-0.026258146342453634,0.00433352750171336,0.00896788850374604,-0.019045986178708837,0.009535846849218554,0.09245739680319712,-0.01692211620082159,0.009638747213662828,0,0.8989261668149382
9738,0.1371757618483508,0.03358425081701525,-0.0354518433359747,0.045360311036387546,-0.2055871835538336,0.1325246492935094,0.02006613803081386,0.03428324246717935,-0.0441986103509254,0.03063697122671136,-0.00400526016888144,-0.021413632250229395,0.023226642953806404,0.007706789455935451,-0.010261735555751904,0.011880453133005713,0.08252413782849316,-0.02651256621515987,-0.009005561297498648,0,0.9154057408194632
9746,0.14789937178427012,0.019862274588595703,-0.024324861955140865,0.029152716098344852,-0.22017944879996415,0.13114208291905832,0.008126993896728059,0.038910840237611946,-0.04459539389100158,0.021360286533057816,-0.003111910860805286,-0.017613824871738057,0.016660008316400726,0.017935781593613254,-0.016829100100186345,-0.0017502907264578538,0.08131330861875234,-0.018352556214380415,-0.002050060350023872,0,0.8611711123561315
9750,0.14683100027531687,0.022759706767317343,-0.03695864745825627,0.035340937092160934,-0.20869390734379856,0.14331132135166835,0.008587951889531311,0.05872226723869157,-0.037483009482681386,0.047573441580904215,0.005584261245391363,-0.011743049496892293,0.014053735259704818,0.0020649379856384474,-0.00713956598508415,0.02478858418136598,0.08276254913942817,-0.033702166390685954,-0.010049197604084709,0,0.9381502377686027
9755,0.13661862237866162,0.028942941972548014,-0.026269378870755054,0.03035118356133466,-0.20145708425201786,0.13943530837137175,0.00694413849746978,0.04638322571387182,-0.0552696485295787,0.03095967296388859,0.015676656826161338,-0.007546957486513065,0.02115726804106477,0.004836128747071233,0.00048551625843545453,0.00762094400671254,0.08548626827160678,-0.027530283596742727,-0.006863228219885164,0,0.8798344565656909
9798,0.15950245234371238,0.034732724405462365,-0.039240790197989955,0.04683059433274225,-0.19074133689068903,0.15078384965713448,0.012976311023191868,0.044370920342742655,-0.055854149757937344,0.018919466005465405,0.00598042014257642,-0.028872058059816907,-0.0018754238567233522,0.001521155505871451,-0.01034540710434484,0.0033285478775310832,0.08643945160462876,-0.008903301570360652,-0.003936850843794639,0,0.9051552115227158
9902,0.11712072104315766,0.0446387355897824,-0.03581231832696133,0.03191257330707748,-0.19278211837861567,0.13741429845407135,0.0288997442263907,0.04549353514656574,-0.0592348791970744,0.023046387771877296,-0.00581217071032491,-0.0026880361233405994,0.009096456712812236,0.0010792780889549959,-0.007009488887016818,0.013362513024400344,0.07880228911229174,-0.04744504548994615,-0.006830107705030666,0,0.8884806972956925
9937,0.14751134817110215,0.04986711974969728,-0.042616689541055956,0.03627023718931911,-0.19422264969505762,0.13707115500084197,0.014234530809730726,0.05248731435977294,-0.04798980397069567,0.04015928800848368,0.017906056971712384,-0.018265151256388786,0.017417147261441137,0.006243133566791291,0.0028746414609054547,0.011395526149033691,0.10154140414791761,-0.029521218613060344,-0.009964962059084675,1,0.9775593779820925
10018,0.1399082676570302,0.04403350281267969,-0.03477289678673338,0.04502729755937158,-0.19332902412534025,0.12688426355409738,-0.0033868487642543747,0.06210085267586487,-0.0414275324608796,0.028078482916642854,0.01196958380288067,-0.015576271259648425,0.012661734060683837,0.006342086769192486,0.0044399044610143905,0.0005207904581207063,0.09347815206618308,-0.026568837203897404,-0.0037631343180273913,0,0.8942694637125426
10051,0.13577821966743708,0.035141192934071176,-0.03777163481654857,0.039656286964008206,-0.19702465612794748,0.1480081554782161,0.012485429590226398,0.06000454836326865,-0.04681675704807917,0.027659771450907988,0.019832001383032243,-0.016878027662615327,0.0135617930204294,0.008901300832311774,-0.0023743632874683794,0.008391725700848304,0.08621423386572172,-0.028032851709783164,-0.001459268603492202,0,0.9259922185064133
10157,0.14529486578807344,0.04691540379444589,-0.025607954247675063,0.05606026221726341,-0.19761965922716254,0.12984521959936152,0.006948227072729229,0.05117938748618511,-0.03812807694348631,0.03384197654923981,0.017043153141993065,-0.007691267865838274,0.025584058035419705,0.016140874845304208,-0.006372301087180911,0.004101697066736345,0.08209020118382647,-0.022889300551944835,-0.0037228348199805777,0,0.9170767215238467
10187,0.13485988576591296,0.042799571684256965,-0.026505691051035653,0.038527930647542556,-0.19920273380589695,0.14154198016771125,0.0005071253107476962,0.04770875573454329,-0.03281540774273156,0.026364313782508926,0.009723241628764367,-0.008262658262734002,0.011311411107458777,0.02025281970364404,0.003633305572426699,0.0017936754370507886,0.09047622222999685,-0.01968970512152706,-0.005933134475159039,0,0.8619095692316494
10292,0.13744962249544418,0.03896521640971886,-0.03518179399459154,0.024199335853370807,-0.2083870480984107,0.14145385839375763,0.0012177585256634585,0.060885800340924626,-0.04080220978972164,0.038177775578201956,0.012606682897265476,-0.019719886770784362,0.01092452845504847,0.013406543683865065,-0.0027506597173983095,-0.0020472811631888008,0.08415047948389806,-0.029191880955177683,0.00548663912082164,1,0.9070050017272533
10342,0.13857892609753164,0.03296313167710817,-0.03130567665832469,0.032702643819894114,-0.19413860155266163,0.15074898176927257,0.00829338698844893,0.044255643525876666,-0.04079956244879633,0.04095412692516123,0.006822642745061879,-0.0007152336478668455,0.019328576939943817,0.007633405677977189,-0.018496214824597148,0.002496565155385569,0.08862495877382531,-0.015151949537543355,-0.019058818147636068,1,0.8930690469129131
10349,0.13225959637840923,0.03215139878165408,-0.037996312275661505,0.038311952801932156,-0.19998567676719647,0.12738458161671692,0.008125438046630679,0.028692025598547947,-0.04552069486310199,0.04153975530777611,0.010650177492512083,-0.010604268730006361,0.011644500674168083,0.004831741071067413,0.003369039733082013,-0.0007151448341153402,0.07263288122276824,-0.02463665283558369,-0.003136183657473862,0,0.8341880226884042
10496,0.13232326758583557,0.0393139548417559,-0.024401123551711753,0.04688827959301449,-0.1832001670934073,0.14560662377528014,-0.0013079760570217373,0.03748542595162771,-0.061807244336614914,0.022856906565209213,0.0011996004901793388,-0.012709542927250133,0.0030840825353826784,-0.003202572686482144,-0.019335432488848198,0.009553944295331294,0.07507054545418342,-0.021135663128300966,-0.01260075171101363,0,0.8530831050684505
10549,0.1348574568177183,0.03505812736461792,-0.01972040398878595,0.04127860653246034,-0.20495671580045424,0.13175536244152747,0.01533078392983191,0.0493226008676886,-0.04923934914021169,0.033295656256213724,0.017674335651553127,-0.022667751541244705,0.016485989879795472,0.01477430209446733,-0.01298879140182595,-0.010471274534337119,0.08215095284001542,-0.014451238407303956,-0.015545119890150123,0,0.9220248193802033
10570,0.12284020502942031,0.04225471681265923,-0.02873980382220246,0.02505710713474116,-0.2078315149207298,0.1470160407536026,0.014773877556986647,0.04726479505071053,-0.055584764085112176,0.02891019615706747,0.023145335233870794,0.004986980286115753,0.010919125725045595,-0.010183099831674544,0.00019420903522204214,0.0012629760655260263,0.0902097280997752,-0.03235162137195221,-0.015560594882609611,0,0.9090866918550242
10577,0.14071348892096788,0.04379437670455903,-0.03268669023371608,0.03471020658987757,-0.20937958149641986,0.149836086672124,-0.000137787153961871,0.04528702203607438,-0.03407841047114472,0.028563945506142847,0.0022790936128709864,-0.02034689888001592,0.010726897109247308,0.011080029615277404,-0.005748327907179145,0.004161630905071779,0.08997527139667374,-0.025749647834851206,0.002527060242273608,0,0.8917824532884493
10583,0.1270801480454526,0.03434219830106416,-0.026135980690038627,0.042467650339086574,-0.2134274152641462,0.126377777684981,0.011677173273786574,0.04701788565044571,-0.050605125954094596,0.03152601529252692,0.012799032453355673,-0.020169236397934744,0.010634120881217722,-0.00684388417141762,0.0008346028438643617,0.004077359427229109,0.09405974723690978,-0.032280914836933725,-0.0018645848628377154,0,0.8942208536073234
10615,0.11746913459944547,0.025082562989255864,-0.026447095137997402,0.040805855436116395,-0.2169277339207661,0.11268639886258551,-0.008944097611467802,0.05404991377507754,-0.03580883374021256,0.032431338194890094,0.0022364886112169907,-0.019177970639767315,0.03412047521284448,0.016690422614036002,-0.01302277337095441,-0.008222893438576788,0.0934623154016641,-0.025500844705742164,-0.00041910395268062253,0,0.8835062522152977
10774,0.12682670925435124,0.049910924412147305,-0.01939397913092695,0.04607165229998504,-0.20609261913637622,0.13472382804560276,0.002921932211461638,0.04203377313690541,-0.04236469565671901,0.04792490952930544,0.0034274268043353014,-0.02000266175453387,0.007395013882395441,-0.0013681275813657902,0.0003812330741616339,-0.010867383115340419,0.09482738936757265,-0.02500204583421903,-0.013221872446496055,0,0.8947581766742012
10868,0.13876040300692044,0.0448840322233251,-0.044486554141307456,0.045307106119853675,-0.19842118360572755,0.14302127430195777,0.006987002422038517,0.050998948078246176,-0.05201933906693906,0.03756691973074472,0.015271493515123389,-0.010281129707503613,0.0037131540949428337,0.00658201058450385,0.005086658817974742,0.00926075640374342,0.08490211501352453,-0.019864434799174692,-0.0068666366514476525,0,0.9242811522849992
10954,0.13250093553847758,0.0350464640307734,-0.024749396012985408,0.03954217062237205,-0.22268487003028367,0.13607868803548975,0.006632455170725987,0.057097904990646736,-0.041685169519918165,0.03698777569916939,0.008640139773591352,-0.00775117708227105,0.014501193845825683,0.002422665461075961,0.0025630667932399318,-0.007231406213228086,0.07775286596981644,-0.02243866358326133,-0.00605466273109968,0,0.8823616711042517
10958,0.12651084552535466,0.03334626788315773,-0.029327617770262045,0.04664196682275546,-0.209339464622195,0.13263702851635412,0.00921451925778613,0.06206111340878824,-0.04631140383560869,0.01924268296776313,0.013894525250872838,-0.0056240530121286466,0.015303908929171882,0.0083138222222996,-0.008035001004206626,0.0024761850300797222,0.08178836254391453,-0.02733382547498675,-0.004241547760446563,0,0.8816441418381323
10959,0.1210809033004059,0.04040825143956566,-0.02728706188063565,0.04044647497902788,-0.20600517464771162,0.12876463453584777,0.0009815150569671268,0.05311416841630198,-0.05164689671594157,0.030199455028053393,0.015586932472268042,0.0007791535452671704,0.011193211512466699,0.005060105677032517,0.004484897514228803,0.003261810585488519,0.08403988294731171,-0.02635359109124944,-0.017250238359704313,1,0.8679443597054758
11013,0.13613152442196258,0.042857260993410806,-0.033574515556225606,0.04409094714607275,-0.18101366630873933,0.1488252192503826,-0.0010631426917915544,0.035869812600764946,-0.04060396844852075,0.04070757469617862,0.006949604976435507,0.0016822264911304989,0.017832886131943265,0.011963640906746625,-0.008987738242369174,0.015683711299345555,0.09858252591980465,-0.026029914257873692,-0.010349000240347694,0,0.9027988805800462
11066,0.133252158674914,0.04251376916516116,-0.02117128143046695,0.031801712540924024,-0.18746182736829925,0.1299783560037555,0.005468798575944752,0.04739270705056231,-0.046847616379900696,0.0372053870518045,0.010194214170419737,-0.0068847006761499924,0.019853168520607062,-0.0029501682757583085,3.388553614240813e-05,0.010073712529558772,0.08576567631055872,-0.020767314504846347,-0.009636888573318693,0,0.8492533433390932
11117,0.1393648873757849,0.049477595868531295,-0.03155670300547038,0.042794924912189294,-0.18618612370083154,0.13076096844058124,0.0025285583872131845,0.037839416012762216,-0.05132033780073199,0.03683056850390077,0.010649087822107045,-0.019771139555246016,0.013735885603858857,0.0022710686903062473,-0.014752134393825708,-0.005277955946600006,0.09674634689226023,-0.02526219717464595,-0.012463845143290441,0,0.9095897452301374
11136,0.13440444649590266,0.04227245095540123,-0.04136317269621661,0.04520215433515701,-0.1858743957557097,0.1352548463887283,-0.002517690796980664,0.04140134410757497,-0.045830818010797546,0.040255934871533804,0.012101721505756847,-0.02256880787886648,0.00802195897953204,0.0033809606446530325,-0.014875690915287102,0.0106229012044138,0.08234839959083401,-0.023442966631812258,-0.014352253495778913,1,0.9060929152609369
11141,0.1358643205676457,0.030738326186701453,-0.03851700158614043,0.051748518223061396,-0.18909954281468533,0.12999060286532507,0.006231238640199275,0.04127153116050316,-0.04159310454558429,0.03110343872939586,0.02347799784777382,-0.010234828206671901,0.009747909157863052,0.013391927475632592,-0.005978962077717152,-0.0169656151386598,0.09444165545274893,-0.039430430391509744,0.002701033921427645,0,0.9125279849892466
11162,0.137563701350873,0.048811880374619365,-0.02018003296389581,0.040581512158234134,-0.2028568990146236,0.13055222471126432,0.00872205810564474,0.046917873186625096,-0.0433609814121717,0.027683849566005926,0.01584163409738431,-0.005317407895166776,0.00836610635018673,0.018280933011414372,-0.0035885535400174296,-0.010477542960160116,0.08238548701550456,-0.022693529908094767,-0.005425293857392066,0,0.8796075014792788
11166,0.13534837882802214,0.041170645192845114,-0.03258597688786831,0.0576114293725201,-0.202336267088802,0.13072834431160235,0.007662721525707172,0.04518383375171738,-0.04675070064084723,0.03858968908512483,0.019238393083310854,-0.01708545341212616,0.010664617759820777,0.0012391920602614981,0.004944428270337263,-0.006017036895290076,0.07322582775967801,-0.010949682086486655,-0.0018713319488877383,1,0.8832039499612556
11175,0.13208125615300134,0.03326466047093258,-0.04145277407334423,0.043574850550595415,-0.21019244829354622,0.13640724799011994,0.011325893924865701,0.0625797355011309,-0.03702936187427301,0.044089182899637445,0.019347820573600214,-0.008004952243141294,0.006407132031678434,-0.007616188840231011,-0.008078627842048769,0.012248005130084658,0.0908710290335993,-0.032003860136702665,-0.009040249658678046,0,0.9456152772212112
11185,0.13635628107871875,0.04085714779169085,-0.03647641961902824,0.04033564036825906,-0.2091452636381907,0.14200578160694521,0.005492644549478988,0.04835470348998092,-0.045027543268987114,0.035692211290570514,0.014164857257890648,-0.015976691648383706,0.010633407856589092,0.0033360391823294613,0.008543003691004736,0.009614157199189658,0.08823441950475767,-0.028116482582235373,0.0032566650410672253,0,0.9216193606652979
11218,0.12555715786364086,0.033178287373467535,-0.02528861354728454,0.02793516049676952,-0.20645140680133228,0.14137021337666308,0.014807086986872917,0.04410323874982645,-0.033994482432004536,0.024589763385363478,0.002219273815779187,-0.005159040624902179,0.016321206033269402,-0.013567974657330733,0.0006296054580585813,0.0038671641855784764,0.09765826994908447,-0.028079279517780192,-0.011730949270561291,0,0.8565081745255697
11276,0.14237637547412083,0.026748101824649373,-0.02215539336779106,0.041607044010615664,-0.203826099560858,0.13994709100062014,0.010188596162901426,0.046269439197158924,-0.029602274836888588,0.040261387397071004,0.021963676537432326,-0.012560727842636843,0.01939611008331705,0.004170427226408398,-0.0041897815238508464,0.022420787346433248,0.09473017654100863,-0.02986900836867936,0.0013604627849683594,0,0.91364296108741
11293,0.15601387308398673,0.03385966541336892,-0.042782324892762305,0.054331844344723504,-0.18805046168136638,0.13155460286190815,0.009905670013958518,0.035382720438105746,-0.04077344668478693,0.03535209115119805,0.003182968601487888,-0.025570643232175352,0.013394791193424141,-0.0037284914532362706,-0.017955476446567573,0.0053378317600834176,0.0855751699350396,-0.03175809339847197,-0.009068029650779791,0,0.9235781962374312
11294,0.14642990050863144,0.039552375928210974,-0.016818925817486795,0.03636921246454267,-0.2056160414199436,0.13791049669115904,0.005758656105596546,0.04623250275094042,-0.05021275756620675,0.03625514410660101,0.0001917013099588198,-0.01482674112755805,0.025449697451163423,0.003278119861479352,-0.0015205868115791637,0.017294981952966363,0.08365152059961005,-0.0156489597636352,-0.008806778390638715,0,0.8918251006279084
11394,0.1245968971827667,0.044917940254346346,-0.02382245133827458,0.047716062239402765,-0.21058720995552985,0.12416320009073557,0.0068620298677108385,0.03938817168963091,-0.03941079163866672,0.0271152694633773,0.01125085846007766,-0.004151452773257467,0.022795413255572012,0.008044830247966315,-0.018464798156010036,-0.00021738750946242083,0.09739417044069329,-0.029502763729661062,-0.012594088082949841,0,0.8929957863760917
11403,0.15236117053343687,0.04436544166968103,-0.023517861794351957,0.037974506900282194,-0.1979528932514792,0.12706864959652325,-8.384178887550032e-05,0.03998543970432639,-0.0542767142620377,0.026890700428599257,0.0026592207642292145,-0.012411549610057346,0.015435458033643152,0.021591085622391135,-0.003888666516961087,-0.0036998144509684913,0.09762905566208395,-0.03867338043878268,0.00036741865889647986,0,0.9008328696876069
11502,0.12523146185256576,0.0367896713826885,-0.039318605041882455,0.03935177680804523,-0.19296034222242195,0.13692410314625514,0.010000969249741429,0.04118316736276429,-0.048760690336180704,0.025594657033152217,0.02270144820626527,-0.03146825630286261,0.0007769618858946712,0.0017405251377614853,-0.0012452059693376703,-0.005517706711619255,0.06376557699231182,-0.007887008767902139,-0.012517086004388195,0,0.8437352204140408
11508,0.1455577251370703,0.04045117089327054,-0.025579276345380694,0.05119872619105899,-0.20903687370898183,0.1513019662889481,0.010704523232552433,0.0538973200510754,-0.052047737867551735,0.03333101907616313,0.005593340178392438,-0.0028987631268046258,0.007869858139654995,0.019504972284699065,-0.01244684182965908,-0.006334596037233857,0.08164908379832882,-0.013772971523921321,-0.0005326283361715918,0,0.923709394046919
11512,0.11764190218385122,0.036273469971690966,-0.011835102092796108,0.025978936913590173,-0.18505680746303324,0.13868150716992947,0.006880041098655998,0.029953853387250665,-0.04424253293723648,0.025872770337081873,0.0013527023403344795,-0.0014426174668312577,0.01867606553821284,0.009321064820946879,0.014598011396971616,0.0075377417092456,0.0852920473201162,-0.02750735079763356,0.00018808921140432057,0,0.7883326141568129
11513,0.12582758738737862,0.032939309031637796,-0.0232665924879852,0.029050795085742733,-0.19068314297001052,0.12855260531828885,0.0010745628947123702,0.041385557880910445,-0.050914367781266685,0.02221393866700172,0.025929678969825485,-0.02122675402222525,0.02837079194132425,-0.0013579679368852127,-0.019863068046638403,0.00512464501049814,0.08436366892307072,-0.023532000399626513,-0.005400983390400247,0,0.8610780181454292
11526,0.14931770544988973,0.03997850758719866,-0.04528120624403414,0.05645315951002505,-0.1983825270038162,0.13239056363824286,0.004536740818970484,0.04749430855342667,-0.045799504565517436,0.020624595131472235,0.012200910000302372,-0.021446340593225213,0.019905545082400868,-0.010485138375974073,-0.015899282191882264,0.007628186356496825,0.0871533992283634,-0.029134981082783642,-0.007082401413431877,0,0.9511950028274541
11716,0.12491419774136778,0.03527119171493984,-0.019926682966059137,0.0437591589129021,-0.20598702871759392,0.14657446220198522,0.023231514505751432,0.04719019816171013,-0.049491293751767,0.02997654568227209,0.01375685227186034,-0.008164372593687973,0.01093399144423597,0.0014716183390736993,-0.006212985094790467,-0.007851865681328993,0.09653557038949655,-0.027798434056393317,-0.004159624299085334,0,0.9032075885263012
11781,0.140350255996424,0.03672084569459964,-0.04865189440404861,0.04067337904050761,-0.20755184029018123,0.13915869896734828,0.011389306630848077,0.05132106910719145,-0.036355860322563646,0.017581909960806896,-0.005893800399250138,-0.014516446272543048,0.025635788502679377,0.00809191090068579,0.003489199653767284,0.0017778979732095098,0.08989229547393456,-0.010989217280083594,-0.026928943356004865,0,0.9169705602266776
11860,0.14622822311882389,0.040775221923333896,-0.04482666257295813,0.026080652905996968,-0.19102841087068637,0.1367460084835165,0.002175264449009071,0.04596402364531955,-0.04043186909688616,0.035391468798395234,0.003320231623024581,-0.01955447098625307,0.01707796327059886,0.015504424681224647,0.00783256551608855,0.017398821757472573,0.0766671658362583,-0.03420939664559902,-0.0021952427252538436,0,0.9034080889066992
11942,0.1330472860805626,0.03061115390121039,-0.04540733059136898,0.04702156779918292,-0.20639499387860433,0.12792582795135582,0.016040218524464418,0.0396993191710081,-0.03962965125142566,0.03293914265616554,0.020197340767549414,0.0008966374110919867,0.022234656349796524,0.01103294679557759,0.013950055262398571,0.004685914687924773,0.09284233603308803,-0.01538846550268645,-0.0055032006993034985,0,0.9054480453147656
11964,0.14416745499946207,0.04745188545273707,-0.03781792597577547,0.04426350453909891,-0.19172416474061893,0.1488035591848395,0.004510139958721745,0.04719135471366413,-0.04617080346553476,0.0361260941356828,-0.0021213175553750243,-0.03635915935208815,0.013956141754902153,0.009918377535984303,-0.010113839866474406,0.012430097599265413,0.08605767458110199,-0.0216769115604591,-0.008409184485275566,0,0.9492695914570615
11997,0.13080438596244512,0.04974860227628974,-0.036111172912989965,0.045342293467684494,-0.17859025098237333,0.13203440089437893,0.005118685104286423,0.019243245891377034,-0.048772211239371165,0.030308353805806532,0.002749049942143422,-0.022340905602881062,-0.00178173452381162,0.02135403693364277,-0.003929943751483564,0.004522101485580903,0.09868357840886213,-0.006100500600387596,-0.014781259768520372,0,0.8523167135543162
12057,0.12987950506565843,0.04185579399918031,-0.029162605657812996,0.03658284908813402,-0.20424358248510588,0.14299706494387984,0.007585852762235845,0.059018535141835186,-0.04136090980410645,0.02755869381196141,0.00584030093503412,-0.00776121377707141,0.010342565045998715,0.00027800655667567,0.005741931301734926,0.015527318429751292,0.09602125037568125,-0.0300984446841085,-0.010712686741431318,0,0.9025691106073975
12120,0.15020052374518755,0.030140047571847812,-0.025311616801289346,0.041642375372055895,-0.20648980369245856,0.12650001706237773,0.003997832924955951,0.040372251922311864,-0.04716545530756917,0.01730150068408862,0.0012197197208365835,-0.011872413405831709,0.01323013014067691,-0.0050345775145589355,-0.01728721269451542,0.012751059118959523,0.09041082364988179,-0.02562957490260174,-0.0007754505310982025,0,0.8673323867631033
12192,0.1561294183275976,0.036609776804247145,-0.02858955320994653,0.04383049557333871,-0.20103054473424636,0.14850886491540086,0.007531081072445728,0.04903256739230548,-0.04049994752618186,0.04082959772837038,0.002536194781989945,-0.02435488873278154,0.02413254521569016,-0.01008716145038056,-0.007242725119936207,-0.0041928788094418926,0.09780600233653505,-0.014470621848656528,0.005747509699475044,0,0.9431623752789676
12224,0.1286793841730072,0.03777600179894253,-0.020588493783808278,0.038450995977239985,-0.20067146475246564,0.139230628954617,-0.0015395154358927839,0.03978032386386044,-0.052384994692832365,0.035938247680421115,0.01962932665237745,-0.013142493112246648,0.00041303482246295674,0.0003533023662713023,-0.005923942087976357,0.006231462646566967,0.08687477126372813,-0.027098575709789234,0.011409467990123719,0,0.86611642776463
12233,0.1510535045456514,0.0197032780319992,-0.05031158040197823,0.044013966574966736,-0.2005908952250047,0.13347094705474274,0.01748236120416812,0.03819498456937386,-0.02821457856849228,0.03435156489323447,0.016946732855050297,-0.0031716956958332543,0.01286292255469467,-0.013906875931669536,-0.013498486042576698,0.01555317150449843,0.09344043404412332,-0.006698948880300041,-0.027440488606370876,0,0.9209074171847289
12235,0.1369843787115015,0.04679945293506175,-0.016992005864926118,0.043163554145757614,-0.19714423086961652,0.13436669289331954,0.005958985425559211,0.04472053747875686,-0.04901485932249464,0.032557701311375475,0.018771657398382467,-0.01456529481321347,0.005242584770371414,-0.00715420504734392,-0.005475675018261015,-0.0015812417272895376,0.08818008735112647,-0.027732612292503647,-0.0036632264725103454,0,0.8800689838493715
12236,0.13415554694923115,0.023484918458361374,-0.039759462992074134,0.04169908980495672,-0.19957345433779622,0.1261752246183411,0.01026639075467584,0.05731713023435043,-0.059939857142193985,0.02842424980114957,0.009079460167530216,-0.018521329945115527,0.014871719048153046,-0.0025628318901542266,-0.0007156916672565513,-0.005608320828705186,0.08515836154188407,-0.01971399465898,-0.006797920359342834,0,0.8838249552002522
12256,0.14176909858223843,0.03077159672833542,-0.032354589295401526,0.04004112916114185,-0.19623447070174177,0.14126493380004418,0.019660327876334854,0.04162420498184361,-0.04198395134457342,0.027979122175137785,0.021335300836101207,-0.015796358586344525,0.018583231780043577,0.0131245037515466,-0.004308240349277017,0.0033317806523506122,0.09610042291809705,-0.03120540056442841,-0.015881727716092163,0,0.933350391801074
12279,0.1420635145083061,0.04887027903882344,-0.0397402499116513,0.03936809692870922,-0.2018536000436084,0.13159770567247303,0.010737328421272008,0.04982809814674411,-0.05219258395243779,0.03383695475908106,0.009522225607084512,-0.0159910072831047,0.021153787025774203,0.011368535021255455,-0.0029760231144094302,-0.002989145197896523,0.08801990210259565,-0.014599692947822636,-0.01457826708369478,0,0.9312869967667443
12358,0.13585625117878203,0.03905304416388115,-0.03357414677425086,0.040748691838092266,-0.21433103778541018,0.1406083314000237,0.00951796796480306,0.05301614029387703,-0.040388435904374756,0.04681307505338994,0.009736695727945718,-0.00962580975454413,0.009022184899578694,0.008402092864516793,-0.010277963305997409,0.009697175585858354,0.08662985432669347,-0.0314778255588422,-0.0014551555122232027,1,0.930231879893085
12385,0.13167210012875555,0.039559317029667196,-0.0571481354533239,0.05322038985237193,-0.21087400417741128,0.1359130238576272,-4.143609538741424e-05,0.030838485364658146,-0.052930650211042554,0.042646797254023955,0.010569407077266882,-0.01451560004597123,0.008398688055455251,-0.0013780184783132386,0.0009754869160890304,-0.001611083841193715,0.08783302490472321,-0.03487521927080314,-0.0034447973255091672,1,0.918445665339594
12440,0.13971047860392874,0.03680902471364612,-0.032439239063360145,0.033816124873268925,-0.20827528538564966,0.12716194933879374,0.0020505395440983737,0.044147613946190614,-0.04294676161627421,0.026879512210837588,0.008361643722219692,-0.01763145764749822,0.011664943702503802,0.014408172337114493,-0.008635725043270471,0.016797383658400788,0.09416643254115044,-0.024297601042451992,-0.003710584318805744,0,0.8939104733094637
12515,0.1409329632761896,0.03928691642491414,-0.02475931384767555,0.031169360169174057,-0.19162036366026228,0.14654666003140635,0.016212994597246115,0.04303126053010038,-0.05380470286263942,0.04538320017129367,0.0048039765400880435,-0.015824042275132625,0.04199801690400433,0.011610716927497652,-0.010830607535807626,0.02450861360236338,0.08153486389265192,-0.02437099227489424,-0.005475221322489417,0,0.9537047868458308
12538,0.12797770602613823,0.034414145128439724,-0.00644229950214293,0.04750847977900722,-0.208729535963485,0.15124607517273309,-0.0007936734116345838,0.052921999249641916,-0.03906304563802346,0.042275580928554934,0.01999399660017665,-0.014647535762856094,0.009892785609143077,0.0033725362977959005,-0.002166000465169509,-0.0042288555326929515,0.09371643798390565,-0.02003943612040575,-0.006997954489525336,1,0.886428079661472
12574,0.1126894128382571,0.03548625954974783,-0.03258831378220372,0.044202159132532844,-0.18841311230509158,0.1252667182424794,0.013918986927276309,0.050479725950056765,-0.035251327130780746,0.030399724228069407,0.010343265139453491,-0.015182050968690597,0.011725465455592134,0.017875232228895106,-0.0012541733504212427,0.014527870015912728,0.09669711192894304,-0.012545090481509098,-0.032569384990224,0,0.8814153846461371
12580,0.1275371720092742,0.04302658517163285,-0.004273381935103467,0.04521495792188784,-0.2064601236203882,0.1039047542773826,0.007295390662448307,0.0628881230615585,-0.042701016559681684,0.04215968778758895,0.0117639545723632,-0.0052720885982470945,0.02875965369149671,0.0164621666574706,0.006042676568517307,0.003871492788429863,0.09876056727276297,-0.04980437600819948,-0.01616049692555193,1,0.9223586660899857
12608,0.11593213932532055,0.04752166411101659,-0.02259458522301591,0.04452757952815157,-0.1986951188255319,0.1275793957914755,0.005501482031942168,0.06070507746069591,-0.030950943745910325,0.025407677796986113,0.02314630755302957,-0.00386147172162338,0.015024242025922624,-0.006021586894366449,0.01659191993285902,-0.006521249371779646,0.07695325414039138,-0.032863922981113784,-0.011127712301695668,0,0.8715273307628281
12611,0.1447965147796135,0.0330101155458224,-0.02511001273190778,0.05625906233135761,-0.2060109109938713,0.13810506116564147,0.0030742174438107245,0.040506709465366005,-0.04055929950317424,0.04496592520410098,0.013403290544622502,-0.009890007656713917,0.016897537104303244,0.013365746178354282,-0.007626831567882379,0.0042264739726217285,0.09757511412751273,-0.023649741494260627,-0.006032383829348816,0,0.9250649556402862
12644,0.12445487627617502,0.02912295339150435,-0.03082399019470831,0.042309531624625404,-0.20121984715093597,0.11972169147004272,0.004568985709357839,0.04486927648761688,-0.0416769304489134,0.031059903264381263,0.017386912623149883,-0.005675735979851398,0.009562007237406247,0.012304756942545425,0.003431545187990167,0.005755525320775128,0.07910823216934779,-0.03448588843417774,-0.004412885727759938,0,0.8419514756412648
12766,0.11631921200853743,0.03731601801434417,-0.03283926099282851,0.04296132675610102,-0.21167787405459648,0.1453472384244122,0.008149503522920421,0.05124105938994904,-0.05203817650671942,0.03470887799726917,0.022676904698037334,-0.021341935532923264,0.009953536727175298,-0.002237089191892135,-0.008289728144556703,0.009265678054512248,0.09836054211927452,-0.02473133970530807,-0.0016935668320410674,0,0.9311488686733985
12803,0.14711687579477709,0.04378660353832091,-0.03431413906157139,0.04856881768196349,-0.215476868478036,0.12652534602633386,0.015538210078844065,0.036023466084077915,-0.048757295527306344,0.036130520429222976,0.009424793027633008,-0.006044507884285157,0.0076836082098745255,0.004456811994448137,0.005314405570670933,0.0046145514532420166,0.08143163870038499,-0.03127970803130758,-0.0022304534839288864,1,0.9047186210562292
12823,0.14575113785865662,0.04457099884135022,-0.03462885786395969,0.05568822510847066,-0.18854753541037234,0.1540808230449169,0.014548816139213779,0.06096684001136349,-0.04942077396828632,0.04166198578666407,0.0007852429740560216,-0.01636417897655283,0.011472212403620648,-0.010883480288181965,-0.00018360514944615913,0.005334293997125,0.10009801337343478,-0.04438140753069595,0.002042908939903128,0,0.9814113376662705
12849,0.13040377927989288,0.039830397909737525,-0.034302961475319714,0.05517186340722418,-0.18573548950369806,0.14175617746236266,0.0071631740837971355,0.05009036111134852,-0.039031218447790735,0.0451903013908822,0.008200978691854191,-0.02389160143973092,0.024686364985053815,0.003678049219173643,-0.022389171466435376,0.003559845021850505,0.08570901177309909,-0.02327101482615301,-0.012756880588750706,1,0.9368186420841549
12918,0.14854700737160578,0.036499574386797976,-0.0436180025092463,0.04393766660136651,-0.20371226250792662,0.13276666472655435,0.014841454366419687,0.04106347787210571,-0.04127305404096439,0.023827255723988295,0.019431195132799384,-0.018232274313661374,0.009650081732743756,-0.0017614695007236445,0.0018361445176663556,0.00030605862613404994,0.09412968106378738,-0.023575762140382112,-0.0057966585967173185,0,0.904805745731591
12926,0.12811051520505903,0.03052007347299856,-0.03881937846953632,0.0340791936924543,-0.19964518236672416,0.1420035201681382,0.005561420714723791,0.06284454192998037,-0.042212390440739996,0.03096204294115496,0.00285528122238759,-0.010293443906926368,0.010936872997950414,0.004366166195674156,0.002967923623524124,0.010569599794778495,0.0775639878219938,-0.027908826219229608,-0.00436757026081986,0,0.8665879314447941
12963,0.140146410803934,0.03611833324338627,-0.031485162736796427,0.04381716064831244,-0.20539425390654448,0.13191456508920485,0.010563121039716948,0.0487251630967162,-0.03814178793039755,0.02724888281743023,0.007323367033842006,0.01189927356769716,0.0004450084410669481,0.02299999688020145,-0.0010459092929636163,-0.0005483343499470266,0.07443272481566149,0.00010421296138456966,0.0011462610296586948,0,0.8334999296848623
12999,0.14511678556881902,0.03237241190607046,-0.031862671273695284,0.04180668448340202,-0.2105057334603232,0.12274221863253533,0.013379609715673884,0.05317497804251131,-0.02793696631620419,0.041135543935945006,0.010840719733309072,-0.011153724122645927,0.025576542074437714,0.01031935972357196,-0.017301626149322714,0.01908652270119451,0.06902927916578908,-0.0246669317752112,-0.010403734414271764,1,0.9184120431949336
13037,0.14045240980929685,0.04022715680541123,-0.034101973410387884,0.04270612369749741,-0.2054922760284651,0.1260447587981489,0.019291258549754695,0.05298853551880385,-0.03539463743399983,0.01927817261694342,0.01728277492301487,-0.014543695912114284,0.01663697923191288,0.0012207412652349451,0.0054038500715452974,0.00815323135030969,0.09219020921597529,-0.011357837202938438,-0.016537823752603917,0,0.8993044455943587
13077,0.1347854130866041,0.038665159426745956,-0.030697634138935746,0.04045130551454571,-0.2072399915792682,0.1324923310938466,0.009368863355577874,0.0485089712866726,-0.03704585875083876,0.02818717171856358,0.009526911855071346,-0.008123159269788937,0.00329966685518925,0.006489125706590187,-0.007185726910053344,0.008377916177807178,0.08387451691522893,-0.019110512658135896,-0.008962569974429053,0,0.8623928062738933
13101,0.12841011793631715,0.04741288631219377,-0.040159085196258194,0.051993390642022776,-0.18561451963172684,0.1303933973735348,0.0031022261312518198,0.04768359827067686,-0.04149172223905688,0.041815446748192535,0.006077324374183982,-0.028259990312474035,0.015016066878396012,0.009304294442024184,-0.005395056884277048,0.012880483697963645,0.07650336028451084,-0.025211818327355223,0.000673489619320376,0,0.897398275301737
13102,0.13899607590503557,0.02364706423780507,-0.029725577031202783,0.04748119828752251,-0.1918164153368812,0.13786098254324114,-0.005093429330659176,0.051520617151594394,-0.04859130151921865,0.035281894045250714,0.013537254464542646,-0.012197665286963406,0.028666844249910665,-0.0027397673416850775,0.012800518169408451,0.021533692899101186,0.08513437283940567,-0.01754704065857152,-0.0005854593892797175,0,0.9047571706872796
13135,0.145456125289388,0.02709931971788801,-0.0281679188800124,0.0374882768547388,-0.20308123890982666,0.1404674127044455,0.013907973537629018,0.04839718781077749,-0.05236476229483021,0.034215743498364565,0.006684061818258454,-0.017577471644029875,0.0086515664161141,0.008738213310427108,-0.016012283633472155,0.0005164232146173827,0.0884072054526982,-0.024169577817783987,-0.002044629117896764,0,0.9034473919231987
13192,0.13874069939675054,0.03912956220423104,-0.03362080146955994,0.05261990768998013,-0.20035727341695897,0.13816331212252433,-0.011079557589770417,0.047980983986318324,-0.05150376559052676,0.03187409958443431,-0.005601710904418904,-0.015567044443912848,0.013915793131314571,0.022343558576386095,0.0034791822351785445,0.019633905720910477,0.09269198459381725,-0.021336804858744444,-0.005054164733548495,0,0.9446941122492863
13205,0.13453734406452936,0.04481351959412485,-0.04347293208622595,0.050285220205216495,-0.19916741595198817,0.13531073580236694,0.011300005389891236,0.05096600826215692,-0.04585356293294446,0.048761025746687094,0.001497656265606848,-0.009893447272276775,0.012490972467542752,0.01312056844164321,0.005233632454866806,0.00027034345708958426,0.09157589014466928,-0.02382515452128522,0.0012612352879123787,1,0.9236366703490243
13206,0.13817648603467006,0.03668116718320164,-0.05424451561450595,0.037430805464649414,-0.2019282649908101,0.1369122405398563,-0.000861618778742609,0.04998359476057282,-0.046947915021809374,0.03393986699819017,0.013175594414886667,-0.008666288765133184,0.01652979446821971,0.004320889866061384,-0.018964991400191263,0.01634749091683841,0.08841929430378327,-0.017273453070508465,-0.026093424294595394,0,0.9468976968872261
13262,0.15249572932859237,0.041180873707013295,-0.029288842391489607,0.03236706641101605,-0.1956593304898283,0.11807300908916808,-0.011202108861832335,0.05454875668339011,-0.06451822429651888,0.031006260135721123,0.012570132831166163,-0.024431917419808595,0.02577137925681683,-0.0038376119007184064,-0.014302352400837859,0.011590902386654212,0.08423072993915137,-0.02271795837758613,-0.006750693605898957,0,0.9365438795132087
13278,0.13405040079144098,0.03235982852352536,-0.0338484872966321,0.046527360409217434,-0.18921567207205506,0.13295187727989638,0.012805627636785517,0.044870869123586454,-0.04211841615648253,0.026937948501282276,0.01178479353141931,-0.010878376474155656,0.003711554208296098,0.012476204786787274,0.007086237580787406,0.0017644951977486834,0.08853971350879625,-0.011934958133976265,0.008484842304120282,0,0.8523476635169913
13350,0.13090931963197436,0.029750285643202985,-0.036312351307309254,0.044044099266910657,-0.20185644850167686,0.13799914454660164,0.004701014345418629,0.04729053631304602,-0.050345869038468896,0.039613212120949814,0.010996041986468334,0.007538777820819789,0.00886877544003035,0.0026679505879784664,-0.007022797358861435,0.0010298328631362266,0.08478703617335627,-0.007914111342213816,0.005048307755683517,0,0.8586959120441073
13402,0.1423413167815094,0.03216740666315047,-0.039162590811762,0.04395816967060123,-0.19691137350599233,0.12777140000459541,-0.0004129556887453707,0.04319309130725778,-0.03767220417826583,0.022894362802956394,0.010099364954839174,-0.02741942015274028,0.019271022832199208,0.0005956947561945796,-0.01142319342989987,0.0019043258703223835,0.09364914573619436,-0.023315208503550407,0.004140471770300232,0,0.8783027194210767
13413,0.1487882266524754,0.05408020203959855,-0.023947996997010203,0.0442983931619383,-0.19793226379902856,0.13119565995273252,0.009320368623112224,0.05563716890127076,-0.05015803082842861,0.034594433615448734,0.01373734359445089,-0.007927348031717097,0.016641650482825197,-0.00012738764040547493,-0.00727292550221234,-0.005284108730203025,0.09898725757776784,-0.017990334160882242,-0.0021239564895467774,1,0.9200450567810547
13420,0.1347189054692477,0.04654794547537085,-0.02840884447887318,0.03296046453876615,-0.18488319210232002,0.13536461405205996,-0.00033703543737537297,0.037335202257286836,-0.04149461171645576,0.026869114813536463,0.003067914215984613,-0.008090543195244595,0.007414694241142441,0.004217954259221987,-0.003393827717731506,0.00509491155705912,0.07974783623342822,-0.026163310065799764,-0.011112309207695167,0,0.8172232310345997
13600,0.14692510326728528,0.03148872003353718,-0.03329767060249267,0.043328819457901534,-0.19499966402077,0.1281376794216829,0.0014681627108206461,0.06014964587247672,-0.04978311435659315,0.030301714894833437,0.015673090456531914,-0.022788518819582406,0.01330463422889874,-0.012623893210802584,0.004061790591122664,0.016287002553410042,0.07910014860317154,-0.029028542903926452,-0.007939812909764022,1,0.9206877289156039
13683,0.13905141875573301,0.050163489687877545,-0.03107469889628026,0.04986905428430004,-0.19765633270173733,0.12409252374838263,0.004224499210209117,0.059260972743694726,-0.05093790642567007,0.04931533200319318,0.006669181334415048,-0.015461668674451088,0.016220522655417045,-0.005848269922358461,-0.0016124094249125914,0.004924649344438532,0.09513299689780468,-0.02383413054431994,-0.0198830053077286,1,0.9452330625629238
13688,0.14054155090848428,0.03738251982189842,-0.028594801302044663,0.04790230427999161,-0.18045985091546443,0.13087408095473632,-0.004900593633017286,0.03187673647761911,-0.06040681825836509,0.043210844494876506,0.009284229410459569,-0.007206481871977524,0.0043057908049426085,-0.005409935531321699,-0.0033831272924297797,0.004622055795428526,0.09226187347160157,-0.023612180385468844,-0.014335100599715753,0,0.8705708762098436
13914,0.13032261668262657,0.052321022224467294,-0.02589125391619258,0.041984533544867066,-0.20491063254315545,0.13118735942369208,0.02389982271004451,0.0453502600579504,-0.045222888985367644,0.03770308172342119,0.004074258909404203,-0.015310634960838674,0.012937480550274348,0.0008400720031283815,-0.006788195356933667,0.006181726445504113,0.07921821321998992,-0.03348771764946221,-0.005123728692450251,0,0.9027554995997705
13939,0.1375167866761885,0.03615976229267209,-0.049197505649851814,0.04054401905452598,-0.21440171820351056,0.13602854124511982,-0.0013912300633870985,0.04129918076080135,-0.048656489825018835,0.0320212091439676,0.009423045835917769,-0.01635898145874347,0.020006789670386414,0.00969725549881346,0.0062025998413811605,0.007995421141411397,0.08927589183862676,-0.025707631736939122,-0.00232749949049078,0,0.924211559427754
13940,0.139105468438636,0.02703575610408656,-0.030491682965847984,0.06089832616542885,-0.18900849895441033,0.1407602481113669,0.010997044726661638,0.06335755714013784,-0.042044227614447365,0.03476835687476297,0.017884733545751114,-0.02894080735999969,0.01750087703369305,0.008549381098149022,-0.014305476716079598,0.006077383852301323,0.06629153846389536,-0.016695196922858428,-0.00029996943530012296,1,0.9150125315238141
14022,0.14973959564680922,0.02766414516427782,-0.033737017399938264,0.035434174041743816,-0.2049377867065491,0.11780464356862365,-0.002009019548093828,0.057240937919156014,-0.03995820865173178,0.023550261528281876,0.0023930416147296798,-0.013649021915571508,0.015540182548235651,0.013360132793260829,-0.005265904988658057,0.0055231098473159206,0.08763618375534032,-0.023796406486530895,-0.013214679762208954,0,0.8724544538870572
14036,0.13826358272702788,0.0353571348702067,-0.013793867210788366,0.04563705698502299,-0.20519010494201292,0.13507364581325584,0.00845640915726721,0.058730564450098,-0.045136804989842454,0.018975664296352276,0.002306961071139127,-0.01289024294032306,0.01581409251576995,0.0066058168040044885,0.0014747061336412809,0.01342562705728755,0.0784714539985805,-0.03294447900696047,-0.0013522777667652685,0,0.8699004927363463
14043,0.10405811223223972,0.02534265503764019,-0.025714677812335295,0.031208037048267565,-0.13643826507160517,0.102356359479151,0.012293152949177195,0.02166297798682505,-0.04398507009509534,0.020165399219497376,-0.009720700488603741,-0.0034849237721729705,0.0055780220377587425,-0.018463089898736088,0.003286973140086004,0.015518402831985972,0.06804307685463082,-0.009733004988144856,0.0022637706583017673,1,0.6593166716022548
14058,0.13415619492057668,0.031468745224654336,-0.03784840877018963,0.03541771973148896,-0.18710443242700558,0.1296889978753845,0.01742840903973672,0.04729395600891919,-0.052741485017742465,0.034214272330832685,0.009449363526956791,-0.02609958417208788,0.002129374477955754,0.008728557291067703,-0.006785627501006274,0.0009630647789407007,0.08566418722860546,-0.029125232702626902,-0.0020131645002476753,0,0.8783207775260259
14106,0.14112222811147562,0.0357639970584586,-0.033763677888170716,0.045024751917082315,-0.19531249459636832,0.15696124318002225,0.017950407700521403,0.046083015216440926,-0.04195254652236715,0.033349840811170955,0.005932917338788258,-0.013205015784038415,0.015620198234787334,-0.00031778637291302795,-0.003921813890121368,0.006917262758569197,0.08441695892097557,-0.010554323758074809,-0.008027753324820733,0,0.896198233385167
14112,0.13622987325998517,0.022746219842309796,-0.023665842883138725,0.0484543116206295,-0.20107530880879632,0.1419377127524686,-0.010202220476107129,0.04220250625798584,-0.051252209092456334,0.030124536931294462,-0.006743199785527678,-0.004882198698700701,0.020932733299939516,-0.00393180612164009,0.0004259710147988911,0.009525530969863697,0.0875208406534678,-0.023035363364300246,-0.00214980473485511,1,0.8670381905682656
14222,0.14408154831475717,0.03480407265545855,-0.03996866317777422,0.0529577954672588,-0.19742657085191292,0.13831598110165064,0.015181927213892834,0.04921163285721779,-0.04837640773381457,0.02404920068602699,0.011770669524138407,-0.012286355568613782,-0.0065631210586032515,0.0056280614600296005,0.0058790004058035285,0.014764078271151072,0.08706720025899985,-0.030667441413673422,-0.00289185041060422,0,0.9218915784313816
14238,0.13889160197837208,0.04347233053643488,-0.03674354571578893,0.03822648271151023,-0.20159925620660538,0.1451711742630394,0.011351820971225324,0.05279277297989648,-0.04501759875296242,0.035151296892482795,-0.004916161051324248,-0.01052258974458037,0.01017201222630563,0.006093251588399775,-0.014832829326474296,-0.008709649426054454,0.08884766793103271,-0.02970855898175833,-0.0058631887625263685,0,0.9280837900467741
14384,0.144803446785107,0.03538744367815068,-0.04174161482530147,0.041788911839315955,-0.19151167069614303,0.1264225518825281,0.008470348769375207,0.06999631752252797,-0.056557301987416965,0.031599755332656666,0.012254213448801923,-0.015610265330946227,0.015090984765801726,0.0035189033474650896,-0.0031238094761347336,0.011816605798703875,0.09233751628898801,-0.019041693001222954,-0.0017650691069280174,0,0.9228384238835156
14441,0.13096909531758338,0.03461948642456709,-0.04032251154726814,0.03873113903644453,-0.19020674907173007,0.13583136577068536,0.018416896946152905,0.057753140745295625,-0.054110231893339786,0.035692245969185264,-0.002817370388811345,-0.013720834411678274,0.026332800328622077,0.016519137107084404,-0.011067931035604914,-0.0072085405563074995,0.09581422226892047,-0.029212256461475822,-0.010065623901305488,0,0.9494115791820624
14462,0.14143376454029627,0.03114863728553046,-0.029789783707686732,0.06769019859016724,-0.18528674376843465,0.14547539351265373,0.013084288400494491,0.054539290779254894,-0.04893507265298882,0.030722284471503915,0.008127509064407283,-0.023645896925717103,0.01671260605196862,-0.010355089652462625,-0.012452243659835471,0.014787301586127451,0.09288363034842376,-0.03727599765160852,-0.0003301894539599867,1,0.964675922103522
14482,0.13333979208050692,0.029438389004322822,-0.02259463152739981,0.02964328485947509,-0.21249226268905294,0.13900525240759923,0.0005594290531210699,0.04717690124705299,-0.049698862209245596,0.03461173363620894,-0.0021529948943675836,-0.013731817733591027,0.025061955067825756,0.007937062199816582,0.0013488688668555487,0.007295010506416585,0.09095288154229168,-0.021869798994163123,0.003212008882580656,0,0.872122937401894
14571,0.14261325489671936,0.03076039974309797,-0.04236822619775405,0.03767235439072454,-0.19884462258859953,0.1331029409220073,0.0005181893928767445,0.04812433579676716,-0.04463399346410688,0.020165153052942423,0.013235684260140436,-0.016330785791586346,0.02458666240305438,0.004001764750043259,0.0008945651803649848,0.0038528475519238633,0.0898717181022095,-0.0352013798945663,-0.0129738662129959,0,0.8997527445924809
14579,0.13442310770641344,0.03808258432234664,-0.033182552676012965,0.037856170706579366,-0.2016063797510153,0.14478632371655517,0.004227584747784898,0.04965613958749742,-0.04427074934185091,0.03314845730020174,0.009905575110683641,-0.01424719560020548,0.019206561253716246,0.008398891817839533,-0.010119988485412927,-0.011868690986516233,0.10172181855152569,-0.04349297367081333,0.012626991559556147,0,0.9528287368925271
14594,0.14491509054995674,0.04597490610014143,-0.022329248060018826,0.02937854829160398,-0.1973279421901334,0.13926608591295503,0.021528383085529828,0.057875084922841415,-0.04363801063791721,0.02193226325291781,0.015790093839967875,-0.0064685895160433915,0.03181264555557127,0.008785897810423274,-0.007417577687502419,-0.009099977902788492,0.0764689422812809,-0.02314161049424359,-0.0032406895538428363,0,0.9063915876456797
14607,0.14150376867920697,0.018582159126715517,-0.04605807637169448,0.052481404340252294,-0.2075478980194947,0.127895444584222,-0.005117739343759668,0.05825641762718478,-0.05107406125836852,0.03517420614568419,0.014590478365709723,-0.002096335123369511,0.010674913856142169,0.011616681407034656,-0.0078786748986313,0.012878846659863578,0.07527704438715904,-0.03119537675904467,-0.008050952527646779,0,0.9179504794811846
14615,0.1265467315195176,0.04971631602042916,-0.04266187336323662,0.0381454475794371,-0.20051036703922698,0.13080396152934323,0.007748985673745629,0.04802698885587982,-0.048768082052185115,0.03377986965825287,0.014041318211547811,-0.020539865269977062,0.01996540804312736,0.0001268986522465526,-0.006952431297108239,-0.008806153234208233,0.08731874853344833,-0.01541026164407583,-0.010011678606256638,1,0.9098813867832501
14651,0.13451153984113232,0.014717767929395607,-0.03284783646329697,0.039691218670161295,-0.19375646285596976,0.1420032471804194,0.016205583348643565,0.04701236142681673,-0.03678089830775411,0.02938252806585955,0.0005000460587116524,-0.019462283838233518,0.009976795616927893,-0.004377692236257315,-0.003904141719942024,0.0011259776563646913,0.10237855545386043,-0.044178827340416706,-0.012604438620511133,1,0.8854182026306746
14671,0.13371668466422235,0.040916575927527885,-0.047648244899604925,0.045522014895141044,-0.18959521149115457,0.13550139796649302,0.006142671434484949,0.050889878220574315,-0.04230816760335353,0.049282793527633095,0.00671338658340984,-0.0071735968956795305,0.021979307376872814,-0.0028788117420172677,-0.0030097150017346142,0.005753599139800388,0.09082489725717534,-0.018355193067401958,-0.0009204308257859244,1,0.8991325785200673
14697,0.13958045026857693,0.04724109294476972,-0.0259550562567931,0.047485713747284844,-0.1876940746435686,0.12878908526303803,0.012201854118089685,0.0540382261534995,-0.06082986537511932,0.02099410218090539,-0.009402340696682148,-0.02166319898997007,0.0032029422154042134,-0.010122806571352198,0.0014046691319448935,0.011559295475158885,0.10330148771657566,-0.030821968839018186,-0.012740045445685293,0,0.9290282760334366
14760,0.140864109292616,0.03711424196088632,-0.036096861676769114,0.04798135773283243,-0.1857769334585918,0.13555293217700157,0.012447550293101042,0.04499994503067856,-0.051072080259717226,0.030697191620278282,0.002434646753098869,-0.01626495603421676,0.018717053479652086,0.017457841161891446,-0.01148597432559948,0.0021187625203845624,0.07995207068391888,-0.019250660814085014,-0.01234482375955412,0,0.9026299930348736
14851,0.13980555012980145,0.02767839430023159,-0.02855846697994539,0.04677303580172334,-0.19983112440773548,0.13846487642112298,0.01597168667786266,0.05095371077725869,-0.05376109110500098,0.026609606626442947,0.010768132442994783,-0.011972052937690214,0.013344768548921275,0.003945648301213353,-0.006523818685537153,-0.00891800811684175,0.08738408830841257,-0.017396922944822955,0.009045214686711265,0,0.8977061982002709
14865,0.14698342173565887,0.040907501441503,-0.03839892686764041,0.047093672848897,-0.20040088302503645,0.13376908568880805,-0.0002051329029653058,0.05249746815469772,-0.05241371731530681,0.029316015495963254,0.008093942287112393,-0.013422195720386299,0.0164110725647192,0.022827805726239436,-0.006219159464988962,0.01463601929481441,0.09702604244264099,-0.03119056161940589,-0.01247781093167165,0,0.9642904355284561
14872,0.13163576567601948,0.03344807180349843,-0.039561511835608805,0.035099849928783435,-0.2101213338192497,0.1410037670128919,0.008540161498247333,0.04801385289789975,-0.03160364544524058,0.027733306624623203,0.016170017682446285,-0.014201517343171394,0.01143030753527196,0.009183732596939205,-0.011880217570628022,0.006263958841880356,0.08591077106333457,-0.01799011746740534,0.008538829382910243,0,0.88833073602605
14938,0.13895490749500533,0.049274482681563314,-0.05311404688634376,0.0444159991591869,-0.21169467691317373,0.13354218257320793,0.006281192508328331,0.05462792727342587,-0.04010159256414482,0.035985943331567474,-0.0029004918781320526,-0.029903623089311288,0.010557985355197905,0.0025370187074351194,-0.004806291452945657,0.0028821749018864483,0.10192841675084777,-0.03161651868658187,-0.015639699501089323,1,0.9707651717093749
15069,0.14347928036666383,0.036215720438857825,-0.040960828472810185,0.036145492403864256,-0.19672212468306763,0.13051645167222167,0.007672356288782638,0.04970370639676375,-0.047223931911743365,0.04034436608364193,0.012363566146796082,0.0011610671226661038,0.00701289626326736,0.004557679449610159,-0.010220804471554216,-0.004903757488412967,0.07493494954196202,-0.03560699040233467,-0.007243865762877118,0,0.8869898353678978
15112,0.13165373662006113,0.026521909023139355,-0.031148164272834546,0.034574347985884275,-0.1874554298705047,0.14141466482340148,0.020858009607710126,0.03585796305162356,-0.04335192117305868,0.04255178176049779,0.01184883409780116,-0.005664229921176839,-0.0023123028423564715,-0.010960267369427977,0.0039177757242709116,0.010910387689503285,0.08590023958958078,-0.04087028450332652,-0.00874752612484539,0,0.876519776051005
15135,0.14525740993494438,0.0396288109868347,-0.021857569539132142,0.04629902527032729,-0.2080175573627026,0.13613107108008257,0.00954959439177201,0.04797959411375077,-0.040359527614200585,0.025706565627988277,0.00020847058508545276,-0.026853227724409533,0.005560524655291787,0.007659180517926072,-0.009332867625656835,0.005050908250611923,0.08629270893912364,-0.017386480379165164,-0.01933639447772103,0,0.8984674890767268
15145,0.14317802983541172,0.03869304777317839,-0.02208813879706999,0.037324404584346826,-0.19524602556043658,0.14354041156105016,0.004820648142748411,0.04482326881166339,-0.04387600098981177,0.03946240076436952,0.011893876494371555,-0.024617103084599364,0.022126797429002747,-0.0038810413526244735,0.004868105381953716,0.0035444768573497897,0.10343696732041181,-0.021073455545657913,-0.008705306328635287,1,0.9171995066146934
15147,0.06321738771910847,0.017383132094706027,-0.009077812958030337,0.019853226780738017,-0.0906103359775266,0.06869395949077217,0.0073213320715609246,0.011867769288813524,-0.02030320901299464,0.017794605726270847,0.012593500625788992,-0.008780343224380625,-0.012480041394760607,-0.003150537241693133,-0.012743556738705152,-0.009813625338198831,0.03381107306448082,-0.002564712981991388,0.006092569811230844,1,0.42815273154175193
15165,0.15088277301527087,0.03634921095098425,-0.03220141040327849,0.057100266284754245,-0.19244936109255326,0.13657582469834847,0.0017947211305032044,0.040841964385949434,-0.04508205588026625,0.03865257049308996,0.006108034481102354,-0.009261275795053373,-0.0026228436679589175,-0.00951965372486971,0.001789330130029874,0.005049773109482528,0.07921294803570884,-0.02707220137397,-0.0017449477708641583,0,0.8743111664240382
15235,0.13792123585043176,0.026473297011039097,-0.034105993656955096,0.028036735232113096,-0.21254682242910033,0.1412542406522234,0.014600586084515052,0.0415073866709758,-0.031148811242945044,0.046560794260275616,0.012645584700884581,-0.009759536413686003,0.02403325125844785,0.005221278044323306,0.016977913005372727,0.005410276123349335,0.07910835947186588,-0.013098305155393652,-0.008755631677668019,0,0.8891660389415657
15245,0.14603641501444467,0.027452671318752106,-0.029220062915761524,0.032770229854445956,-0.19820475781828112,0.13319932514807303,0.006673899629834266,0.03874066382617253,-0.035301783780487574,0.028386041563247474,0.004341360655627287,-0.008794788567322687,0.007056061383508474,0.01206079796292571,-0.01590919495179505,0.005040385766651318,0.09558529150566464,-0.026820600402658268,-0.007527245239476018,1,0.8591215773051297
15271,0.13762304203463424,0.041887951441271415,-0.025908560975051467,0.03804338747272983,-0.20080176931346996,0.14445254843731953,-0.005244493666845801,0.05111942406148696,-0.037108651527418955,0.042721342161552864,0.009852684094441996,-0.010156062673611618,0.01747795188474862,0.013820600178241587,-0.012747168931939237,0.001323153149090024,0.09355374773150281,-0.024624368456823607,0.006653593560451449,0,0.9151205017526319
15356,0.14695508031946136,0.03217446732814523,-0.028474551588332477,0.03950487330841814,-0.20220116702032118,0.1315433598887729,0.007608100653431251,0.05746613780612001,-0.049089675033057056,0.030022759596791605,0.0009675078833900147,-0.006143494572210861,0.028827321866087056,0.01773933409077004,-0.01614540607552183,-0.0006033729387878822,0.09725197398503775,-0.02664578154798204,-0.01647789693950097,0,0.9358422624421396
15460,0.1295456019567144,0.03699849140039965,-0.032136678356737294,0.04568321638871666,-0.20314681577297222,0.12984937979288116,-0.0012467072224623327,0.047640284772849,-0.04447049569969465,0.04692124886299491,0.012891999536142206,-0.006169795845236621,0.013607688073704658,-0.0016121972636254668,-0.005351976674673616,0.007473594216564203,0.09567298369204158,-0.03360513007092703,-0.010888469877709155,1,0.9049127554770469
15506,0.14409340918058774,0.03053218689348318,-0.03982296792432343,0.04425379366915104,-0.19855836367387467,0.13982824067390473,0.002268993149024226,0.05144460244918071,-0.038280268417829756,0.02921388993422462,0.001268809886325001,-0.010508766545318729,0.01728966494575905,0.004875310153284112,-0.005522148095838122,0.004079098686607167,0.09092339494091072,-0.017578897086754967,-0.003076142538070707,0,0.8734189488444527
15572,0.14459349227979537,0.04988490441445239,-0.026314351805663282,0.042861627216977484,-0.19167980133928697,0.13781545164793912,0.005425948778328361,0.048765898244170804,-0.04225306177306497,0.028606142018883667,0.009804688725260378,-0.01943424388366325,0.01739058389804198,0.005363650271172174,0.009115178996117518,0.005009528841300094,0.09738396268979971,-0.03469380488757034,0.002482286465918706,0,0.9188786081774065
15676,0.15541831425459263,0.04614025840435905,-0.035391891730537,0.042552166805200436,-0.19567880149837188,0.1462369733726054,0.015296833749173419,0.04479232826378962,-0.03782622454603883,0.032307038955852456,0.015363206741089902,-0.011777197305307172,0.021588911852634743,0.008941571927055013,-0.01231867619892408,0.00825525060359965,0.11230901399859894,-0.02692600800296292,-0.0025401215788423597,0,0.9716607897895355
15753,0.13398963166627695,0.03691328238549211,-0.027093150764249303,0.05927428713422292,-0.1986475077284321,0.13943756757432185,0.01188188530168729,0.036083135465449494,-0.04733863399736355,0.05016960388395603,0.01237778976542293,-0.02115288386503013,0.017100170106015344,-0.0032139577782395296,-0.0060600403007624965,0.006288409731879322,0.08180613760753268,-0.011695460016702389,0.012084697619388246,0,0.9126082326924246
15852,0.13388556814641714,0.04103901396963209,-0.04154158675766887,0.02836694561569166,-0.20430022669404918,0.14904812875538895,0.0019740191974099764,0.04921161946415013,-0.050476704606838105,0.01936934150450675,0.015210956087542653,-0.006302483751566731,0.021341106785945023,-0.004924418998482682,-0.014709722672215134,0.00918614812375792,0.0977316833500876,-0.025644126433358637,-0.0007391771923796692,0,0.9150029781070889
15864,0.1387335157757427,0.03399315361721426,-0.030667146535285503,0.038823200016954294,-0.1863407478303167,0.12478671582201245,0.027740025105062453,0.06991148298271002,-0.05926094408937244,0.03587152581747082,0.012823901053361987,7.780207029219295e-05,0.01756424712005248,-0.004366931955671494,-0.011647371787281122,-0.007452440386338772,0.0910282358808684,-0.017435623186007002,-0.01847718438626164,0,0.9270021954182768
15877,0.15381605087595054,0.04387219739338516,-0.030717270827007922,0.056151584368276344,-0.20470630740691353,0.14020766153757444,0.011356384816947174,0.05354961811282116,-0.05031185930420867,0.03147757918785117,0.00823240933707959,-0.003337859103227607,0.017455968891243415,0.010526649674263748,-0.011909246743731885,-0.005171781326105691,0.09123372916686219,-0.02897827625743331,0.02247619025777715,0,0.9754886245886607
15906,0.14347642620019338,0.0391390088929681,-0.022834006559893018,0.03655138541801951,-0.1946260102361888,0.12405476447007337,-0.00913708127731465,0.04095846565412544,-0.03894218367520102,0.024873734833174652,0.00716366395692392,-0.010328943259809365,0.019253443683882727,-0.001253266364247983,-0.010493158783182141,0.005919675370610488,0.0849952823326764,-0.02187874436474806,-0.00089028966031624,1,0.8367695349935492
15938,0.13154568137666944,0.048116029160854064,-0.033934486220315876,0.03488704496397231,-0.18945700763103807,0.1517943411504016,-0.0008854420850311469,0.04847822295928337,-0.04093855470409497,0.02363878410485185,0.007835198715945972,-0.016484257586514204,0.01919351706753286,0.00930135404479403,-0.0071178713123254906,0.01322788295502799,0.08557260342895559,-0.029628122056279307,-0.009186150827555282,1,0.9012225523514434
15942,0.1405907877221577,0.03171335627463914,-0.038277447380639845,0.034855583650934385,-0.19412226207946795,0.1459611819835441,-0.00020978998138176298,0.04195164856918472,-0.04223719099694341,0.038351101996720774,-0.0026616920505132336,-0.020136580130208775,0.021524871416084865,0.004171777764242282,0.00191052823655874,0.00823474343338297,0.08818477117551941,-0.02552923763808075,-0.009514052565012152,0,0.8901386050452169
16040,0.14581884436601697,0.03603669444282235,-0.027913306841487847,0.04594243917718769,-0.19316827059027464,0.1382488836098389,0.008529991486253519,0.03830702303056261,-0.05912051854532526,0.044922847792230484,0.007226333121609128,-0.013059267471203779,0.01124111442898367,-0.003928709834444183,-0.006751326931282251,0.010517454045794888,0.09215857323034489,-0.022571515019269423,-0.003915295224351216,0,0.9093784091892837
16133,0.14194599096961094,0.0325304846847047,-0.02217598888040436,0.047019330417325284,-0.2020595047994978,0.1356280886983868,0.026189229961878432,0.05459041334262843,-0.03942966716780793,0.03371317847090951,-0.0005523307990483231,-0.014342303084039543,0.012449304239838687,0.008941848929997652,0.003083631176015291,0.012426922406004903,0.09548660756174975,-0.017669876464738898,-0.006847792809806844,1,0.9070824948643941
16149,0.13469308425504853,0.04169461348796505,-0.03587498491419379,0.026980601396704114,-0.2009343495692021,0.13425225707162508,0.018374993911509388,0.05199166031621078,-0.051070569546861025,0.026268502101921058,0.008497087529064359,-0.011533847744040976,0.009117333928342936,0.007511481681771374,-0.01287508393796545,0.005447457208544205,0.08691772702916815,-0.022870512297460576,0.00638142958359667,0,0.8932875775111956
16187,0.14518570594441296,0.02423025456548751,-0.029399108253759305,0.04331724112881192,-0.19890369944282507,0.13311751444395828,-0.008822830897377322,0.03026686033568103,-0.05714929897497481,0.02715043778305526,0.0035494582854783113,-0.012703397889909838,0.01839393165470838,0.0057130165264672236,-0.003262052136372957,0.007901442581141007,0.08244076509802743,-0.03714761730863876,0.0006169297276291852,0,0.8692715629787165
16204,0.14664620900134034,0.03961107968464689,-0.02941529893201699,0.039883514178795355,-0.2012280125303998,0.14013848710520616,-0.0004530157155517996,0.06633352462460801,-0.04435680014597436,0.027381219718676655,-0.001258864823561303,-0.018813400666844195,0.020209215009349236,0.007117112169424863,0.007079145291057184,0.008949729915885038,0.09904221195509257,-0.02481159974623819,0.013447252294545717,0,0.9361756935092146
16214,0.13702206536878814,0.03305628709155706,-0.0360266766307508,0.04505070450187727,-0.19959435643457013,0.13965370196857285,0.005175272117149514,0.05647147063621527,-0.058254313469029824,0.04490844108819463,0.011575117130842761,-0.01965410665579234,0.016623056499798377,0.0008302416354036846,-0.0011991352797476428,0.01857645941436508,0.09470973500427295,-0.02374485147532512,-0.010054651398149709,0,0.9521806438004031
16221,0.150249085026143,0.03544039377661542,-0.03196956062048619,0.04668689891358482,-0.20349762329656873,0.14065164568081645,-0.000991077587912579,0.04215854406191967,-0.03505112958118983,0.02759300072466791,0.005303358545705141,-0.0017434812393723174,0.011907813809303476,0.0043480768948250675,0.003987337882378458,0.01975988118060208,0.08022793836176176,-0.02812900669192082,-0.010300766676883058,0,0.8799966205526568
16284,0.13361247867030518,0.04612921645814227,-0.030277461599528006,0.06092851989113667,-0.1992816148176804,0.13123559756069486,0.00948568922121034,0.03731872956612933,-0.046777571085256965,0.02825825196983814,-0.007212859975541069,-0.005283301317768499,0.027914084957422723,0.00017273435872998624,-0.009191429562503045,0.009821366742017112,0.08856077982214983,-0.04517546969880352,-0.0029469967400654338,0,0.9195841540149233
16334,0.14053849205730676,0.04537014187849042,-0.022523025642366988,0.048594549376675934,-0.20202811802470602,0.13917724128069958,0.005877916844832415,0.04424366747702071,-0.04662140003943387,0.04096718156251901,0.018675497767461052,-0.0066326807678779775,0.010713683571176105,0.00016683794916654628,8.672860428503084e-05,-0.0005803085263776444,0.07810975933054304,-0.0164746099807381,-0.01615451112014207,1,0.8835363518018192
16441,0.12450412730952003,0.04234099943487772,-0.02834042071107092,0.04167544934586847,-0.19400184572135765,0.13435143863133148,0.00871698910156728,0.04211354659510482,-0.044417330712341524,0.01989425701669019,0.013083944383696379,-0.006172218409732516,0.006435931698957174,-0.002015890049745649,0.0028914930603096602,0.013723215939849638,0.09248119114126009,-0.019841787385501648,-0.004692643203338298,0,0.8416947198521211
16586,0.1377006727189155,0.03363163265638187,-0.03663202117429956,0.04161828564035436,-0.19913836690276115,0.13239883751927395,-0.0011147078458204143,0.05496358118689709,-0.041979355159323266,0.039847509153429404,0.01591279579106659,0.0009895357667843718,0.00832977244601472,0.006685180927060455,-0.009753192227764676,0.01666795042071346,0.09355899791506604,-0.01390809257237064,-0.007002321627132917,1,0.8918328096514304
16687,0.1359760660583673,0.027384771537856487,-0.04061525091127261,0.056646707751560874,-0.19238851751374073,0.13937489532110292,0.028979947730483353,0.05836939508691331,-0.03312332499480409,0.04327450059808948,0.007912704556727946,-0.011698221053058346,0.03277956863583504,0.0033977175275428885,-0.010156850194761594,0.004156137516361879,0.08527806780133249,-0.016353282325760412,-0.004027157266925501,1,0.9318930843824972
16763,0.13874626716485225,0.037089136918497814,-0.030261265822020274,0.04644804069612583,-0.19003836351855896,0.1440754978747843,0.01198455942229064,0.05634358826481494,-0.045295758712926334,0.04511534068791981,0.0035516848889336023,-0.022343199555515676,0.02640352316312626,-0.0027026998784088724,-0.008037322319702818,0.0018741399279704183,0.09581460779975946,-0.020846374476872716,-0.0039598649278194354,0,0.9309312360209004
16801,0.15034543731298267,0.017006378839015547,-0.031613439868633075,0.04902139383985784,-0.1790237379782617,0.13808226470195215,0.00473944195816294,0.03662026156290922,-0.04119776527527833,0.033131037074576944,0.010219666401925521,-0.008575069467788419,0.01680112426131888,-0.004165151129848165,-0.005697960029346111,0.0062076015592542255,0.10014467488708124,-0.015597138242773338,-0.00033030412169965666,1,0.8485198485126659
16863,0.13792811342109415,0.028126820053692644,-0.029714413169007633,0.038323096015840115,-0.18977778283277597,0.14712220119009653,0.008257387619835223,0.041885642604990204,-0.0449118212143725,0.04073790310791792,0.015600259351482125,-0.008937049390158066,0.002014922544895996,-0.009579962984516159,-0.013507848433590323,0.005177017974958444,0.07980048881979676,-0.0156037663132679,-0.022788209512382175,0,0.8797947065546708
16936,0.14056009348044776,0.03654550022771725,-0.024809350943184913,0.04183690073504887,-0.20854447309856491,0.1394615737434655,0.0036242675981252182,0.04861285534788468,-0.07303521791743997,0.03595680834607605,0.0016662924833455873,-0.007478700349339982,0.007847192110680301,0.006935942197442799,-0.014355501371560535,0.0166228966591229,0.08655117807301232,-0.015182249994922174,-0.005307860119866282,0,0.914934854797248
17035,0.14500738491101242,0.026953254195622996,-0.044594390178498075,0.03513898254908501,-0.19405532135033937,0.1474040870596844,0.010872334047961955,0.04216567764375536,-0.054055231115024485,0.05247392269263219,0.012556304005628892,-0.013842899388349672,0.024658953775607007,0.006772003974288545,-0.011109830182736797,0.002629733500233993,0.08515750543466596,-0.017853906111099282,0.01562125695658116,0,0.9429229790728076
17052,0.1288738273712721,0.03146392664626446,-0.025177962276770164,0.04432164889484585,-0.2051742449846537,0.13558231980449545,0.024549972841173596,0.054961895503473225,-0.0431459997100407,0.03120163047170566,0.016664542502336975,-0.008925852363618722,0.016385662942957062,-0.00016991054933142692,-0.0036525181609375727,0.020431673925018358,0.08814952169386656,-0.02675002907440183,-0.006403768890852684,0,0.9119869086080161
17059,0.1423145848429313,0.02344065338426771,-0.033047057879314036,0.04691574123266271,-0.2217632796616258,0.1328521434182291,0.00883674261990952,0.04907077623976983,-0.048688821405709966,0.02841318734840834,-0.010192946061335847,-0.02166376659470801,0.01341766649538532,0.0001383291616641785,-0.007257074473009938,0.007523038348108442,0.0857241665867382,-0.014731395576437356,-0.00893449198616666,0,0.9049258633163823
17087,0.1348659218645378,0.0309557401768532,-0.02592970108770987,0.046332768969847525,-0.1917299633640798,0.12747066646765318,0.006212914989059616,0.054153804932440944,-0.05364009980397282,0.026971596394968468,0.002430811349954488,-0.007048435063751693,0.010848082216254796,0.010541808754389898,-0.002067369238328896,0.009035864458823869,0.0846721989289709,-0.027960726893446988,0.0032538775251961275,0,0.8561223524802409
17152,0.13241377230938606,0.044639572747499245,-0.02389090885996929,0.043044480125843915,-0.20602143409806373,0.1238410764980945,0.02821766463668055,0.05001899348916954,-0.036228872648924444,0.050649093942497184,0.01128606721371963,-0.023771185469592455,0.0059003607642880524,0.0006316599897484901,0.00023522605235774406,-0.015407077544907326,0.08673896256806243,-0.030491014032567237,0.002016033440855772,0,0.9154434564322276
17182,0.13267964002580862,0.037983073886958145,-0.01907299218727677,0.0488104477455708,-0.19285337619744083,0.1444235545266383,0.009590445465319695,0.05835579502318937,-0.048371163812789525,0.03661864955070895,0.014336306893519305,-0.022128367102827572,0.02208543718191286,0.004155383200830703,-0.027108099403526705,-0.003966522666988288,0.08443575809492636,-0.015994189747213835,-0.018735171308810895,0,0.9417043740222575
17240,0.14681605852758803,0.04416041063431044,-0.023916375241907498,0.036765524678061434,-0.20584262927876398,0.12259269632106591,0.0001547325082853849,0.036874312220560736,-0.04450938428326771,0.03268913978143042,0.012417582255194211,-0.011126530260977619,0.01190276087757969,-0.009090465873743717,-0.003796869522329114,-0.005484686661630032,0.0936402376344989,-0.024812639690604495,0.0027949582992453457,0,0.8693879945510447
17263,0.1356032727808236,0.024876391469324997,-0.024084816501321177,0.03522235484695713,-0.18982871212154745,0.13473637480762998,0.017004136370106476,0.06952254389603037,-0.05926324529385568,0.028525572434871173,0.0047251482990747174,0.002553417156308453,0.014055973239033643,0.0019387339222007856,0.0025771094130742577,0.005100156208160823,0.09742442488571332,-0.016821809476477965,-0.0026694137107923428,1,0.8665336068333044
17425,0.15546445146715523,0.035158092441989294,-0.03456355924619206,0.03960622670048868,-0.1871516678577625,0.12786128469314578,0.004119747685900364,0.06289430598213318,-0.04337380589140949,0.042097186794505,0.014315358527812131,-0.0003111561674123855,0.014750408405126682,-0.0029072375348478765,-0.0026647813241286503,0.013340339450254413,0.08241127691651542,-0.022354762179153633,-0.009597232115557148,0,0.8949428813814899
17469,0.1583676042192486,0.039138864091625945,-0.04124140379252578,0.03599533045417976,-0.21111350798686704,0.15318775720783837,0.0022714046085202627,0.06979883819800119,-0.04250403555929207,0.03297778292709584,0.026297376962408567,-0.004427290768631838,0.023321012651420208,0.00825742737248937,-0.00283432715207101,0.02346751396302594,0.08142367466314997,-0.028719920283816498,-0.007244200764187019,0,0.9925892736263953
17591,0.13474128718444037,0.037606352873725844,-0.04617936322967946,0.038810060851294355,-0.18636928618826978,0.12683371791564854,0.00668508438717927,0.031207546614870962,-0.04907816106418926,0.03358615555152532,0.011137154398797863,-0.02169522757438843,0.015245790837534908,0.017072435714666035,-0.012957345268280468,0.003219334788321144,0.09365888846809352,-0.008504038171117004,-0.0074994768270633975,1,0.8820867079090859
17624,0.13573209284306736,0.037605456539843256,-0.04573244440993296,0.025415189396683708,-0.19511544463896613,0.12947594844833515,0.0028258896052457943,0.05063803790156795,-0.04505676234646579,0.023099322095816603,0.008138622974542004,-0.014097846849993427,0.014027575799212473,0.016816391051261908,-0.0014965304646452375,0.004661698141539551,0.09524292149520813,-0.02547267285147267,-0.003875125967488724,0,0.8745259738212888
17656,0.14458365245824362,0.02744982037031045,-0.03196981282619643,0.04492316627552936,-0.1969543899204338,0.13221109422531296,0.002264357056649599,0.05120362908232002,-0.041980785700945183,0.02123370432369975,0.008021144660597388,-0.02010717234292463,0.013041896133592808,0.018662951153174394,-0.007613699984198106,-0.00010260611855870414,0.08129982050837636,-0.03274983125437778,-0.006652953925564269,0,0.8830264883210056
17685,0.14927816816881181,0.04004292502764537,-0.02681494759921312,0.037672581497138855,-0.20211511560662682,0.13939528620596206,0.0037919488503410496,0.05198487075080936,-0.03119249054516794,0.017000410006876323,0.006309204803742474,-0.02286303617944542,0.026464996550873397,-0.007994216711294022,-0.002096690128470505,0.0021685553991824427,0.0825116753517761,-0.019475742931261905,-0.012608869025178377,0,0.8817817313398173
17690,0.16501320465265765,0.03894439955163254,-0.047949990797731025,0.052815703085623125,-0.1947303495806385,0.13778092416529666,0.0043953023703617285,0.048056817856055735,-0.03972444322292944,0.030811073834375112,0.0039295099559382264,-0.018210171141091365,0.010182533253351144,-0.002766461812848514,-0.0228652149779105,0.011254478011779822,0.07662260441138248,-0.028118817958993448,0.016974333259876753,0,0.9511463339004738
17759,0.1510009656851468,0.04110945348839459,-0.031102367943380536,0.04341737762603173,-0.19985057453174343,0.14633614457348762,-0.00045114772753026693,0.0328558656474128,-0.05281630933345204,0.04826792246430689,0.0021948360408595466,0.0037589410438592817,0.02334214859731427,0.014179879959636555,-0.004124700348758051,0.01137054958051209,0.09456438281756224,-0.013953625712489199,-0.006792125190154441,0,0.9214893183120324
17814,0.14099111588093308,0.03884640102865891,-0.040434016594984544,0.040575439193083464,-0.20738675878716242,0.14138367449445324,0.006227229692846679,0.03648040556487985,-0.038462460975703716,0.029701072974737567,0.01876536862426561,-0.02025594922201151,0.010516411075618149,0.010298672621496757,-0.005863791210625477,0.009316454617697291,0.1088047486684775,-0.02697600019659763,-0.006560018221172753,1,0.9378459896454061
17841,0.14244542294821452,0.034413061656767066,-0.03427464950313787,0.04293048695666772,-0.19749279532975278,0.12330572390290434,0.002178764618709461,0.04668685872865271,-0.049447390015160624,0.011701998137019515,0.014320972952674357,0.0011686517647548054,0.01093071367853095,-0.0022651770894030546,-0.010450455890821574,0.00018316905182411296,0.08699257162540122,-0.0032404931857797506,0.00500217493265051,0,0.8194315319688269
17864,0.13966695101599366,0.03325512389284407,-0.027765197820144007,0.050806903038863115,-0.1938175340069613,0.1364257982650314,0.0030092861769496176,0.049752187121769605,-0.027116823871307892,0.04167573367535181,-0.004307059304792972,-0.01868958552123219,0.025363086395890185,0.013141306354413603,-0.01632210850641493,0.007394112798617954,0.09155853253129263,-0.03287193182220725,-0.008890047154559471,0,0.9218293092746377
18020,0.1336764837085939,0.045757662885120585,-0.03037276873037593,0.04836981044995297,-0.19042219690390197,0.1377327166729494,0.005450401264112487,0.05556447951322398,-0.05072429342536033,0.0425918168537937,0.013254705745170917,-0.010696655903166843,0.017025472053957852,0.018261478991648438,0.005006112762708474,0.009543964397866303,0.07856336134409891,-0.020925783533615048,-0.013623939655407064,0,0.927564104795025
18030,0.14230725103572542,0.04496710016901465,-0.039028556581592294,0.03824587861461952,-0.18957867196186537,0.12120056039128727,-0.00601599996116192,0.043950433891351164,-0.058354556225403205,0.026417554653231666,0.02180407073760617,-0.005008331358549398,0.002352020207576168,-0.009907240537033601,-0.011973130486474727,0.0029579130069566128,0.09055943782050978,-0.027427389111033613,0.005444990646577666,1,0.8875010873975702
18044,0.15306441742412635,0.047954646067988604,-0.03131427874000757,0.035904939567551024,-0.18443447867868723,0.12348949347693525,0.017786704813364636,0.06512061211625648,-0.0438306673529797,0.043793828246857694,0.01348222491857793,-0.014792866523939754,0.01290163408918274,0.004598529980295363,-0.014795644034019674,0.007511653386468544,0.09124693695735746,-0.018641865867491815,-0.01489584602238716,1,0.939561268264475
18045,0.15215631843192978,0.03561295239529068,-0.02769094533725784,0.039721319462816616,-0.20647602838847398,0.136495008112304,0.01612546116934202,0.044675076606678465,-0.05086854562878222,0.03723100701003006,-0.004056393984840343,0.005540041815475064,0.0253325819731202,0.014049865519553088,-0.013923583646868054,0.005514174404930013,0.08976584567362783,-0.03541808059238162,0.012587356324846428,0,0.9532405864785483
18068,0.1388049089496245,0.029168555376700458,-0.0314626776794026,0.037082642043597826,-0.19521159981789923,0.1369875134816311,-0.0015481149372280907,0.03906247749929876,-0.04948669487742837,0.038091841048444645,0.003506918246337839,-0.03208659982994328,0.02574525862216224,-0.004055440881658585,-7.398543388553806e-05,0.0012203255871459132,0.09141505876279081,-0.019808657034960084,-0.0009218834226800255,0,0.8757411535328199
18070,0.1333873591760136,0.05162044030554514,-0.034180525738058985,0.04303571575024645,-0.20566411840926727,0.15099445948327864,0.006473828078770204,0.058595315712628736,-0.052145016314886036,0.02935861137855444,0.007266603724918394,-0.017908416356480255,0.022647091192585397,-0.004195445964804868,0.0027669655516114736,0.011042681872284955,0.0810260087101101,-0.025007059572303265,-0.007791061844436397,1,0.9451067251367846
18086,0.1302995363255065,0.03490628871810803,-0.025939307390882183,0.02977615526581488,-0.19930312639836928,0.1357206544480647,-0.00958133463865712,0.04539552254232383,-0.05000151066524555,0.050887246596545546,0.013363544248550565,-0.023315662437788293,0.02220801728481084,0.01841443128209663,-0.007071963030614569,0.011864291778210358,0.08443883377122291,-0.03166959290764092,0.0008223949705825306,1,0.9249794147010353
18230,0.13475766592209615,0.038957254651644374,-0.029805615812417214,0.05327714851600731,-0.21072851942505144,0.139860558233082,0.02498105328495115,0.04338453671745231,-0.054929633021754416,0.04397444914992278,0.004403337629703936,-0.020334547587384913,0.010351033891918309,0.001908881647394032,-0.002032083250707941,-0.007149411488003991,0.09491779909911825,-0.024807481465246226,-0.0032093049547895695,0,0.9437703157486463
18354,0.14580499621784135,0.03395354956671254,-0.020607725519310238,0.04624477096913475,-0.20035146123618353,0.13744862522855011,0.006282688580309798,0.051713665365134075,-0.04691344029045454,0.03710065412313713,0.010632465130003358,-0.005971084425134291,0.015996217123527265,0.009478369860851949,0.0037234222462264317,0.006263201183581877,0.08766013971058877,-0.03254959573822665,-0.014222242092473974,0,0.9129183146073826
18390,0.13546795158051222,0.04284831149947746,-0.03041611353618913,0.03092173224738315,-0.20693594774596843,0.13606386367698456,0.0026055901910988027,0.048788478320523035,-0.04278157492396386,0.026857458190050133,0.010059501390608456,-0.008190217118175018,0.02294857392316756,0.01174386872440781,0.006071421176550106,0.006509970306374773,0.09823699902446813,-0.01954258734863917,0.0006385633691744543,0,0.8876287242937163
18428,0.1316393174102417,0.041471221532406996,-0.03843248290948762,0.038718748947962144,-0.2016109393505446,0.146150434188946,-0.0009767856406947214,0.04439150671198925,-0.04723517260812418,0.03169044309713293,0.013876888189216579,-0.008569374199996736,0.018227628644161806,0.0019681362148414624,-0.0006132527503249332,-0.0004945602345638062,0.09578267740633573,-0.025166684175036053,-0.00351350881521183,1,0.8905297630272191
18433,0.12038005774456433,0.02762220713263889,-0.027307334443120942,0.03301835483392969,-0.20141090673775144,0.12027430695754729,-0.013740306242629039,0.055321583810580006,-0.030097256155422195,0.03930534058399384,-0.0034527665469787886,-0.00041930897427985245,0.0190046928644366,0.001986486276865476,-0.0041183952871916354,0.011007514385405256,0.09285533077763208,-0.027834915206226357,-0.007158610633127625,0,0.8363156755943213
18529,0.12911551840104193,0.03097836491225488,-0.02305989420970342,0.04077901964981059,-0.21375987068639543,0.11975841218781888,-0.00359605863907464,0.05641466339988709,-0.043494064970084644,0.029939525532732627,0.006344911014348899,-0.007190922496583433,0.02676486654488455,0.019095244630678014,-0.0002473431293234108,0.01263809930549143,0.08460819752183057,-0.011582570692939819,0.006611659744174682,0,0.8659792076690589
18536,0.14255911185462264,0.028171211972900657,-0.04359049871247103,0.03856845267444987,-0.21634323197630947,0.14765741041591823,0.014145152116082178,0.04584883920793063,-0.053317121717395846,0.022818854668591515,0.010452390891444412,-0.01857246405762248,0.009554999507466978,0.014703111846603847,0.0066035512726497405,-0.002506442364807815,0.08606951658551563,-0.02214796893305158,-0.009553062214791764,0,0.9331833929906264
18585,0.12237816790878767,0.02012972039434785,-0.022053632833502382,0.034899167161552946,-0.18681655554233842,0.13363462159805747,0.010803392356880133,0.03357235362408136,-0.041999782726027814,0.02568730612342389,0.009915497123505066,-0.014541586950321275,0.008918515833343198,0.003415480086805089,-0.004734872141994753,-0.0023149305594982773,0.08311620025749465,-0.02761066518000139,0.004477769947128322,0,0.791020218349092
18590,0.13100841892042336,0.03819980854803565,-0.03665415979057125,0.04172600693603192,-0.19994680442200075,0.12448691662111937,-0.00018520017368916592,0.0437463546411936,-0.04978875282065925,0.032012053904325086,0.014622370455750116,-0.0016068308079773602,0.008779701030325075,-0.0014508383844205892,0.007090101574819857,0.012932108355990355,0.08002669798348369,-0.024076508887748285,0.002589744607099721,0,0.8509293788656644
18650,0.1405706986877656,0.03750652596503407,-0.03803333258842969,0.026269429284164696,-0.17248901273430958,0.13714856871374734,0.004530486309186346,0.04712580611719192,-0.04081481386314931,0.03596911497495301,0.01667149305611606,-0.0030661423618667874,0.014874927278994537,-0.004529394802680115,-0.009966931970143676,0.00208047137646041,0.09142655472766355,-0.031246907558643847,-0.007738751748842564,0,0.8620593641193431
18741,0.1406144705744612,0.034224918042166555,-0.02497567353102746,0.045848508997065954,-0.19945034956157495,0.13459948338799477,0.006436438315936328,0.04033372525474068,-0.049842104065635676,0.038337046440803754,0.0006806111755215988,0.0119037440301697,0.016665169733703765,0.012274364406529901,-0.005757973130014598,0.011351457412202023,0.09208705796990364,-0.024686549247041875,-0.019279162909572895,0,0.9093488081860673
18762,0.14034178854083149,0.04217427886291035,-0.03483468122852501,0.05059795475976448,-0.20475635370955333,0.13111486889787136,0.0022856429439078786,0.04714246066281512,-0.03666483415239268,0.023887679377372278,0.01407339833287374,-0.0045591595203777115,0.0054564503371087635,0.005713990141753943,-0.016207721205027094,0.006931999602121844,0.08650514388149173,-0.016002430950761263,-0.011129700528434042,0,0.8803805376358941
18838,0.14403575586347667,0.040675492953543696,-0.012568957879433441,0.040461083601299595,-0.1946196402260538,0.12773452218476022,0.01328276701570749,0.05242804707884822,-0.03873169789806936,0.026287209996753422,0.020697836665167987,-0.02694340660359708,0.01044779584299881,0.0026389899088604192,-0.008877859076602199,0.005690627443186333,0.10678704908155551,-0.02637161001917575,-0.01106854697660836,0,0.9103488963156984
18858,0.12509073160966,0.04970841902508302,-0.022051199919617043,0.04662205403038906,-0.18027852755299262,0.12660030763556593,0.0006866041380236564,0.049949327483626654,-0.023467711060688862,0.03138289303015749,0.0069310107763923675,-0.007637077770091839,0.02350077969340477,-0.006236151658141388,0.004595260437730433,0.006920365747294764,0.07923475713359623,-0.029778219708412403,-0.006264994981577905,1,0.8269363933924464
18879,0.14557614142648845,0.03832553722533638,-0.03060515667987794,0.03363852150636369,-0.2008280501805387,0.13616500362487763,-3.785942200864959e-05,0.04934490167184737,-0.036956991742198686,0.03143971482804467,0.00954028336688589,-0.01059633923576506,0.007011707746907081,0.008229665078487203,0.0089188263341522,0.014408353726413903,0.07758646681063487,-0.023508922343333745,-0.0023525318055188952,0,0.8650709747556811
18939,0.14456240910524973,0.046405215014600536,-0.03916671089927545,0.03232067284432486,-0.19353857328538884,0.13422823665853018,0.0030931283976691187,0.03676829323953362,-0.023140565534583858,0.023696778473034884,0.012117413369538775,-0.01289788436874478,0.0206765388931553,0.006651886967470401,-0.0024085857442506953,0.010996491096478217,0.07914248763827944,-0.02174800765546251,-0.01143060327004949,0,0.8549904824556207
18945,0.1449658428417595,0.032865104408926836,-0.03258202980178123,0.03821311097018112,-0.19423975195477916,0.13764725944837916,0.008877993416533492,0.04223757125400546,-0.03894688445579892,0.02595235043400052,0.01877962834634442,-0.0050183498549426445,0.0018070321321349552,0.004167584837182345,0.008045112718118736,-0.011549514908413518,0.09021342467273682,-0.027390916215544278,0.010009942842233686,0,0.8735094055137969
18969,0.1335494738636193,0.03634312595391202,-0.02161499842892705,0.03558943526410215,-0.19678186624709773,0.13593805734907585,0.00251873731813615,0.05105204089160817,-0.05122083993670769,0.02687729995161392,0.021568452619088765,-0.016299789357271364,0.021048114542396273,0.00479668937357308,0.01542419742035042,0.0195237452460813,0.08843979540796114,-0.006198619137186342,0.0026486074049866743,0,0.8874338857136954
18978,0.14430679143667494,0.02957870609258059,-0.04038253042155805,0.030806814713645752,-0.20731846423404868,0.13441930276045078,0.010488877298371474,0.050257213354565365,-0.046345209377449466,0.03369105862617007,0.0023624316033382504,-0.013037825757712998,0.012208841661501749,0.007043373818314858,-0.006011193092035761,0.009615020781107845,0.08283554888272451,-0.032472212784610974,0.0044683425398549465,0,0.8976497592367171
19024,0.13725149915072682,0.03505239775780335,-0.02775585663023483,0.04451340641029027,-0.20107263642936848,0.13891773954814296,0.011624127218547813,0.030546415580354504,-0.02489412392414642,0.041707524536741945,0.007229077866013747,-0.008334636225569543,0.018260451374156238,0.0011132365779394971,-0.007861234231893985,0.0038513873755652776,0.09696667847169259,-0.04261960540882724,-0.004293048010448237,1,0.8838650827284638
19038,0.13806168514435507,0.04651273616420573,-0.02887359132926143,0.04581895368852217,-0.20229666875081276,0.13051524533015005,0.01455754583292616,0.036211589405076725,-0.03900755642887301,0.014387666541931195,0.027706054654197718,-0.012577314164266854,0.021198278574003988,0.01917729483866274,0.007230641787348699,0.0021937874046487017,0.0870292440353587,-0.03033929431461416,-0.004945555643785013,0,0.9086407040330009
19114,0.1268005277547524,0.04504914514879774,-0.03208607906937404,0.04203706437648901,-0.205348683489573,0.13648705313390513,0.013500660340626233,0.05153062265527053,-0.033200477851645226,0.026150000529547402,0.01315860294674414,-0.006453740559551825,0.006332960888122297,-0.004029340570830093,-0.002529399240539863,0.00495162671685353,0.09200576820054973,-0.03466485267191059,0.003091855410386912,0,0.8794084615554697
19115,0.1312840775926232,0.04503775124079171,-0.0325295081414693,0.036104585138514285,-0.19020955989337374,0.13553625473615852,0.010617129186143319,0.05249934241612571,-0.03679144108419602,0.048830497803908364,0.0185765986599413,-0.00671384447198765,0.008496749831115936,0.008657063608117601,-0.0022930762968525185,0.0017445507917112418,0.08883563508338495,-0.01645516692998146,-0.01309551302340538,0,0.8843083459298022
19203,0.14458943153772136,0.031555878905468945,-0.04358094503185144,0.05186595481347026,-0.19904866551879494,0.11761301634094172,0.008482884607461962,0.04985339102579253,-0.044493007314252944,0.0398840068836769,0.014444011856179457,-0.005445845834163194,0.02994177455607934,0.010886865000812347,-0.008316192207126686,0.004053742344982577,0.08178362890063753,-0.026921356037998286,-0.009143569627992194,0,0.9219041683454046
19228,0.1324021104569154,0.03557299066525265,-0.028716448038374642,0.0402033612791268,-0.19925343787162508,0.14708191510473786,0.010060633238261304,0.05054110560155199,-0.03867029219680792,0.027599743337444,0.01052516324056313,-0.005272306727007037,0.013472842834933172,0.012541090841296211,-0.004121543167480578,0.0045106101685221806,0.08961363637286718,-0.026048459162160153,0.0024309740671588074,0,0.8786386643720862
19231,0.14454943480728266,0.03659314948563154,-0.04449732332128621,0.0292887598138983,-0.19888111735907515,0.14404359663809177,0.002606626187806631,0.03363622177386345,-0.04894205601676898,0.02618364526798925,0.01739846048826525,-0.019465733449858198,0.009957632986547615,0.008109724142295103,-0.013711447463628334,0.011927750627451928,0.09695965431359505,-0.029692731580108305,-0.009240149550948195,1,0.925685215274392
19250,0.13676160384343208,0.03800526008354371,-0.036725808106311104,0.03748491970430456,-0.20368618967427146,0.13325969654166947,0.012950943099053683,0.04142434761049855,-0.048105627702170244,0.010585800223950411,0.02372828570180733,0.010792193697046934,0.013926010313064311,0.005316163505618085,-0.004734612648724712,-0.0101401135869654,0.08718173351562482,-0.0123859414467199,-0.011927372277015227,0,0.879122623281792
19292,0.16176163371628602,0.037983488152712255,-0.0323047380740883,0.04111039447770711,-0.19547792267247713,0.14319069634976345,-0.005097863948416107,0.043276219721527925,-0.055185959921094506,0.04218186751088529,0.005577848707564523,-0.008598917786565177,0.019598960939703477,-0.020335733048504976,-0.006457944144278038,0.0047436610681092445,0.075749035422312,-0.023706757655587038,-0.026155376431971578,0,0.9484950197495541
19327,0.12699030508923112,0.043442091157481974,-0.019832813289803908,0.024170681719908823,-0.19322227848703033,0.1349844437719841,-0.0010923316835579249,0.04711841880182681,-0.05295822403504903,0.023802395322917655,0.0016158035410832072,-0.01805511261701033,0.012172011713760839,-0.00019707763858557243,0.0051391126106803695,0.007464134361161019,0.09009275187628452,-0.02656298174292396,-0.006029317523240076,0,0.8349422869835216
19377,0.1377850446239825,0.041786161216141454,-0.027281786927872836,0.03233336542411971,-0.19238824868203358,0.13859478574667003,0.015213743706752885,0.05503019994826077,-0.05123466267238141,0.022787677897344254,0.004675408406695907,-0.023861546360334062,0.007412118182010613,0.018516294417243555,-0.002641417640029776,0.011724821266272353,0.09335697333740091,-0.007495833043187172,0.007155774999892364,0,0.8912758644986262
19416,0.1332159397407808,0.03607518859909413,-0.023000746473442947,0.04037202956630313,-0.19910275269015407,0.1358126249016513,0.0005948357716415206,0.04150467555924701,-0.0379221744463027,0.045880272352318126,0.017888595235112922,-0.010888847139672322,0.028462334905784623,-0.0015537061919486982,-0.0042275076174658295,0.009930762345963311,0.08629245335025232,-0.03048205395908579,-0.007706834979075072,1,0.8909143358252967
19453,0.14785152410630112,0.036816465699272084,-0.024457493709651466,0.03838083960940769,-0.1976315653442039,0.13728965496955786,0.014104787126329385,0.03614925425588541,-0.03281476253980968,0.031076614531975567,0.0021464385147954568,-0.01370699961624277,0.0027471218391405703,-0.005449618343756407,0.0009822647323489105,0.0024162070045321373,0.08573034917184572,-0.022001263728837313,-0.02502547502149035,1,0.8567786998653838
19516,0.12076304309704824,0.03655479903832256,-0.03650829688948294,0.036046204644627086,-0.2048188513273307,0.14203920849555585,-0.013846570204479094,0.059810225245238845,-0.02990978205422028,0.03698133773710746,0.000547617948719519,-0.010253581473030193,0.005964434810729676,0.0005732440751568677,-0.01306024204531059,0.00018305492321511006,0.08950287803148683,-0.016056518136167663,-0.0017906805199273902,0,0.8552105706971569
19530,0.15066518316034197,0.04152678349884963,-0.013460358626373183,0.03635454850097867,-0.19477894351397712,0.14057577729038917,0.015586745520014291,0.04668713381120373,-0.04345764984373313,0.03607656764056617,-0.0048827170889997416,-0.017726584376776967,0.0110960661706641,0.0033319950471819705,-0.011906239946807305,0.007053113770202032,0.10410442422906811,-0.02566416592794599,-0.005726921258494243,0,0.9106619192225676
19555,0.1476260277373753,0.024424672108785725,-0.04066216934616261,0.03506356469222464,-0.20348253219821852,0.14864071722482153,0.010179920362581125,0.04636127816451542,-0.04810747558985785,0.03210574658838391,-0.001088042862893197,-0.00852450931514641,0.010362788299069052,0.003116861954703156,0.006562023582836286,0.006228014668412699,0.09455080768072464,-0.02607876697809019,-0.007506214963982654,0,0.9006721343187849
19739,0.1337167819682502,0.03613862449592241,-0.027820654424763912,0.03945091182950566,-0.2023732884845106,0.13363860008962192,-0.0011945150654517624,0.054624195725712095,-0.05667688856820673,0.033022509487975256,0.0076476973062693685,-0.010055453128626915,0.003921310204682968,-0.002287504022057877,-0.008970199423888136,0.015589252856157294,0.10614801848296547,-0.02366988533481462,0.0022846494065928654,1,0.8992309403059761
19786,0.12725566080533174,0.029338271490365168,-0.029793038427987403,0.03765984880625407,-0.20351631146341784,0.14527159464118997,0.006717942503204264,0.04038564601916641,-0.036174670392485536,0.021384878307366205,0.014055702515814776,-0.0075272392513532115,0.021643651721810354,0.008172777734958146,-0.00390198117350592,0.006964636751610737,0.07088808970572519,-0.012731824442550803,0.00046749118830050794,0,0.8238512573423983
19796,0.13559618367408527,0.04353852451092724,-0.028398808528773387,0.03937053585944195,-0.18908676803257352,0.12606018263861277,-0.0005525769825076918,0.04017721198710778,-0.05060791719021035,0.03741912601733726,0.01666750656729001,-0.014390149426521094,0.015714888990656834,-0.008034820323094468,-0.009435237101846655,0.011039077801453915,0.08306336224536774,-0.0042646014840342925,0.014597290364551803,0,0.868014769726394
19815,0.14579875370798037,0.042804346878403204,-0.024737686534848265,0.04128000661812677,-0.20354256844144675,0.1342107644725399,0.009470132520253333,0.05342295608095264,-0.03563967931018429,0.039899256281974174,-0.002206542186582887,-0.00983735816590752,0.013996921399297353,0.0047610034826873066,-0.008107713610762485,-0.005784286925934162,0.08788882074822535,-0.021828127980387337,-0.0012896098019380992,0,0.8865065351484323
19826,0.14274588007673314,0.04416516830645067,-0.037701352684241934,0.03986776716254912,-0.218178948060247,0.13846845882864356,0.009520857213826022,0.03851572706135175,-0.04259671844156928,0.03240766682457979,0.014460062226702939,-0.006908849926659238,0.022213204089122297,0.010400695244539928,0.004852985620502314,0.009347195854994647,0.09142645071617167,-0.015831677770138178,-0.005174102917557387,0,0.9247837690265809
19874,0.13631276912400467,0.0357770363863914,-0.034607616808304174,0.06081238193615537,-0.215246157815951,0.12920198408542008,0.019488316336634292,0.03351651751362937,-0.06097659335848169,0.02627101804167073,0.02707977801621097,-0.00469075410215422,0.024458965891505757,-0.008845262805767045,0.006832718917989031,0.004130356719446105,0.09894775639207913,-0.028609719046467905,-0.008804509942032971,0,0.9646102132402959
19973,0.1128715671992092,0.04586683714225802,-0.029137375630671567,0.0402820707098216,-0.15629266145107207,0.1175254530580733,-0.0011871036609000948,0.02391112342940215,-0.04712857050880228,0.027682162657475418,0.011960840888287638,-0.011082809351659825,0.012866668975689778,0.004108279204144402,-0.019407782407707585,0.015921258542815796,0.07541049016903298,-0.022786372290507017,-0.008206937662507073,1,0.7836363649400377
19995,0.13557924594681017,0.02149349093571074,-0.027098162767661464,0.04828753571290013,-0.1894850599092257,0.13512004960426688,0.002980552937120465,0.04251479903602281,-0.05018579548211236,0.038050802530812534,0.008607562738172626,-0.013379206546824925,0.009928281737314703,0.011693665163485379,-0.0014927942503719042,-0.0013676937930931208,0.08955589552183611,-0.015759774124194378,-0.017378831282992176,0,0.8599592000209286
20184,0.12645628564729966,0.034918445464851317,-0.037131070229920474,0.0207589029895413,-0.21057515766226706,0.14105815132771712,0.012602773454093259,0.04705428669472113,-0.05079418379869438,0.025222268322291755,0.009050242297439916,-0.009537150189859896,-0.00039270949667553104,0.007577276898419296,0.0002279406280205383,0.0065473729081404934,0.0896966719398865,-0.025277521632513896,-0.006642025781956674,0,0.8615204373643102
20226,0.13422619328358812,0.02984643409549549,-0.019878311959325226,0.04094695968289829,-0.20197369352046654,0.13429977683900993,-0.01689962799011805,0.038363758766754456,-0.0402444066327953,0.018087941467132666,0.010070665305384911,-0.02802688565248885,0.007994908512308547,0.014125259864075848,0.004897775825941388,0.013269135606331908,0.07877386412616151,-0.0032521820640595243,-0.01934346565264361,0,0.8545212468469802
20230,0.14353123812356772,0.023295435737931008,-0.0244275001610185,0.023399208233687494,-0.19780604027807663,0.12515933886593042,0.008884860556107379,0.045102209942536095,-0.06033510991600844,0.02057113670498717,0.009539839681841421,-0.018101587952470355,0.018885237588581138,-0.0005701663334761297,-0.007089796525737962,0.0018887236432851668,0.09139061736005497,-0.026879877837895243,-0.008772391011641262,1,0.8556303164548344
20372,0.13821927857196095,0.03318968545463646,-0.0424999247706305,0.046962264515548933,-0.19717845679268237,0.12890407039903498,0.01847500957601662,0.04499235633547105,-0.05680418875113887,0.01867682340735357,0.02211668587308192,-0.015874699009887284,0.02444007879451964,0.00217596211144481,-0.0027701013006151106,0.0031914336725005436,0.10692468598235204,-0.0262551488409396,-0.021934104682095775,0,0.9515849588419111
20386,0.14491342899230672,0.04888408838053436,-0.01863788076115994,0.038247944347745796,-0.18941039871335894,0.11730419413598839,-0.001978775620072395,0.042662047672325745,-0.039697075797238836,0.02919283161635795,0.023354709222017194,-0.00958446688043291,0.013229704220695231,0.005386544953273952,-0.00017676487510581238,0.005756954456495073,0.08577470666299303,-0.016733975753502203,0.013922823387726614,0,0.844849316449331
20416,0.1367435418667467,0.023036064207253217,-0.017072736201636372,0.0376629263017833,-0.19551693603690776,0.13679990011546075,-0.0008866323411422304,0.061150543496142705,-0.04407725050261136,0.03672082920011438,0.004308383780308278,-0.015124351034896386,0.026473240676895347,0.025601865207169415,-0.01378933550369821,0.001404394522195425,0.07292250623948897,-0.025114995247247262,-0.021905318441278156,0,0.8963117509229762
20437,0.1423721153665078,0.013062350861030346,-0.02871860197578153,0.04334641866170368,-0.2004049717372449,0.13669391804829992,-0.007631725374502269,0.05406110845153806,-0.03747444725503423,0.023601803469140776,0.011290738606391156,-0.01250082935949512,0.02050175895389971,0.009070947810105322,-0.012905792511421873,-0.006648574359046324,0.08982114447148679,-0.031257012118098754,0.0011394857339238373,0,0.8825037451246524
20576,0.14217974218109636,0.047427528271624615,-0.026433455837663468,0.06065537415581378,-0.20844852369530323,0.1376368155817715,0.01133069504938668,0.05003431307971278,-0.027723115946101076,0.03764158912704646,0.015387314037804058,-0.012609377580357083,0.016521566616011448,0.007732251172224537,-0.015912040893085257,0.01385820202144033,0.09401562556142504,-0.033051972334416584,-0.0058203346035524545,1,0.9644198377458367
20616,0.13653581934456097,0.0414594032315712,-0.02455292920243337,0.033564326426976425,-0.18338116867901386,0.12874648516011164,-0.008397377134972428,0.020029064686375827,-0.027894796443537925,0.039443371152773264,0.013830655139403252,-0.02072041013910642,0.0013649204227231832,0.00621353145093266,-0.0006201144600434594,0.0047578143573829374,0.06901083677699545,-0.027224632171636048,-0.009592126038183012,1,0.7973397824187333
20656,0.14447801638509467,0.034360458489289085,-0.03181070456433802,0.04148588119495668,-0.20465905985043148,0.14291283093344206,0.009982005534458233,0.024907705837073107,-0.03903359224167625,0.03052429095883923,0.0129679992280284,-0.007109895595868591,0.014862356725296368,0.02012238450171248,-0.006194180433647017,-0.00456377637310242,0.08352986988993467,-0.0222022195818492,-0.013128139737222646,0,0.8888353680562606
20701,0.12978581821596755,0.05001762166789793,-0.0273469986617371,0.04973185890596965,-0.19902888180953093,0.1497941642727419,0.008760403825621278,0.04188087196703071,-0.03775726565794396,0.032588132304390345,-0.0011008396706291806,-0.014129481770425445,0.012323777953462631,0.0035853870369063874,-0.005916601388871298,-0.001726937742903067,0.08196517323097532,-0.03250181163175405,-0.004971519259127376,0,0.8849135469738861
20707,0.13333612271214426,0.055159822025424084,-0.033259145363731334,0.05066546151625886,-0.19528501766794112,0.13708088556466824,-0.000860679740037931,0.04621036825203277,-0.04790586802459688,0.029613968581930373,-0.005255121708827081,-0.013948275118819407,0.006211584215283454,-0.002943990149347819,-0.01149368385645365,0.0013077608302710668,0.10017725944819864,-0.03061099611247995,0.0013771116657460203,0,0.9027031225541929
20751,0.14079736074483956,0.04466682988334725,-0.029269791887137266,0.04416240148703466,-0.20640095051680324,0.13092002107879191,0.007570444022973985,0.04911058337338131,-0.06346179874492047,0.035789454990255334,0.0004899925191357502,-0.01680237018900623,0.026609345437975235,0.016018005936566777,0.0007675625517287702,0.018120606777280116,0.08505679735702411,-0.025219130008755974,-0.005386284310464287,1,0.9466197318174222
20785,0.13377535308186017,0.044166202066654996,-0.025387171860867374,0.05187730216836715,-0.19483478921621272,0.1313881058821749,0.005142359199515957,0.038299053638012406,-0.053201619612387466,0.013666908670854782,0.009124612835096772,-0.02428404242522919,0.01881217722893933,0.0094519120962899,-0.000280619840379732,0.008407496590456233,0.08291922996817491,-0.03288774426822621,-0.003077530299330378,1,0.8809842309490306
20799,0.1366445669354942,0.04160725666785223,-0.03497835320208682,0.04660246654495991,-0.1905272568675463,0.13005406616512824,0.00848223173559135,0.04957590240075413,-0.05491688555434282,0.029484811400802398,0.017545552996217618,-0.012222125821610872,0.034342489201745735,-0.0027578132243051036,0.0037971409244837895,0.010174496206512899,0.07354219928089095,-0.03717308013591794,-0.014105624431422475,1,0.9285343196976658
20808,0.14551744698737198,0.02569167700675301,-0.029837062352514147,0.035373210416304715,-0.19658406723858765,0.1378666308146109,-0.0010535269052167466,0.04563407489220517,-0.05605060812389589,0.026234250946250332,0.0029563271151030893,-0.017692922218684615,0.024792008938345298,0.010405856767238243,0.0017266371409065384,0.0022536075377967454,0.09640103168396259,-0.02424933663414471,-0.0025810221986636355,0,0.882901305918556
21003,0.13560378746283983,0.0314454042460331,-0.03955020170428148,0.029101086523817682,-0.2069322242039385,0.1446344898899799,0.006224428523961078,0.05039430977933144,-0.04682697437672198,0.026119039491592798,0.002351864068972231,-0.005587610982062403,0.011432448185430566,0.007571687480184117,-0.003348998072564574,0.016791173139402475,0.08911581740420528,-0.024668022434325126,-0.00840165806700785,0,0.8861012260366524
21014,0.12868862198468872,0.0380923646077652,-0.03940077866472434,0.041010303029040754,-0.21237369318685673,0.132316076649155,0.009007013022662377,0.048642191803118226,-0.04170436776159739,0.036263125115214366,0.002789596064418355,-0.010581746706895228,0.004325859043052716,-0.00400028356435859,-0.00310051298832233,0.01805429155354267,0.06966714015485896,-0.012919410047277965,-0.011328798635673862,0,0.8642661745832237
21032,0.12554164330206857,0.05118856190987561,-0.027709714110522622,0.04654032157305015,-0.20799626382751715,0.12482299331988357,-0.007871271951529753,0.034429431972006375,-0.039178945422506585,0.03955550501005657,0.010611425175076657,-0.007010648787807868,-0.0011817386549237265,0.0016602783036958498,-0.008767722570594386,0.00576350189173793,0.07730560891039309,-0.02006485115840995,-0.004790086851457765,0,0.8419905147031141
21114,0.14008281358596594,0.04080164958098052,-0.020428223192565653,0.05084301097378128,-0.19186248325366065,0.13371072848391274,0.00071613754606877,0.0513807979230287,-0.05422657047298956,0.026611892630627465,4.952352400134624e-05,-0.021024740348948606,0.01837854706431551,0.003852777259316661,-0.008836956162796544,0.02780329357295583,0.08296507752123365,-0.02633862347295308,-0.006980717537555845,1,0.9068945641076583
21251,0.14235374229207687,0.03861923654760743,-0.035623939295713565,0.04750641570575101,-0.1998093391969458,0.138749443941731,0.011299924473156775,0.047068114305979854,-0.028992022023245367,0.03352133272465131,0.006087075284487576,-0.018424385231523916,0.009222976278757922,0.013150513587312299,-0.001656621551327986,0.01782389952303066,0.09124880613988268,-0.013409368047320068,-0.002659924370738539,0,0.8972270805212407
21311,0.11912231238573075,0.02810541542341664,-0.0349458089419789,0.019885612003033886,-0.2086893949167086,0.12473393282292203,-0.005647869637646294,0.04238391304478009,-0.02871917312514062,0.019020408616373732,0.003372509946404688,-0.009494655318522493,0.029531366662357755,0.009552825452836764,-0.0018537923196114997,-3.379082842969358e-05,0.07539305295367277,-0.01571999399035148,-0.01035349066631148,0,0.7865593190562301
21339,0.1386889531580345,0.03740730898298957,-0.027693112890562904,0.031122421064055824,-0.18801223451764348,0.13638050550554848,0.003627426398118448,0.033743572533551716,-0.03639778230561426,0.03039276999787731,0.0012229794867849554,-0.002050927319025953,0.009902106242868242,0.007232194746211198,-0.0040519331928767065,-0.003103268091578156,0.08109173877961857,-0.03482377431240703,-0.007015506731076183,0,0.8139605162564435
21404,0.14374781314512722,0.035302843611177546,-0.034142124381926084,0.03380709576110443,-0.20313567891616735,0.14298681230885193,0.004736861381901394,0.05346610771135664,-0.04556170822440626,0.03194378330073604,0.008547690309224445,-0.01629758899522237,0.02433704957109371,0.023201530573852668,-0.009081695010246462,0.006680082986124124,0.07562260010085338,-0.012081870626502414,0.002179686639539455,0,0.906860623555414
21490,0.11369707275972508,0.029538937601893286,-0.033806849302492975,0.022044666213295563,-0.20241858276447044,0.12596571726363,0.0061485597295567965,0.050289993940806216,-0.03964164478838035,0.022111442574108343,-0.000879331221279587,0.0006099476037713545,0.019581916159310514,0.007913623665196483,-0.009693234216163995,-0.003816261636796296,0.09378211268552097,-0.033217283920031405,0.005359259613516519,0,0.8205164376599462
21598,0.138109021399665,0.03689662776474052,-0.03232438108096792,0.04460358265745383,-0.20217761686535954,0.13675412239842316,-0.0009751371901243615,0.04056379087793164,-0.045924818271703256,0.04166286981904856,0.014143084712116746,-0.009637003543285961,0.02058804416199908,0.013879216079764336,-0.012937595578168603,0.008958461440910568,0.0974446665056329,-0.03391202855319505,-0.005997910273005113,0,0.9374899791734962
21651,0.13398109119818827,0.030805064116498432,-0.016312241213426375,0.052578507221809394,-0.19780582016400766,0.145791430988448,0.025492832607245053,0.03971352611135794,-0.03450915389518677,0.03655941221870452,0.005745971816723357,-0.006592082307917899,0.031633411112680934,0.009987707326264953,-0.016309876920077918,0.003074943687779812,0.06695545840279728,-0.01939538214533766,0.004516811631719832,0,0.8777607250861721
21714,0.1286576661814886,0.043689558346717165,-0.03333619807977493,0.04259514362781984,-0.20737242309845572,0.12555915630366832,-0.003706770114639063,0.05908307199453254,-0.046587221569598096,0.03050360365525432,0.013772125698966683,-0.02259401684748149,0.005561216378348859,-0.0012634105122054603,0.00474531337903004,-0.0017847618791288647,0.08718114769724944,-0.01777679339262536,0.002885739975968226,0,0.878655338732953
21729,0.13788793805358793,0.0300417850329006,-0.02746171594967032,0.06092440562043104,-0.20307125335692064,0.13742821670178124,0.013944762435292817,0.04144006125531193,-0.037781477965330774,0.01971927083664152,-0.0043045407752543546,-0.01026213396301751,0.009514957285426241,0.0021057229200303973,-0.010508718518562382,0.00972251601785422,0.08507440968691318,-0.014270391787836057,0.007054742449389973,0,0.8625190206121531
21738,0.1409596477146842,0.05053072491393523,-0.034773570417868806,0.041463439114131403,-0.2054256487409299,0.1331407020398406,0.006905358274626227,0.039795174337463025,-0.0392430188542081,0.04325421475408619,0.007833766465193612,-0.017461412823341148,0.014623242269023517,0.00723676495801226,-0.011512324578511333,0.008197335161992359,0.09036646334110543,-0.021994346421999517,-0.008388922892362661,1,0.9231060780733155
21739,0.13868228709881153,0.03400349635335575,-0.04029844149316799,0.059743056309094364,-0.19696780127936592,0.12858869248065055,-0.004846921400260459,0.059008421255731934,-0.051449409753826524,0.026361231831851125,0.015305766137575524,-0.01999010734698818,0.016593801588816338,-0.0024377951170098367,-0.005653909583332246,0.0031643457923187382,0.09815381242501864,-0.020466616137659092,-0.017840028961725245,0,0.93955594234656
21789,0.14130519414650514,0.05240863277596469,-0.04294505222265891,0.04363735735333279,-0.19504293823482952,0.11069023353649467,0.005669781309687587,0.05211921336854288,-0.042744615672279364,0.03260382941183215,0.011314228929961676,-0.016466915113183052,0.004522917552030687,-0.0006470751786109166,-0.01316062768239328,0.0051862156597799495,0.09282541769269102,-0.020037095158326943,-0.0186061983430368,0,0.901933539342142
21917,0.1476307704637274,0.03995769528243983,-0.020319743745590344,0.03408685801216733,-0.19593259588454054,0.14262004924830385,-0.000841666397212402,0.053732361482141396,-0.05698944347182734,0.04098323902133232,-0.0014085961049286537,-0.013895783920345984,0.013031893333972928,-0.0020515463146788464,-0.0169662962036275,-0.0021606554889896787,0.0943458299005712,-0.028714245067911506,0.00034185205364264037,0,0.9060111213979517
21922,0.130605583274927,0.033876537252887425,-0.013673324084136733,0.05077670846953012,-0.195316498612408,0.1293246580689022,0.010392971070153844,0.03866989499400676,-0.05178542516451342,0.03839633827480667,0.0026551804306871613,-0.004806517514179901,0.021415718701235435,0.009006680502545982,-0.016897675131506893,0.01694652713440508,0.0784488180119301,-0.026233029798228964,-0.00493663338958106,0,0.8741647198805728
21996,0.14144238769737597,0.023973604297408985,-0.03710610121430239,0.03909664573159822,-0.22151975541427785,0.1396908286340935,0.004703169105250255,0.04836947367072461,-0.050308308514305615,0.0517806875959399,0.006620058335490745,-0.007243173293878377,0.018203805681623456,0.01698262541370025,-0.01560780177034492,-0.00322440352828434,0.07834552108104152,-0.0215646407652332,-0.015977512442627954,0,0.941760504187502
22061,0.13753595334663657,0.03565199051571254,-0.024099139915073262,0.04665120857088277,-0.20689260105949436,0.12919316549292986,0.0013560724757602153,0.05507308733523997,-0.04299633560700628,0.03673972480610794,-0.004076917920184772,-0.0036968488377741976,0.02444966478915254,-0.0071076426712971775,0.0010623545750193877,0.009987180799989776,0.09015023042542242,-0.03039861821855811,-0.0045079348121881335,0,0.8916266721744303
22101,0.13391596690871158,0.012304489003604396,-0.021198205699016665,0.04605882059511035,-0.19377549691470403,0.13489602426408784,0.014593327757641057,0.04338051806174437,-0.04720189886189549,0.05362318609605413,0.007666154419903106,-0.011361558955070614,0.008958407226283414,0.009830043184857171,0.003735974498305394,0.006408240451414489,0.09663624504818201,-0.03030728772221855,-0.006640048067874546,1,0.8824918937366792
22178,0.13110038762530185,0.03358533550598177,-0.01620080874674684,0.04050987113016083,-0.2039447894055613,0.1437470316139141,0.010125563812057068,0.029899518877486497,-0.0341162342711653,0.01669022445249685,0.020056034107341733,-0.012063741695285209,0.01513127189302213,0.0046467491958994194,0.00012059999798874438,-0.0014227501280559209,0.09830308705592625,-0.02538299714238586,0.009604460582224522,0,0.8466514572390021
22244,0.1489191260713788,0.025161877357559585,-0.03223228524186858,0.041880514213987766,-0.20648759997442864,0.16217649383843832,0.0010374612369162168,0.05093757275628196,-0.05116898542814243,0.04907380272822912,0.00398469566105139,-0.0038735263796369295,0.01690520850132293,-0.013425873533139204,-0.004794047946039222,0.012062078790041978,0.09994905397883931,-0.026555321688637088,0.0020581804663176513,1,0.9526837057922571
22293,0.13705374343456955,0.03987421595095086,-0.036168596236642155,0.04538670354440637,-0.18034314272667215,0.13053017894527577,0.01078989742644958,0.03298824124089911,-0.059353701537000966,0.031602869839610664,0.016730824607886923,-0.005936213371063255,0.024226051053098063,0.01925633286215145,-0.009763302284524485,0.0029975340842666775,0.08822885870921982,-0.017479238120462072,0.005830728796442327,0,0.8945403747715922
22338,0.1440785143321988,0.03997490592802587,-0.022146901643930034,0.034776227377219714,-0.20011132447004434,0.14277958625519752,0.015590250887694397,0.03382325216483912,-0.04467711863489923,0.028964061575696844,-0.006837590882303919,-0.012947016612107674,0.017547984462928382,0.01283528552456337,-0.005649501835191175,0.003135963651465295,0.08634202023675919,-0.0280298850874901,-0.006197398046054291,0,0.8864447896086093
22454,0.14565232337439432,0.03235512152453289,-0.018560218946122274,0.052099988599592535,-0.20652801257212597,0.14233660503249396,0.012543831134586427,0.04961299141696654,-0.04448594169126027,0.04003884127045337,0.01782072411933551,-0.009052822979042264,0.011319792800063792,0.016528186044854096,-0.003133726545609239,0.009906903739992864,0.08234379918789259,-0.025616065980832138,-0.0018685075271932595,1,0.9218044044873444
22616,0.14035529138258906,0.032272653007693976,-0.027395895802338945,0.05158030919621765,-0.18992376543352055,0.14746632043491723,0.0169082570189014,0.05173687218351105,-0.03552451014120518,0.034953104078803116,0.014777794003467765,-0.02635278593869306,0.01775806192091691,-0.008328891360091023,-0.012709810062063098,-0.00042811974051870823,0.07916876488570812,-0.025909973311136272,-0.0003385852746366916,0,0.9138897651769298
22646,0.1387667256819803,0.026948390786594757,-0.0287527056334653,0.04477285330587437,-0.21538243798732296,0.13113383962967126,0.01954403146619956,0.046560999960118005,-0.04726358875549034,0.029798599802944224,0.0031661841633579416,-0.011809214154363456,0.014902313092611728,0.020264698434990614,-0.000900655968066172,-0.005141870266405618,0.07087099239800196,-0.016019095761126378,-0.004318814661393215,0,0.8763180119099782
22678,0.1314436343891076,0.044969936217593515,-0.040283015943561096,0.02870111847176109,-0.19494382896931098,0.13903260439655613,0.01850668916604592,0.04668665670464622,-0.03407414832262345,0.03269591723234795,0.015965383236211043,-0.0199198339996624,0.011040710511096945,0.008257872661667276,-0.0011008943061096156,-0.0002145474953837424,0.09773772081878346,-0.014187521631062933,-0.014781280903329499,0,0.8945433153768608
22731,0.1327857946997713,0.045520814947128715,-0.041149284599512115,0.04642718510233143,-0.19292724098412417,0.1348901574305006,0.008144783846117491,0.06322614571566053,-0.038489813717056856,0.039986695943354335,0.005679742472933387,-0.010251875491573885,0.015951298803844764,0.004357651016525608,0.00476949321974802,-0.004647758849861471,0.09080555583797162,-0.019431716836889563,-0.014462626642641871,1,0.9139056361575477
22783,0.12456815097532316,0.0479774856344933,-0.037238386913933774,0.028084040451372864,-0.19892679812205027,0.1270601933414751,-0.005827110457865055,0.04591772988445321,-0.06095029443750316,0.01928612077919149,0.007283622760096753,-0.007870241141290488,0.024080964702221708,0.003907380570310536,-0.011067903671989163,-0.004198219695680751,0.09539105139844319,-0.041713029194419556,-0.010396315312671675,0,0.9017450394447852
22785,0.13928746953483642,0.04356579035620468,-0.02076173430749076,0.056513607535135395,-0.1919190298096373,0.14177820856573892,0.011685085933020787,0.03223186409599556,-0.047591492985545165,0.028861383947051573,0.014777712444472988,-0.0022654819512725423,0.016558776312102428,0.008605723452508448,-0.014016591142644084,0.0036441431632619234,0.09448597932864285,-0.020999811186188655,0.011157130414118444,0,0.9007070164658689
22807,0.13592703862974315,0.04810020365752428,-0.028442082819998223,0.04405161058220117,-0.19713438896310198,0.14340871216750412,0.006277664452196282,0.060918044613653646,-0.04547576442101826,0.04230733333378475,0.01671123806138695,-0.015015789646459889,0.026706406489032632,-0.0019016302688322933,-0.004912443621306881,0.008250263877317157,0.107586280283741,-0.03157459914627141,-0.004498028199109535,1,0.9691995232341836
22816,0.1391707176601991,0.053438105530492774,-0.035402628083011985,0.052022502453213174,-0.20016110474426776,0.13839521066318103,0.015974878283099698,0.054095766051977946,-0.041741187960913334,0.021768303414736786,0.008682832606674754,-0.02173116684219351,-0.0006973549291067689,-0.0005796193083750713,-0.004002166422769724,0.015036822820253986,0.08467011166983632,-0.01435970680468517,-0.008018805053962985,1,0.9099489913029518
22955,0.15565450541945097,0.0387229638492051,-0.034029420004111306,0.04399609791828268,-0.19080912895326793,0.13975208431852373,0.007678036001851402,0.05022143055924543,-0.05056696550309953,0.02403314935728102,0.0020341094897603274,-0.008391606177332098,0.02727794485192653,0.006966027689425331,0.0011117430896753298,0.015522101498212822,0.09105338218456352,-0.02591155167501058,-0.0006187131561210712,1,0.9143509616963467
23081,0.13013083366637868,0.042433128501698884,-0.024959323663479666,0.036598623908819614,-0.1985269872293062,0.14227575716609364,-0.0017927814296305523,0.04302987386309783,-0.044075983024519025,0.03372096914254286,0.006332128545821592,-0.018712200116437937,0.019515777777423592,0.0054526754158320005,0.0057104460274073855,0.008449281695084418,0.0842079550765651,-0.03481547962140987,0.0014599173324775475,0,0.8822001232040264
23154,0.15064416081054385,0.03426526226994579,-0.04177875525206814,0.04355008755948244,-0.19606860918449026,0.13379947607487322,0.015980374752700127,0.040496086906705024,-0.04110084387722966,0.027342207374602225,0.016365397450190347,-0.009432182146078343,0.01677297085927277,0.011071370664932738,-0.010303748365283623,0.001841962600362235,0.0824602446284733,-0.021268328842345138,0.007419867239416565,0,0.9019619368589958
23413,0.1361771820969231,0.04578379921265031,-0.021336841287362938,0.03539855489683274,-0.20303880635884913,0.1240217195082275,0.0038843733853715567,0.03565054049159975,-0.04115771306055201,0.03469062050232661,0.0004596739308116726,-0.00645680031601,0.011007317551170947,-0.005938266623671907,0.00027612671067836557,0.005594507352003742,0.10818717053548181,-0.02103322716181199,-0.0037664746646471486,0,0.8438597156469833
23508,0.1487575008834441,0.033655724937584335,-0.02172142304402357,0.03493074941308303,-0.19064277657622095,0.1531599771334276,0.00936177172677998,0.06551681211992845,-0.05027713602561348,0.049463761877095176,0.013241951882690704,-0.008098290472520898,0.02012335495825941,0.009354893667421073,-0.021439740834750382,0.0016829513532224372,0.08281172283300017,-0.010214096255631182,-0.007891806270539887,0,0.9323464422652368
23553,0.14754366522396176,0.03052459032502533,-0.029079371807803425,0.03988485970608792,-0.19256738435311818,0.14540615833087392,0.0033731220025347013,0.04902365490959909,-0.04225534252519112,0.03910992172815382,0.011886711325718701,-0.001703147107620451,0.014048326128651839,0.006071282837295303,-0.013231367358445836,0.0056557952291991466,0.08972533050867841,-0.030042535707945316,-1.8061415803059968e-05,0,0.8911506285317073
23635,0.1438752258777103,0.02973684325973752,-0.036763315750205465,0.04434288714706815,-0.20018468885160837,0.13320479345661845,0.008494126440757036,0.04561190003428598,-0.04673312263744907,0.028123563993623507,0.016824336299750005,-0.018183413093796112,0.024975770981193135,0.005097008862449655,-0.009493420035545158,0.015521837067217261,0.07702568293752644,-0.021858356033558745,-0.007267374459618709,1,0.9133176672197191
23639,0.13804914858589595,0.03422423936725421,-0.0411639363912418,0.037249627822538385,-0.19469211714641982,0.12859293606307032,-0.002359097030110643,0.04453036240299148,-0.03549514797151033,0.01827870790559248,0.006148176444984518,-0.02212238148022813,0.02659625794647696,0.002401897491713775,-0.012461893701084597,-0.001210286600599242,0.09151015461487043,-0.025537006521786944,-0.0036731576444831893,1,0.8662965331328532
23656,0.14827052820982756,0.029618550201917806,-0.016904685613697786,0.04998541868531864,-0.19013594595863964,0.14543522138225004,0.017438441886740003,0.05167009058441124,-0.04418351066229077,0.04646466008332679,0.012406206478284502,-0.020092035504971902,0.018793074522794974,0.0031092549766533043,-0.003603020041978144,0.02300036856274292,0.09579267517842366,-0.031348347707839674,0.0030036588017673138,0,0.9512556950438766
23660,0.13498931968378458,0.04829056527795962,-0.01144655062453783,0.04258127227270434,-0.21139193999281358,0.1431994912028107,0.006946570653618517,0.053859516138868656,-0.04620090590800861,0.03851655922655181,-0.008565015279216144,-0.005489727870392585,0.006420121631992435,0.003501557945159314,0.007286953273652912,0.004620269472609374,0.10269363810733881,-0.02325412348539609,-0.0005804683057984623,1,0.8998345663532143
23710,0.13958585655359657,0.04824905045609874,-0.041297409352248085,0.032407458671526064,-0.2025849759195811,0.14070507691982112,0.011884261056368127,0.04505001371526434,-0.045888174202813936,0.02230304703171605,0.001578732376051707,-0.012897848707828532,-0.002031251185199574,0.01555083748943937,-0.011569173041465028,0.007083815635622687,0.09191034944884606,-0.0266778845057797,0.0023084529884797936,0,0.9015636692577466
23840,0.14094222856508956,0.03466594724876109,-0.03217186177778689,0.05622409339938395,-0.18921638432000443,0.1449619710088626,0.008529245897254978,0.05483340576283455,-0.05200611662318055,0.029206523727993823,0.0174967472838205,-0.007368563429088445,0.01518208562232251,0.004460921354682297,-0.007252248602069252,0.010190027032208894,0.0838796432411833,-0.024383416262981072,0.003396913990334921,0,0.9163683451498436
23879,0.1296635220226474,0.03499203960132811,-0.034193454688341354,0.05315995612784989,-0.1986249043474964,0.12739912556174693,-0.00784911671587979,0.04821171613464965,-0.03854345372849117,0.03548607472437639,0.006016795051258986,-0.006074998985918832,0.013379069715256741,0.014557397067862174,-0.008074669070038563,0.006329811446437616,0.08580886716890519,-0.009492397573353002,0.007096185537915718,0,0.8649535552697539
23986,0.12720893564747332,0.03969358387487428,-0.03259000165481583,0.037983430343901683,-0.20188858231718904,0.14311777246326213,0.0019707978650208577,0.06296110754829508,-0.041439271780610354,0.03959709267720167,0.004592745211886868,-0.023978179207926224,0.017168895194873524,0.010460590160706648,-0.01021157993987983,-0.007896431075389326,0.08840842951657765,-0.02050992002246465,0.0011342295017281387,0,0.9128115760040771
24055,0.1357865012450622,0.03974102269648803,-0.037464580829634934,0.059154560585804414,-0.18398836095477392,0.14131466634576745,0.011473339492080578,0.05290054361164619,-0.04124432360456451,0.03501852156981721,0.01693793996563613,-0.005272927872421728,0.02383695546407905,-0.005509327767603432,-0.005566706495532374,0.007423070334585096,0.09475618425516123,-0.021501035721394782,-0.013567248468023091,0,0.9324578172800764
24065,0.1361681789186587,0.039371739615722226,-0.028122434903186534,0.0503136945592475,-0.19152367471628726,0.12292944897914677,0.008836854075518534,0.05285190135231198,-0.04066098336421318,0.02633625407776734,0.01068191162745395,-0.00069091289213139,0.016285735545896927,0.00722513406272899,-0.018130301832654537,0.001243694880035321,0.09497287732921345,-0.013234848931515136,-0.01411566807523664,1,0.8736962497389263
24072,0.1341318294311472,0.03532283160075731,-0.042370072376808926,0.0639481371746663,-0.217255407644122,0.12101940874735935,0.015218114754433852,0.036688883160603585,-0.05155228739143164,0.023978073066784643,-0.004081572659837877,-0.01051035626415685,0.01902316790788897,0.0022520616452801874,-0.005034210697964655,-0.014241839555003537,0.09803473807099089,-0.031470258713813586,0.013203382491025002,0,0.9393366333540764
24090,0.13281038301049547,0.03170124276589511,-0.034489884450423954,0.032760341651872416,-0.19415224974870202,0.12385501556385203,0.010972216162206316,0.05011824256548323,-0.04790393518891231,0.02984943720519625,0.011720981890832765,-0.019742343442176173,0.003470636228611485,0.006491379159733798,-0.006782573731745881,0.005063712327633284,0.09684635675059852,-0.02892622499718683,-0.004027734793050331,0,0.8716848916346082
24103,0.1415331468104634,0.03853442031390893,-0.019631420880375876,0.05905667492561181,-0.19513241819370353,0.1474516363361866,0.01830885064190063,0.045173203757124816,-0.03839602185436309,0.04322215322440269,0.0008343378800444107,-0.006909221430876085,0.010743739305366812,0.00012256915082494926,-0.013929953694707385,0.007780990715297897,0.09346435831679502,-0.02318367808024541,0.00925004594955249,1,0.9126588414617518
24137,0.13891082446820385,0.015898739620455207,-0.03026034089535145,0.04697890333142027,-0.20109283310740506,0.13790255014206285,0.00490121024415314,0.04005329590041909,-0.04267438968190493,0.04784445562976333,0.0009655209737427679,-0.012701169065325032,0.017620600244805978,0.017251626343714764,0.007264675679329909,0.009477167170374551,0.09345319126247256,-0.029738232222374282,0.006213858703408122,0,0.9012035846866872
24217,0.12702360174331567,0.0519920256974575,-0.025144149122621612,0.03871352097975381,-0.2026703847999507,0.14202350717837312,0.007246249246279676,0.05368999502852269,-0.03803155587852502,0.0371467752644941,0.022787251334381777,-0.012318864142179585,0.011062779904111586,0.015027389947100142,-0.008334531009657229,0.021308616381351005,0.07606332279583802,-0.014614061545357744,-0.018139747478163125,0,0.9233383294774341
24270,0.12018432613961792,0.035440750405826865,-0.03010097824586571,0.030892728762263264,-0.20726005127126462,0.11412762444567695,-0.004643599722258301,0.02448863024130049,-0.041278699767578704,0.025151779077064625,0.03619012611298207,-0.013516566435950107,0.007849520528303174,0.01644166022870525,0.005362915933267132,-0.007082581674619186,0.07883263110705273,-0.03483396670063912,-0.009024269466273329,0,0.8427034062665095
24337,0.1504150262268848,0.049169760623390006,-0.026232011786031132,0.043987958267725384,-0.21054271007214867,0.1488251491549831,0.002731163086390409,0.051515691496724754,-0.0559304090653445,0.02778948066139654,0.019493050017743888,-0.0009179740702889284,0.010383666175663511,0.004883563111704384,0.009272373310842236,-0.012823193485427953,0.08859225023041721,-0.017533277558916184,-0.0024091132912672166,0,0.9334478216932908
24388,0.1442410714336267,0.039130030296901576,-0.023464323024617106,0.04825482516052484,-0.19465379229619748,0.13972640419302507,0.015741478708770962,0.045870998983724535,-0.05231693909886961,0.02498074205468096,0.01953720671969896,-0.015695386522273883,0.014238255835271245,-0.015140997867269688,-0.0076997402308191685,-0.001992656439591146,0.09161096574147164,-0.022161081161994247,-0.0023827003212205772,1,0.9188395960905493
24407,0.13411382803858046,0.037649776370111486,-0.025704965355901433,0.04644095495287934,-0.19408759972521217,0.13185854521910273,0.0009999699368725048,0.04392441588154555,-0.04073863777831937,0.03218373848807003,0.006175283787057996,-0.0139009103755226,-0.004258681188289966,-0.0013478299374534873,-0.0023026062201013126,-0.009857899983727048,0.08513843633967239,-0.033073384458021306,0.001711058190181974,0,0.8454685222266232
24418,0.13413099225195077,0.04324857885520266,-0.03570968810617078,0.039264249009002994,-0.20363490201018622,0.13050324067896044,-0.014849658756691283,0.02935079794776911,-0.034999168392106955,0.035508647206231043,0.018237409508353734,-0.027064593196175036,0.027698709801024155,-0.00022436722970384097,0.005123302698334846,0.007138727131879575,0.0837516396621588,-0.028696554994943592,0.003270693754410268,0,0.9024059211912561
24439,0.13607620369012421,0.03986244673076405,-0.030863761584157854,0.06696029924735067,-0.19917231995850135,0.1504689480243684,0.011416967709399475,0.04222174568017366,-0.041662107760473154,0.019120778187261833,0.012670401148095253,-0.022493579382241394,0.01647758014915155,-0.004262663730715391,0.004065420233116634,0.020318600461288906,0.10495494427985874,-0.028164018575178463,-0.012793825470019816,0,0.9640266120022408
24529,0.12700430929192902,0.02998057096535194,-0.026262531150141856,0.04398242924045296,-0.19649590171837455,0.13923583608312298,0.0024291602393858736,0.06698300242647524,-0.040121049746943076,0.03205901633602145,0.006420875459923649,-0.007567141002926399,0.008579402084744054,0.004055877527063569,-0.0007094122553991876,0.00428337330998198,0.08680891960566596,-0.02525396448070245,-0.003407534560831785,0,0.851640307485438
24612,0.13644616186722655,0.03614742589969074,-0.018276604578476633,0.02957550616453409,-0.18860948500443567,0.1387369158110943,-0.004628905590669221,0.052865505637793936,-0.05183000248026842,0.030887642131422983,0.023694304168377738,-0.010803849859212806,0.026304982036245574,-0.004188741094023369,0.00875014185110788,0.013467000540619743,0.08643588739071112,-0.027668972973208653,0.005240827915311328,1,0.8945588629944308
24707,0.14202300418160616,0.03937215413341601,-0.030085942240935987,0.042859125760286707,-0.18825271070648716,0.14122952927502413,0.009337938116700499,0.028058328072237838,-0.025379615205318173,0.049473337195074914,0.022093504729387176,-0.008460820167650453,0.021963565549325367,-0.008037833662304669,-0.008812434008238324,0.00477681960715341,0.09695819185139144,0.004713663102750719,-0.011144524234693599,1,0.8830330417999828
24822,0.14431982497193566,0.04043574223186229,-0.02517080925312836,0.03858753345351919,-0.20056791762315898,0.14294556312543338,0.0032052996556736196,0.0457229459572222,-0.041591323961869674,0.03212878000724631,0.012583733430215679,-0.014698791528741475,0.01363877310452722,-0.007299953839858256,-0.013780812324441217,-0.003372699164409866,0.08845316226383303,-0.029845359361580677,-0.001311447928829258,0,0.8996604731874863
24838,0.14268665354156257,0.030590937142509027,-0.02727814158572574,0.05479131249981954,-0.18363492238709145,0.13842091545508303,0.017548351789942296,0.05330869935820621,-0.044821250970774974,0.05596061967186428,0.004491915827485335,-0.002621525182452056,0.019485171018430933,-0.0056147644545675385,-0.00033977092430400647,0.003813199005420323,0.09347351346850859,-0.02109307486263821,0.0023631948241928354,1,0.9023379339705789
24857,0.13107728256724555,0.03806668523986867,-0.02966763699431236,0.03679659173931259,-0.21198173651698934,0.15863804342029253,0.016532443954596025,0.053515490967962154,-0.0320270027159434,0.025823718681592295,0.01548125698454699,-0.0021100252703802557,0.031037682926582086,0.01152196572606323,-0.0035883319766546835,0.003020840539541662,0.08353968305208571,-0.03369925316762965,-0.021646911032158083,0,0.9397725834737573
24867,0.14815146872968013,0.03220710509208408,-0.029461389239030022,0.041631551253923996,-0.19187307999472358,0.14913892545300184,0.0029129660419404324,0.05329106252165995,-0.030767978562250813,0.038338647224560984,0.008083428863510314,-0.01049800904116679,0.009314933552669415,-0.004367570674671623,-0.013508441764689984,-0.002538645980612232,0.06286795305138697,-0.02794556602629327,0.005685543786341064,0,0.8625842668541975
24901,0.15450212137231653,0.028070332620603815,-0.02845737207602138,0.034291695795140235,-0.21093355434565253,0.13284624524179228,0.0006621600822787667,0.04551884835464225,-0.04303782293998531,0.039902971416946785,0.0038624104986393986,0.0020665966953459626,0.019576089655267945,0.009222692065797922,-0.013282243813676221,0.017402924121121984,0.0948957635775663,-0.03133891472893598,-0.001830782714570751,0,0.9117015421163024
25045,0.14942822893410138,0.041608812605356635,-0.028789493882952523,0.03498262428430503,-0.1898748088617179,0.1342964477098975,0.017182852845569856,0.04352790815165503,-0.048628404742905994,0.042154049532807984,0.009263805789733015,-0.007595489544685266,0.010887726615077678,0.014228742647451855,-0.0007560791607043721,7.284168261271148e-05,0.081985605190267,-0.021020232383429264,-0.011394483191676989,0,0.8876786377569079
25062,0.11970429823512982,0.03403800282259582,-0.04232553176816465,0.03455925389197912,-0.2100155704339698,0.13465051761051994,0.005293655746526331,0.05492436134578072,-0.045201258954523114,0.020819808631880887,0.006632907733431538,-0.01970478212607959,0.0023527986247464604,0.007819260603356176,-0.0032714171999770184,0.014474876423274979,0.0877263218186454,-0.02956603960531361,-0.010762849280946086,0,0.883843512856841
25165,0.13578314938986835,0.03631124771796688,-0.034340068968001694,0.04879306262433195,-0.19336257667859091,0.1358392433703419,0.01773517843419153,0.048247784237664716,-0.05561541368738686,0.03069591593456308,0.02080391375592181,-0.010280248935799955,0.03550329577635833,-0.002272693893420026,0.001528084011735496,0.01357451390153386,0.0960562558637051,-0.018510581831673752,-0.0041790753692181005,1,0.9394323043822743
25174,0.1471817850802879,0.033109720880464606,-0.03185669880652675,0.033750811004937153,-0.17778506727233942,0.1442592882463293,0.0021272031973314114,0.05635120289080694,-0.05282274012834458,0.03550865383651506,0.011870081741683854,-0.005303704455116868,0.0150544101943212,-0.0056905730092321975,0.001610117330921397,0.0037467643942847603,0.09347683738179591,-0.025907017860541465,-0.004694142006334963,0,0.8821068197181158
25290,0.13864247938963184,0.03538167464224078,-0.030596151689617695,0.03086544111797027,-0.21449513539053355,0.14288009021051407,0.0037055858234020557,0.04279268919826423,-0.050890082105786535,0.02982711789741788,0.019000322119328866,-0.009721321347644198,0.018130366896800445,0.0020689316062792997,-0.010308125443351223,0.007357313657902693,0.1031142997146861,-0.040311612275726404,-0.002152301039660172,1,0.9322410415667584
25378,0.12944731147941416,0.03495392086057436,-0.030141724582793704,0.028316642368736218,-0.19253544410452647,0.14951275230273028,0.010421728770285044,0.04000834814169053,-0.055922767904396355,0.03218000367071826,0.01566105975449353,-0.013039944606817578,0.01589787874637064,0.00196654362427359,-0.007803587121623993,-0.004572257746944732,0.08711415677758483,-0.03378736329182468,-0.005631631889884161,0,0.8889150677456831
25435,0.15247466272871915,0.03330899911987423,-0.04387778437288219,0.04558260482239662,-0.20532992571768865,0.12382831032047495,0.005690267708236389,0.047615146618137115,-0.05453117027908749,0.0440075314952945,0.019682733813521296,-0.005450226206862872,0.03203777642482015,0.006594751180586147,0.01987565470427146,0.000597311081126306,0.09287984228113617,-0.022040447988310518,0.0072253179153625715,1,0.9626304647787888
25438,0.13781708915036284,0.04353802511749366,-0.032016715011592235,0.0425270604897056,-0.20537971955165812,0.12165198106021102,0.00706478212840063,0.04108295219383148,-0.03829591208013401,0.01735865521331158,-0.0013304794439314125,0.0026694235627159717,0.01604844965094787,0.005543523116887129,0.003918785669074097,0.01120737793312963,0.09378122807709689,-0.032553539638728896,-0.0015595938633944473,0,0.8553452929526075
25468,0.13949037712609139,0.04081908721996111,-0.03577108026436463,0.04617061993000441,-0.20320525004401,0.12408155673577205,-0.004691401257207031,0.031843317995450496,-0.04972436597050239,0.038916748643013484,0.019483470323453014,-0.009223413457302536,0.001147715219580572,-0.001516876423543375,-0.0010533100338752535,0.004617212796136372,0.095347110994753,-0.03192371420311182,-0.009411973250179092,0,0.888438601888312
25493,0.12045571878663147,0.031725605496364204,-0.03134149756718115,0.04449214508622642,-0.19700654055017153,0.1321689677296436,0.00668734036538365,0.060387596265213186,-0.05655426918921309,0.042587503371978475,0.012905551136752909,-0.015252937921729921,0.023296338542837164,0.007410647441236581,-0.008358845962897142,-0.004759798185110231,0.09033413578169583,-0.03538190364165882,-0.011210932596543526,1,0.9323182756184689
25560,0.13650327536707363,0.022304737114775836,-0.03784424433978585,0.023632327051681272,-0.19200923962726657,0.14461206240367516,-0.01587481291769068,0.043613543219275915,-0.049479232124191364,0.050573136701994925,0.027286689230722756,-0.013251017599441351,0.010500097892583046,0.009639490199917439,-0.013916643223098478,0.0003426886595698169,0.0638756851715143,-0.013419889828140673,0.011685997784970634,0,0.8803648104573697
25584,0.1277336514002503,0.04282324270642141,-0.04026376226896009,0.024237601110737524,-0.20653381096924053,0.14112877200032758,-0.0044360855684169925,0.03329323375323614,-0.051866450076107205,0.03528740959898344,0.0032390134837196392,-0.02870265746045742,-0.0024597278423214163,0.009901283701979836,-0.0045610242797163095,0.004048347076059224,0.09617855633926417,-0.01523947533261227,-0.001336885527304907,0,0.8732709904961165
25614,0.14597656210612378,0.031146382670386535,-0.03513293255809751,0.04115731543420908,-0.1795030463267041,0.15172390500995744,-0.012154663638742087,0.04321651442683584,-0.05044422475178282,0.034897959048145064,0.009379283444582068,-0.004452831410702644,0.03226645016023174,-0.00368287554573977,-0.004504773293271232,-0.003787970532564039,0.08018202061236865,-0.030223854310844563,-0.006917397155518546,1,0.9007509624368075
25627,0.1338412314638652,0.03347106553451377,-0.02079757639188081,0.035192714356958574,-0.20744356981508344,0.14736405009670975,-0.0032894310634049642,0.03574079084357511,-0.03810443938875159,0.038447262799172204,0.006650938225664548,-0.019255546748114104,0.012546024469592217,-4.489712875406831e-05,-0.0013354442633627536,-0.007213070807318199,0.09227266521406446,-0.027546173815199606,-0.012083508808036169,0,0.8726404012340215
25662,0.1426088381897818,0.041263229064397326,-0.038573566782902385,0.03758184327253739,-0.19458071438234342,0.14722970342189132,0.0076138482666837145,0.04874998089102515,-0.03558785959404304,0.02823170551883501,0.01046559197187673,-0.011891369238027827,0.016506379450142824,0.001271296274428162,0.0012323322647191568,0.0010407882831990705,0.09524780057954697,-0.023917059109705187,-0.005044691908642932,0,0.8886385984647294
25728,0.14269545348672225,0.03893654496595091,-0.022678629443291035,0.034730550013871,-0.21699384478239755,0.14427918455840766,0.011510340191933498,0.04077410700379695,-0.04879197973534032,0.02912359849611205,0.02284815549286798,-0.014464592669019324,0.01409868238040928,0.008334423489352743,-0.007803456399520487,0.02050383091166879,0.08622472612367829,-0.015839130228106044,-0.019090505870617846,0,0.939721736243064
25776,0.13355977086400403,0.042668730753540114,-0.04223096983183904,0.030739828133902844,-0.21869112997427173,0.14397785349508432,-0.008108991528762077,0.03352788692593548,-0.05094777338379102,0.017482137360015824,0.011151855882446477,-0.01607687460820021,0.029157116084297344,0.014581792594041673,-0.012139416201391152,0.006040582636129741,0.0854414429622092,-0.014701351890708193,-0.002567219779298551,0,0.9137927248898691
25906,0.138768613519527,0.036090930832689876,-0.02473274871666904,0.0368319163669771,-0.2052502224183315,0.12786682288889842,0.0016050862465762012,0.03761932003659231,-0.042333236652443006,0.024501635297418233,0.009682669831109679,0.010328958505898118,0.011259616103311462,0.0026154040419644714,0.008549371383727326,0.0029543995216124216,0.07108956815076234,-0.022959313853542985,-0.01093463087799339,0,0.8259744652460449
25973,0.1280740043983228,0.028005953893708097,-0.023336610696164557,0.052021042183780355,-0.21278915359593326,0.13244480632268588,-0.004251114854022615,0.05229886697547233,-0.051458264663301695,0.03867816637676869,0.0175999063154125,-0.011271266782183872,0.018441048973191147,0.00959216150113278,-0.004881227757986294,0.01574244272788498,0.08696583392332424,-0.028160421458396798,-0.017849992227042474,0,0.9338622856267154
25992,0.12561275317494375,0.04739586188584981,-0.038729669968985254,0.04817750469760148,-0.20616155346086174,0.12531081395425406,0.008749942519004827,0.05241387876527184,-0.05393350167617884,0.014513158739517838,0.01299968531551709,0.0026540351707400444,0.030433839214340563,0.0054347978727661,-0.013638806906315214,0.004570512809187046,0.1132236178892081,-0.02741058274230158,-0.02113135161155933,0,0.9524958683744045
25993,0.14300375181116134,0.039719647379280174,-0.03366438915460916,0.03317547399840058,-0.1979243757582568,0.124572746631154,0.0005378726153302289,0.03754693097501129,-0.04578131862222552,0.025191070465124747,0.004503470149294878,-0.016973436638377387,0.0012826846673327115,0.004782535697155978,-0.005348110518088186,-0.005573681225566523,0.07404905781980334,-0.019829367387374414,-0.006599473653406215,0,0.8200593951669535
26064,0.15901967321148883,0.03326264252813524,-0.03244942306485792,0.04764288031838865,-0.20824870905242954,0.13817624429290473,0.012152583446472819,0.043917825779699625,-0.04859376755952472,0.046155365483099405,0.02453282003640051,-0.004423246479666733,0.01820248280751669,-0.002920037123654327,0.0031827136473696845,-0.0009883144170607628,0.10579773687782715,-0.02740113883743836,-0.0051377231127357065,0,0.9622053280766714
26066,0.14623515859344355,0.03726445919752884,-0.031051440642230255,0.04868211568567632,-0.20951688598109636,0.15235032336089005,-0.003399184974743057,0.035193096365593333,-0.045580276120566865,0.02944740744938693,0.017896386736894022,-0.015817474521102652,0.00991336499719114,0.002560445498996071,0.0026347243774328616,0.003723105457184319,0.10132550228812223,-0.01573632908476418,0.011553539614650747,0,0.9198812209474938
26073,0.15568176404337764,0.0319354150731765,-0.037096635962831664,0.0420019870778676,-0.18909129731699664,0.14160607028745514,0.009542484429791689,0.03787647911739539,-0.05003127371723091,0.03893951276353101,0.006655214509706105,-0.014552171294308792,0.013117335853903648,0.006860197857138716,0.009725593154270917,0.007047754351077362,0.08842843804715926,-0.021241586422452337,-0.009799079160123942,0,0.9112302904397953
26172,0.13890553540024086,0.03660838184825413,-0.044299726521858325,0.048223398576075625,-0.18889937394699657,0.13261673162924556,0.013816535425118924,0.038465930114481114,-0.060596445887317246,0.03610027717448428,0.021392203213669556,-0.015208217224922261,0.018843892367431076,0.008577006461927621,0.001359330943872613,0.00588579005222957,0.08285707645334085,-0.023490733665627872,-0.0026934281295187246,1,0.9188400150366128
26244,0.15115401200361403,0.04071010708053285,-0.03484960609931914,0.04012753683144318,-0.20909409706385934,0.12786989718434477,-0.008179493642149052,0.06143362409213505,-0.047775741263217236,0.03060110718109916,0.01578255241837862,-0.00806555158904265,0.01707351564117879,0.0002264546828944227,0.0020752946850781445,0.0037733508821643134,0.09175719728599954,-0.022444150864686464,-0.01307552951831218,0,0.9260688200094489
26331,0.1439213938527148,0.024808884095506047,-0.024127667393738353,0.04944648797227588,-0.2075435550725187,0.13379394282489968,0.009265464950085942,0.05575287886421243,-0.03207952894235011,0.042472883192041844,0.006574874216247018,-0.011278809006765424,0.046998460647944926,-0.0037722555608408564,-0.015487900142662327,-0.0014577916721406434,0.08792865882845659,-0.025063131253252224,-0.006209720064453907,1,0.9279842885531077
26339,0.13536366806274616,0.04817720357752441,-0.028386626683948986,0.03188258704353109,-0.2023477392565316,0.13833612422200348,0.002218309362017919,0.0495990270130772,-0.0443895311703724,0.03778887670749135,0.009404671458982678,-0.0007789100014594096,0.02500553471886985,0.006384699132540637,0.007146253120476672,-0.001837017145475496,0.08868474304172455,-0.023713178860529857,-0.008546994118113034,0,0.8899916946974168
26424,0.13072652437250876,0.01925767844681893,-0.03479313034851568,0.040397178875521175,-0.21270962924574438,0.1281448796903217,0.007002920881243797,0.05369273072638921,-0.0509063534297847,0.03219123478083293,0.007188303761466176,-0.02266527100615473,0.02990615969386615,-0.0023355903187497317,-0.0013849965897688363,0.00755960864672829,0.09350290633918489,-0.013393587104063765,0.0068571172960674555,1,0.8946158015537313
26461,0.1336380754973253,0.028269737760432116,-0.026799156357101627,0.050487751361304484,-0.20698999760282666,0.1348860269215009,0.008057253826784757,0.052711260955461026,-0.03868590226863832,0.0398801590858623,0.00383955409344672,-0.007996730127599749,0.015703552694510257,0.013131760506233436,-0.018396860143711086,-0.005594969706458155,0.07490084445294436,-0.012263542749218473,-0.00441724096893048,0,0.8766503770802901
26470,0.14930090715007444,0.032430311090805214,-0.030270953986172015,0.040659778096900995,-0.19006109379950578,0.1442511706106985,-0.014031208474847614,0.04913573421095251,-0.03386284034359979,0.03693430167790523,0.020855011926477682,-0.004507579213679548,0.02206602930493844,0.003453758231172802,0.006135031016064812,0.023469431106969463,0.08720082286624585,-0.029919880782831417,-0.005371677951887644,0,0.9239175218417297
26482,0.1348642776225015,0.0361219506418551,-0.037007969915370094,0.04434759455397198,-0.22113113081971383,0.1387658956093696,0.013090818085759903,0.05513536310724955,-0.06223007165015616,0.029318412613863212,0.0033893245268103497,-0.008824577258045072,0.013582795158632388,0.01921211047183004,-0.000904355039232385,0.006651672320799983,0.08347703123650389,-0.01407500138658075,-0.013150642050651008,0,0.9352809940688969
26487,0.1395150385935741,0.03339186302881323,-0.020723085156690656,0.04425958534210703,-0.1976149000722537,0.1421725469794593,-0.000591453182365385,0.04725223366230473,-0.041744049177373725,0.016465173867530266,0.024119620563501493,0.0021256116308691507,0.021443620413241944,0.010307395497148706,0.002746279828296906,0.014418517204511578,0.0938583347209838,-0.0189654703950553,-0.003872417932084582,0,0.8755871972481656
26517,0.13230475152336382,0.02233884212166735,-0.037738606594860405,0.06501907765131329,-0.20909533061266738,0.14113916136889668,0.004586960669145477,0.046828996887041355,-0.024989829130574185,0.04744189537072068,0.023490366066670265,-0.009158905428496683,0.016826727976803162,0.017629950156524184,-0.01421724026971278,0.010278425098673312,0.09444295932252159,-0.027534973054807076,-0.011442581147103788,0,0.9565055804515634
26518,0.15794493130411064,0.027034425611124388,-0.032601751631291885,0.04891904396700572,-0.2076634088048579,0.14025789237558126,0.00875349208787783,0.03825472544677119,-0.04583975495758664,0.025673072738800776,0.009951708635400708,-0.013986781459788399,0.01691599018303394,-0.0002603956423992483,-0.0030848165392195295,0.012700800945910612,0.08291280980326622,-0.026680167866949857,-0.009638012548616216,0,0.9090739825495929
26521,0.13391738960800892,0.03190325150538189,-0.03637829528480855,0.033979744035609834,-0.2160966893466367,0.13357257357489088,0.005014444798815843,0.05101295713633534,-0.038515770806175145,0.027919620932822697,0.009575097744949794,-0.02854912575584698,0.01267827960337043,0.0037682343110644234,0.008228499496069158,0.016911975506235234,0.1005943010719122,-0.014165082022740073,-0.0007214542421966154,0,0.9035027867838707
26574,0.1282705458310268,0.040541439855684404,-0.014853283288018816,0.04209235142286517,-0.20714507503642252,0.14380914346070087,0.005213436936241685,0.0432841970317428,-0.043962339994661155,0.01821848097200824,0.018353613170646557,-0.010560752577069892,0.010149185181568123,0.0022291499013976333,-0.013772569022976848,-0.011470657211671677,0.09612592854333986,-0.028485516673804556,-0.007191092523271908,1,0.8857287586351195
26585,0.13038624143130145,0.03680066991817094,-0.03633541032635913,0.04818090821701259,-0.21166776623256164,0.13953257152148935,0.008689554043347276,0.050546202346402225,-0.05959332273362684,0.04067397751412882,-0.0034533136447310324,-0.018008313032531198,0.0165832927428151,0.008275956943956587,-0.0022627825807574387,-0.008872818341037194,0.08319116199960895,-0.026460605572128346,-0.014491839930042263,0,0.9440067090720083
26843,0.14220815423021446,0.04453205054886944,-0.03263952396158362,0.03699584055129896,-0.22111988108010427,0.12856442306606894,0.01583954277808113,0.06227605166143978,-0.031239986488117693,0.02862573270460618,0.007250900169270977,-0.021692782666250836,0.02423493361492243,0.0028194874207005025,0.008404929077261687,-0.013641952391310476,0.08730633726177861,-0.022729243573535434,-0.0007360327168650364,0,0.9328577859622804
26875,0.13935515498439416,0.035644013664923015,-0.031099898790766748,0.03755414633725562,-0.19506878916821982,0.13335905867218364,0.0073811707935101676,0.042034382592060326,-0.029349801352157784,0.04474758121382081,0.0006788479853114502,-0.005529784627151958,0.01688207028857884,0.022421879634860902,0.005470074954784134,0.006217328686672323,0.08798617940798985,-0.03188013778293762,0.00839361647900815,0,0.8810539174165873
26971,0.14140661869753532,0.015610028348161298,-0.04335482985527759,0.05308063013706796,-0.2042526873039603,0.1299485487396777,-0.0019191676925256332,0.051459038277786195,-0.044200274940729464,0.03445565082816903,0.012219124924746378,0.004822127336462528,0.011543983821864744,-0.005517334277020189,-0.007480016257354053,-0.007437673818619641,0.08715505329052083,-0.011072500370474905,0.008015530536587467,0,0.8749508194545412
26991,0.1290343881554058,0.023207586409652887,-0.02776599369791789,0.03649279744543238,-0.20580288279202166,0.1348029995691537,0.0056410282783072516,0.044899556945614226,-0.04755770977599666,0.02673103280703383,0.00595656635743923,-0.0011574086480690205,0.012640355179328953,0.006854288545523409,-0.020544615211586775,-0.02209267138879294,0.08388591817325815,-0.020302399351080275,0.00042899795159532795,1,0.8557991966832104
27192,0.13044789903501705,0.04266435629992494,-0.03400992154070418,0.061741593307906496,-0.20232332084377144,0.1463102902212404,0.019622243145297664,0.05714384088597221,-0.0509754088963135,0.014903574406327263,0.024118278180025234,-0.006378923160126155,-0.010104832261387834,0.0030072743523228617,-0.013017998304931592,-0.007556443011046541,0.07075389579132192,-0.029675632960955982,-0.008730814530641718,0,0.933486541135235
27199,0.11824103938034669,0.02778012727859941,-0.028165840584553972,0.03294456622039442,-0.20456510750811221,0.13901500191785027,-0.004757521775248501,0.045287075145023906,-0.05742791741413507,0.040824374875121645,0.003904235720654831,-0.009151711351390292,0.021896816737808064,0.009985502947770586,0.005357201580359606,0.0059652707308593955,0.07155190979147119,-0.028906642156771897,-0.002733020424695144,0,0.8584608835411671
27260,0.14142170058852863,0.04040627199433258,-0.030366773513932837,0.04166425376583472,-0.20339222070445565,0.1375612574546167,0.017094907792879015,0.0389261552149401,-0.0542539065434,0.028603139410719933,0.0020759913991815235,-0.018500611515043036,0.009732392459758935,0.002196626933189409,0.004465246615670894,0.0047648699391112615,0.07770001463136791,-0.01074222098203429,-0.004109446991454613,0,0.867978008450452
27333,0.13373853834412253,0.03336459313186813,-0.03159261643508889,0.036803902866538285,-0.21298764799479472,0.14008313130177072,0.010194150012150818,0.033305741828640684,-0.024947523036102214,0.02365213323281101,0.017178870143921176,-0.012357463269420995,0.009842142579093093,0.006362382784149908,-0.009593618468449253,0.014533950232201198,0.09252888903511709,-0.018414252254993567,-0.013902135078759915,0,0.8753836820299942
27358,0.13402376033194913,0.03193513033952958,-0.031051503338189092,0.04279844528431313,-0.20915567928980772,0.14522448977939018,0.006868339357092662,0.04760886316353717,-0.0493328887146351,0.01079846662845703,0.01826095176558353,-0.0028444927870126756,0.004992743569113529,0.02025954062844237,0.002468353724162574,0.012736099183283292,0.08928922978395637,-0.025002951836491778,-0.0027703441458148586,0,0.8874222736507618
27459,0.14359058010697848,0.03170226359362476,-0.02279123482951446,0.04886638189747829,-0.20183097042537312,0.14586902656208997,0.013661313277235142,0.04160156097649876,-0.04835231943223023,0.03239688857009471,0.02425354552468952,-0.009195302866084278,0.01101393038897614,0.002688545422594085,-0.0032310454866735215,0.009158230210238316,0.07749613965886748,-0.012982384745044349,0.009556119941990213,0,0.8902377839162758
27543,0.12848778766129437,0.029310659967979706,-0.027771886496465243,0.035628954432201494,-0.1981501877459081,0.12932322040917107,0.004361114553121003,0.03598463606764709,-0.031163873291084592,0.016491274765296767,0.007651392339285746,-0.013483872391631808,0.01823224793139865,0.00666053892078443,0.010131923874973291,-0.007312501918406782,0.08950329958546696,-0.020947351555431093,-0.00540838397755493,0,0.8160051078851032
27554,0.15392410050434502,0.03764077537210682,-0.0306151279463502,0.03858643022470324,-0.19656000356651038,0.12643680950073535,0.016226433759074184,0.04004682007484982,-0.04264699366151264,0.016346449197936534,0.01207405157032578,-0.012313458721826796,0.024683904285446746,-0.011718554721763958,-0.005755691327590177,-0.016660204604753825,0.0723773821416969,-0.027887038365268985,-0.002977926910126183,0,0.8854781564569235
27648,0.13443203579576904,0.0443775853058622,-0.04080618944624478,0.03813471949717676,-0.19975231921646872,0.13773372225729485,0.0037455352589791913,0.032631282864223544,-0.042129910822213575,0.02778960180693331,0.003433293504394155,0.009195258589582945,0.012112999286624007,0.006537934470034123,-0.005501075553390584,0.01520150188202023,0.09405550501972074,-0.035883721968418165,-0.002162449828492182,0,0.8856166423738431
27741,0.13251759504736857,0.02119972230321514,-0.034109359682052205,0.02058040575095083,-0.1924587838092699,0.13057601969693056,-0.0055280742195012705,0.04538723547567852,-0.047981324559864764,0.04483537713650989,0.03079892999484308,-0.010405585375918626,0.02474096984340528,0.0027570225157928637,0.0006992850143122709,-0.0065300710344207875,0.07583452229749035,-0.03627263270100462,0.0018502766532563935,0,0.8650631931117859
27816,0.13441912029946174,0.03199005988916246,-0.04515262474855359,0.040358473551437984,-0.21537494686170702,0.13473008001015113,0.013249368026467695,0.057183675126230966,-0.050734139608034586,0.03496833440993671,0.027053949646047928,-0.005417719412149627,0.018502909397144888,-0.00587782907121187,-0.00196826185859306,-0.005858914214053774,0.08737853325464924,-0.005584816757849975,0.0002681994444106276,1,0.9160719555872548
27822,0.1339213035973883,0.03218386343271538,-0.03978552603633255,0.048749501231011204,-0.21272005795220136,0.13441094002498433,0.010131657926159235,0.05850940018023527,-0.052019571452041245,0.02189715154408757,0.004087796770363525,-0.002847700467977661,0.007936527843626303,-0.012854560477200114,-0.0009075793333871069,0.008847425534594005,0.09944205087844855,-0.01764436863736468,-0.005225026005849192,0,0.9041220093259675
27832,0.13140546807959225,0.03008385405879862,-0.029385610537740275,0.020456299497900194,-0.21518131841370777,0.1451436381552646,-0.003986054028685209,0.04450219690002988,-0.03122657508900727,0.009842234266726564,0.0109067614213969,-0.0019517895503351871,0.00022154493767661212,0.00195532063097447,-0.00729667390535242,0.008865847217123423,0.07982746172566621,-0.02400790717487424,-0.010285269268905816,0,0.8065318248597579
27962,0.11638321134399093,0.025771928457437407,-0.026898538014601795,0.02920063872741637,-0.19803702993910535,0.14875519380983787,0.012379434711339257,0.04213180592314109,-0.01346082085905316,0.04199564069080777,0.02199495488890848,0.0006328455737286152,0.03867924033426995,0.020548440987617135,-0.00044607294812297124,-0.0073135048533593235,0.10253169822476538,-0.007262779652669961,0.008783757565384492,0,0.8632075375055573
28103,0.14453949260092394,0.021322757215859762,-0.03165416843176607,0.03483645299864513,-0.2014303515563057,0.1452075270337761,-0.011226069550385466,0.060027488899055056,-0.053241959555642614,0.028793820315997087,0.015512722739000269,0.00045050837174137864,0.037381369620478035,0.01175303664717646,-0.0014213274673836186,0.008925613413807874,0.09434158173923486,-0.012564280332775787,-0.022059609389577645,0,0.9366901378795328
28142,0.1267709281272552,0.033050543815055164,-0.012704077801640465,0.04715596902852178,-0.20090907662882435,0.14065392291551435,-0.01078646213477182,0.059377442259256626,-0.04956416623039165,0.04295954596822964,0.011659285721341136,-0.007603983183108022,0.0234311050463528,0.011022044892462817,-0.01873148541365759,0.0033070395233070395,0.0903163287918813,-0.02515795510576169,-0.002590611137181139,1,0.9177519737245146
28178,0.15384456165605145,0.04365213770377814,-0.030742637650378404,0.050067242794117374,-0.1986746884716761,0.13488173758785285,0.0063079068811505105,0.03952913022093149,-0.05358520557723283,0.04859699882695844,0.0037058127387896824,0.003301394662659968,0.019114449511317317,-0.006629746148800306,-0.004344316949110337,0.0008331447002024717,0.09293114431107982,-0.01934490778463902,-0.007853439008577347,1,0.9179406031853039
28201,0.12946234344202537,0.04147351869750706,-0.03959772974064325,0.04162779134915232,-0.21184065643397085,0.14100427534311746,0.006869163455229175,0.05121422382234871,-0.04865504599102046,0.03660043943546376,0.0027056762557495337,-0.02034930582491916,0.0258317461251889,-0.005897905730721653,0.0119997827232667,0.014134513214659066,0.0811091190904071,-0.04662561582363971,-0.012629297538955335,0,0.9696281500379856
28230,0.14496610720823894,0.022524563729726,-0.03143715100782703,0.040705323389184145,-0.21394286185095956,0.1287586594743934,0.009122356397322645,0.040439313735889416,-0.039148586488001826,0.01778800324813767,0.006065823298952318,-0.01142711178754074,0.02871946744287442,0.008461319490772976,0.003388355338723237,0.014494663166726143,0.09992775470484629,-0.02310377388493326,0.01456271887874576,0,0.8989839145237958
28390,0.13568074256949816,0.03375463153994158,-0.03135123968607142,0.04112728890278756,-0.20336952329072866,0.14071076543425393,0.013859151442804219,0.033849360564842085,-0.055110668289211455,0.03924143271539731,0.010254393676812074,-0.02652171481513036,0.015164966524180869,0.013340144679709032,0.00346588919274575,0.014462614607089586,0.09152624893948684,-0.00833097736424639,0.002041456577437924,0,0.9131632108123752
28450,0.13503017710867032,0.05518700250155961,-0.019728182430290675,0.04034118235230017,-0.18461476240624194,0.13261386789925936,0.004708661210311134,0.055096380181714484,-0.0586421017332124,0.017683035675968076,-0.007322950281250272,-0.020054773219640054,0.02003351256354905,-0.006281583208222738,-0.006528825189246462,0.0012604352179917868,0.08848516978074952,-0.024401235905251038,-0.009934317941471362,0,0.8879481568069004
28524,0.15210817922962788,0.04532342075543407,-0.023868491134048035,0.03476250280941842,-0.18143899111065673,0.1376135453017009,-0.001293176327796594,0.047380804400284436,-0.04634222029776379,0.04644044435542681,0.00768007420906485,0.0016939851503737263,0.008663771017627619,0.006442836000570927,0.010670723302192564,0.007343602007386053,0.09133427083867342,-0.03557180510660637,-0.011210363767146948,1,0.8971832071218001
28724,0.14135777417233172,0.04489555970581723,-0.028934654723619054,0.046803654174485954,-0.20343866251094425,0.14112125392349015,0.0149731441555283,0.05160509296337821,-0.03985983621260575,0.03683141114985896,0.009520790126524679,-0.023082016206586873,0.012947728467464656,-5.491225881155731e-05,-0.010816984693978352,0.009341211500417244,0.09836137939150515,-0.04520536533823006,-0.0013164804579287523,0,0.9604679121335069
28791,0.14007703915928027,0.034620182784874214,-0.02229203120758086,0.03996214692520594,-0.1869018953430282,0.14401822133334807,0.017601016829783184,0.034877726505954845,-0.03688858022920069,0.02883779368631568,0.011745136792212145,-0.005712152132250451,0.004771809403201272,-0.007432510041006086,0.0039306654826676635,0.0036080074310491325,0.08551208907521457,-0.030558384239464574,-0.0019265531154366332,0,0.8412739417170745
28807,0.12394358671958165,0.03909399511900362,-0.02304100013109014,0.04024259009657457,-0.19125634371725325,0.12584942067830868,0.017921309344228867,0.05231762975720038,-0.0522418137070518,0.04106583738474019,0.0007413486944683684,-0.006775820318685907,0.014018127132511328,0.008053461663828181,-0.0026982231041587077,-0.002355770736042664,0.08438080333244459,-0.0342972428753363,-0.0001857389485615209,1,0.8604800634610708
28939,0.13544038137152145,0.03427061450893043,-0.029995330113093306,0.04133920433421616,-0.20153025424682483,0.1518916954979584,0.016941418651438105,0.05295828281098175,-0.04511317621932288,0.02011681615854012,0.016244722893534118,-0.027586316929127205,0.025640126508986838,0.009562727250661455,-0.013702358617645733,0.013746585533299148,0.0775784447289171,-0.012224377787089936,0.001544891554121737,1,0.9274277257162107
28953,0.14682341938405957,0.04525606818026392,-0.010524396349571285,0.03533356866142607,-0.20074863744037982,0.14656782582226124,0.009407003831282144,0.05072918586664854,-0.04935600747066039,0.03113111290914377,-0.008750814844589153,-0.01808288686889944,0.011219925198184436,-0.011147023587989514,-0.01029087436126637,0.01617942741368223,0.07507417985377011,-0.027205423329513798,0.002646404013767475,0,0.9064741853873592
29042,0.13417974967799792,0.03742674890682687,-0.0264545498126714,0.03746999545115831,-0.18421014116473788,0.14493640766016777,0.0097798089727382,0.05858854839064785,-0.04195226830712427,0.023902074179614072,0.010736931479589939,-0.008892883918213664,0.013011209900818953,0.0008077159385893776,-0.002341068840273318,-0.005314047601911201,0.08304218397401242,-0.022377653264288606,-0.005363846774654825,0,0.8507878342160369
29098,0.14163921050711561,0.046670444961302814,-0.028602162378509065,0.044257834056591686,-0.18867618300525987,0.13884987141254326,0.0029816487874558886,0.03766650482633233,-0.04665220467745379,0.03238192525156465,0.005167889776098471,-0.017194969943769643,0.01768460205863291,-0.0019487445228884564,-0.0057196110698882795,-0.0019294934105139286,0.08734769219721343,-0.014831617321598815,-0.000937988537720564,1,0.8611405987024535
29145,0.13173020952860998,0.04058742530468747,-0.02843858688003293,0.029699866244094864,-0.20698815090963565,0.14934726996014777,-0.004193811503380607,0.04905279296773706,-0.05385512170497899,0.038034361050608576,0.005547685555507805,-0.014442674185798959,0.013432607889770203,0.011988805543494576,-0.010707032354673613,0.012164292991378067,0.08028160869074207,-0.02620855332019513,-0.009272671716571522,0,0.9159735283020458
29290,0.13559395459553314,0.038332270837527695,-0.024238067100256014,0.043612745439929185,-0.19733836620814668,0.13363159288263074,-0.0025027977276475704,0.024818075827342405,-0.042591656161538836,0.04175038890959277,0.003154129550941382,-0.014084054614813319,0.01011287277167687,0.005661794249913939,0.0019144668804654628,0.02092845770721048,0.09881786137815937,-0.014844902303095504,-0.011004781090787228,0,0.8649332362372086
29430,0.13277376430886528,0.045520474463848264,-0.03364977475675256,0.046501903989753374,-0.20525348311611216,0.13478752220875093,0.01130666535227982,0.06985220539445165,-0.03762751755873434,0.04545754669545117,0.008995391370360848,-0.015725257469465445,0.015477163212273127,0.013443581073847867,0.012367869906350264,0.015480155214902603,0.08108976806678686,-0.027446282680243118,-0.0051848355913793305,0,0.957941162430609
29469,0.14484504708838847,0.044109617364988196,-0.03776408472784792,0.0442077616495278,-0.19522468340982,0.12084573497176253,-0.003011953070215991,0.041835057724397155,-0.03894003506109813,0.03777078785649733,0.0211400288091444,-0.013291606120680496,0.008788989090893807,-0.006917959467162263,0.00339542117933555,0.0024384677432441595,0.09930914384305346,-0.025765644630852246,-0.0032099824968582166,0,0.8928120063057681
29471,0.15035491045640187,0.044034151154436665,-0.04683885356451404,0.03574155608174925,-0.1940719383319306,0.14568783759079118,0.000595090666088312,0.04012932545768,-0.06244923530068859,0.022284203410156685,0.020417818841785666,-0.01553083244830032,0.024831866569415995,0.005014944037894135,-0.001760635861396512,0.016118746289952707,0.09674529390343414,-0.03188208408034163,-0.008689322370039705,0,0.963178646416998
29472,0.1355170374587306,0.03693157433614267,-0.019244010708907886,0.05347904886776918,-0.19694594731066625,0.1413937585814421,-0.0019612249540546093,0.039329177196601645,-0.0412643780534692,0.027501252629533166,0.010740924709926616,-0.017219686796629278,0.011547000662053348,0.007109111297698276,-0.01077911697517122,0.008760829998073398,0.08482470074320428,-0.0157171344306109,-0.0005399719268309824,0,0.8608058876375155
29537,0.13587342130271524,0.027344499320531342,-0.03939860872258789,0.032127837372560517,-0.1888169688190095,0.13935586677124084,0.008822215612413342,0.04140526830404602,-0.0448663043521194,0.03809568757092342,0.004568151821969641,-0.012722055027638146,0.014561348572964353,-0.00270039005776686,0.007986349278543903,0.007572052702699974,0.08566887560989705,-0.015628595782445645,0.004492062069795898,0,0.852006559071869
29652,0.1375102451026841,0.04949230683693792,-0.04724637248903178,0.04231977639651605,-0.20294280245750698,0.14367883819218252,0.0035019143104781,0.05203995610462014,-0.05072019427212975,0.020552485095752727,0.01798331160482842,-0.01780346918640077,0.02243054144305323,-0.0007275453171919974,-0.0054592671690347995,-0.005479928061634998,0.08743636349983278,-0.028726016513816222,0.004852679772101197,0,0.9409040138257345
29674,0.1484274886909926,0.04084573972775562,-0.026995890100543693,0.053712147165794415,-0.20223019564445346,0.13318561886401434,0.007286652435835217,0.05858927064878562,-0.03625374470813026,0.04137160745067388,0.005646261207273352,-0.022722074421484273,0.011744503282283832,-0.005902306917715929,-0.0011366459064431791,0.0005683041500688308,0.09048252964567527,-0.013991842579860306,-0.00010937030761323146,0,0.9012021938553973
29730,0.12746254952220154,0.047773914733235556,-0.03353601786992689,0.03481610372775821,-0.19387953999446558,0.1338250647325891,0.006002466898549403,0.05053623101555789,-0.043595673882490804,0.02761367214667436,-0.0034569227729457134,-0.0005502890550490344,0.01856907929716381,-0.005176358487044045,-0.00836295590403336,-0.011413600338283258,0.08683551547910193,-0.048554988723841015,-0.0013610572550961718,0,0.8833220018360076
29893,0.13516806798333247,0.03617425286015508,-0.01226976674966772,0.04989268035853592,-0.20056928955674666,0.13485363831078723,0.011520983612769382,0.03454879534865812,-0.037087775094924016,0.044380744077812534,0.00552527771032154,-0.00914436565681902,0.0019612281923115688,-0.018525658662366842,-0.01974710304530029,-0.0026997665033465738,0.09237967918836194,-0.015527062449818612,0.0024613311895213146,1,0.8644374665515568
29990,0.1273572916997729,0.02872447180883764,-0.027191426715532856,0.032169605456172985,-0.19492186478374893,0.12040603212833634,-0.0026683201986135666,0.051725438496561915,-0.05068917797297261,0.04287337356081711,0.014141164988868167,-0.010526539192038291,0.026128705948523196,0.015033206923096275,-0.01865273170410742,0.01645560802399986,0.07873967021132756,-0.029461587856432117,-0.005040727063666514,0,0.8929069447334262
30027,0.14658082679924597,0.02323712006078728,-0.019648744981530575,0.04331808665867085,-0.19565170749613847,0.1408753696936403,0.01681530173880376,0.05014416329664037,-0.03469703928853702,0.04333453952015396,0.006016957364814859,-0.01694744191348905,0.007720882583920155,-0.0024399639086771776,-0.0021517968888511807,0.009987510421768628,0.07944145506808054,-0.019065794573713234,-0.0009018251225254348,0,0.8589765273799889
30137,0.12459602836372224,0.017588559302848642,-0.0323556228452421,0.03944485676176385,-0.19873842707066044,0.12619207530533808,0.003906518997252367,0.03858926992746214,-0.04298297001958548,0.02848388286163932,0.003272783276271165,-0.016191325573092625,0.013132813547703405,0.01960745614669914,0.004722465676389744,-0.0016606297141032076,0.07806466101243952,-0.024881414201060114,-0.019426602854121736,0,0.8338383634573953
30189,0.13464976165295484,0.044249035749966255,-0.024681515613783858,0.041895551291986015,-0.2004957914630069,0.14540833689984814,0.009076520837495957,0.052208710102868344,-0.04079794649155146,0.028781367967190875,0.009467635972818541,-0.008473212309976042,0.023702512324648473,0.006964752111642649,-0.018304645102286164,0.011287417365067795,0.09280227192147782,-0.011414668605214213,-0.01348006353740182,0,0.9181417173211861
30206,0.12713634123520243,0.03612668458143322,-0.02386894352692637,0.03252879943735339,-0.18513855772452023,0.12778864519888686,0.009857398482079543,0.034614453538585395,-0.04602261444122451,0.02464408754475192,-0.007063958799738082,-0.00754393478205028,0.01413288510016746,-0.007829937684547492,-0.007530588157177269,-0.0007546737130575503,0.11289451642257195,-0.024146637972871688,0.0017476942084975636,0,0.8313713525516432
30280,0.1339143120239216,0.03321078501989836,-0.029352842643494755,0.03151769553613061,-0.1874658009832778,0.14218717593990765,0.01454423957161229,0.04941334707910696,-0.052428127944687784,0.03564506790559553,-0.000765627460172078,-0.013580034337871832,0.03164844062192368,0.0034170153882295638,-0.009387024446828443,0.011907943683272198,0.0833079192635917,-0.02696136764439901,-0.01138468958960746,0,0.9020394570835293
30445,0.1449800633293807,0.0472191098161799,-0.03333523771359789,0.032924556875043996,-0.18917516867302528,0.13961101689756736,0.011457322187552977,0.039293572683865616,-0.04637212255576356,0.039437109620574194,-0.005531712036456178,-0.013066235496882425,0.022207658354927336,-0.003914199655500115,-0.007266402518618333,0.009819490556300605,0.08888069102932672,-0.028285932730561576,-0.006955922164602938,0,0.9097335248957277
30469,0.12535679320959162,0.043298171064672104,-0.04814803287990614,0.0528059644424578,-0.20199795025846237,0.13505808111476078,0.015292257100157929,0.04479281517218831,-0.06074491127604662,0.03225536004766813,0.009306299493097019,-0.015006865539208446,-0.003618084598862984,-0.0016336733025150735,-0.010241681819007137,0.0034196547199975445,0.08336555629525781,-0.01914842885030319,-0.020888147018306973,1,0.926378728202468
30476,0.13900892420291752,0.03937933638620645,-0.022339898819585088,0.053076451111245725,-0.19879790233232067,0.13385417437874572,-0.003202229217525875,0.04224502542319235,-0.0489345100159724,0.03364859158765922,0.010338961584316358,0.0012184263764764087,0.01744846336619673,-0.008352528009022505,0.009284549148658094,0.015660245340978245,0.09062304852151713,-0.01280414529726857,0.00017791190705842595,0,0.8803953230268635
30484,0.1338681838737017,0.03387412049049435,-0.02535197673543666,0.024764397821864362,-0.18303043856157097,0.1241028540623099,0.010580277216742916,0.041743598826797144,-0.04512051006405546,0.051658826954458836,0.008170347401594075,-0.016333596377715212,0.009829550011154741,0.00705424708992387,-0.00934659213905619,0.0012982607475876937,0.0967584019684428,-0.02567768036092384,-0.008331257313535161,0,0.8568951180173658
30656,0.12345399977289814,0.03288892507373438,-0.03453518638462404,0.039558034048356346,-0.1965442281764661,0.13075293292452717,0.006569266898454157,0.055493071151878584,-0.04225511754599482,0.03204131149655757,0.006162509171874989,-0.016952211007895682,0.019574336078320535,-0.004474951048435729,0.0008063760031818848,0.002504539990012375,0.06263170106767252,-0.038513089334181176,-0.0003080682305554182,0,0.8460198554056216
30710,0.13774301629280694,0.026994998617031578,-0.03538750444352094,0.0480436475737514,-0.19688686694243646,0.13619615251582148,0.009155334075494443,0.05573362572444939,-0.05964695572997879,0.03926704831366092,0.006737786392949452,-0.011507920051371698,0.012338059808888061,-0.00525445661765477,0.0003026396286274811,0.01216765490139606,0.07631241142955755,-0.03464247357952467,-0.01750408651336997,0,0.921822639152292
30719,0.13196374378762252,0.03611456594942466,-0.03572630489432823,0.03255194866537476,-0.2060261699200752,0.12589122581033663,0.017314395354974584,0.05312056031471482,-0.0519101077084506,0.028075953218636096,-0.0025674845206499846,-0.012072692087494933,0.014616323110404953,-0.005807277396381462,-0.011176497691243542,-0.004448724775702526,0.10229117020674601,-0.026175098965621663,-0.0014003459753917102,0,0.8992505903535749
30731,0.1478554065575688,0.03402504482610199,-0.033781006600292644,0.05672473218541491,-0.18332950098830245,0.13621787016994089,0.002524890773433285,0.04289409266567941,-0.04546004049037252,0.04012290845693617,-0.0002759410446139544,-0.01875347451096484,0.01823460728121049,0.010421247994509584,-0.009369942283626498,0.017597939589240594,0.09170619377612593,-0.03189232477852415,0.0015437316904872234,1,0.9227308966633463
30881,0.1285035227438967,0.04079586653955405,-0.03664119131837155,0.03753162826158956,-0.20587848980525472,0.12767810239221913,0.008115409680518548,0.03327694823202916,-0.04906496262234281,0.025843374029930144,0.016539662193456352,-0.0044279584352266785,0.018045856378805375,0.0030301284010958306,0.0030895942829889163,0.00972117414819769,0.09782233244000176,-0.02314885093078795,-0.003214800747855089,1,0.872369853584122
30946,0.13523915251116778,0.037308128586409216,-0.03192117822714599,0.04360806126895569,-0.20672445518155683,0.1331415805225286,0.015064755734214058,0.04584841397258883,-0.03917892833221518,0.045952555507111255,0.009934911362414476,-0.01135129668540801,0.015229040958060895,0.007665503919562501,-0.00850966956941021,-0.011267788842635148,0.08079107233437886,-0.029399972766653733,-0.005269682619824633,0,0.9134061489022419
31009,0.1332868997086391,0.04126837085880237,-0.031773725365256016,0.03667485202080208,-0.20352844957593763,0.1340291667335147,0.012406679036457473,0.05486785477624322,-0.02815518554705081,0.03646322345303302,0.0026366849196552285,-0.013345772599898694,0.021127722759075353,0.0016422939220433878,-0.012203241145421805,0.016176096025415768,0.08873444971310059,-0.03482718802370442,0.01316429772244179,0,0.9163121539064935
31054,0.14111245753533136,0.043788612810185874,-0.027314417867610376,0.0484991472860034,-0.19322524233892124,0.13216423376998795,0.007373337708618685,0.041816581269033724,-0.04542684819470515,0.041603821861111175,0.010547183475590935,-0.012487176915296733,0.01363251572499215,-0.004063060571814278,-0.015614296012331103,-0.0024579923837962938,0.0873339053157991,-0.028553603124185697,-0.0018026863396713344,0,0.8988171205049865
31112,0.13494417777213624,0.03442306408679272,-0.03326059100068521,0.03737611295257234,-0.218920730414574,0.12501419902262972,0.004089510875782008,0.03851077760230896,-0.0406542888960182,0.04562616620821946,0.023308139607046013,-0.026922837355021864,0.03139469796044207,0.013438327939978519,-0.01751583079161648,0.0031174606109432698,0.076965868221035,-0.014133837155065344,-0.0119784410792313,0,0.9315950595520988
31152,0.13959157201113714,0.04490398234815692,-0.03322055262502857,0.03525133377842429,-0.19899639383451279,0.12715905705595276,0.01274012667541683,0.06744272663930977,-0.046579095890125245,0.04444689429568759,0.0025736982796930024,-0.01418445583926376,0.013587351667043042,0.001721747668259598,-0.007996141421510103,0.016471623386928497,0.10209129183912134,-0.024970797692266823,-0.016564641619221086,0,0.9504934845670592
31169,0.13508829231146555,0.033259353843050406,-0.02910947756520758,0.032512211754783735,-0.19950912087429332,0.12688992391584347,0.007859599400093328,0.03423583005277145,-0.045476631595982926,0.016524334171911653,0.020300098092784782,-0.021328630273169797,0.015857652159188055,-4.619326706486095e-05,-0.0109930025438987,0.010031273891316557,0.09575467227893533,-0.03273986513526158,-0.001608632532098579,0,0.8691247956591217
31213,0.1387182303117226,0.04198615208708113,-0.03891251762505834,0.0581340729141363,-0.19071104673984865,0.13498156509892026,0.006127250402776352,0.04158426792100093,-0.04886068960390565,0.028051789647029986,0.01823351513617259,-0.011644062671257166,0.01010080739307033,-0.0012551446267539312,0.0032111080082168095,0.018120913946417325,0.0966578643654222,-0.011677295698471207,-0.0004893864784138244,0,0.8994576806756756
31243,0.13777071977743072,0.026727425808806438,-0.03129133969985967,0.051948494838603865,-0.19574887080289244,0.13442197434518832,0.011950352292711344,0.05936443407542249,-0.04025636378351006,0.044152360680236265,0.015083547215712322,-0.0068802432083400035,0.021519279545027168,-0.010025398001142721,9.756677160004729e-05,-0.004129415263492503,0.09144415969071239,-0.04232530665638437,-0.01438749498118735,1,0.9395247474382605
31275,0.13269795626948264,0.03658240124642347,-0.03580857353952497,0.04029490665374068,-0.20038053977262552,0.1265438374540463,0.02106699405323886,0.05912097827480987,-0.05101272273316848,0.03324831827259258,0.014842320701685958,-0.02708972115070905,0.00610966242493569,0.0020457243022289533,0.0023216241432705933,0.0036418938857347687,0.08753343024419047,-0.026464726675857364,-0.012350820815580374,0,0.9191571526138466
31276,0.13447624360347654,0.03744799069522068,-0.038193841922231665,0.045370679043933146,-0.20025021461223882,0.12609008591310464,0.010915370607150858,0.043887502171407224,-0.042716216051685324,0.03858022302279497,-0.01664017368929334,-0.014398028406963005,0.013791367954617759,-0.006270373044479428,-0.0048941044534792835,-0.0019797516277793286,0.09202776923435567,-0.020783946701589805,-0.0029708879182267114,0,0.8916847706740282
31302,0.12621531455131327,0.03370170418102321,-0.011944585138512504,0.04891787625567552,-0.20287032811197073,0.1314473991467975,0.01902146114458992,0.055637299218430525,-0.037222759742830396,0.021937830078268765,0.010951394164291124,-0.024589815042166323,0.014895011427455515,0.008737733349523533,-0.003823220118105505,0.009497671363571636,0.10356518476063768,-0.016581568224460767,0.001097147422127219,0,0.8826553034417517
31309,0.1312149769867106,0.03318811561885917,-0.03080060052156721,0.039739007054894464,-0.19766330028421553,0.12785092117908858,0.004679494386529928,0.05930503805481644,-0.043375076578147306,0.036051723046742444,0.015851752015961687,-0.007147119948917071,0.005110460256518345,0.005940291695132064,-0.0069725176372388694,-0.0017161977308486939,0.09864580787755908,-0.03938601509466578,0.015124597743740682,0,0.899763013712154
31405,0.13837184441208805,0.019740268531122776,-0.04340312107856848,0.02972925445138823,-0.19237408350119545,0.14381689516487595,0.0066271588287097625,0.050087768926194334,-0.04077527557737053,0.03965796080491298,0.01272721614236394,-0.020752516339931918,0.015175417239731273,0.009860369610801197,-0.012195697403993769,0.013053712278465404,0.09187241032709678,-0.03310225402961687,0.0005283025168007983,0,0.9138515271652284
31424,0.1312762850042529,0.04422514725709409,-0.039054205597568156,0.03268099437519227,-0.19328395651106364,0.14454654116215385,0.01738537754897372,0.07231243558095136,-0.05905070063723065,0.025827997916815493,0.0017365046078990044,0.004520403247332111,0.021674915316807566,0.0011855370035867858,-0.0017736713146504278,0.006096446519364328,0.08819553917265976,-0.006979508867539694,-0.009466614765808538,1,0.9012727824069443
31466,0.13731878668890835,0.05012576112218396,-0.04178067896633922,0.04336018528291274,-0.19985227471769315,0.142011013744442,0.01621221483693437,0.04899923266943782,-0.049725287181448495,0.02733724020606839,0.009196102590809182,-0.0010317873966684075,0.01685962630534486,0.0025683027534473503,0.003525027518575341,0.018414485960270073,0.08491404697230448,-0.027122663762686045,0.006733965250584067,0,0.9270886839270583
31481,0.15359747872850987,0.040402612150828424,-0.02717174482439771,0.04417612945146453,-0.19960532633391098,0.12666573168031645,-0.0022250242017067493,0.055598004600014836,-0.023300978026955518,0.044865651645510554,0.0070930085401669455,-0.005553093294565642,0.006229559856644373,0.00025358432511988837,-0.013624720597335853,0.012103921402481071,0.09749275840899983,-0.025082182068407212,-0.0013815153312632489,0,0.8864230254685996
31522,0.14649043224727648,0.04057198197880304,-0.027105885358594754,0.025923041722415087,-0.195803344019264,0.12786506395575922,0.012417393909809473,0.052492465731848466,-0.046452993321450656,0.028811411859593183,0.022556681159806746,-0.004132776705364739,0.015583947190002213,0.0156667798526623,0.005915276502086959,0.0035927008013199057,0.08746114296152115,-0.022780154847320405,-0.011020792419448257,0,0.892644266544347
31578,0.14494449974930926,0.02853095247672076,-0.03652438757662491,0.04062207048902943,-0.17793592176836456,0.1491404194712882,0.006187052544924019,0.05248064862411557,-0.027102743690430947,0.036057501954487654,0.003918823524339586,-0.01692534531132091,0.02988202809359646,0.007389407267025004,0.0031079822828657855,0.019814271242953384,0.08908035099684315,-0.015504682799760883,-0.0029175406537219266,1,0.8880666305177224
31592,0.1450555113813193,0.03705716432986291,-0.03053107172241061,0.05135563493843157,-0.20579103552688402,0.12582985112925119,0.016581985815852854,0.06318214162298147,-0.05208493906570348,0.045210222655357915,0.007611136651057963,-0.015772941278398067,0.014806637032608597,0.010896414121248458,-0.010594402726904196,0.0042856945831586,0.09755438028521458,-0.020259011666926334,0.005879300836295891,1,0.960339477369868
31655,0.1283713031914968,0.03935082840197663,-0.03126472151157443,0.04386317766703271,-0.19622235089873447,0.12647580856263038,0.0028549895572296934,0.03438942411199362,-0.04942430808304306,0.03772644582577404,0.005971169081638764,-0.017177184655581674,0.01374751528311461,0.0076512484634502324,0.0007579956746638793,0.007163147631817627,0.07009556378437293,-0.03699529099264413,-0.014324948064281102,0,0.8638274214430508
31732,0.14929165119500706,0.04558396927463156,-0.014816245505009784,0.05107934404035337,-0.21222470761002651,0.14440524091030535,0.01781217675567955,0.04023341927929901,-0.0337049700609937,0.04895787579284846,0.006528677635479698,-0.030066895908330716,0.01085304477622291,0.010604525593349779,-0.00401309945294069,-0.005405613817823175,0.08598283986199026,-0.02622592498442092,0.004921030582713284,0,0.9427112530374258
31768,0.15023798691005288,0.048118314854153264,-0.032448237093189954,0.033033585897966636,-0.20976883585860845,0.13641476990170273,0.01738809031351416,0.05207896837781813,-0.05448690726786948,0.03708655690226135,0.014094312776443284,-0.01017345015434095,0.014568714692147782,-0.0062066564647248945,-0.002209705075362902,-0.0028040873967757458,0.08216391689497747,-0.029997392538603073,0.00777472783013358,0,0.9410552172006467
31772,0.14888363919479325,0.03005367362833313,-0.02733506128168162,0.04118636896896916,-0.2245562488147589,0.16235299773158712,0.0023514612743124374,0.047227297482301915,-0.04243334912865858,0.04530572381127868,0.003231033451553182,-0.0049661451844123196,0.027823830902306144,0.004361552235650653,-0.016591032252162328,0.011613759956502032,0.08657428187710932,-0.0279263559862888,-0.00518525185729315,0,0.9599590650199528
31850,0.13778498732831987,0.043357517418845005,-0.025036145221876895,0.048960004892622394,-0.20166059471094988,0.13984371108379184,-0.001887190191059505,0.04802904032193012,-0.05414378824981883,0.046756493456257334,0.002907578968258928,-0.01719895717225765,0.019024250593252225,-0.00165115312932873,-0.007869529936265749,0.02531238392175113,0.08899128908580911,-0.018355514660917664,-0.0036715030386233645,0,0.9324416333819362
31866,0.1336849517027568,0.03059022091793717,-0.04008458878768415,0.03819313733414889,-0.1945065178310339,0.12414411485458843,0.001989777064444536,0.04598237896252949,-0.0486856758136573,0.029038857020734672,0.009801279643855507,-0.005106027152674895,0.01626582789102684,0.009119608150484881,-0.011727501251375356,0.005717683111085771,0.07992957760388594,-0.012502475789193414,0.00908958750248612,0,0.846159788385584
31880,0.13783571496143654,0.037077970577488975,-0.04083892035111759,0.04489512310758138,-0.20127201341386078,0.12921292665651554,0.016074556496426983,0.0456796205103168,-0.04944125835186452,0.03896155920840573,0.017220165436605747,-0.017726985751250635,0.01874098111903542,0.005462115781933298,-0.005241616863855555,0.01697622570099051,0.09616829933881721,-0.01447614397516252,-0.02029700811157219,0,0.953599205714238
31971,0.13851879177295204,0.03895696723133781,-0.02041603831619614,0.035831615829647986,-0.21583163133496447,0.14131049551927702,0.006774741440490582,0.04899051455788562,-0.034268711767525474,0.02922309883734308,0.005341733948362975,-0.021808154951817867,0.006770595610769589,0.01269210145806338,-0.01668825737574823,0.0016906330904309787,0.08906000178177775,-0.03616322333800422,0.006906469592547442,0,0.9072437777551426
31994,0.1529130624734824,0.015369260630965038,-0.049746840498623386,0.04468491336960489,-0.1938431911253083,0.13245193203089872,0.0005172381078150695,0.060137378217274044,-0.04034113141338678,0.04305031982828208,0.006844686350250724,0.009725230672753927,0.022739450968355505,0.0027166129764596737,0.0026776797849721204,-0.008709607320641221,0.0735343713837855,-0.016897788565748036,0.0039718714716217105,0,0.8808725671902291
32088,0.12908032244263593,0.049034924570558885,-0.03381415497160082,0.04472049136078632,-0.1606925035647877,0.140133765614395,-0.007288531624031745,0.017394043386093273,-0.03938084978467744,0.023020169055260338,0.0018489764864506784,-0.001626322686404836,0.011354057497289346,0.02335434420550352,-0.00025435680293413017,0.013339738462222226,0.08086208871020645,-0.011464266436437897,0.010367309564266668,0,0.7990312172265432
32148,0.13302713414675343,0.04773903594827963,-0.024484222130986957,0.05605189422746393,-0.20281995768258768,0.13049070428870932,0.023339262942679854,0.046064176204850905,-0.04497392693524696,0.035834271427402926,0.006683916116534326,-0.009577268966407206,0.01786278365809528,-0.0008757481348267028,-0.015242634454679847,0.008775249930211606,0.10241336534048122,-0.01453116637673011,-0.010216474557466234,1,0.9310031934703942
32158,0.1365768911095515,0.03258426000983657,-0.0353353380702965,0.0383386310119376,-0.20194220168263197,0.140135578842608,4.8844128792223716e-06,0.035271758286568144,-0.036938996998171714,0.034222604774581174,0.00294267321820027,-0.008353208791731829,0.01156517864397026,0.000609275252082688,-0.006139943577488236,0.0045870601263266865,0.08113476368167961,-0.03585975382858797,0.0018643114898625169,0,0.8444073138089925
32165,0.14381597777792954,0.03502942308536373,-0.04178945552169067,0.029886511640337732,-0.21539320255969077,0.12896208160789174,0.01654189786943742,0.051077980388311225,-0.0480608915552218,0.022942661376251637,0.011858828710519803,-0.015906968314042078,0.027999134411701477,-0.0009202984789802564,-0.00836050719062544,0.003160491402970249,0.09111216264156391,-0.019656815758569507,-0.006096700122157241,1,0.9185719904132562
32172,0.13975973800315838,0.032431977250388544,-0.030505211202218555,0.038163044435366056,-0.20275577594116914,0.15513525404245096,-0.0070821379247619715,0.046899156685312644,-0.04337629767808549,0.034594093377929874,-0.002780781638732602,-0.019110035883821815,0.0226342812680102,0.006270960426194303,-0.009999198720744097,0.020181737036977412,0.08252530115061497,-0.027726939530769986,0.004728276062182374,0,0.9266601982588893
32217,0.1309163007034897,0.03822059271514952,-0.023285709725943925,0.042504520029277834,-0.19825500011251532,0.14063131753957211,0.01572814808386928,0.060948607861216676,-0.04919544180641145,0.022957263311079147,-0.0005779683526295031,0.003751509744818469,0.02706530070201079,0.0025134351904524677,0.00569923712919927,-0.0010901125257493417,0.08227176841523101,-0.027801317808031415,-0.011387096875155734,1,0.884800648631803
32242,0.14095421132648966,0.03680208615528174,-0.02918357161753434,0.04146708173064663,-0.20331613798493903,0.13077508784052583,0.010862281039925842,0.06469680497713168,-0.05653005032971785,0.02766175606876423,0.012294197463979053,-0.01700939061874625,0.018305119243955396,0.014940200690060015,-0.01716544797818608,0.005524990575819657,0.08764847719763362,-0.025036609479033804,-0.001289491247617935,0,0.9414629935659886
32373,0.1230991029496574,0.020878989557655596,-0.03500142588788614,0.029995182211898848,-0.20225704102335507,0.15165755405134668,0.01956967205870869,0.04551645688769715,-0.047495832686008196,0.02079983022203525,0.012214163921234375,-0.0088080855468107,0.014358535508298822,0.011912964368485428,-0.00041299031730555235,0.01846214889475524,0.08191181997422999,-0.03571430589379327,-0.009000940085008045,0,0.8890670420461704
32394,0.14707933477291782,0.04428533350781572,-0.03497318736355554,0.03363650542233683,-0.18413838705564559,0.1372898639281432,0.006527170122279922,0.04698345412543401,-0.042012000705196596,0.0264724477459393,0.001980246184427019,-0.014895624317215873,0.024133268067916318,-0.007949479882547869,0.00015483018816332442,0.017043117379993433,0.07106283688984101,-0.02535515098284831,-0.002346024099453548,0,0.8683182627416712
32435,0.13405050017569672,0.008031004376268424,-0.04901145214562195,0.053317983278815526,-0.20187220744832848,0.14303142566020985,0.020324073669559198,0.04981493341549591,-0.04171476787416852,0.04021049862486017,0.02038891394693023,-0.0049272444705884995,0.012509749126912387,0.00653880383225058,-0.00024261361266233666,0.0007191411753492583,0.09229241862146599,-0.026097369327845656,0.00011193456267965636,0,0.9052070353457093
32543,0.1435229229835545,0.04658312495379025,-0.04840843900793357,0.037887614648000646,-0.18883228383661646,0.13743046726698455,-0.0026618492159338992,0.05760841778696607,-0.04365127754668163,0.03475510977586558,0.008970066320063379,0.0006264340882335854,0.014418376374438087,0.012648955587969147,0.003716662161720397,0.007735345738228495,0.1077796459774182,-0.03789913239514937,0.004914945426522261,1,0.9400510710920701
32566,0.14691032989192826,0.04642657026939542,-0.02014861703185058,0.029473016778786953,-0.1974851997342574,0.14333026683774416,0.0019152181326570587,0.05231304477519062,-0.046756534653461156,0.045375521691273554,0.014620450301240604,-0.005757858899619912,0.03393752387127382,8.950760793171144e-05,0.0007822159549244056,0.001727012672298707,0.09514303022161189,-0.019939400026046154,-0.0031978402899405906,1,0.905329159641433
32574,0.13139254131846523,0.04278665812036996,-0.024678974175222357,0.046082151124902375,-0.20156018176213228,0.12200345037322168,0.0005050817651531275,0.04397373329283901,-0.04526562835669295,0.026851553340077747,0.014380338366706857,-0.006041150188794731,-0.011520844958733638,0.004748099089661021,-0.016866286827742685,-0.0023925589436093186,0.09015969015530471,-0.035380830126306786,-0.006434650369625765,1,0.8730244026555622
32596,0.13909492040444782,0.03640392443524891,-0.0335091057003885,0.05005632938224341,-0.1944923008173819,0.1262186231468757,0.010430178027289086,0.048910223324117784,-0.04650345504716687,0.03595480694653865,0.005576454615764224,-0.022473125587727044,0.015212457812278042,-0.004376469240270023,-0.0018930437048183797,0.003880073150437917,0.09493476374400386,-0.03530730461828359,-0.0028296608305529813,0,0.9080572205358347
32772,0.14230022556847435,0.040201144562417086,-0.027486574492077875,0.05067990184998031,-0.19175164924472837,0.14010565457874516,-0.011967242079980317,0.06519234302704954,-0.04400314778373322,0.01972863356908588,0.006798926656757266,-0.016728136439438455,0.0013177494715303918,-0.00242920706685967,-0.015729992307822703,0.008469705656677696,0.07793132109015337,-0.018497170868439935,-0.018575561628384585,1,0.8998942879423362
32995,0.130720816037782,0.03631433174855765,-0.029290721796049808,0.03906785760595408,-0.21007063562658423,0.14045221162576857,-0.00014460635054943996,0.030557632739094745,-0.05390257186143521,0.04008967870818124,0.003222786927700226,-0.010329015292709817,0.013601744042166969,0.014375045788543764,-0.01572869989522414,0.023459778968864864,0.09372402484727008,-0.029694562787784175,-0.004301689633880703,0,0.9190484122841017
33052,0.14058574136003057,0.03230106179598619,-0.04050020940388032,0.03975386797635492,-0.20781961476155786,0.1379579692735326,0.005626836874975627,0.04778614337863944,-0.047035277025527046,0.03239320268033018,0.011417097532970868,-0.01531118179979331,0.023206008186378472,0.021419306996425826,-0.003950103856565889,0.006524728943176693,0.09497165814794602,-0.012777830227401941,0.006309319044109549,0,0.9276471592655833
33453,0.12641695017697152,0.022337214540810037,-0.03410158965546717,0.04676964840614849,-0.20262797853154935,0.13748024914291737,0.00570929288388694,0.039340880052079794,-0.03615694019920199,0.01735675272457584,0.0011916758377667894,0.004041895613640928,0.02537193387886766,0.00576139880202375,0.0005297900288431333,0.008479885220068676,0.09339036148045939,-0.005699011553501197,-0.00731601087247733,0,0.8200794596012574
33502,0.14178228893329084,0.04243010597644011,-0.037164111196776914,0.049392344522471376,-0.1890170398689827,0.12445552957428431,0.0011459552469123213,0.05089095040347693,-0.03137465777263601,0.01652006085019977,0.0008135650459749194,-0.010156906663509317,0.02856713288099808,0.005752917710686219,0.007622059739183382,-0.008946028036929687,0.08082923280967748,-0.02068707189549477,-0.011638499926197825,0,0.8591864590541229
33521,0.14106669755502113,0.02470575569485948,-0.04349826609431909,0.04715166437683563,-0.2037930494417316,0.1523323070588175,-0.004231697165149386,0.03689259868221599,-0.039380617072150195,0.03786999864913134,0.01577195869099248,-0.00495704544878535,0.0029540592496772665,0.015991352276498994,-0.0033123114313015683,-0.005813501987762752,0.09053725006729132,-0.01552091066060823,-0.005706836510206136,0,0.8914878781133555
33522,0.1428418262715834,0.03676088440677995,-0.0297986527341909,0.04110472516438555,-0.19934689145458614,0.13349959956551982,0.010334471534407058,0.051235082533845316,-0.05174736702451528,0.013290116054022473,0.005290223680456116,-0.016344737003352622,0.02214051407563883,0.0004750316103984904,0.004258490862988033,0.0019369462936853438,0.08425074349854576,-0.03949577088410362,-0.003240546590735294,1,0.88739262124374
33524,0.14011202465957204,0.04718413875520791,-0.04727068154520311,0.04105718638568324,-0.1935109345094737,0.13572865313889534,0.00884198286871156,0.05004266033636729,-0.06200550664519625,0.03301450707749968,0.005975686979719193,-0.0161208146431181,0.022917374609870297,0.02020624881417582,-0.012109659555753317,0.004498243733676738,0.10063070612204301,-0.029939779307091033,-0.01509077496716053,0,0.9862575646544182
33544,0.13021097156087488,0.03582864702241903,-0.029051752776222448,0.04048744845072412,-0.20909941439836874,0.1412002614220313,0.00472703428088083,0.05800935298911972,-0.05655271071143737,0.01779237972559229,0.01141684930749164,-0.006987772689535634,0.021189659766534422,-0.008899081334731239,-0.0004650209591642211,-0.012135655959312514,0.07195165271451547,-0.026722742819111776,0.00522175853776505,0,0.8879501674258327
33701,0.1267446105472703,0.03596126422099673,-0.023397858824720494,0.04775070753696607,-0.2152558224891799,0.13950244227115632,0.0025954280522021227,0.05602538982416269,-0.04364477871496127,0.05025055716312506,0.0028122096468058363,-0.011115633946132016,0.021531673427889118,0.0056831820909351224,-0.012668489559581058,0.015170168284262315,0.10276812784510074,-0.030231858735873213,-0.003227194149080512,0,0.9463373973304009
33782,0.1200386232448898,0.03467366072767348,-0.014730028056950086,0.03757111337992138,-0.19772147834037385,0.13671705519402746,-0.013835615543140207,0.034636784705226915,-0.03905817885179075,0.030953592070130393,0.008390487798312307,-0.01118251075504897,0.014790314982967224,0.017511620135210453,-0.0091923509736107,-0.006697128214549155,0.07285314210312135,-0.02799857316801742,-0.001742340446988846,1,0.8302945986919508
33835,0.14012938359459962,0.03641415813842038,-0.030318356624473398,0.052222151962284184,-0.19840665342283814,0.12579139606836962,0.00921036524223176,0.044442687792768346,-0.04492817115097863,0.039125335439830086,0.012730216885681628,-0.005632397399883681,0.009349829296229845,-0.009384884127686503,-0.015093501863996349,0.00035757415024555367,0.09686571253403696,-0.019663033698309865,-0.010319925845183795,0,0.9003857352380483
33861,0.12408936357187707,0.02923520265626517,-0.04016857570236296,0.051122668551684486,-0.18884912034288834,0.13862695534516417,-0.0020208321337543116,0.04692458266781233,-0.04245544438698128,0.025418754543298616,0.01532262353134264,-0.029127222353222966,0.01745917389043033,-0.004434367410991297,-0.010902995156110276,-0.0017682067746223656,0.07923068265886057,-0.019164450868333106,0.01893075019643945,0,0.8852519727424417
33864,0.1384808751797657,0.03464266327865685,-0.035510331452869144,0.030439363589276302,-0.21033807246583733,0.13255056947710708,0.006577379624437902,0.04806003421838264,-0.05050462278596847,0.036923445585520305,-0.0016561065982213592,-0.006978612090239505,0.02001995541623113,0.007311019270037195,6.0576210439281144e-05,0.0031492028022421263,0.08285809229116013,-0.03423183736211355,0.004165041074821642,0,0.8844578007733277
33913,0.13753370789102723,0.03437272316194605,-0.04217069258726317,0.044148203846779255,-0.2073817801642976,0.14217092319587768,0.0077233261251812525,0.04045779247380891,-0.05465913679267533,0.036388409509109154,0.013201026081234527,-0.00415997979976786,0.007528274117316178,-0.007224883760474548,0.00453313280527499,-0.007312663337021691,0.10180125894914077,-0.03393881693980284,-0.004043197734263892,1,0.930749929272263
33987,0.14851842995537254,0.03928594689170437,-0.03984002418033762,0.05622114595688016,-0.20122425376392433,0.14095894552973734,-0.001678796737714738,0.05326751851283726,-0.03732286570158408,0.03240443658913536,0.008688904700555864,-0.027850437585359808,0.013232968019180297,-0.008680948109954179,-0.00543945670634869,0.01637245852073712,0.10073453595263024,-0.02782276820392171,-0.0011254192752525398,0,0.9606702608931682
33989,0.1327829564896428,0.03484852520603613,-0.035826277110483064,0.032257503576268276,-0.20302934599358827,0.12991992109976708,-0.0037471230345899323,0.05021868061619172,-0.02843529851263705,0.038627443416484844,0.0054860505377362385,-0.00821245842233465,0.014603906609764707,0.00300466477042085,0.009820285082628376,-0.0027020506155038845,0.08752676632616921,-0.03453207846842282,-0.005870383332418995,0,0.8614517192210889
34075,0.13725128549359675,0.02943386040462197,-0.027182998433326538,0.028873700434418597,-0.2201133458256786,0.13770874056594617,0.003918743082845485,0.0534747700004383,-0.04086854106267684,0.023720749507492034,0.004652000302444254,-0.021285231941016662,0.01153567980597931,0.012806772396434499,-0.010042848516509557,0.017444096914570096,0.07746978847481474,-0.02529984598072981,0.007311478731837156,0,0.8903944778753774
34082,0.12197083248959793,0.03766032401437218,-0.026361456134644107,0.02023984869287761,-0.21697384322116495,0.1579330542453595,0.01431386618680884,0.0487389927424603,-0.03416855839529881,0.03358364120492638,0.021954416611136434,-0.012303540213608003,0.01606414629439237,0.017396708507998855,-0.008637583421446516,-0.0010674252862145138,0.07109080546199188,-0.012792397745637327,0.012556631801421407,0,0.8858080726713579
34150,0.14465051162936868,0.03485093378609977,-0.014445541579344353,0.05209410817628357,-0.18360973612126286,0.13142437713169372,0.008936448613615141,0.0414025799485427,-0.042134151906490794,0.016705368888859158,0.01444305055191295,-0.014660946912376129,0.012563226641693678,0.00043120933282255624,-0.000745824834980729,-0.0012152450225895678,0.095941518469764,-0.014566284412707426,-0.001471999304831522,0,0.8262930632652393
34220,0.1329305173329862,0.04415179743098183,-0.041852794586058194,0.035139429561160944,-0.19943657522419253,0.1395682217962663,0.00198257026222013,0.03680271430851461,-0.05186190904280585,0.026753644683563806,0.010677973333886674,-0.010229809430156635,0.014045720319468345,0.011363306977991707,-0.004290876004642264,0.01302682046116515,0.08433762426710519,-0.024600024344757308,-0.014288692823115796,1,0.8973410221910394
34285,0.1435285638585901,0.01784692062421113,-0.03800415243475611,0.05416387359145123,-0.20390753245639198,0.12868190434945173,0.002788119456055828,0.054537903962346715,-0.0649142714000268,0.028755376882717957,-0.009382573200119926,-0.008566397730320358,0.012048899954771404,0.006073066479458295,-0.011089625885376531,0.011360569789474875,0.09515801142964006,-0.03018559757669638,-0.02046760966738215,1,0.9414609707292396
34293,0.13594296009215548,0.031487442353995525,-0.02864459400850394,0.033029143158597,-0.19401269352218806,0.13701628853674402,0.00885406965758861,0.04801835264731983,-0.0382113010557244,0.03693743587598132,0.006571392907221249,-0.019247546309383544,0.029058056950109528,-0.00032389758197332697,-0.030715632855002926,0.006428625407207624,0.10511026042287645,-0.02097978181879365,-0.002610764649231805,0,0.9132002398105983
34376,0.1325230084559573,0.037753638135056604,-0.03463562714951672,0.04758683292128289,-0.20160851184399375,0.1364535904062534,-0.00035132017755822953,0.033152384517957025,-0.06319959456315448,0.04311278103080876,0.0023357240489774544,-0.012835652982691062,0.012141919321551497,0.00490921789695384,-0.007551121772187331,0.026333455171592086,0.0911923465948838,-0.028236211026666017,-0.005515735958526897,0,0.9214286739755692
34385,0.13213204826038288,0.04317878848579921,-0.02344360789296225,0.03331143074231169,-0.20467596827454818,0.14995866794616908,0.0032014018526343615,0.05224037649338662,-0.051028123303495355,0.04000839597029307,0.0010494450977653403,-0.006178389449698006,0.013760501626639964,0.010169337782809136,-0.01153080408697037,-0.0018994793436035611,0.08988441565214017,-0.03785888135349398,-0.007514910688829609,0,0.9130249743039328
34397,0.13049170911110872,0.036369605900885345,-0.04086715159627576,0.04535986243720431,-0.19421604274309745,0.14164923793926062,-0.0037698355045910274,0.05833621561892553,-0.04166404427962045,0.033899745458476765,0.0038814824063379493,-0.021734875379977595,0.015843458218258253,0.00945796993475049,0.010124662804227596,0.0021284116114397306,0.09343807102999548,-0.021824549709365683,-0.005997256838616204,0,0.9110541885224149
34440,0.1391309435482936,0.032200126859504075,-0.018519520861713858,0.043001860921910266,-0.1993694449566964,0.13542175601958953,0.021836661176277923,0.06386140492901281,-0.05005988088153276,0.02242210254502808,0.0062676808738064745,-0.006627073864346827,0.035744636448371524,-0.0011266205649095242,0.007228577861222895,0.008954714335123877,0.08262534902246843,-0.032865374758120756,-0.008358985415191474,0,0.915622715843121
34471,0.14239853831231772,0.03481911866463266,-0.04282882257456904,0.034804111700718524,-0.20936018454101835,0.12965753756111587,0.005060177606622806,0.04718966493107648,-0.04013913132145334,0.038485239529725476,0.007844436617425428,-0.00427919462741597,0.013637770232479805,0.014672110021646792,-0.007246959046957505,0.0018652750240899633,0.08791087440491002,-0.011691967133337504,-0.0025005445445146165,0,0.8763916583960278
34547,0.13234542081523856,0.03995778504957193,-0.03429160071811979,0.04390757573795074,-0.21202971842435248,0.13334126845528232,0.006666148604296049,0.04559351474537253,-0.04316917461582283,0.03731473212344089,0.01668380033962622,0.004528678766089083,0.014855259104847725,0.009352277519244218,0.011542081401464378,0.005442085542782237,0.09391702206326252,-0.022706179372461846,-0.00794672747164648,0,0.9155910508708729
34556,0.13127515720710597,0.03880740736193962,-0.016624390359556374,0.0334892046016182,-0.21622788649757596,0.1336742632398445,0.005508355694955165,0.04453129396775665,-0.030165672573364957,0.03902504819877201,0.007482048263492776,-0.008989093911113457,0.004099992671764268,-0.004302058223207197,-0.006209784257925745,-0.0039127610019746226,0.08000119627951234,-0.02226417575459573,0.01113588416491705,0,0.8377256742309926
34672,0.1362614772389226,0.038974708287381025,-0.029934957279939858,0.03963315934041795,-0.203730485801311,0.13949323092088614,0.0044891795703727805,0.04452276826585138,-0.04865184858287764,0.026418762546596787,0.009138162269812468,-0.014159690359528632,0.002583883393694522,0.0065850794087944295,-0.018597182185745204,0.004138938502664392,0.0808724583724874,-0.02864984093627057,-0.012243960577683698,0,0.8890797738412385
34883,0.14465825666386814,0.03138715053784583,-0.03325251271093774,0.03405935171854635,-0.19327999516506617,0.15070465653299736,0.013627648562447364,0.060307177885065934,-0.05563015635791299,0.031730272922955556,0.011974185834542383,-0.015152932333248019,0.001193494042653948,0.007485244974930499,-0.008804354357716732,0.008203589571289128,0.09492273981459583,-0.03429711255948931,-0.003311497065180925,0,0.9339823296112902
34887,0.1379566484531794,0.0339317868582914,-0.02693834722247505,0.019428256944115825,-0.20530640212733015,0.13276906786306344,0.014027002433634127,0.04581499968419437,-0.045321872702308016,0.029875268882593443,0.006401888296455454,-0.007239562400753752,0.0026051519621409867,0.013571606883296491,-0.014583419226705929,0.00856135985650136,0.08301462700433437,-0.03797557660571953,-0.008436425910691266,0,0.8737592713177844
34899,0.11141868953095531,0.015998880220234928,-0.01966109914179495,0.03788322648867837,-0.17485527748571716,0.13040005915329175,-0.0060997002560967345,0.018861135125056334,-0.053164339922859086,0.021807535510655694,0.013940577952028821,-0.0005906724186171225,0.011997644617520568,0.019085443433932186,-0.013760585282998542,0.013507623201021559,0.0787798764389624,-0.023406047458576596,0.003377198110741368,1,0.7685956117497394
34917,0.14685476910800926,0.031985292908493695,-0.028188921211113452,0.024956326702592624,-0.2073227315006218,0.1451885189708756,-0.008736658724616696,0.03878333862523555,-0.031449971988577505,0.023501622720386948,0.009752102081808205,-0.020217202465292138,0.01754459615131703,0.007349059353630319,0.0036357516707352356,-0.007398602637194144,0.09502904471878734,-0.04379208944229889,0.009985186029634817,0,0.9016717870112213
34931,0.1326145507657219,0.03080119759264764,-0.012224074737182072,0.026254532626810663,-0.20138181456900034,0.13555864671493803,0.00019178051444568482,0.03570652017116729,-0.05508172407134273,0.023873579232726542,0.010180276873280228,-0.023605575235622307,0.009679870738161511,0.01302157323850335,-0.003697996576262411,0.015650019970113584,0.08854339492324356,-0.02920630067662631,0.004472295444442181,0,0.8517457246722383
34985,0.1349950465118455,0.03170867676768961,-0.03341404618666745,0.051126991865587154,-0.20484077150848906,0.12267273542894956,0.00889750085438004,0.03724545639222854,-0.05278191536463806,0.030128735709516345,0.02749487069179879,-0.0005677126829136134,0.012757707841098852,0.007949416763789009,-0.0076137131515572505,0.004860841601635205,0.09154442987725646,-0.020808589644646505,0.0004564575720328744,1,0.8818656164167199
34989,0.13869146457418016,0.035094282919735285,-0.0219316239222286,0.04165444804821911,-0.18850902501759398,0.13606228565350714,0.011053689587396727,0.05403591658086287,-0.04566838505256561,0.052574700489979906,0.007728700838882597,-0.022895302926040386,0.00945500384939789,0.013930451036922253,-0.02421302681676851,-0.008980716882760986,0.08521980282815297,-0.01758702046233416,-0.00615856836127359,0,0.9214444158488028
35008,0.12736155017023734,0.036323668524949664,-0.03005995271446947,0.04662151042848289,-0.2156627124181429,0.13025774161697587,0.012700751796917672,0.0540479670150968,-0.05559125951896189,0.032837630102569515,0.006727740660674295,-0.013303298251579046,0.01923000034910637,0.00722102405269603,-0.007073624002230505,0.004942641484316872,0.07810098657576403,-0.020533761350646364,-0.002067484033915748,0,0.9006653050677332
35032,0.1432261548458536,0.04013663925588105,-0.040304783008790916,0.049874567205155644,-0.21429388095522633,0.14222634268554687,0.017945247055074262,0.047651297132025955,-0.044363259076700946,0.042637710665674344,0.013967924996753742,-0.0005492761005939205,0.024518647824290137,0.006567121572430265,0.007339077017484062,0.005990903941379651,0.08113571000874867,-0.033270674312873345,-0.006492513195231269,0,0.9624917308557149
35054,0.12243430343606883,0.04400343965531316,-0.02657757634131342,0.049877195165031064,-0.20128702961554384,0.13733484233531146,0.011834854509768455,0.05223635486474391,-0.051942037030641784,0.021886115838819307,0.005265671905185097,-0.018311635374572522,0.004263085445192201,0.006788356593918514,0.00506028889141085,0.008984514868738745,0.0679707872153444,-0.026909252867890577,0.00017956278144063478,0,0.8631469047362488
35056,0.12428391661435735,0.03529967000787456,-0.03133489483734262,0.038051646166975074,-0.21590121156219927,0.13965964184731505,0.012226243755833248,0.040974878046959776,-0.0356833670992992,0.04731687101759917,0.0035429777568395243,-0.02993426232738061,0.009016065495403814,0.013811885262074603,-0.006477183002071349,0.00048197922712361907,0.10593519287580228,-0.03165113751263653,-0.007558026471094984,1,0.9291410508861826
35109,0.1389152181468727,0.02987278015581337,-0.018588273210261796,0.05191981386431918,-0.20575173515536663,0.1482593920684949,0.008279887348424692,0.065435250189069,-0.03933543086777019,0.02771007059287233,0.017376161566913528,-0.0063879443681306505,0.015129397585835586,-0.002839188485431095,0.003935946808556334,-0.006322545985549661,0.08295608233287484,-0.015693846388206086,-0.00964961770234804,0,0.8943585828231105
35138,0.13971571346298944,0.031239547809497878,-0.03970508345317833,0.04125261909544895,-0.20799193040062613,0.14619232636796348,0.007498857170391791,0.05337693379427241,-0.05544647241897004,0.03398317875086239,0.003076748146090606,-0.0008110899225628111,0.024212182640679647,0.016239920489745794,-0.005677523582782633,0.01221410356666455,0.0713966406070022,-0.028614936592468734,-0.020733214088084994,0,0.9393790223602828
35149,0.14424283867257628,0.03203433196648032,-0.01902256043392372,0.05570440497880121,-0.2103744285456159,0.1202714589494094,0.0037576394690431486,0.04547267736950661,-0.049568544253487036,0.04739665639132234,0.002178582809391253,-0.012804860187352982,0.0165197947330886,0.0012407354133293397,-0.005690786793582507,0.008836925365050036,0.09741628578506249,-0.012991993248267003,0.005648680806689896,0,0.8911741861719801
35178,0.13228003221880907,0.04346619261762417,-0.030645931145590295,0.04253772225423848,-0.21235592350003904,0.15560065516782254,0.01159028831561822,0.049038128100858565,-0.04362254535880462,0.04018392928356904,-0.007473322152361495,-0.00762129702783467,0.015838433037109738,0.01181525681950998,-0.01771307357833502,0.006568817944759455,0.0885309632844348,-0.02290089884958131,-0.0033985180177581622,0,0.9431819286746587
35182,0.12806271131663471,0.038796815443539995,-0.021635592736538648,0.042580854635088476,-0.20568286379727274,0.12278815603831783,0.015366241121840414,0.06529336116549374,-0.04231539177085625,0.032706955360920706,0.001940179995206725,-0.01946234598133024,0.0121768675366288,-0.0005577700899960886,-0.006143947163882456,0.006904634776908624,0.08175654300342423,-0.026829345313642762,0.004393102906488891,0,0.8753936801540123
35207,0.12502304667904243,0.0470086460767557,-0.02541008332489932,0.027864797683234965,-0.216668804712779,0.13111268000271556,0.005649229889529064,0.047381121862867796,-0.037889929515633095,0.03281660083524852,0.004033509045382654,-0.012862476942302062,0.00867762130181992,0.0015994154963540604,-0.009420288501621124,6.867701986078761e-05,0.09247351006005035,-0.026971337666040866,0.005398885172286257,0,0.8583306617884235
35215,0.12746405887102447,0.0198641071417061,-0.03193525340862421,0.03669582576731684,-0.20138023595388807,0.14595999498956622,-0.007731067990901957,0.05355435384354326,-0.03621557755644819,0.03182452677914067,0.005475812932108917,-0.00029823727907229026,0.0143579446530776,0.018531816178194934,0.0030331907038540448,0.010928105025212787,0.09496093312999078,-0.020712863737430455,-0.009362207781551382,1,0.8702861137226532
35271,0.12403727951567912,0.039859368636027105,-0.03174682499749956,0.04770590465996569,-0.19873024415527787,0.12852001154409742,0.0057307043879991585,0.04535873078689845,-0.06122674925906714,0.03522733337949934,0.0037711187448979814,-0.009682914895114376,0.020195409192214724,-0.004532548482530826,0.011420647566580459,0.010329687828610063,0.08844738451662432,-0.027149032951770284,0.007844692993138403,1,0.9015165884934923
35294,0.13421332008705647,0.024728431072375077,-0.033922709536909755,0.0384131640415125,-0.20398727345854034,0.1317862792989352,0.00042049259471098484,0.056482907479022876,-0.05673604287856367,0.02659096181877784,0.006381168348357551,-0.016274926587611958,0.005487159255282752,0.00046659734650700946,-0.005750886379195371,-0.0011806610862669397,0.09068110419853614,-0.027082309471233086,0.011745557087598023,0,0.8723319520269935
35455,0.12699075980256586,0.03759249962631595,-0.022279319452174887,0.037103481025248075,-0.21855982980960023,0.14564271003931065,-0.003069186361611212,0.04776434697190251,-0.04682429666966494,0.030073411788535627,0.00024409565357098498,-0.018146452862753806,0.031482677504926664,-0.005674025047929556,0.00446267405949542,0.006076636713921151,0.10045311727792057,-0.010740257582820776,-0.01598490519812253,0,0.9091646834483914
35548,0.12834104673694283,0.01691336528302262,-0.020087473481840354,0.03735943643272367,-0.19443832676610512,0.1398689396141508,0.004551727299418812,0.03478729540837396,-0.032109769347480166,0.041534445852199474,0.011672652084334913,-0.005740433707786358,0.013422208722236328,0.01694900875043622,0.007276862402172575,-0.0025429976795243578,0.08699378441426121,-0.022691368116682407,-0.0030131740881975773,0,0.8202943161878897
35616,0.1200253515753325,0.033604513437728446,-0.024011886775650013,0.039053725105007146,-0.19732139704571286,0.13983792010534077,-0.003685812045077697,0.04747085611830462,-0.03847428514275422,0.03913903553617395,0.014802976086883706,-0.01007390776063992,0.028078356375539355,0.001637141095938637,-0.003123283588369319,0.008654929281864655,0.12709406511113755,-0.024502044565867083,-0.012504121291674825,0,0.9130956080449972
35835,0.12633722630969063,0.030441596253339386,-0.03304887638590476,0.04940652446305771,-0.20614132763746357,0.12997553175069018,0.008082279393894692,0.04345426104332988,-0.0422281470960555,0.040250177160642164,0.020621739413698128,-0.004634919820262099,0.010976025292393044,-0.004180956436285569,0.0035403772182421,0.016161830284531747,0.08663637678439956,-0.033605311410968314,0.0031112920759262075,0,0.8928347762307752
35876,0.12381429256646839,0.03359068835026202,-0.04378851278397232,0.050307052140429735,-0.19054197903461256,0.12270387739781781,0.006335005599385501,0.038268367987397446,-0.04485707031107308,0.02288528439700424,0.023812639459570534,-0.009945215481448796,0.023477467045739272,0.007364595769351117,-0.0019518071574361516,-0.0019437231688384275,0.08056976843356894,-0.02720957734197753,0.006707407905427889,1,0.8600743323317818
35887,0.13502948547679128,0.05020389939957425,-0.03506633930640876,0.05598068160819066,-0.20725918219847675,0.1359178365032987,-0.0021132582862608907,0.05604170238747257,-0.054812452558380985,0.03524627312585762,0.014136145018947053,-0.015849927212141877,-0.003279454924996212,0.008602623793899795,-0.00014998144777779877,0.025464524893132508,0.0888997923623508,-0.01546634366102082,-0.0021029607085503678,0,0.9416228648735296
35929,0.1265271518020844,0.03393414157935201,-0.022019108273533244,0.03127039457009364,-0.20244580321982678,0.1506263953766745,0.007173095281274094,0.03696844971739266,-0.047123689408982,0.043898273309397835,0.01436884669301932,-0.009439080447029452,0.023170900935318418,0.013878681689451276,0.00130450905291511,0.019222670907425042,0.087147836047903,-0.02902020070338193,-0.012550614160823337,0,0.912089843175878
35966,0.14614153772768482,0.038127989353471586,-0.02511973280624182,0.034960384495684144,-0.19700225894814782,0.12782338053346604,0.009734849120807769,0.04873892538459494,-0.038548050686407216,0.029963444320739767,0.004017434608959013,-0.009270440617800945,0.0051111521469581435,0.011173135108001409,0.007951183645671604,0.004514650526944766,0.09450424457415926,-0.028396153327521295,-0.006501474925418743,0,0.8676004228586811
35976,0.12670183771627233,0.030910149387294108,-0.02777333114879293,0.0392571433769558,-0.1920391540700824,0.13906164250308167,0.0007982579604019142,0.029224166580738006,-0.04259057806220149,0.03459766895401391,0.002164164075152848,0.0006588812449550456,0.008965569354234643,0.008275895405474961,0.013596123089561424,0.015899215682225316,0.09680327368075071,-0.03332121905188804,-0.017933937818856657,1,0.8605722091629342
36044,0.1403640146351818,0.018120381410242737,-0.019215385716210013,0.03407943478136937,-0.20094961139024287,0.14324081695950416,-0.011625374788434029,0.045094232219025525,-0.043030120815023123,0.025755493452457912,0.019543859845613007,-0.012376271503832937,0.00827651522319454,0.003483002685658944,-0.008011076155317282,0.004349632843907406,0.09347782647061285,-0.023969187888943207,-0.014935101154266444,0,0.8698973399390382
36096,0.13135479788000004,0.035087304011939664,-0.014244701555263091,0.04736740617404084,-0.20981760213844655,0.13877061192116957,0.011008498141437752,0.040225132583454844,-0.03938630044243227,0.023167119848511705,0.016010599303815144,-0.0057472856899416945,0.03402188870997116,0.008751304013198121,0.006470488142648974,0.004732861175049149,0.08509878635372213,-0.00010069739467651872,-0.00959813938979911,0,0.8609615248695184
36124,0.13761608320772986,0.020516052852770382,-0.0207661171373293,0.03925399822579078,-0.19247350783170955,0.13613880124833858,-0.0005586848257014535,0.03901148344167002,-0.05014987445794823,0.033332988424593056,0.004704416604986529,-0.025033554734079387,0.005466770568346812,0.005002290569043212,-0.0013780372101244802,0.0034691354327543522,0.09806919092121769,-0.022027397125043372,-0.006315537326714402,1,0.8412839221458914
36191,0.1342180110595944,0.025070177827533808,-0.03224636884247534,0.020654730895647563,-0.19548791384168704,0.13587655483167355,0.0036475821102969768,0.047264399547238455,-0.03852793509352237,0.033905762581357024,0.022591370600337224,-0.005089661691295202,0.026258396132708528,0.011346021193667745,-0.007253900478572488,0.0034583623675730505,0.08816796155304253,-0.02045272877526772,-0.02132255892277327,0,0.8728403983462643
36317,0.13467334847408136,0.04228665393606244,-0.025313860723634632,0.04216794783437262,-0.20731683392157083,0.1523873484050482,0.011043890703750925,0.045348750250804606,-0.04741293768811447,0.04169688875492874,0.007912387567713628,-0.008856042018039302,0.017610241642537165,-0.005216065898167418,-0.008004329478034289,0.01875379324576796,0.07775433725700714,-0.019492924549565534,-0.00932644333718846,0,0.9225750256863897
36344,0.13504548517318882,0.035514438888623025,-0.02725766266942572,0.03752907675285318,-0.20726809351719122,0.1373001345550045,-0.0032064963296412194,0.03885654195660211,-0.03400424571360422,0.026319659861371303,0.0067414684763679655,-0.022360944185290155,0.013366242466875452,0.00843943189119751,-0.009570104761468471,0.015746398771936718,0.0931114272027063,-0.02454550269752747,-0.015755968080005903,0,0.8919393239508813
36356,0.12749425655985563,0.03815726786009659,-0.04136007192178314,0.02720906240745156,-0.2065846874128007,0.12555319750839095,0.002982810808235034,0.04186586195360381,-0.032091363870468334,0.032650593089376234,0.00741211430344419,-0.008501450133897422,0.02227057544746009,0.013083418100254323,-0.004039191237606592,-0.005791233313211547,0.08186813763414391,-0.019680000702125323,-0.005493088205466925,1,0.8440883824696723
36447,0.1396909933802778,0.044625791983815624,-0.03730373757089637,0.030680666316396404,-0.19907869078023202,0.13935069375050618,0.008936157213656896,0.05150005642438316,-0.03667879366536925,0.023375490903111574,0.00720180028710666,-0.010906583927573895,0.024029806521451577,-0.0017380237773549842,-0.0017588464887184887,0.0033467910826836303,0.1034145479823642,-0.021993869306962715,-0.01694431523957953,0,0.902555656602441
36463,0.12573755681607476,0.04091223700328204,-0.03355640040075918,0.03935824869184846,-0.18520951788823092,0.12171235184795447,-0.012201159915688703,0.018711039592297665,-0.04376766832799725,0.034187624411072294,0.012289361787772006,-0.018607394845359875,0.006766451432028837,0.02954561153569152,-0.0031557229969886923,-0.004975411917982617,0.08680113952296219,-0.022873943407954633,-0.004337664302960812,1,0.8447065066449069
36491,0.146239158512297,0.03791133921020389,-0.021464026020944497,0.038020998581616505,-0.2004681058271248,0.1426661035474619,0.0135024324270607,0.045957457390086755,-0.04561602459111913,0.039066415719913206,0.01480023371274689,-0.03406654999355701,-0.004164536898056432,0.0032813934099444656,-0.0050135170131468745,0.0005503082388164562,0.08772528707453987,-0.02719369225743735,0.0070507687847762394,1,0.91475834921085
36535,0.12151830607175564,0.01838352826556263,-0.02529499071936729,0.05861734595745363,-0.20968141806658655,0.1472869563005167,0.01558356773842919,0.04161847489446409,-0.025814921273770795,0.027731300811208826,0.0035160093313550047,-0.026460720331339723,0.025628163800383838,-0.007075243425972273,-0.004966040365514628,-0.0018585594338621071,0.09321922317959594,-0.037128801030739414,-0.01376526772714323,0,0.9051488387250215
36564,0.13981620127937525,0.028341158577096303,-0.043233400771680926,0.03837119020259433,-0.2205137446515968,0.13846490102922016,0.011628263266221527,0.06149115853156954,-0.04379507342257742,0.025500846216008788,0.006890722742456367,0.004357647264881969,0.01110755029316877,0.013523068944971798,-0.005796337266857061,0.008194028590152846,0.07160885012732893,-0.025226551146828147,-0.016647539578861222,0,0.9145082339034482
36588,0.12852323243011815,0.04559609997532437,-0.02790560055719606,0.0470695993652805,-0.2124252653914128,0.13489049019094912,0.004202183751236688,0.03048584868365516,-0.05100203777083961,0.030027436563263208,0.014144542841867214,-0.002925862521978117,0.019086035252977505,0.007956071035746767,-0.014879329101219306,0.0067217860496047235,0.08016274403086858,-0.029286530603340494,0.004108024611791639,0,0.89139872072867
36625,0.14551319466132076,0.022090397617473837,-0.03174879588456508,0.04841094946535023,-0.20085678674361046,0.1325833574588861,0.002402780971418647,0.04332151317504193,-0.04744058853478736,0.04153399137393045,0.024925755560115715,-0.01638815874548708,0.011080126482919431,0.0033233607859501093,0.0037955290271778157,0.006990767184189231,0.08851141712822726,-0.01743175803591498,-0.016845501530076072,1,0.9051947303664426
36635,0.12770856140048378,0.040858865282396364,-0.03655155355011761,0.051229059096045755,-0.2043059202879135,0.1384637231603212,0.00986408277735618,0.053609321155590375,-0.0524099675166337,0.020356914336017246,0.011247135769975327,-0.025776838904406907,0.01297370290345222,0.010937772099237037,0.019894125721331122,0.017144225801019517,0.09108240831644845,-0.012081433417191628,0.003566315042957321,0,0.9400619265388953
36673,0.13915031871271677,0.03358810880960046,-0.03991423119586904,0.04299793061783582,-0.2073763269987329,0.1439178972995518,0.0056031413245312975,0.04784915568770847,-0.041705671560407345,0.02652557015885096,0.0026061246710805228,-0.004036679707310194,0.024729825012120715,-0.005828805170007002,-0.013567844371621915,0.008170767759649278,0.09179653809051076,-0.04352869800320536,-0.0030631390067968538,1,0.9259567741581074
36788,0.128660333907901,0.02238698759208623,-0.03333795389870404,0.042860148908218376,-0.2043794935353457,0.1264211348133699,0.00762691839272741,0.04367343746235483,-0.029756160674071937,0.04010980092868249,0.017456667740613892,-0.006348243305415355,0.010293054065641204,-0.0027172661969171704,0.0012125623813290785,0.012322390415637327,0.09113945289489363,-0.013728755158050507,-0.005934553323536699,0,0.8403653155954968
36790,0.13433931781279554,0.0226432903289181,-0.020670956436604587,0.03312716502405102,-0.21408727925810883,0.12368417236523764,0.0026987693195603198,0.038238287428217874,-0.04176480396834465,0.018750055448639044,-0.001955729669987776,-0.004249099556909667,-7.478971010931603e-05,0.020706805624928062,-0.002990792457633318,0.0033499842584580803,0.08751835439151837,-0.03596482405268116,0.0039976639409778116,0,0.8108121410536812
36857,0.13147105781049423,0.044298639268686824,-0.03152993127199677,0.043628861173767686,-0.2121347379232789,0.12241886651962758,0.017883179101730984,0.03281363607165599,-0.0533783075093969,0.039260620546218324,-0.0071924073453935936,-0.006620613609742688,0.016229934899535108,0.028017019903139036,0.005036665190691715,0.01385076969180482,0.09486984047418395,-0.017051138316976747,-0.006527873631298362,0,0.9242141002596201
36962,0.12442275768848624,0.04606619081313581,-0.046497726182313716,0.033411103163976885,-0.1976857693849416,0.14822424207641527,0.004653562069635518,0.0520144298525313,-0.043589068312405076,0.013004940391614109,0.0020881011449067513,-0.02170343449618646,0.02297197903208093,0.007428315010483336,-0.014918203324437584,0.010766081423604204,0.08176398423791396,-0.022844092583486953,0.009221680092873394,0,0.9032756612814291
36968,0.14923359579622822,0.038003776856381614,-0.03832210099725322,0.03995565029027038,-0.20019361863477625,0.14567152096983085,0.02002400436635126,0.057598161387706,-0.04780953098888227,0.021913184653337126,0.022838625215975777,-0.017339133607566743,0.015012367401807955,0.00044745582547002966,-0.001858905452031972,-0.003314781011044605,0.0755528992890722,-0.02270187826327526,-0.009622875842164055,0,0.9274140668494258
36987,0.14594573315752749,0.03324182953632583,-0.029525997036973464,0.05168383576944584,-0.19308110851586124,0.12841658074831225,0.0008915835739317771,0.04828775422869701,-0.04580749905558064,0.029205890322175788,0.0024432353926397182,-0.0192426493523305,0.023064787766738648,0.01564726683896603,-0.006742687485857726,0.006477989769772974,0.09516405064540018,-0.02396624938314313,0.009168149308089334,0,0.9080048778877695
37153,0.1390926702904171,0.033671829854675234,-0.02292800835488868,0.02870985415475596,-0.20340390167707198,0.1409364719656048,0.002794458181632096,0.031232425187845508,-0.049372449894186016,0.03470233765081151,0.01033099929860616,-0.0039682663527263315,0.015298832675151848,0.00048104242215528376,-0.002199936605030257,0.019537345201923722,0.07883880897589024,-0.02103582812876036,-0.015902407557299464,0,0.8544378744294325
37231,0.1278266852208028,0.036563794486664324,-0.02189582193907241,0.035429840314881535,-0.20078201264938228,0.13948156792562122,0.01682407352725107,0.043560054754502135,-0.05390000330319942,0.03233687944991632,0.016553936972258994,-0.009642163200359943,0.017325336249497083,0.01135337696068602,-0.006933591251394517,0.012851052827297173,0.0873762995076562,-0.008808659584109658,-0.007381302409658034,1,0.8868264525342111
37446,0.11742392727060406,0.04136702408181169,-0.03908060879827858,0.04422852217867464,-0.2205855380880221,0.13754830231899037,-0.003471843886982312,0.047828605386657244,-0.03974953748198852,0.01605386165509502,0.013937595829567193,-0.002931200966991816,0.006636060399144215,-0.007524444643048942,0.013553514855718568,0.0032380754279977705,0.099970465781062,-0.010252456125886456,-0.011853312331784528,0,0.877234897508306
37538,0.1259941440514847,0.035804696913113006,-0.036319850963432515,0.0381472370579963,-0.20377622889356534,0.1362469814609145,0.011571622510425813,0.055653068473385574,-0.044091795570481394,0.01695981422916266,0.02140717539194956,-0.009193591733319333,0.025321740255816353,-0.002011720704337596,-0.00016918506676583635,0.0105844081495622,0.09149801854586749,-0.019161142892929202,0.003603119594001416,0,0.8875155424585108
37570,0.1342971103800962,0.04027613689223437,-0.03259015568584898,0.03130705545239027,-0.20657022280975462,0.13872729099107253,0.014205702866646772,0.04799736236990308,-0.05729823003873797,0.038753339715362475,0.012107898439416544,0.00010525913358662069,0.0003552372735778855,-0.008306118359016743,0.007941603604715174,0.004907281797586952,0.07548286620370356,-0.014841703380012623,-0.018688110901644368,0,0.8847586862953077
37815,0.1452161338336082,0.033812064478705856,-0.023946447658329637,0.06089362939563327,-0.2039753960029195,0.13697298685459422,0.004975964627198649,0.051434226681883244,-0.03274681698537689,0.03056817507300838,0.012792967992075535,-0.018921756668977656,0.001953753077610808,0.008826588732833467,0.007984015226849866,-0.003598292827586976,0.0818232555148554,-0.028094990480539674,-0.0014752047749319842,0,0.8900126668875192
37846,0.13850189811476726,0.039452049264635386,-0.01713900852952886,0.03863497810194954,-0.21644730819168936,0.13645040198532002,0.003931784698294177,0.035920052166196426,-0.04671142586170309,0.03435326188774694,0.015840094566807062,-0.004595020516622552,0.021925748464839575,-0.0021099837353518243,0.011218837395262476,0.0027507584898520134,0.07432786330613554,-0.02185550710741868,0.00487676971009864,0,0.8670427520942194
37878,0.13196794651529162,0.023858907522103987,-0.029785005076878854,0.035252067904822014,-0.21449353507019034,0.1386415964856302,0.0013590386455444754,0.05534763302152767,-0.04947475797103158,0.03317526035546603,0.010739398958072936,-0.01357788108813087,0.016810809050336672,0.00888612103985917,-0.004004506736490393,0.014100644541506002,0.07703396178702297,-0.013411844554664046,-0.005158889047309664,1,0.8770798053718795
37911,0.14226926711704704,0.029492788030336236,-0.029187827079232526,0.04039344058451998,-0.19933284715940106,0.14234522291602847,-0.00846755067135319,0.0507243889285103,-0.06214454358874517,0.030122706290880753,-0.010992371003183813,-0.025707208290496907,0.019493180408898556,0.001854858447145755,0.004927873783116222,0.011598441800567431,0.08369113583564915,-0.029127193124183822,-0.009427780408739572,1,0.9313006254680359
37982,0.15024829121827818,0.03393819329911288,-0.019237570840407947,0.03425823649145308,-0.197564814376115,0.13127016347226067,0.02106449517767183,0.04296283284055003,-0.04235061165589595,0.028182472791597385,0.006564378514730054,-0.010013893849203951,0.021026176442753234,0.008607376483962812,0.005850612457308579,-0.00016907257215775887,0.08233994365529365,-0.03180986165891653,0.008104995701361572,1,0.8755639934990311
37995,0.15095621870116407,0.041062917629460266,-0.01409012080356661,0.03991288148731914,-0.19656260779148,0.14363434047299492,0.008297163989822054,0.0505363366877113,-0.04863517575370186,0.042055260224531515,0.0064598927645790095,-0.01392820477250746,0.014762660975351312,0.00416410844460294,-0.00791938117247768,0.0029083610787684925,0.08487762751115825,-0.01823951290110178,-0.0033183119231654998,0,0.8923210850854641
38375,0.11840177303584298,0.0400448155003761,-0.019853377450758544,0.04088164258030192,-0.2222335013988033,0.13189891297538653,-0.006475155507989264,0.0598078733509422,-0.03533613245169989,0.022753788173528397,0.00897291782160804,-0.010062165074735683,0.025291883039382658,-0.0008428581388175241,-0.0021158787503399324,0.0013921011335403127,0.08401127949287152,-0.021705421450345732,-0.008068315959321264,0,0.8601497932865918
38506,0.14112266768910783,0.03758712508755295,-0.033839374729593856,0.044982576461513935,-0.21998535759620194,0.1417438818091508,0.008285017882334395,0.06367381462181823,-0.05339571329714871,0.020156787801211076,0.013830232465592136,-0.0029763568639389767,0.009512185002807858,0.013170623569854462,-0.010226398454056127,0.010987231822875717,0.07834609246989781,-0.021098814813524006,-0.005951477975923454,0,0.9308717304141043
38559,0.12709597965400007,0.046205555622947404,-0.04130714035883743,0.02180217512893316,-0.1967998601612127,0.1333140064095899,0.005802875925035014,0.0509237397442839,-0.03391584434250942,0.018557254899984412,0.02337835646436001,-0.005233602998242879,0.022675775296361028,0.010376128187653417,-0.010579770643909489,0.0017273811107888586,0.08699064660303417,-0.023558681546214873,-0.006847596082144485,1,0.8670923711800427
38563,0.15156279684128032,0.025601663993845038,-0.028652124215252588,0.031215044315109002,-0.2048950098029021,0.1565373140966246,0.009609656909798847,0.050571144882504776,-0.05884005558874382,0.04210384069672444,0.02375783487811035,-0.024224119487210774,0.026189079911841995,0.004678931946973002,-0.008132654265127178,0.0074386750016575106,0.07948301812760636,-0.027439014978588073,-0.017339664164131758,1,0.9782716441040326
38639,0.1434007090280734,0.028743814720007806,-0.03334706528338959,0.054510377895941375,-0.19215110944293576,0.13218096361084056,0.014886118735976799,0.0630339306078682,-0.05685614020706445,0.04639325900744407,-0.001783727706926037,-0.01588188021803468,0.02471314055019813,0.0058733442698915535,-0.008303268531254612,0.001210550217684892,0.07114895529829372,-0.026024216349822566,0.006367242328070085,1,0.9268098140097183
38752,0.12336190324125391,0.03809438919764454,-0.029751604174601768,0.043699297130216114,-0.215083909410636,0.147574411906573,0.0044210075513661014,0.044896781023975665,-0.04969009425173332,0.031551199615233574,0.013760113298494449,-0.008043026801836307,0.02769786817977707,0.015599963416550426,0.0044137892154825645,0.006618434995265644,0.0896821771423837,-0.01990229568610842,-0.011935041316642452,0,0.925777307555775
38771,0.1402886566576854,0.04092638753960923,-0.03529337832370283,0.03153021851984074,-0.21639637593505517,0.14919057415848613,0.004681662229317251,0.04229103823609784,-0.04478262958332283,0.02453340440734573,0.015524021273777963,-0.021494984462597275,0.009314186124652799,0.0012857261781266769,-0.009874154455952798,0.010838252820720075,0.10085092536310442,-0.03502984174155677,0.0022196657750848166,1,0.9363460837860368
38922,0.1447395025518749,0.033221742238092856,-0.038561884567011456,0.035667568214778865,-0.20864260068401333,0.13155953121268893,0.004082176193415039,0.03649810052455614,-0.058126380670991754,0.034893957336989904,0.007749568426577906,-0.009375509651434341,0.0007249930190812039,0.0050096789636723035,0.007284218073602891,0.01096769222993759,0.08729011797501715,-0.035221296071139406,-0.003716686221630523,1,0.8933332048265065
39033,0.12762032729662748,0.03091022728450589,-0.03756776656396608,0.037797330575580525,-0.20877105200665622,0.1228863288457223,0.0024768064531495264,0.049371711421922565,-0.05027404209221877,0.039945220835403285,0.008210136568290973,-0.009668232003176274,0.01867888001114426,0.008865298620242447,-0.0030631323934415034,0.009107030185236044,0.09283941915138022,-0.017480413279759636,-0.013819445261036643,0,0.8893528008494607
39063,0.1466898528973937,0.022490014388847675,-0.026343922452989707,0.03993653007705247,-0.18927824125970888,0.13971445051751938,0.0008794872896944652,0.040956781979023915,-0.03821023806326812,0.03331280969920016,0.006645094875937898,-0.0028353013242961426,0.00820999388865679,-0.003333094117830866,-0.011542290049677174,0.016503587502914103,0.08809732975515859,-0.01585098152080566,-0.0018775628990040122,0,0.8327075645589798
39110,0.13723998255784897,0.040760447507470744,-0.04093643401507624,0.03603062787318084,-0.20151626422284238,0.14294802774214535,-0.00052326466498741,0.03195901232794262,-0.04065229649473557,0.04091338464932103,0.0032786180763318055,-0.01880181603606955,0.020167173896488807,-0.003444896344933969,0.0020375404501467354,0.007385617841227371,0.0828383638871631,-0.02341882256147556,0.00096121776749621,1,0.8758138089168843
39257,0.13529795255411256,0.038993682760291304,-0.030779248019740232,0.04775373325468271,-0.18151008702633695,0.12393445852583576,-0.0007957453987351634,0.052260598908432994,-0.03526852474380199,0.05420132889611235,0.01297562204929499,-0.017116173258275504,0.011934844880433467,-0.002752143380187638,-0.0005512529390164804,-0.015202792165447893,0.08520021740893904,-0.019856989264061882,0.008057635415371066,0,0.87444303084911
39271,0.12991610844072357,0.023631423901492515,-0.02765047351222235,0.06528115134020951,-0.2019775818899022,0.1446439178866708,-0.0124645254225935,0.056448629444626044,-0.05567660040303459,0.049032750765772744,0.007878316067153933,-0.013345332278281658,0.01346278919048547,0.003911344542081468,0.003509101601600808,0.011597800870049886,0.08466320364770262,-0.018985021072254048,-0.006586374885414742,0,0.9306624471622724
39318,0.12317486503453706,0.01891328629695931,-0.03005224125837186,0.03917861777849252,-0.22097633205399775,0.12202935859903156,-0.008854195508739728,0.048462407729472315,-0.04536351374978403,0.036681938310275046,0.018454017240504047,-0.019590944816987504,0.011272810065880752,-0.003461502663851468,-0.004640587383420346,0.011959664819368063,0.08598024658925138,-0.021129001462639952,-0.005665876828048054,0,0.8758414081896128
39439,0.12547606090835653,0.02605057126325696,-0.028890667156160333,0.039902706248863766,-0.21053860895068513,0.14144613024575162,0.014534983300935516,0.030568516405720912,-0.04598600539603838,0.024826967297591162,0.01804282663286277,-0.013303517904799729,0.018728783667117298,0.011616587832805555,0.008658504101963355,-0.01277485591966845,0.10502281918650011,-0.01980277530258915,-0.003879667573334501,1,0.9000515552950012
39545,0.13240159667874282,0.015239832818183701,-0.01782647867214113,0.04555772309460657,-0.21086339238398136,0.15012336426798958,0.01605777077790061,0.0472500979235191,-0.04166748445949773,0.038418151664509466,0.017473633749583824,-0.018296916167926985,0.01831507361406581,0.005274200825274699,-0.012195518192133456,0.006467707456839472,0.09552920359784028,-0.030953908071715094,-0.0011427094322693208,0,0.921054763848721
39615,0.14150703798827344,0.025503499019767766,-0.03365901247953777,0.0428970841022507,-0.2117337905694393,0.12767929895108876,-0.0014839044658417756,0.042069885690963246,-0.058872130480879394,0.03147064180197336,0.01609237722500967,-0.02502584715949009,0.018113336129462393,0.008958181158640867,0.002842803223989356,0.005316341885934606,0.08662915931905953,-0.031508528737443135,-0.009474468196194213,0,0.9208373285852394
39664,0.14382450677626696,0.027343602022458075,-0.03513772629236162,0.043244271339423504,-0.21116939729301257,0.13559054122020942,0.0042167913210367815,0.05633414792069847,-0.04870649966598069,0.038838018312513156,0.017581700186597615,-0.01597390304176789,0.018025757181541095,-0.0078106000389121764,-0.005635372786127302,-0.0009117993428765242,0.08884265833132107,-0.013526745852055568,0.008679733488287007,0,0.9213937724134474
39714,0.13145029336964503,0.03227975963002938,-0.021667020464939624,0.0587238141467533,-0.20605257590341367,0.13290887368403995,0.014003328163440555,0.056476686476152074,-0.05163860826953785,0.029027131025843648,0.007555580640839376,-0.005894914733862813,0.00655841744560457,0.008012306978235292,-0.006065941027547818,0.018843446079495636,0.07622364259967919,-0.03541802822606228,-0.011379164319441208,0,0.9101795331845632
39723,0.14666987818233915,0.04615649638450769,-0.037398880541514766,0.0392301867577943,-0.20352769955151878,0.13991607239094087,0.009779431582266952,0.047278566767221815,-0.05154126650067107,0.02319507279227209,0.009501105633741356,-0.010134706221730948,0.009652575045091363,0.0052902542598381435,-0.009445091170738202,0.006431187330071829,0.08954889679669045,-0.026500870479232008,-0.005397343507841991,1,0.9165955818960237
39729,0.13953903790979494,0.022928825199947486,-0.030036074030250767,0.04248647592195825,-0.19368158970509808,0.14187611751046986,0.0006431060449616803,0.03886003497784405,-0.04891455962286196,0.037065680367113614,0.008157878947665238,-0.009011346382286003,0.021064966179091416,0.003871392822320391,0.006454124868993699,0.010302791688900012,0.09719247476310491,-0.0260846161688577,-0.006755163023887462,0,0.8849262561354075
39764,0.1443824940786414,0.04743019700240628,-0.037504965213592124,0.03528917479848911,-0.19210000085954376,0.1396345963763083,0.004170233938654289,0.051103947366657125,-0.04503669820114282,0.024359427709828334,0.004254681740710622,-0.026282265830418632,0.014639208891627545,0.013692944931041812,-0.007011020135949775,0.006379355289630116,0.09682266692895396,-0.024835712522494745,0.0035232388486311898,0,0.9184528306647219
39845,0.13082833266541175,0.03376259846320129,-0.015652847395804633,0.03486808293959484,-0.2243598521171188,0.1394124834059156,0.0065249784324955635,0.05053101921122674,-0.04051386863792945,0.043955375586987915,0.0070970700614664,-0.006513738320149278,0.00637019993472029,-0.009537360323083045,-0.005501014997132394,0.01679285070878266,0.08745808086471406,-0.013314776285855737,-0.007572719070626828,0,0.8805672494222173
39886,0.14934780552025878,0.02205035937319861,-0.033047923092149295,0.03851595535980007,-0.21823125379760824,0.13598772642737345,0.025286184471300495,0.06043659969941668,-0.046392593925471425,0.0381783878163486,0.012106354086501219,-0.010540588095893557,0.028326465316088352,0.001135788052435147,-0.012149467173753736,0.0033971461032802765,0.08555276527341114,-0.01575702762313675,-0.004909325671005992,1,0.9413497168784318
39915,0.14873879035069829,0.02583494243012759,-0.04379990854841832,0.05470142629569304,-0.2014720806907001,0.15029932950305996,-0.0023465089073910206,0.04713737300138323,-0.05407601371043222,0.03620663068680751,0.017630005120974613,-0.01840216700476138,0.019540457752124638,0.018934842134695828,-0.009625213883223887,0.011013859589695777,0.08961002229351438,-0.014821281889075947,0.01372129964792555,0,0.9779121534407033
39916,0.12621620299031053,0.02329977594307301,-0.03266968302793492,0.04635095496674264,-0.20665319903677667,0.1326933136733903,0.004510727211852771,0.051066228927984667,-0.03736910368470853,0.04738613601897398,-0.005745179722114317,-0.01797605905079217,0.014282621827609365,0.01952389341456467,-0.011358711037529827,-0.0017833849171411808,0.08339140663902699,-0.011423085190954724,0.0033359591473006585,1,0.8770356264287819
40056,0.1296071371149364,0.03806352470455069,-0.02312330270720008,0.041495163065146445,-0.21535577162487943,0.13307769035455347,-0.0023447100381796173,0.057118696923689614,-0.037263000633406256,0.018563427113196217,0.02241086949124667,-0.02363333295952837,0.024694467505040806,0.0018621374646658952,0.005141514129187813,-0.008036931721279764,0.08316187768926903,-0.013390623094187272,-0.014828808099629064,0,0.8931729864337729
40137,0.15210339707263962,0.026691253062141197,-0.03443156597206426,0.041780203687508566,-0.19077456894744135,0.14609532073274947,0.0026733113218664045,0.051968632915391964,-0.05200319764216676,0.03663262340775223,0.006336423247543839,-0.009383009816577602,0.015754575891616336,-0.004686181262360615,-0.0034869418732177433,0.00555701841324874,0.08684780967823236,-0.009761586510870758,-0.017855701312590577,0,0.8948233227679804
40461,0.14440108073661828,0.024830522333282683,-0.02670842139084548,0.03412634174026815,-0.20520901254969376,0.12425375085299553,-0.0018324642857107363,0.05526360137629558,-0.0371438759473524,0.035771403129448695,0.022500501038656303,-0.016487453529225257,0.021783025552103895,0.010801699869461043,-0.01281039665508915,-0.0072861696219738885,0.08512124375680269,-0.028879934880930005,-0.006786503221579095,0,0.9019974024683326
40557,0.13326815646203619,0.028698807518703965,-0.01349719863402011,0.04392685277857894,-0.21649795836648753,0.13811116327881634,0.012575598771148855,0.04803077748864489,-0.02862977370535126,0.037542662172106916,0.0032397414619914342,-0.01293633537689944,0.0143278999902729,-0.01286698220801538,-0.01959686431161025,0.008380110388733774,0.09735247957552551,-0.007556728546066167,-0.001201228461757409,0,0.8782373194967672
40572,0.12512180400956835,0.0246504476520706,-0.035136922180821616,0.055422507546672134,-0.21209539581698558,0.1458216960309034,0.013938599146654906,0.050032201836422735,-0.04287086792962165,0.03806378000141315,0.010134647970294168,-0.020875058536805737,0.0230228732079899,-0.0015505555834546257,0.0030712984467107084,-0.0026886906060137094,0.09710575346908451,-0.016099647181913777,-0.012746989510377917,1,0.9304497366637792
40595,0.1463187538516203,0.03476550468237818,-0.0372173011529688,0.044488161168036146,-0.18874347692321114,0.1393402155954023,0.0028779282389118834,0.061129787950293876,-0.037752972401803954,0.04142958030544004,0.011762449569668779,-0.013509769467982841,0.005575869157230138,0.016961506930946734,-0.004226345180604018,-0.003286067551751938,0.07856133035730502,-0.033910997421880355,-0.00948430958466103,1,0.9113423274920974
40647,0.14058172020819865,0.03813524705561122,-0.03816751831794455,0.03628934851460155,-0.20890935236812647,0.12329279049455759,0.0018313664524254357,0.05450836660308872,-0.05232212249087859,0.0072551738301248475,0.006697076924038062,-0.012485509536563634,0.009182062970872066,0.00945261181611652,-0.0021737215564631776,0.005395990054432095,0.07715982174613013,-0.009199292712225311,-0.021617237809554078,1,0.8546563314619527
40709,0.14583477474881362,0.034167722927183924,-0.042255681407720756,0.037985461094995655,-0.19756578403281908,0.13314077581161823,0.005763873336618531,0.05642745924135846,-0.05213108529960604,0.020046245060995116,0.012561223398756207,-0.0320206681165036,0.03137686657856565,0.0016299025344126523,-0.005001040281128895,-0.003766020282519943,0.09040049027642798,-0.025255976771185604,-0.019341259733365233,0,0.9466723109345951
40741,0.14716180350488148,0.027410047218903305,-0.023122020830338003,0.02124249639064378,-0.2007434359478901,0.13682060587513023,0.002599271117882309,0.047424578467540036,-0.037748275937635994,0.043000447878282014,0.011600435403659617,-0.009754125607837902,0.01701458420088671,-0.0025020709315114837,-0.004616726096842012,0.02246674144023679,0.08417222170208993,-0.019032620217814922,0.0011752154992451427,0,0.8596077242692518
40953,0.12378923292927392,0.02825635878717013,-0.03656961815106868,0.03913998348961805,-0.2025707298437512,0.13395557922158577,0.0008297968735019207,0.058162114074512335,-0.05036351615616796,0.03467158954318143,0.015105114149026619,-0.019809946206983956,0.025284577810908596,-0.0024151296002458468,-0.02986248586027128,0.015430454082447356,0.08748372518877112,-0.03179088129156843,0.007253227503192966,0,0.9427440607632476
41030,0.15121574664785326,0.03052623473360408,-0.029998693759367298,0.050718351996365804,-0.20989004341405684,0.15011942044913498,0.009029828958695097,0.04886974270260708,-0.05670638162297027,0.03795291002453273,0.02109557559227258,-0.012693429578227704,0.02093017826495861,0.014674256275787537,0.00239839394426304,0.007581389848676591,0.08478089386521354,-0.02111442784675356,-0.00693593372435849,0,0.9672318332496991
41171,0.14614190801936996,0.0423121424264439,-0.039272344392584466,0.041153739144831246,-0.20437990832637584,0.13628306215595412,0.00038174319939741387,0.03793090757923283,-0.03588488673414613,0.01981101332156997,0.006150493667546439,-0.0009820780350178605,-0.002117461005694903,0.006597254509212342,0.0016106714856716387,0.0067812942391267065,0.08364686233532598,-0.02827311911928488,-0.01582027675924144,0,0.8555311664560281
41206,0.14206746442663779,0.044633981089055814,-0.02250088806341528,0.0355119257201638,-0.21085153152617894,0.11939892338155451,0.00835952891405673,0.04710707516310176,-0.04076156856799813,0.028634968697203635,0.007826285727492287,-0.010676288619916503,0.017572763493220962,0.00455008097437236,0.00010715673033931869,0.0019602504753065643,0.07988967686035113,-0.01377487777009691,0.0020847649992403435,0,0.8382700011997027
41283,0.11699446664600162,0.03745803166609232,-0.025682964974109445,0.029270517918430935,-0.19783903992971943,0.12976724996378108,1.6739414736255335e-05,0.05115468832131549,-0.03687542303485317,0.031239832390449092,0.0030783030847400935,-0.015474316094999408,0.02231841907678383,0.009265251636940579,-0.004048179899449869,0.0016968400504115682,0.09559963852175067,-0.027870062483930168,-0.006198540445575485,0,0.8418485055540705
41313,0.12393133663773431,0.039335107436611366,-0.016973185244292067,0.033510994135043985,-0.21037507649893047,0.14551922456347627,0.010105553592709999,0.044605023959671225,-0.04002815055002891,0.02843920284785016,0.00901985234659537,-0.005800933755106838,0.015028556722086658,0.0030854385405193418,-0.01674635372622965,0.015311938327766181,0.09182559736076085,-0.03167212861531138,0.0027105557484695627,0,0.8840242106091946
41383,0.13054511110107445,0.03716357334610583,-0.03527082808066564,0.036002609776612536,-0.20932140517202627,0.13725751120208263,0.007208361945988371,0.04537489713070942,-0.043112958275940146,0.040694225696293926,0.010636094847683832,-0.00926266924269436,0.035722679742563976,-0.010419544528463673,-0.00014031060402089964,0.008882898618174725,0.09048351948841835,-0.027025823472413123,-0.007883177033069634,0,0.9224081993050017
41415,0.14461859954518594,0.04416205903632543,-0.026489473996952725,0.045628733160010815,-0.20455260076629356,0.1473785358140796,-0.006496403417485147,0.04641725314886881,-0.045087564323482876,0.032576122420518015,-0.0005123994153591184,-0.009993463256415678,0.008698674833603131,0.016772570761597046,-0.01244814978727361,0.004571292638246613,0.07616232823072608,-0.010418507014322986,0.003932602489978619,1,0.8869173340567258
41459,0.1317715595130877,0.039210866518595316,-0.036345888516722664,0.0288433335690086,-0.23054113167517165,0.1448175899859587,-0.005165500444276282,0.04950441214530402,-0.04189994036960903,0.0173417540258769,0.004949619895642038,-0.0031617652951563798,0.018737003029616332,0.0025943100549489888,0.0023180640112903197,-0.00034972891983459504,0.08351421574329299,-0.013185165020614094,0.0026844579716603953,0,0.856936306705667
41468,0.1441583553259808,0.035348285118367316,-0.035796355719224585,0.04824619001465036,-0.20186443155380018,0.14656025919965077,-0.00272322508239676,0.04110513921664793,-0.04713104279792117,0.033427318567114145,0.020584024558473794,-0.01135470910132201,0.02792337455464014,0.0030511066630830425,-0.002186599749907021,0.004089641134366064,0.07612865130876133,-0.02314658641055894,-0.006588545917669244,1,0.9114138419945356
41478,0.15597199229215666,0.042964100613209065,-0.03279806948505809,0.06522766186363842,-0.20849383847275282,0.157395340181443,0.01678508987562232,0.04392248007509979,-0.03806551969573668,0.041127284221144506,-0.00751791496863683,-0.006586410452411995,0.020654857325511176,0.01446765517147923,0.0016773255318660977,0.00361404764712248,0.07336554009833846,-0.024012459835276244,-0.00856478339917895,0,0.9632123712056828
41584,0.130537566096434,0.0309536181999773,-0.019161878288993836,0.04580654226856382,-0.2065025266826798,0.13790860847710967,0.018357374057374223,0.05375270702720663,-0.02331485742050465,0.030474768095607854,0.013450559577283654,-0.010360838084804215,0.017629108694830344,0.024749424273952814,-0.008766388724199206,0.004836533278118031,0.09093298029915091,-0.008083599853864218,0.0006321140425726035,1,0.8762119934432278
41618,0.12946357744909961,0.03142565922093972,-0.030309648683346197,0.04052682032722444,-0.20666368980421654,0.12322895394707982,0.0050130033604696474,0.04905001086983716,-0.04688588866413468,0.02913321543494782,0.024552268793067756,-0.010469449419339858,0.008912415664991923,0.0181254029033673,0.004797771441972869,0.013060457731500807,0.09361802177985404,-0.017110515193997103,0.007104861462702912,0,0.8894516321520902
41646,0.12923029060592306,0.04322859683817368,-0.04365014715712485,0.03855180683113198,-0.20536426184185602,0.12647346937110934,-0.0028787061646327297,0.060196283691664,-0.05725067059179154,0.018739895959050765,0.01948082041740283,-0.00047058910123848807,0.02114024091148625,0.0006276312267531241,0.006452156820110841,-0.001351408751113223,0.08293694077572591,-0.022720632688437856,-0.015220933309839315,0,0.8959654830545658
41658,0.12689664021387528,0.034471205426853335,-0.03152888375666875,0.0342658112768537,-0.21047625905954573,0.1246678948219113,0.012206411738755764,0.06000881331521045,-0.047511895972675196,0.03720943782624392,0.022060509897722354,-0.017557007763874883,0.010245137820150218,-0.003798776202756673,0.0016266958860687926,-0.0032826447072064,0.08907158322685799,-0.029123208029685863,-0.011965876717452292,0,0.9079746936603689
41763,0.12660908358847714,0.03247630666820074,-0.0351212684862721,0.03849811122501945,-0.20477634991116875,0.14430263941850627,-0.0010537901778358233,0.04321922376036845,-0.05297358252063874,0.04179887705696683,0.012040028053665388,-0.0033039355994754537,0.020713852957436246,0.0029174843096039004,-0.0018335058254889396,-7.844235300578023e-05,0.0819140861224888,-0.023216991872467233,-0.010566130401580692,0,0.8774136903086667
41784,0.1305394569285873,0.042541542548662874,-0.03832748587596023,0.03026509573702517,-0.2257157428121074,0.14313262553380135,0.002231900731408628,0.04824202720915422,-0.05006356910649345,0.036400788627814866,0.010500094620032676,-0.009115418420287649,0.0029717975095319726,0.0024521778755893808,-0.004457452887895744,-0.00032703024191370583,0.09320644889131413,-0.02662137636610298,-0.0025933475456948836,1,0.8997053794693786
41794,0.13528245249005819,0.029338474311003043,-0.04399054520351002,0.03713814034160047,-0.21126024911717026,0.12663350861635075,-0.003052077500216424,0.04683075236055583,-0.0456740292043216,0.024092435564014483,-0.00027236629082173016,-0.026281333227214466,0.025294747102357528,0.014240821542071224,-0.0018571654640389213,0.0207027264026662,0.07659445152997514,-0.0064394782062431755,-0.0014419567338782534,1,0.8764177112080677
41985,0.1444584397533401,0.03779706286176361,-0.030095115031822293,0.04321526015503101,-0.20429138494833657,0.12468974822351145,0.008545341173945913,0.04601208789920892,-0.045969217427975266,0.03181164243930654,0.008386811321044654,-0.010900051422471668,0.023247488346211872,0.0016076925010946321,0.0010452181933864298,0.0022082718587033033,0.08174674266850565,-0.025853134036469036,-0.01285644466741639,0,0.8847371549295453
42028,0.13897755278876955,0.045080992437465,-0.01735860619132957,0.04961849716029735,-0.19372332481114227,0.13165144589191566,-0.0010287267769841704,0.03742518228010074,-0.0600663937298621,0.04080834614014116,0.025469115623226415,-0.013364426062251054,0.017716899239114254,-0.0019768645822393085,0.0029257822358752738,-0.0006011432843429257,0.085449513926125,-0.035830378100237266,-0.0038876906114917887,0,0.9029608818729109
42045,0.13624477832024343,0.04347666491001079,-0.012979505467380088,0.04418842049400008,-0.20980674295249707,0.1414305687056768,0.01347714661423443,0.06396906462249617,-0.03745630473598415,0.02610035457158868,-0.0023930548102169455,-0.010865573770927084,-0.0004699439227594368,0.006822323804542124,-0.013284953140631548,0.008313034958407437,0.0814769379459237,-0.007777861655878835,-0.010184916315774483,0,0.8707181517191733
42062,0.1424066812523563,0.03555623567267167,-0.03215019890436845,0.035395785101386905,-0.2018239922290537,0.15342002125096932,0.0073560307617105535,0.047256763390400996,-0.0481393460509601,0.03446012799272264,0.01213638512615727,-0.0033754638535695596,0.002645019318019216,0.012754476923075233,-0.006799440391619532,0.012699038601300736,0.07994062469965932,-0.02246880134652653,0.0032918516664915,0,0.8940762845330196
42201,0.1433438103367208,0.03190354900347165,-0.03306273522472736,0.037618422481951,-0.19991943658133274,0.1489203724192892,0.008509042683290256,0.053496412655718674,-0.04686335453576703,0.03521111367218759,0.005064858450318123,-0.008995372135868573,0.017690235757021486,0.011665520253067932,-0.002370112232467037,0.014128958428224593,0.07128621854889126,-0.015588592668773249,-0.0005300861689714375,0,0.88616820423806
42209,0.14707649933971043,0.03809011119143396,-0.02988760805674265,0.040087267943837594,-0.20110584136683413,0.14194510966023532,0.004719978363028153,0.049686594894237435,-0.029833657674586685,0.04807319325938641,0.00895889762350058,-0.024304089795459893,0.015478412637774887,0.008981229681866485,0.0028723460343987933,0.013090185707425765,0.09348683774296825,-0.03298492870697619,-0.0145804037353585,1,0.9452431934157621
42225,0.145881832078865,0.02318581964998959,-0.02446535890132915,0.044009886228818094,-0.20034668114855972,0.14164266511196508,0.0006858189547374794,0.03756546329065368,-0.05037042946126405,0.03414992560128572,0.010652761825608967,-0.01701145387328787,0.01764964425723589,0.007852658758150936,-0.01877246392377946,-0.008517499211646531,0.09468840792939082,-0.0246912412488495,-0.01606903544467906,0,0.9182090469000965
42276,0.11791198827744065,0.024664127307933843,-0.04632477486601428,0.0388186816449238,-0.18960856551809085,0.15625307881845654,0.010834745698904484,0.05515063944292985,-0.039273012691981524,0.02358618982724558,0.0008498269571388823,-0.015149115338014323,0.012150507923279758,-0.003344119766919489,0.009373973861826241,0.01870572008552507,0.09258455837594111,-0.029986939795209305,-0.007889439519786389,0,0.892460005717562
42318,0.1307738866481432,0.04066471261288902,-0.03070513254048219,0.04330268680713045,-0.19640959230889798,0.1403560957078236,0.008218979297484193,0.05391655747791899,-0.04793538997439934,0.038522252146738475,-0.00020954293812614787,-0.006436981376388969,0.014152775365691886,0.003278134599968324,0.010275645738260819,-0.0012943525657256236,0.09169941034343317,-0.03168481949988427,-0.0021861910798782005,0,0.8920231390292649
42338,0.14113896525505126,0.03233604586330117,-0.036077901241763716,0.042272730198765845,-0.2154674437804789,0.14474682307894846,0.014176647855735358,0.06016945168372996,-0.053373409757124964,0.03423248159126878,0.011418462246392348,-0.006935827509754133,0.01692431468388956,0.010012497795061992,0.01249415362557656,0.022987122743673923,0.07804989560754129,-0.015726502504307384,-0.001053655394802601,0,0.9495943324171682
42430,0.13998063156268753,0.025887085863230287,-0.03690252660703034,0.043287014067943046,-0.20960821795579032,0.14419641246794193,-0.0008426128355180089,0.0509182983311952,-0.04293651691055755,0.02021361193805507,0.007251441819423004,-0.014764224667164318,0.021664652541028943,-0.00020476373514075077,8.390569900679497e-05,-0.0007057247903174746,0.07329596278081243,-0.01855067692765381,-0.02264545686564967,1,0.8739397383661465
42444,0.15050861449098343,0.03452782268389325,-0.02254192519536557,0.043218263517367204,-0.19999479997630853,0.11589506947368376,-0.00030822693709213554,0.03812878994825878,-0.038296492804681045,0.04693401412694473,0.01729528514871557,-0.01715643077095073,0.013927355436781415,0.002735068725429991,-0.01309009732731241,0.007879469260020653,0.09855550472605676,-0.021391315928343608,-0.009293126719136801,0,0.8916776731973264
42478,0.14900820754005734,0.026546167812669316,-0.02554915105967883,0.040802914227718895,-0.19743194232319017,0.13596037135698355,0.009551366104994706,0.06172815653945818,-0.03415090029127482,0.0276678332332927,-0.002275791325910077,-0.013619009992716605,0.021377901813683195,0.010454402928938735,0.0013602730599596568,0.015300937819904251,0.08484588450466699,-0.012684014977489628,-0.015554495783090982,0,0.8858697226956787
42480,0.15242240588177045,0.030356730010190375,-0.03473962312393272,0.045638009309106026,-0.19282608170946375,0.14087920750448996,-0.0022092895892222497,0.05451150880242962,-0.030693749697461064,0.0351131475481963,0.015241758502205348,-0.008563698422052702,0.013018917651989727,-0.008488402960337718,-0.016071759610944356,0.013155031148057526,0.0968847096583748,-0.03412321728405941,0.01205352024940643,1,0.9369907686636906
42481,0.13154826947757614,0.035189615132173044,-0.03456501205539719,0.035563973114436306,-0.2036100529881729,0.14829895639663995,0.00581098419349175,0.038398636305816435,-0.05204947713744596,0.03185977067041073,0.010230203667383088,-0.009202610314032824,0.005780889352894954,0.012109270712389736,-0.012177077197865864,0.007670382790219723,0.09285823950483481,-0.028301278396578734,0.0009619045477575883,0,0.8961866039555177
42618,0.14300274441534144,0.025384436089027466,-0.0295777214124664,0.04294899291373998,-0.21494447195984479,0.130296298443571,0.016013844261963218,0.04784980170836648,-0.040372725856762194,0.026057006032458918,0.004769613175176935,-0.004671312459563148,0.030431798702478332,-0.0036843580134644886,-0.009726973549251502,-0.0008697951579677726,0.09419326268134952,-0.026598558690892338,0.004497385547268722,0,0.8958911010709546
42683,0.13776074653647172,0.0340773558128504,-0.025059274081153708,0.029314465074136816,-0.20688723442529905,0.12419862308362985,-0.004187978113570122,0.033556845899754106,-0.04683376563550198,0.038118496449401816,0.02237262595910084,-0.018015046689714872,0.00822837561589689,0.0022963549653829533,0.012567512415919063,0.016173001403657548,0.08833694602103874,-0.01953528170355818,0.019391910509358377,0,0.886911840395397
42686,0.11899265977347256,0.022659523680060564,-0.0259674017748937,0.03587782907010998,-0.20247989319339538,0.12759058000353105,0.009488495257277161,0.06398712178370076,-0.06420456578644024,0.03324727605039649,0.010462799789413809,-0.014000286685338514,0.0224814585168539,0.0032721396923113934,-0.002995947303600753,-0.005554105622258695,0.09205611412620927,-0.02212133796930418,0.017345316442314913,0,0.8947848525208834
42774,0.1292563384391793,0.03673142270432648,-0.030384577526839197,0.03590136888780925,-0.1924185932409939,0.14508587546241747,0.010119428097433847,0.044454652825992175,-0.03952700252618504,0.04058253836003971,0.01069186981979509,0.00787582764095222,0.01042822594368636,0.0167198404712882,-0.000494281994788762,0.0025730577030977243,0.10556847286612445,-0.030254981842624942,-0.005572199751538404,0,0.8946405561051125
42887,0.14083185331251205,0.044272846701683945,-0.02734571329662612,0.0471314949634953,-0.18708968603732606,0.1294430122819274,0.0036589421078670127,0.04347082424482753,-0.04063632715401794,0.029140420536653285,0.01148587583671278,-0.010101719579187835,0.016353810954829916,0.0048295659027025725,0.004807717428915551,-0.008111396536753015,0.08901733080208454,-0.03412801803902542,0.0009103912613815173,0,0.8727669469785297
42957,0.1370742203016356,0.03844478277709037,-0.028536834910982,0.0538013127221313,-0.20809469628019578,0.1413013273345494,0.00744923167587512,0.04639984828635542,-0.040519726588249684,0.0189546630645553,0.020120653300865595,-0.024689917666309992,0.013031289779664914,-0.015229956933540841,-0.008054848210149535,-0.0006172535842557206,0.0896039305053109,-0.017935412070679408,-0.013209691484678904,0,0.9230695974770757
42960,0.14332138310173373,0.04829484609346625,-0.029072460397084703,0.03735790390506084,-0.20987939753076415,0.13225465456403385,0.006597319428194514,0.044841108939408215,-0.045298923995709575,0.034275396685289845,0.016182887189871493,-0.015377480160407143,0.018785151423458678,0.0002592623777928367,-0.00895203330085614,0.0020714459147189467,0.09769176272341949,-0.030338166832638267,-0.009312370159851325,0,0.93016395472376
43097,0.1385689526140322,0.03425348473132728,-0.02126933819469128,0.039933913773639314,-0.20540755516184112,0.15155856608907728,0.0039685178756124284,0.043218121389493505,-0.04245543336572311,0.027855330527651632,0.0012797529593949755,-0.015947428236161864,0.035008702948984706,0.007954001310044362,-0.018449594845677514,-0.0012764445901084947,0.0863564752964556,-0.009792321750710173,-0.0008800223082346188,0,0.8854339579688615
43178,0.1268947820465812,0.032749335303845245,-0.028799992586247578,0.04558297166941309,-0.19347141616246583,0.14864025125415897,0.010625937095423142,0.04189247040533935,-0.05183780295937721,0.031665579558331644,0.0012937459540158268,0.012109471092715998,0.025707107502146078,-0.0053967769183874015,3.6162213389321435e-05,0.005270164634816043,0.0869465464520427,-0.016053627097170384,-0.008737641054390814,0,0.8737117819602578
43243,0.13719308872602626,0.039010955278658714,-0.025756323105616884,0.05064495021623592,-0.18904224360415284,0.1344346538538283,0.0010706187421046637,0.05402971431490002,-0.042773099559859015,0.0361493334173904,0.011779340838514177,-0.01451898299488819,0.0276704433100752,0.0030837136160771416,-0.012368473581472717,0.027845014514183246,0.11426718621100983,-0.03865638022152738,-0.0009717739952711152,0,0.961266290101792
43287,0.13776921565939207,0.03204796352122337,-0.031266316659310435,0.03690439611868883,-0.19408742229777332,0.12393657754397192,0.02157245467504127,0.06062972091409368,-0.034640298058270354,0.04324717955787075,0.016710799913607088,0.008624038613860237,0.012530308590971158,0.00465002478375018,-0.008511466612988858,0.01310910869646202,0.09966023762455187,-0.028202575086178978,0.004296387471074969,0,0.9123964923990814
43296,0.12489593826168971,0.0529019735938993,-0.03005671651975983,0.03815039194231484,-0.20248307488667697,0.13385875310452539,0.0033818946757450154,0.04117697003665074,-0.038375361677864664,0.03600731301394319,0.0094915987905479,0.00309718098560982,0.017607649382656007,-0.002983490749800816,0.007463653245922739,0.004396224417638615,0.09777357636699192,-0.021681136959801926,-0.010254392537450955,1,0.8760372911494904
43442,0.13702966480148054,0.03680907069239207,-0.030222543723794133,0.035872248607192944,-0.18936252105732596,0.13097281356643312,0.0030615861613836623,0.032548048019066,-0.03896197429520009,0.035635475494528585,0.009073090796036002,-0.008246787770630024,0.007755107245088131,-0.0010243267811403003,-0.00594487271548396,0.00219335544826332,0.09491857633907727,-0.013656443760449692,-0.009768078582325364,1,0.8230565858572911
43506,0.13823490277963096,0.02943364282299408,-0.03295108108933432,0.037496636898895,-0.1954524751957186,0.13918556603290091,0.0049035776145665835,0.03890904945228435,-0.044587230042632105,0.0338137805625465,0.010575414131842598,-0.014646138478195698,0.0061358830571969945,0.007425132531717425,-0.002982799134918005,0.004343769543335374,0.09851072628188137,-0.022622701278665107,-0.014385665285623215,0,0.8765961722148792
43741,0.1412863996165558,0.0321560984564092,-0.028585873273425117,0.0440997574472713,-0.20746603248868983,0.1302177742484998,0.006003531103958518,0.048793640801131896,-0.04773199257803161,0.038666661316803054,0.005837162528571662,-0.02489935620424491,0.0024958543233166747,0.010398586407677645,-0.0021013571947233606,0.021791645306000182,0.0826154214757752,-0.037424496620347567,-0.00528549965603805,0,0.9178571410474714
43757,0.1287750849858467,0.04547694870562255,-0.032827528914548584,0.046694338315184394,-0.21109939753599855,0.14420779727334973,-0.004718733409817156,0.04302576525937831,-0.05485368728371021,0.03337787844142286,0.012424346790958458,-0.0012738517610475701,0.006113002840528329,0.004090125324185342,0.0049953633434090166,-0.007995971283496082,0.08222721987780733,-0.029871686747442915,0.006960060203688187,0,0.9010087882974422
43767,0.1240385077995058,0.047825487196320474,-0.02639560941065248,0.05740841709947993,-0.20924862723766152,0.1307563010285736,-0.013204138148605942,0.04669559217440498,-0.027363212461836706,0.03982243763303805,0.016878856510511873,-0.002172351170850092,0.017492987179149613,0.011641110826095308,0.00229707984665186,0.010057149456331908,0.09058998404527238,-0.011136747201975003,-0.003679276117901739,0,0.8887038725448193
43877,0.13721041878500184,0.03512134385909045,-0.028035255328134542,0.04967995777662174,-0.18846854702514818,0.13146742327564612,0.008379945708133963,0.04970212492438717,-0.04716531369300562,0.02665757850725674,0.014788770621776226,-0.01875351377835151,0.020366494106950298,0.012858882332555627,-0.004093507915596972,0.00285671081117651,0.08883149175485504,-0.02518372373569669,-0.006522521892711739,0,0.896143525832097
43912,0.13405387090286777,0.041614993822253164,-0.023360103601016043,0.038221272929428764,-0.2034965619091468,0.12965413704831732,0.009889814433713796,0.044032371026069154,-0.041773938203553844,0.027442677961389467,0.026538247199275004,-0.0164605880900403,0.019601312757469663,0.021012720708741304,-0.012327515326093582,-0.0015439517272150165,0.09123188684405881,-0.01965069035314505,-0.004135330223879371,1,0.9060419850676742
43971,0.14205910888166792,0.04146295586383904,-0.027840620623939667,0.04434027220350904,-0.1872634694817162,0.1449044139643786,0.021114388704322605,0.05183039189863161,-0.05279450385364786,0.0315095267976524,0.010386012410685404,-0.008403505379361973,0.015425262904946717,0.002504754060281446,-0.0029303311277566637,0.0071830658351053536,0.08516617732130066,-0.02740711597130076,-0.0017796902969872358,1,0.9063055675810312
44120,0.15266891466074178,0.03449019683131256,-0.03283956226260837,0.04798204580138322,-0.20573853418805535,0.1269878944437314,0.009424358450631973,0.05855743651606086,-0.05177427028470917,0.051506634997171424,0.00048159605807409885,-0.016287808763860257,0.022523842238341613,0.001983744075683812,0.0015733200768749324,0.0010415605378687972,0.08029965458419086,-0.033973765683605876,-0.004107463355103786,1,0.9342426038100101
44160,0.14180080830303893,0.04364624893598854,-0.03640677724338867,0.03731839129716408,-0.20954964647606128,0.12723381483533994,0.022891453573163887,0.04640011727264663,-0.05629084544697512,0.03130381244548321,0.01953783225639869,0.000269454602815784,0.007594034425753471,0.013972852971983325,-0.013050656759716143,-0.0056758432757861976,0.07831942477071134,-0.034324678383386674,-0.005994120213180341,0,0.9315808134889823
44161,0.1350290566329826,0.037977235465618105,-0.025102494431655676,0.050917210508566,-0.19573631727439944,0.12551527092537165,0.007561619261359611,0.031014244428514852,-0.049172525027897394,0.01891599874639852,0.021169122812586073,-0.009468420292815282,0.029936810244794707,0.004020146759799275,-0.008541161677515929,0.00951938518349465,0.08608728131219288,-0.016127916948759372,-0.002867129614656345,0,0.8646793475493784
44195,0.1263479044331818,0.04170647427883765,-0.028834318929043763,0.027428938036116648,-0.21456035476765334,0.13646964938264733,0.006563036669097325,0.05545141142136087,-0.04104602921067024,0.03256596248913139,0.028512969923069745,-0.014761383607584331,0.016029583739723834,-0.0027137917797227804,0.0007156618447416725,-0.008015926055012211,0.07621879536589359,-0.01789319796430865,-0.011472117341797181,1,0.8873075072395944
44294,0.13610657225256428,0.033219628939576924,-0.03393277286690246,0.038884175885043754,-0.20911876295525006,0.13378195846375815,-4.156059386773389e-05,0.047272503186832675,-0.04494265552353339,0.034011721961751715,0.005762013477680467,-0.005939488933160898,0.017856727666183014,-0.0006622721433431733,-0.002876496270162107,-0.01088905475032487,0.08075277589551477,-0.028430937869810016,-0.0008639727973523268,0,0.8653460524326128
44304,0.12787170477184898,0.03013758454454478,-0.02697169209059736,0.04990190416837691,-0.20173457870782038,0.1326690297411902,0.010199284826332502,0.04243343781303466,-0.04220866255481657,0.03632073088974725,0.013163731101846442,-0.009707897636517939,0.011835668386285053,0.02183600813934494,-0.0019266704711655052,0.010480703174660742,0.09076575474007824,-0.007552913646320675,-0.007424868668244781,0,0.8751428260727739
44442,0.14691106736374623,0.02981801987717779,-0.020515789647469706,0.05188804223835076,-0.19984762530605227,0.12130610898168802,0.004510611150707295,0.05480735100152843,-0.05265065924405036,0.04471315969364806,0.02105663125561689,0.003136584020904276,0.011144923736503921,0.0022170305826702433,0.0007709209018975792,0.013596340420111059,0.09656855634804973,-0.022464160698182804,-0.001573634186508363,0,0.8994972166548638
44524,0.13692745829967212,0.013200919128256222,-0.026081206472206082,0.04663794576184697,-0.19941939828037228,0.1406958749104978,0.008898101559991997,0.04081613480734165,-0.0326808745711415,0.04222885168992594,0.016005542307603312,-0.00710987028306215,0.018805854127257444,0.013624076624034913,-0.006213348686453739,0.02086289957301666,0.08468578270634818,-0.006624194069046595,-0.008452990729967524,0,0.869971324588043
44546,0.13202758641257295,0.03612792995033413,-0.03392553115488644,0.044605681091094994,-0.21274011550543578,0.14256646325648734,-0.005897542158694445,0.04762645453141236,-0.04100909186832043,0.04142673653740026,0.0066248169223880535,-0.007365516800011566,0.019841482899254893,0.004821887810972002,-0.0005571227685563571,0.011834362375929285,0.09884103178060591,-0.03211419121655235,-0.005866896323476871,0,0.9258204413643865
44648,0.1339226326055669,0.04232602765770021,-0.027591671889779,0.04882122250000421,-0.1999374254514611,0.12928692018821109,0.004501017843428996,0.04290950249579055,-0.05465286720332542,0.034193298169530574,0.0066326901289243834,-0.015973371781510183,0.038864276711102326,0.012396487001268748,-0.0016812638217674812,0.008287900413687136,0.0868521199494334,-0.02004163103931148,0.002887087915315846,1,0.911759414767119
44677,0.13650823065116158,0.037821500088579006,-0.021564509083980023,0.03387025445047486,-0.19123281082084728,0.13788509115683423,0.00800983295637864,0.03984457109126977,-0.04913695408273283,0.02467287266427578,0.0014319652399983798,-0.006309151127175266,0.00928188996931096,0.005866556625103917,-0.003933544555741559,-0.005932468693278972,0.09608648756621117,-0.021945314023858617,-0.008399036939571808,0,0.8397330417867847
44927,0.15633007459553558,0.03787544534010512,-0.03916568578616122,0.03526895714214398,-0.18844047306178943,0.13657787782693284,0.0024132142009910544,0.05037977827779527,-0.04994573304154985,0.03350539967962413,0.016581312404182407,-0.01929947829686772,0.021371149364251683,0.00422217508181042,-0.0063488040309170645,0.012738946132099133,0.08392713602272588,-0.03454329790744615,-0.012955804232846762,1,0.9418907424257758
44946,0.1424312373814619,0.031318842696295056,-0.025496370645953118,0.03224979261480465,-0.21383055836033307,0.13643126394461463,0.00043576565027280887,0.03294813282123201,-0.03716195991899698,0.03309646818052588,0.0014924991807770281,-0.016369757270298015,0.013992315787856641,-0.00825500577186463,-0.015613617811856998,0.026263641198733492,0.08852543820909467,-0.03332098263695399,-0.0055596208108868094,0,0.8947932708928124
45022,0.13273085531183126,0.02945263625471673,-0.02162197875825264,0.03931003778688036,-0.19658885289776218,0.12767328004003664,0.01438815734009844,0.060276413639153446,-0.04918893418674483,0.03249046460139213,0.005485404375229414,-0.025074457573366273,0.024467452931632442,0.009406757028754101,-0.003478367858947128,0.011333764094471174,0.09013915802468209,-0.031999684946627374,-0.009244863465695322,0,0.9143515211162739
45062,0.13603320703887464,0.0417298106398619,-0.029076489244486105,0.03556502656111928,-0.19792735938004533,0.14187849820115536,0.0008162417272972713,0.05591083348301056,-0.054513650230551845,0.03776147008970023,0.01619632902957022,-0.004165161043055065,0.008710721917604509,0.0026313629807654176,-0.014324439523322052,0.004718780581373767,0.09076463508973576,-0.01501311014154915,-0.005497479058099718,0,0.8932346059611782
45128,0.13097116764683436,0.032488579903101514,-0.022381126730655457,0.04324847301430898,-0.17843926503751167,0.12358826280081503,-0.0020375140243071802,0.061458915148793425,-0.04223601919996208,0.0435914876226231,0.009035694507311282,0.0008870527149413505,0.005828301871088368,0.014433393491506583,0.0018375990205557885,0.0019490931542242265,0.09245705010667239,-0.01862209794045694,-0.0047027132696891094,0,0.8301938072053588
45187,0.13394644101372452,0.02781603374750739,-0.03544673282895834,0.04547986776945061,-0.20525661980078655,0.13060818952490286,0.008535862422809203,0.04369125174235453,-0.0382953042919433,0.03303748467263972,0.013517625268374989,-0.00771174646987049,0.0025573636705682125,0.0002801473557898708,0.00325505680545081,0.004127059736097643,0.10073671883132813,-0.021553185364241195,-0.006283713811008154,0,0.8621364051278065
45260,0.11817400985342595,0.022493821256344932,-0.02159112763494316,0.04484411816400791,-0.21895100410656823,0.14973343845561354,0.010017934384858231,0.05033643884762209,-0.04056936408871605,0.029743504372848895,0.011415201954046345,-0.023750516900133935,0.01391808684610432,0.010203181843655356,0.00578135649539175,9.912896804588413e-06,0.09822925355362858,-0.02891056742130481,-0.010803312502196767,0,0.9094761515782155
45296,0.13265671096650827,0.03430265165885485,-0.024934684816025537,0.034977040261845074,-0.21885062130724686,0.1614783038905565,0.006216961140478354,0.05077525304852386,-0.05449412894695595,0.029764123142526158,0.009004135378884672,-0.02424180872583455,0.007159163303807138,-0.004445165224812138,0.01521168494920995,0.021459444575681722,0.10399514024465506,-0.02431222924740705,0.002844359352145438,0,0.9611236101819591
45419,0.14885047850671823,0.036014204321539074,-0.03641101962259198,0.045304548811011106,-0.20153961974189935,0.14199238205914264,0.006554308693461946,0.054166547933591935,-0.05562847691168474,0.0353835535196328,0.00806108111199772,-0.007314816525464045,0.018768951248973934,0.009356169892597022,-0.005271299258068603,0.007856655207532811,0.07934446625933728,-0.021806965613009984,0.007541873528462126,0,0.9271674187667173
45438,0.1429542622993232,0.022091622296958324,-0.02968784594810878,0.051578396528664326,-0.20897733716789693,0.12916507534159,0.01366419392868201,0.050461913980506354,-0.048378212577559955,0.033990784295771,0.006981133970014776,-0.041288953872273555,0.012509461901563127,0.00493147024890273,-0.010072975008807042,0.002055920590178891,0.0876552070510922,-0.03406403586915436,0.0031756098092274435,1,0.933684412686275
45455,0.1314734242576423,0.014495183473908418,-0.030142437597523577,0.0367615356783079,-0.20361316648979472,0.1398451046558654,-0.007867813179733356,0.04947939049612325,-0.030909189955505584,0.048333269181487525,-0.0023746076231632557,-0.003957415965279396,0.015264933172435588,0.014808265027657579,-0.016305370213539547,0.002777664227543317,0.08866349720536733,-0.010690650048908724,-0.005040176189655162,0,0.8528030946394419
45489,0.12991532299940567,0.040327797126015204,-0.03617239795088724,0.03542083167350439,-0.21352858804503033,0.14332830145460995,0.011291119483560824,0.02477384178833543,-0.05327688546408364,0.03592027818081128,0.011838832588256189,-0.012540697650834215,0.015674586769716975,0.007183184976462417,-0.0039038304364479785,0.005388765922557863,0.08097152189605236,-0.028755920630420012,-0.0040286696410347855,0,0.8942413746780268
45513,0.14444970490609424,0.04092098206816812,-0.013095947948847544,0.05077951204917748,-0.19920188013706638,0.13524606651465967,-0.0004919723913851431,0.04054203015789992,-0.0590516757249542,0.048719413881040195,0.019267784467347594,-0.018828861083601378,0.025280649522004674,0.005340668991830448,-0.013161977952524618,0.013746944912332998,0.05577440226943136,-0.03794929355947201,-0.007682800033447388,1,0.9295325685712854
45527,0.12411225043168425,0.02415544224469116,-0.036448916447034095,0.03993551499860471,-0.19260705040801407,0.1396659212166009,0.009784001306609981,0.04277000605092613,-0.05576290070191393,0.040941817367510444,0.018437618888925172,-0.007977235292614128,0.016142479115892984,0.021072357888412035,-0.0005995808545085998,0.018428873945603077,0.08832602263239556,-0.02633187635713178,-0.01205320333336551,1,0.9155530694824385
45560,0.1351809586761425,0.02780642977525507,-0.024947554440503807,0.04654606713641935,-0.19581011431779072,0.15009409399246476,0.0127951658685026,0.06839587980957329,-0.0461373683494435,0.03719244072726011,0.004621180036634891,0.0016881124154520472,0.021615582951702305,-9.745244467822058e-05,-0.0014887321909533477,0.009858898193111821,0.09359175134554289,-0.038147782459817266,-0.004632767735181033,1,0.9206483328664296
45577,0.1306754821861063,0.036943735530325865,-0.02819364070737191,0.05199792538151906,-0.2080105053723193,0.1455102364280545,0.0002885977188733942,0.05123795862935756,-0.04454748028232849,0.0400949654187666,0.020992056919028477,-0.0067483671445479594,0.011773947206953891,0.008528135868853872,-0.00909445108362004,0.0182156581677685,0.0810769951864552,-0.04057012602344117,-0.006299924357459422,0,0.9408001896131515
45683,0.14272531854224052,0.06173870354005434,-0.032818230265891965,0.03322953393735203,-0.2014328864322373,0.13910383653194403,0.009420625103312708,0.04187818489105537,-0.03805285297219239,0.03480584661842936,-0.009130500625348285,-0.02425880692122014,0.011794490809931116,-0.0008913632902811743,-0.006151334921529803,0.00074751212768456,0.08588783673688201,-0.03331221135774114,-0.012956459849818192,0,0.9203365354751464
45704,0.14271843988362679,0.039137449725231824,-0.03095676160206336,0.04061112949243826,-0.20219722666037374,0.13775427337399795,0.003146421399672816,0.04557890318045457,-0.05278414858443449,0.025198203133249754,-0.0008714346114778407,-0.0006509046316469454,0.006303499522014703,-0.004155703436646279,-0.003523660662063714,-0.008360184150493076,0.08690245989276467,-0.020712872388571002,-0.022283040359424106,1,0.8738467166906458
45706,0.1409130788408622,0.03230371509531949,-0.02902623991699984,0.0344256130276127,-0.19219367469912943,0.13834616004232775,-0.0063432487185306015,0.044701956379741135,-0.06746637750312401,0.02147763538343017,0.012170132503678741,-0.015111662831377557,0.013498811826940505,-0.0007747705290604551,-0.011498519210022476,0.002684238674811969,0.08969286826869714,-0.023418718273020323,-0.010299823531945817,1,0.8863472452566323
45940,0.14169956806244793,0.03438842638793143,-0.039980499078158656,0.040662065216406404,-0.20635937707418653,0.13044304077747815,-0.006623933105992145,0.04974625031937988,-0.04918411410611156,0.03888686202079245,0.007316559674837403,-0.015876056045862248,0.009718898877144137,-0.001187243408623453,-0.0022185317281173066,0.005024955459615639,0.07629712482843709,-0.015244102006056803,0.008910016386123954,0,0.8797676245637032
45971,0.13904573207150475,0.018973306346531462,-0.019184348125312937,0.03140046438470481,-0.19552922541242748,0.14197695964397877,-0.0202283966831912,0.06295148321338599,-0.04278233327773136,0.04142187253743428,-0.0006074065288594251,-0.01902858030679642,0.00832540820324544,0.002660387562147768,-0.007063702252595333,0.00842207303379875,0.09005786530443985,-0.01607400338644827,-0.0011522378722163675,0,0.8668857861467507
45998,0.14971073163885326,0.050763519455994895,-0.03255344108261738,0.06080517276238201,-0.19335756152407324,0.13599688167065985,-0.009806480028203333,0.04248405056357342,-0.03766207455382102,0.04120260978907343,0.0011711554830177184,-0.010967215562273966,0.016350652333127134,-0.009621679128344702,0.002278490113885385,-0.006711749362613704,0.08087711463004363,-0.020173359242167836,0.003230320640248693,1,0.9057242595649746
46122,0.12986822323957767,0.03593139533809335,-0.010930911892401465,0.04312593816384936,-0.21059531171077334,0.1319400831526876,0.012148815132170327,0.054867176750760596,-0.04370308480910591,0.023662790407544345,0.018053675675075324,-0.014979558285724637,0.019263890829482988,0.006012456005805918,0.008994498308027071,0.00762416049789169,0.08760444999746445,-0.012097310143232799,-0.0037151271554411846,0,0.87511885749511
46127,0.1377271751948525,0.04038350805149593,-0.03643407336807308,0.03897463355263511,-0.20386662979589854,0.12904931410370138,0.021652854928952123,0.04565286175550172,-0.04242359475950819,0.036304718624891055,-0.002434279728730683,-0.023371528179567308,0.006298828209345495,-0.019325074578296138,-0.0018006651271977629,0.0006809970336847934,0.08886050026553546,-0.021980316525592885,-0.0031333075697420392,0,0.9003548613532022
46130,0.13656489965491403,0.030027020362724147,-0.026187127567983023,0.03838300438238488,-0.2090979446304133,0.14196713538049438,0.011253050195386465,0.036700352492714514,-0.04055852121652857,0.031785456354637476,0.009697126621144478,-0.015134477954789574,0.025413183224824797,0.005633412774842295,0.002489030086288143,0.016995586247816177,0.08187337888269149,-0.028869012487207905,-0.0037018341104922575,0,0.892331554628278
46237,0.13304616404845876,0.037020157521052144,-0.03532299636450597,0.04607104962524168,-0.21027054795810265,0.14169017200913625,-0.01206524715254946,0.04226579958732569,-0.04596621071344413,0.028823569071894553,0.0014186566152022222,-0.004393705643166483,0.00848739991966879,0.002436009660404577,-0.006891245406117484,0.011342184404951253,0.09261492283004398,-0.02096727795925102,-0.0028525954255262157,0,0.8839459119160433
46368,0.13593739432721647,0.03804213051047533,-0.02566082725876047,0.04080223119399969,-0.21032210281382507,0.1360055624987721,0.004316016446892297,0.06017752025114628,-0.04931176851455375,0.01979829686748099,0.010738429602844123,0.002686603889249056,0.021116655263298315,-0.002130847134809434,-0.002468506052127505,0.010761787958544076,0.09452245839518567,-0.03560750131446574,0.002354852482578272,0,0.9027614927762246
46682,0.11958139969173108,0.04284916486007967,-0.04573072062315529,0.04046004663538489,-0.20745228912272454,0.1311309966175131,0.010239138871868454,0.055072607451898827,-0.0567780541470219,0.04881531996089342,0.018175532444894265,-0.014702485819916294,0.012944111993303737,0.009955870644257014,0.002893649752309421,0.0007779708619628411,0.08832894202546003,-0.03414146210673126,-0.006162465054260672,0,0.9461922286853667
46697,0.1358145411122571,0.04228501857571673,-0.025986223847706207,0.04103462186946219,-0.19134216273068225,0.13849366228863186,0.0037036738608745737,0.07029726715359996,-0.04505239164855688,0.040351096744608406,0.005811939446555371,-0.011705477564371751,0.030114742544407453,0.004419627801851325,-0.009274017681532888,0.008070120877921817,0.09071386749498118,-0.02306332469457054,0.002854276343595609,0,0.9203880542818841
46712,0.1353457918852987,0.014900224131104676,-0.027837428626093026,0.040407694289280406,-0.21543536420442583,0.12748631217089818,0.005877580327554469,0.043941921197756736,-0.05449941085303325,0.04216117772324682,0.014675751040921108,-0.016555528936174305,0.017638606310267698,0.0017695916238618938,-0.017354655894259708,0.0008796227066287569,0.08533555779901303,-0.007197779675826271,0.0026213352792785285,0,0.8719213346749234
46740,0.147430442996564,0.03096007949680794,-0.038662875529266075,0.05783326675924678,-0.17889434254030745,0.13093540538769927,-0.0005556227039014731,0.04998207429711273,-0.047508651469048334,0.026634859675394293,0.013548824671791592,-0.003257107319251911,0.027745494920859065,0.00011105021643316378,0.0036464811925383143,0.00612659184560759,0.07977601017323331,-0.028632930969264853,-0.01810312902674839,0,0.8903452411910765
46813,0.13342365140588494,0.030635902609827383,-0.02856856220000827,0.031219539966501526,-0.20200644927519348,0.12972119442904118,0.01900480553036601,0.042509593194578456,-0.04064552394954342,0.03399289579461403,0.014380636889058017,-0.014345231307551876,0.011293440758024588,0.011509586712300386,-0.006951172876259793,0.0015722895693872283,0.08385949371716307,-0.017782850492562775,-0.015510088976874774,0,0.8689329096547412
46828,0.1313584264250149,0.056889409585067004,-0.027424760652390457,0.04180049466490746,-0.2052880947510325,0.1342767885389214,0.002935387830813632,0.05841381064791444,-0.021094564980266538,0.052618318820233906,0.025713972063238166,-0.0129040016594396,0.026069628206355205,0.002571257304728675,-0.0060351476953820855,0.0239179908480083,0.06695529649499954,-0.02151701542138735,-0.009542142223577054,0,0.9273265088136782
46863,0.13813860794779179,0.04329967666236266,-0.03676713580608965,0.029673475498300683,-0.19778851733982114,0.1266471656572776,-0.0002731227259103503,0.04352160324282239,-0.04801087922358242,0.022320340906439817,0.02105717287899337,-0.025107405142691636,0.01636572494340767,0.013789887290309642,-0.008236997539443998,-0.0038791437020804322,0.08301926172800578,-0.03855035016864913,-0.016715729477741942,0,0.9131621978817221
46879,0.13762228946955155,0.03876289771533142,-0.02955726961720361,0.024989796885230627,-0.1881162780119841,0.13983944618122338,-0.0025539146128176144,0.05677659541430739,-0.06404252085477062,0.022038313011891287,-0.0011825828009085953,-0.027140364606703583,0.03193680924614883,0.012414821765704964,-0.012742863760003628,0.007865440809287074,0.07707644155350157,-0.01493946932519873,-0.005676426826239129,1,0.8952745424680078
47052,0.14035763402984267,0.037639180542203075,-0.024179742300221817,0.053417564113877436,-0.20273925293961462,0.137103147343024,0.0038367349073584298,0.030621146724255494,-0.044166468856601644,0.0296603845944089,0.005427350617783285,-0.02259926563068525,0.006706885701504384,0.01371569284355263,-0.013649696119990557,-0.0003843301671885064,0.08264474917206664,0.0008892780841988116,-0.0018170777684970488,0,0.8515555824568752
47066,0.13075938571579837,0.04689128734316762,-0.035877162163257224,0.03498706868456942,-0.19744960948346807,0.12387358409566795,0.001539602784387918,0.05121825804268708,-0.04140200027548976,0.021425822278792448,0.009401243216241417,-0.009396302471546769,0.00174337940286718,0.009763771663618694,-0.001192406151614869,-0.008804895884669098,0.09170726398196653,-0.0378753245471834,-0.000214134419521057,0,0.8555225026065149
47100,0.14528996305820813,0.036001371525588945,-0.04404591601714931,0.036767394016819256,-0.18298484734781637,0.11935551824177192,0.010453525905276807,0.03559779694950644,-0.04095629396043151,0.02868453089139784,0.017601491823822646,-0.020385162843685942,0.028571796290117208,0.015350372146993889,-0.007764893793429347,0.0005656950383876265,0.09556619793652359,-0.02582962147041176,-0.006179136194008297,0,0.8979515254513468
47145,0.14090546577214197,0.04658224566790274,-0.029677382799323974,0.04535114416656005,-0.19566382861915105,0.14935038464163794,-0.003984980467226592,0.05929258437079051,-0.04595505884862647,0.04748446928771778,0.0050191500773657804,0.007643751540043685,0.029479743867571,0.006630968963472514,-0.012780344878197063,0.005719817737393121,0.09045411197292741,-0.036352762894182704,0.0047856737691574554,0,0.9631138703413898
47166,0.13262557595902116,0.017806959654297124,-0.027281285242305015,0.02512623259274321,-0.213204424065353,0.13560920487087302,0.019729662265368736,0.05170797876719733,-0.04291489088933873,0.03425696156506903,0.012573267061323537,-0.005358527908808956,0.011142202360174496,0.013371301834850339,-0.0174635246812707,0.0066422959809974355,0.09552561642136694,-0.01791129959660094,-0.005425094799239075,0,0.8856763065161988
47186,0.12544209417670774,0.04650410783324746,-0.027915500552712573,0.03295742059127362,-0.21641687633862527,0.13256785186611017,0.003851607573999226,0.040040859394913454,-0.06071340668365517,0.03553355777585874,0.0037901108020180698,-0.011631587811320206,0.013147064878530726,0.006458316966895122,-0.003726126268530393,0.010464808219001937,0.09409661340830189,-0.023764891445060703,-0.019753911099455745,0,0.9087767136862183
47227,0.13177707217121246,0.022681943746616084,-0.04059315151650643,0.033781315523248936,-0.20109503608967289,0.13792000104120988,0.00561229561055364,0.0476535174241313,-0.05842342812250765,0.03543245198571373,0.005971814550702942,-0.0043245605726025685,0.02036911841895202,0.019319766923101687,-0.0017924092431383322,0.006086384266450853,0.07424966227958925,-0.025040343173019394,-0.011317738369862367,1,0.8834420110287924
47254,0.14091129570804684,0.02988769831338879,-0.030716469543830976,0.03519337260840035,-0.2011505047791269,0.14412843318128593,-0.003937482936138695,0.043080512457472686,-0.04483806310213756,0.023797297901238402,0.015284178848424269,-0.010419792810896663,0.022183410050874604,0.007564231718270092,-0.007436975661524638,0.011792346440812463,0.08456476712304357,-0.010906760836248334,-0.015369194545751317,0,0.8831627885669131
47416,0.1348353993169529,0.027599153906887563,-0.03171986464602109,0.038447693757861,-0.20057204974965626,0.1389969975109886,0.009332205531425285,0.05937769898900535,-0.05313173176724998,0.04422010469474115,0.005600034365113857,-0.016959079009364785,0.031229767238943683,0.00773253619347981,0.005558600601668737,0.005875998555168959,0.08496714625100427,-0.01141115725799825,-0.0068940190421934115,0,0.9144612383857249
47542,0.12932049692336015,0.0371670292705328,-0.02508879464827036,0.042874741210781116,-0.19441546145685654,0.13362014554967164,0.003976576187476733,0.052382161660234,-0.04082006376658609,0.03274689208193803,0.0057410546297474805,-0.012321068199977822,0.01732971370313068,0.016194854466668702,-0.008434033419623893,0.0061348756924578035,0.10221542622239108,-0.013567568717772874,-0.006368732711658848,1,0.8807196905191367
47559,0.12822720541087682,0.018896783389381718,-0.02323385180761992,0.051579502408063777,-0.19975449087151775,0.12887914398035294,0.019477253410541268,0.053930842966182564,-0.03465177256485415,0.04417571337750036,0.0143200965501743,-0.017443440479672168,0.01702412334603235,-0.0006853905067792959,-0.00030929931785684097,-0.0026166553149427406,0.08642284102974007,-0.03694237649672411,-0.0008897629855323748,0,0.8794605462143456
47661,0.12583723686612686,0.038259241890842254,-0.026435300049806272,0.04842654758879951,-0.20497129456053273,0.14235558792968117,0.0018851382075356395,0.03968876903728452,-0.039087870796750954,0.03716692252701365,0.018094089006909293,-0.01714635126267157,0.014971913324160526,0.010484719371603552,0.0012888755598639598,0.0009482924511588083,0.09281022615909534,-0.028377318816330332,-0.014640600345501357,0,0.9028762957516683
47685,0.13410150987896305,0.03667056766367809,-0.0342975404496717,0.03365482987570323,-0.19875732413282932,0.11683163544237755,0.013253887972549018,0.047349067613324525,-0.042267416208647574,0.03606947630958352,-0.00030012943550962977,-0.014089633977449608,0.0232590124190145,0.023961218042437237,0.0004429226327504441,0.00017033015690893976,0.09468491745484092,-0.0332958775170086,0.006838862575048667,0,0.8902961597582961
47703,0.13813002501221106,0.04740737287832282,-0.036525035389632685,0.05515566006798346,-0.20329880079212223,0.13008195510886544,0.01037362735566074,0.06263994687568547,-0.043432399960231106,0.03511917358956765,0.015044245988834677,-0.02635884962335299,0.012662770766426188,-0.001108558196237255,-0.013682360827771314,0.009897794261938868,0.08127541911199848,-0.021889095789513886,-0.009371720819772658,0,0.953454812416129
47751,0.1367553859417167,0.04904037956602725,-0.02470356269450961,0.02784345661530011,-0.2026007503906279,0.1526739974192651,0.012450091850151406,0.046974781931449876,-0.04073134724546396,0.042756149352932926,0.010184131799452534,-0.005595879895385757,0.025936414687697317,-0.0022807387758719978,-0.008596981937421566,0.0016398836952688355,0.08501946405825576,-0.007307086943821874,0.0009342092962510313,1,0.8840246940968716
47936,0.13052864298413352,0.043407725307244,-0.030093321461286633,0.03859863998507725,-0.21378131789175253,0.1364832560177404,0.003786905902008726,0.04812012835607337,-0.05671260704257039,0.03219772370836454,0.012394779098854787,-0.005020650874666965,0.009840136620957944,0.0030430338285585834,-0.007932705870836141,0.002313026171805418,0.08260757184873092,-0.032842274808916154,-0.0036008471028448003,1,0.893305294882423
47951,0.1420402561387213,0.02145227173695727,-0.021955840717469928,0.04127448635358223,-0.1979044585197713,0.12967838636193244,0.0054574418067723255,0.05141521091795884,-0.03576032075239549,0.02518905035726181,0.009499501264150998,-0.013406796779291663,-0.004239698015044867,0.0008789312063184526,-0.012994920800286358,-0.0002561318650341663,0.06721310542334681,-0.021778496189705007,-0.0063066649651386565,0,0.8087019701711399
48006,0.13064312171273051,0.0362380208813652,-0.04478452957576416,0.032729423533039426,-0.18683805303814988,0.14022006167234577,0.0006543266910767396,0.04123698331318365,-0.055376852062344495,0.025823644875655215,0.011343051946704447,-0.008835527975980648,0.023015457864954073,-0.003138381198349389,-0.014448204334850345,0.01214155914093809,0.08882027433577558,-0.020745935114945224,-0.005680849626181308,0,0.8827142588943342
48080,0.12015641784510267,0.029023736533676795,-0.023695924072619022,0.045558429216725274,-0.20042757281768597,0.13249264223166568,0.0010883524645820912,0.05078731415711323,-0.05104505629457391,0.03016212176038378,0.019837132436378867,-0.02112451230784449,0.028701704091399743,0.002103310379761635,0.003310685421694106,0.0019635200580871343,0.09489531686634337,-0.02009653200850159,0.006600357228679748,0,0.8830706381928191
48131,0.12656689105774815,0.0329765979135718,-0.02114074810182074,0.039689498166800244,-0.19673650629384384,0.13600485018800432,0.004349772474307094,0.05584426754743924,-0.044692133916411705,0.029816839021147238,-0.005903645059785648,-0.003557904106885148,0.010756078946006005,-0.002827949259383757,-0.0014508003736974568,0.0075673066323530365,0.0993849341792685,-0.038734380543293666,-0.01590013605126627,0,0.8739012398330339
48146,0.1338480287156792,0.04257784662436288,-0.013930268530013367,0.04556928704903447,-0.19424079026632085,0.13101215143645722,0.000879494438586376,0.04870307178169768,-0.03776257320471115,0.039415704682343976,0.020681092573776542,-0.007380173582822079,0.02406039571002352,0.01395450856552081,0.0004566560762649316,0.020449286521118663,0.08717376497552452,-0.008965429345413268,-0.014105092672349585,0,0.8851656167520211
48283,0.12479519309550888,0.0405574852918128,-0.04361755956164913,0.03964738529625039,-0.21328655130003238,0.12900809729866175,0.008189686207315956,0.045131780002840204,-0.03126918643106274,0.05323680661077204,0.0051592948471146875,-0.014002747570502018,0.024806097661072734,0.01732939771796865,-0.009766089324379347,0.01826093377114961,0.07778025612582162,-0.01888612131933043,0.002883875213013967,0,0.9176145446462594
48360,0.14278821318504423,0.024294570477463442,-0.033027922537526976,0.04395416937356282,-0.20950725643145762,0.11450268804142967,0.01883702982355111,0.04876249409293148,-0.04504794728214171,0.03403136927255469,0.008553812584092404,-0.011280065795930093,0.024721757099787422,-0.0007686185917621193,-0.017103752883217214,0.013552491883737762,0.08202956104808345,-0.02681048992470481,-0.019332834236632245,0,0.9189070445656112
48405,0.13722478196217663,0.04157159814667867,-0.02347021980520266,0.0579069288000157,-0.18684079901578896,0.1282876899728842,0.00428698810144156,0.04807151253125308,-0.04560657031214503,0.03175083140771856,0.006211471624668926,-0.007084586944411275,0.006417563184645708,0.008351511795909755,-0.004425203981369261,-0.007038349005450948,0.07271116979838471,-0.0301932061608328,0.0015637280899103052,0,0.8490147106408887
48523,0.12977907053951565,0.03658280075305368,-0.02699478586414614,0.05294481678621279,-0.1966629513103401,0.1382755277858904,0.0037441400230195016,0.0657874692801693,-0.0468735290324076,0.03512853058607429,0.0015571494685365818,-0.0009616197279564395,0.021909770005824707,0.002966738289375549,-0.0006800683219642535,0.015255729911991894,0.09483227008992424,-0.027772627355571906,-0.013869092210815184,0,0.9125786873427902
48527,0.13335074526189017,0.02598928199883382,-0.03523434826768673,0.03471055394891021,-0.2057460181541694,0.13059818974124218,0.001998766791206943,0.033562078464837906,-0.037806112091881845,0.023726092459416228,0.015427768038816127,0.0021834693463320494,0.018930610967621258,0.012455330026959288,-0.001929119641099077,0.01685039633046088,0.080118380518875,-0.02906487232018247,-8.037387603889985e-05,0,0.8397625082464605
48626,0.13788640506541086,0.02252459673909501,-0.03189852767146409,0.05172348464783657,-0.19196662700889397,0.12712923535197665,0.003331328374289809,0.05449589750548841,-0.04499075725477785,0.03312221798607637,0.02180048149763395,-0.01900682160925463,0.017113555876833393,0.00471367187768964,-0.006570971448641569,0.013687730536341373,0.07192348037256623,-0.023325844133715835,-0.0004339834025351789,1,0.8776456183605214
48637,0.1378467032335148,0.02567860856227778,-0.024986144649489943,0.03928526384983223,-0.22045080443488688,0.13172721528651338,0.002199839373209739,0.03465591780866519,-0.04093100673573649,0.033591366775237975,0.004579744145517562,-0.012561946446556388,0.0121413997092677,0.012423155450086303,0.005601790784308516,0.0022495588928054767,0.09021848455586552,-0.02989436431191943,-0.0026374049232495275,0,0.8636607199289409
48879,0.13567153489997547,0.03565406226191114,-0.04024099703162894,0.032968434789877474,-0.1728938170849938,0.1406030726615832,0.01601370370844214,0.056160888685028394,-0.04713421739661534,0.03250262068239887,0.006414109753104907,-0.01273331121115353,-0.0018870640785610985,0.001342346366682348,-0.007851150407641103,0.007927788170297023,0.09322123885325923,-0.022255680878634797,-0.02185242660710147,0,0.8853284655288902
48900,0.1441062031849667,0.031049733892721997,-0.03764344349399417,0.050311103264084764,-0.18941365508044006,0.13028611487796102,0.0038960869848835107,0.044779055527984224,-0.03533529574839597,0.03213515259601736,0.010350605372320474,-0.005306412742636225,0.027333993923551753,-0.007632398209025788,-0.01132733059254055,0.0015838218563009026,0.09818238181150651,-0.028899956784771707,-0.001613955324191783,0,0.8911867012682955
48901,0.13262054281601415,0.030767910226410934,-0.01601605546610558,0.05649235524413959,-0.2046546126210377,0.14664185766272095,0.004725808637118124,0.05208947435976156,-0.0580536818532407,0.03934448434830806,0.005795892619619876,-0.013279720073108948,0.009582891399778502,0.0020837581925743803,-0.01045155100679576,-0.000797944544863648,0.08676759344477959,-0.004793816011955412,-0.006789391381014479,1,0.881749341909348
48984,0.1272126793864944,0.04714309203931305,-0.021993329682972063,0.03818424902122774,-0.2058441170127466,0.14107095525904415,-0.00499177452444092,0.05147983986717946,-0.041191743111110256,0.03265563523864324,0.014986958372342771,-0.015884029093393467,0.022750111205401068,0.003992332628527278,-0.0011744944722084688,0.0057370193268754645,0.09294718940544015,-0.010358036898679077,-0.010146855027852187,0,0.8897444415738918
48996,0.14573935643163127,0.02303437685378255,-0.017469650080993698,0.03775996960266997,-0.20344927771534713,0.13042585144274196,0.004227340262611271,0.04208891430399846,-0.03960498009678565,0.028910389359613826,0.02082109974895045,-0.023558897792561765,0.012962003783663868,0.01537716805939744,-0.0014729440608808567,0.00809556475980371,0.06193634192297642,-0.009912818679643796,-0.0025114671232720673,0,0.8293584120813262
49082,0.1370382444991637,0.04121535965034778,-0.02244953129447556,0.037504807563919405,-0.21242932266844736,0.13699666000473362,0.011342258709558942,0.060286740597274034,-0.05159482267778913,0.028956852350338038,0.01164560202982244,-0.0003102936489191213,0.01059032830438538,0.012726593427624541,-0.0029884407639558567,0.010927822234680811,0.08811554382898389,-0.020902836080001857,-0.015026830261188995,0,0.9130488905956105
49128,0.1354278917550906,0.044280298081178726,-0.03142309789028441,0.04843980716818974,-0.20086118073579928,0.1368479261552093,0.007642760052972283,0.048880083750104775,-0.04463117476237404,0.008744994451522678,-0.007969297953289638,-0.01081542969955092,0.020726928608375085,0.004328968391603075,-0.008276523534054357,-0.0013463764218391264,0.07888249151497476,-0.020726468883103238,0.004563161849866077,0,0.8648148616593822
49156,0.14993003510329214,0.04410124363519205,-0.022897310423309766,0.03344472336196968,-0.2007465672809102,0.143278628809013,0.0015335054555118811,0.05296529485204755,-0.05190832297314508,0.02701121230741406,0.003103764820371304,-0.02101799200938001,0.01918151517804568,0.010667356440002114,-0.0032567082365885618,-0.003243516436383341,0.09517193750162334,-0.01657945697045747,-0.008853414926609283,0,0.9088925067212665
49319,0.1299201800392798,0.027841414980486548,-0.0499443361927746,0.02963987239948125,-0.19853835605813197,0.14305812606182935,0.01572648557008738,0.04016616847929266,-0.052013602361903964,0.042766494668288156,0.007298853760536573,-0.0038014841609873883,0.0011417295175386864,0.009667779112206204,-0.0008234155832539792,0.005293152392002064,0.07715992665627341,-0.018826473119715862,-0.013945570442216566,0,0.8675734215562865
49361,0.14475605210277914,0.036118758926425944,-0.037861838620836426,0.04010178956443909,-0.19737652159056687,0.1286496410654475,0.014982798419990595,0.035348986362687386,-0.05253835744018741,0.03193510907830834,4.637329720329039e-05,-0.005137177870591194,0.011432191068722657,0.002495947067278199,-0.013257107820898765,0.00840433679258191,0.08605454420034167,-0.02765771282293522,-0.013534902478906811,0,0.8876901465911284
49432,0.14566101617435312,0.024572788227566953,-0.02294701520702041,0.028901933125540697,-0.19912387175911103,0.13581191801826475,0.005993889664584422,0.05347435293028844,-0.03808671851337943,0.04149270409676425,0.005803881296001015,-0.00037622068147556947,0.0010589071497750654,0.003528926174438529,-0.01876734156281003,0.0035371389398577554,0.07660087262388512,-0.030184353873646676,-0.02107289738576451,0,0.8569967474045278
49481,0.13965323796278037,0.04351685609688987,-0.032238890603770824,0.029169029478313915,-0.209828882983513,0.14964689619674076,0.005346949494172465,0.05044437731914975,-0.04201885051215967,0.02818660280980424,-0.0052732468726838745,-0.01312966921919765,-0.001397611750487984,0.005203500412147647,-0.0050052484992732,0.007058834254168466,0.09634675842741944,-0.03281877655103261,-0.0058769441916094204,0,0.9021611636353152
49621,0.1423290433607452,0.020772561140138028,-0.026687226076599006,0.05885934664354742,-0.20875464840659222,0.14250244302264517,0.012388536424567108,0.049699799624235784,-0.06276518678141459,0.0366026121109265,0.01643176879922585,-0.015165569278831559,0.007469048865167537,0.013196669098749008,0.012710546765911443,0.025653340240445986,0.08176083952895978,-0.023866377242492052,-0.02170728607867761,0,0.9793228494898718
49680,0.1520326484183265,0.03320042203117158,-0.03877155469947235,0.040318174623580144,-0.20946048447781035,0.14450165238479992,0.004028086107331328,0.04302150167804713,-0.06576177541919333,0.03299144735137275,0.009882341924515153,-0.02577110077708244,0.015006776088036888,0.005164638604809058,-0.000845645042772377,0.015297140622845519,0.08477480024787584,-0.02022284683829714,0.005157014475924659,1,0.9462100518132645
49693,0.1501959274203051,0.028027928598823474,-0.030517401278570735,0.04338296542331494,-0.19857363846799664,0.14612863954562025,0.007878799940320914,0.047742104157508194,-0.06142439170068664,0.03450326506539747,0.006733703156997624,-0.016593260390968468,0.00925567698896311,0.01262932633121957,-0.01695688790129522,0.002986709838128181,0.08519942656120343,-0.024848373143131264,-0.0067578226104550235,0,0.9303362485209062
49749,0.13339243819868804,0.03747399040559648,-0.035085739600478054,0.03559664296366501,-0.213889317685655,0.14956105366110914,-0.0018045636711325537,0.05917796380596495,-0.04306028447674428,0.04135538426384949,0.014371310883032402,-0.015583727375907568,0.006462075014720489,0.0029560773811860923,-0.016016994825992777,-0.0002043184359113323,0.0955540335613761,-0.03277003253577646,-0.0012465976475250454,0,0.9355625463943112
49779,0.14781373133074235,0.03644026131612861,-0.04141356806074751,0.044149322945267,-0.20410699919775815,0.12345304650123516,0.005354980663872341,0.041519186204232526,-0.04881296687698322,0.03621480413058148,0.013233154463846401,-0.019877237751886444,0.0051717132593427344,-0.004234243314659997,0.010180161683256413,0.00493049184974139,0.10109924309565003,-0.01322291820078808,-0.009597015056933974,0,0.9108250459036539
49806,0.13910878035666854,0.03604692859300199,-0.019467645786301602,0.04057901063403003,-0.20927562415569953,0.14966122614304428,0.008045001340884041,0.04132058541201208,-0.04661533736754821,0.033832790691527885,0.007646574340701314,-0.009885500048391206,0.01260534010769609,-0.005660961164926932,-0.0013044703160298354,-0.0011478834212259174,0.09611812283193703,-0.020307774768183635,0.0010799460402361033,0,0.8797095035200463
49877,0.13169807371292813,0.03415061927993933,-0.03072420197898177,0.04561408358497324,-0.20310708379027498,0.13845223802221082,0.0044257213340906905,0.05698681224764074,-0.05523816324238587,0.024555691037343945,0.004855511122547371,-0.019318330580628193,0.014143590595449848,0.00746828163192616,-0.00960097449873928,0.003980847969375734,0.10173021735584604,-0.023170970336765673,-0.001106948753043601,0,0.9103283610750914
49907,0.14740424882035583,0.03916123747721318,-0.029335264867932098,0.05620463683964853,-0.196926460851527,0.11803356323371435,0.0053388863487538,0.04873657736787972,-0.05078107184234255,0.04155643254463138,0.010549756610211427,-0.008846884546909095,0.015744224319060512,0.005173386094214655,-0.0008902555090648324,0.013342263507346883,0.08419543686840007,-0.03573906159260234,0.0034411787659655644,0,0.9114008280077738
49937,0.13596043149701337,0.04309866480052765,-0.02390934414876678,0.04443672065191936,-0.21235057995923454,0.135677424529983,-0.015964451725602406,0.049500768289732114,-0.05385720324069698,0.026601450518202157,-0.0024036311508445034,-0.012235504147965445,0.01786378890857601,0.00439500204737572,-0.007050530572642745,0.010340100716650499,0.10405105229788118,-0.02062146341912937,-0.004326129599701746,0,0.9246442422224456
49964,0.12483450347865001,0.03180128039762185,-0.027599410728058,0.05465500595196285,-0.2178387016310505,0.11674216363399832,0.015763179282481186,0.061894328208218434,-0.04650968707198276,0.030137553106074595,0.0068327651260866205,-0.019135707974951247,0.008963713692897042,0.0009781565838937918,-0.009399513249323505,-0.0002817945021202907,0.09364608879467634,-0.017202646057230486,0.0022518324097420914,0,0.88646803188102
50008,0.16449590426287564,0.032073757177738936,-0.059389474492225335,0.03261808589254644,-0.20273363193520796,0.13753101543979143,0.009528885056420328,0.07030480505589683,-0.04133532694136719,0.04163629093322409,0.0007009182296291948,-0.008578184206270942,0.008290022219519822,0.014218251625731086,-0.018109414798944568,0.009744065467189375,0.09501630618935328,-0.022659577281991004,-0.014432735625036709,1,0.9833966528309601
50021,0.1435672359859913,0.02841682552712975,-0.03333110145941457,0.03237906403837623,-0.20221267799279063,0.12865014598005228,0.010177817301325876,0.07524615522512385,-0.04279390041417114,0.05191112815320535,0.008361616527847445,-0.0137388085568086,0.014420335702464166,0.0047269160532906135,-0.01902607490865971,0.008644360486041065,0.09208683759459096,-0.034076313069871134,0.0021056042046607463,0,0.9458729191818154
50054,0.13310441511492976,0.033707133117342206,-0.031220025476501753,0.05046316859810862,-0.2168819725529367,0.14746604091037158,0.0027437043210675263,0.03955398082805827,-0.05818202497067535,0.041297202346041464,0.022043064993834915,0.001828247879638148,0.020759600673826758,0.0017056523461266198,-0.0029991664216124855,0.007603341636409166,0.07756604132734282,-0.021456028486886415,0.0014143904901425266,0,0.9119952024918531
50096,0.11909522541193236,0.03277702504878112,-0.02215185889990629,0.04939547730508581,-0.20212552648219123,0.1274895944393238,0.0008344659315012656,0.03955498464507524,-0.045495395640792566,0.030637404895882663,0.016254882295750398,-0.0047633625763182546,0.005863810003692241,0.0042284567850515,-0.01284731745493048,-0.008037752243300837,0.08046106921515402,-0.021878590991319825,0.004061685589865006,1,0.8279538858558549
50203,0.1414626165810027,0.04064301778885982,-0.03972520850619223,0.03389280357753682,-0.20183230784875816,0.1525743899805513,0.008037512456564623,0.04916436663943721,-0.04646327700522996,0.017458907461334543,0.015491225132032303,-0.009077920926171852,0.017607721851649414,0.006183174333075805,-0.00799828779440282,0.001750728405206915,0.08834532859161015,-0.039049125562328105,-0.007234829496884627,0,0.9239927499388294
50228,0.13061936207599337,0.033196884297963525,-0.03164466511960486,0.04706286639003947,-0.18647212411904326,0.1332260468467571,0.0027566516019680086,0.03782061291160772,-0.0441340881618565,0.033277275006310454,0.01300683304140514,-0.03033393263625271,0.02159523589629064,0.007950165558454455,0.0017833087274234877,-0.004578000318700739,0.08942142804797003,-0.03144140730438215,0.007533416309931543,0,0.8878543043719551
50234,0.14232531683888208,0.030212177710705744,-0.033953890611098325,0.046866113510333006,-0.20312920206181423,0.13494659842774676,-0.015283710988538786,0.040684373559058996,-0.04565677934402372,0.0470801356117909,0.007046826574474963,-0.01271731550115331,0.013587152371807581,0.0039752245823037775,0.0007468301954805624,-0.002535395163162143,0.08243294014282573,-0.028379364373144013,-0.02449247674578025,0,0.9160518243141249
50301,0.1313956201430991,0.03824491451187386,-0.02428329317457844,0.03338624856741463,-0.2095900090212032,0.13139044843150544,0.014809556874187913,0.040953635531152305,-0.058232420774740265,0.02912155750283185,0.002666600945761193,-0.007442518558711981,-0.003035286602339604,0.0037020537037500286,4.988687899840051e-05,0.0019149466655077488,0.0927148546312258,-0.030821330673375016,-0.01999328725589384,0,0.8737484704481506
50308,0.1389613743521193,0.03134442587728552,-0.022558291801774967,0.04990325717793068,-0.19612868213212317,0.1451412372663818,-0.0022902145646370277,0.0526302434416012,-0.04283523253424074,0.029800849773105802,-0.006319536039328122,-0.019807684820723776,0.0069436803118233005,0.015616521292300782,-0.010004083441595937,0.001609115550877174,0.08579528746379932,-0.039348523352506604,-0.009833883185089036,0,0.9068721243792442
50438,0.1496565352690126,0.03249080918569782,-0.04939985938883933,0.02800211034207908,-0.19339955549667276,0.1266280848251123,0.015760521079784328,0.062334778689843454,-0.04231763967348792,0.03154044576526397,0.013148767564503215,-0.021180652695325188,0.012299349901823837,0.007215354757059084,-0.0010342286820880075,-0.006787109231095203,0.07687518195942436,-0.029825100454663956,0.015217416000285734,0,0.9151135009620621
50558,0.13322839160209846,0.02582329859005769,-0.026989163767592673,0.041901045255284305,-0.2095783465155634,0.14163819053527402,-0.009584362654934005,0.061432994274993845,-0.04323400601007311,0.04340825450143435,0.00855153315318663,-0.007457566410117525,0.018677819096668376,0.009430492256689831,-0.003413055999374833,0.022243436698531564,0.08692497617554094,-0.026496062364915005,-0.003887561711951883,0,0.9239005575742825
50755,0.14078439296506515,0.02392728255125264,-0.04776037344110432,0.05581629906087712,-0.19007606264333135,0.12408483379856773,-0.0026037420039355854,0.05476942709634441,-0.036345517685802076,0.033344446998467975,0.01096488921277176,-0.0170976176932005,0.02107820303191759,0.013873603006084782,-0.005355842318186271,-0.006425992550203067,0.08060152319591773,-0.022512830854561603,-0.013929408892524102,1,0.9013522890001158
50823,0.13539504571949057,0.023808535575195935,-0.03335068892755251,0.026222214372084905,-0.19969934247067464,0.14151515675305557,0.007210350629241527,0.04112226342056741,-0.05388590727530499,0.04571053089652036,0.006540857365289372,-0.01692021162601112,0.020065947648777543,0.015892156485236435,-0.01115651475691052,-0.0050775120160454395,0.09265698418175171,-0.006531441787615316,-7.119443813744813e-05,0,0.8828328563454633
50848,0.1442856780903571,0.03416965786406699,-0.028102886904358745,0.031304770603538305,-0.18867493221683213,0.14022467067387967,0.030052071732295984,0.04877169131096458,-0.03649487215875716,0.04112132609981957,0.010719400062967755,-0.009855846420458034,0.00610785609152789,-0.002509139471946937,-0.004219563545089545,-0.016887088173411034,0.08330035155563396,-0.02113013454055613,0.0033422196982611,0,0.8812741572147226
50866,0.1372051781542193,0.04267354678592956,-0.04305328320497201,0.02969334306421148,-0.19589258595185594,0.1241348809053127,0.005778214507348015,0.04416369356614783,-0.042866145715587806,0.03513325324818457,-0.0007900406587026873,-0.009904425969013414,0.017624713165978263,0.008498671325021693,-0.003681892089140754,0.004210514153240539,0.08354699306252641,-0.014335633377504195,-0.010337773030752952,0,0.8535247819356501
50881,0.1496715034047692,0.031434281607898136,-0.04253122527743625,0.06496588551523445,-0.19924655117929188,0.12694949574788522,0.00037788952168634626,0.04498592513025054,-0.042936678562412796,0.03673342577949447,-0.007099238432760514,-0.011760697178393915,0.012759706613510034,-0.005812826482538539,-0.004882509624440307,0.011004058314932652,0.0894167277586229,-0.023385249651087344,0.0021751336755640987,1,0.9081290094582096
50911,0.14284033295160167,0.030448869404467054,-0.018985705571024768,0.0351943776590944,-0.20632608956530699,0.14281730431550307,0.007018414420374529,0.04863579789156252,-0.05231828807256747,0.034310757107418946,0.014865330273668223,-0.01804309625812996,0.015956844087905167,0.003715608914083739,0.0018135701380705752,0.01884349261562317,0.10027645349233316,-0.022964755156736044,0.010294575148751922,0,0.9256696630442234
50944,0.1436104682715829,0.04165288625814582,-0.036183173014812754,0.03467518267591793,-0.2057404026990123,0.14382362805375162,-0.005458482996763147,0.036388177768436974,-0.027053000902373232,0.031634384776913146,0.004498592534722225,-0.014515647687056462,0.0072991786836547525,0.012843062138294243,0.004583978774968486,0.015564725256570032,0.08216961400546113,-0.02231727346599588,-0.00662365715638184,0,0.8766355171208149
51014,0.14683016761961928,0.03223196103401351,-0.038445248429246286,0.04756565428218769,-0.20136988379153462,0.13217031761020726,-0.003448875982794471,0.05046747736709452,-0.04919734773482913,0.04427510644862359,0.02773326490402468,-0.014432234316423003,0.02009715653898345,0.008485957038819545,0.010450307467267496,0.009448077833427273,0.07875717518031297,-0.023792948210558742,-0.014847958130992024,0,0.9540471199209596
51096,0.1522143132246468,0.025626418263732725,-0.02988209964892561,0.04551914417438482,-0.18922194258736524,0.13468066013893518,-0.015717643374209674,0.041261868390426344,-0.05226036703732672,0.04306462666934915,0.005277824521785135,-0.015147373929330295,0.03149101340029386,0.010635048866090476,-0.0036018029047940243,0.0007915493732304659,0.08116150630267495,-0.0277135444129641,-0.0018584576788883754,0,0.907127204899354
51206,0.14153187668447137,0.03862758430239002,-0.03237693012099192,0.039972313772183625,-0.1992712560383497,0.13223298551927598,-0.006960514342449827,0.058025999322012654,-0.05789632519594963,0.048112014111659815,0.013913979935566933,0.007101888173501443,0.016081413833533714,0.013316449083652388,0.002669721857694892,0.0028885758271264424,0.09301815484136365,-0.01953331206046365,-0.011419973581906771,0,0.9349512686045445
51209,0.13616561148959674,0.032265548602116896,-0.03714196419013098,0.023058193622516855,-0.18895253621028724,0.12442389315780454,0.008045621376148206,0.047436342906664035,-0.037644045414447325,0.02460273441969989,0.0035371093708875838,-0.012872089586395661,0.021482955838959435,0.015883035166911856,-0.008658190816115557,0.0006979251628698957,0.08833886821839118,-0.037861961897327163,-0.006080025429236678,0,0.8551486528765078
51256,0.14212659917198606,0.023881294434232075,-0.030752068247594397,0.03227625556570661,-0.18489777922644945,0.14855628826353676,0.00914720518224097,0.05626438269211725,-0.046839586299708046,0.04465615107025728,0.009843414510078932,-0.011579989032878666,0.017383359458050352,0.006989328811451602,0.0006723524999615437,0.0034761978713526865,0.09722528179298019,-0.012177085352297518,-0.016773951905587534,0,0.8955185713884679
51308,0.13048405132527716,0.05595236033745485,-0.012298156197643514,0.03897572610712613,-0.21466254652721112,0.13742280285964456,-0.0021399936361711524,0.0416182938920026,-0.05540891427651769,0.03543532132591044,0.011964670528587988,-0.012093096565760585,0.010234174505826263,-0.0014241212547885496,-0.009005103064559372,-0.0024160657717099882,0.08790394908229443,-0.017882008958514693,0.00659027303169739,0,0.8839116292486985
51318,0.15605597774957863,0.0274705466271262,-0.03301640913329261,0.05393361447401307,-0.19628292130666167,0.15206341643260513,0.02539458954355298,0.053472610430982136,-0.058875974330680446,0.03810368032003448,0.005563415585896585,-0.002035184986641959,0.02001318493467605,0.008045942096098964,-0.008640775933503349,-0.0009057622034057443,0.08676726438870005,-0.01617670061930297,0.0032871056012416518,0,0.9461050766979947
51347,0.14169593434554872,0.03329491139179162,-0.021899126276604078,0.04474300914687262,-0.2079253927735469,0.13921942606827303,0.017817922688370725,0.050617477155562765,-0.03131268789149724,0.035508907428324674,0.007308230734383631,0.002444025868098424,0.017292143374034858,0.01155881050482215,-0.0041012860298602835,-0.0017393683375718976,0.0827203915487108,-0.02022055428265,5.0038267468736366e-05,0,0.8714696441139932
51361,0.13716496649441517,0.037484816429829926,-0.0342163502743899,0.044102413657108555,-0.2157471816089882,0.13910119815193658,0.018525775265995543,0.057954071520731586,-0.05276747973776292,0.03757089715486955,0.006055376541909827,-0.009562672452540475,0.01508048411494845,-0.004170949466624477,0.0051309655814976325,-0.0014509791572128424,0.09714439514621868,-0.026944508875882987,-0.003824568398953449,0,0.9440000500318168
51385,0.1438682589123894,0.022677308610715725,-0.028069043927427276,0.03904661530051201,-0.18879690813189712,0.12716505681992363,0.011622556224304446,0.061580131860237,-0.03272302787284215,0.045617281350426225,0.014326080604743177,-0.00275177189509464,0.0174041331147568,0.0023320212753379136,-0.013371626673015074,0.013573551504620706,0.09500774408926364,-0.019067768264655973,-0.007110975440466494,0,0.8861118618726294
51394,0.14662973932987106,0.03579317874958151,-0.02572527121907039,0.038350222768898524,-0.19160441212329574,0.13920412218617167,0.0036721008646067874,0.049580195099067255,-0.04626849260614198,0.023211573951419002,0.01849648980933351,0.004178621625746555,0.019414398392724155,-0.00473273378863985,0.00037767846634447844,-0.003019106741033907,0.09242406050671945,-0.025428940347916384,0.0010153789379964706,0,0.8691267175145787
51418,0.1407936527674572,0.02801222680542627,-0.03822673535450668,0.034348400033896935,-0.2100109771995731,0.13777490589367986,0.001104874935923648,0.04681330718185362,-0.05729072911664413,0.041681503558849246,0.017202648688894862,-0.004998958134426263,0.014831673680759272,-0.003129230949582545,-0.01763927516179908,-0.006126892943226855,0.09067871692758217,-0.01730011803688339,-0.0009368944326009586,1,0.9089017218035661
51538,0.13737463973567351,0.03666690408329004,-0.011214720089945932,0.05412749627841604,-0.21993798684835963,0.1363721389821107,0.005452733285349967,0.04179266506823407,-0.035907864597982876,0.04812387949237172,0.0036354846036782532,-0.0251669928526127,0.007193334097848394,0.010417773449857701,-0.016576467082471253,0.013864615533959389,0.07477877315329647,-0.015428188783476111,-0.002762677653676866,0,0.8967953356726116
51584,0.13855357718848402,0.028791375527360243,-0.031943724459184475,0.028359161638005715,-0.2001383698068741,0.12950897184306462,-0.005022184050254112,0.07009241383522528,-0.0442978817178424,0.02312760465723317,0.02314460348486889,-0.009868626012488741,0.02307309074060429,0.0056596587866497294,-0.016739255431873747,0.002687293959789786,0.09113468019597351,-0.02174238301520684,0.005802727475884384,1,0.8996875838268681
51650,0.1485012422113279,0.02147543876022663,-0.03577657152246393,0.042735931324235255,-0.20170335399781908,0.1329398408995842,0.003936844147133391,0.04324710995239982,-0.053583838253879044,0.03188752651060842,0.010529658533819456,-0.02359266618152041,0.018372283008197446,0.0013630851022973106,-0.005372027623304291,-0.003636080337046487,0.09233034661974193,-0.019115714129431794,0.0014592460121434518,1,0.8915588051271802
51744,0.1328835577575809,0.043747251819033287,-0.03263561253976843,0.04445718328037293,-0.21324177835829103,0.14256744865353466,0.004084301806790227,0.04299547143963,-0.05184527770195688,0.026861398719136644,0.005010031592859366,-0.002909117692379643,0.017182633502468438,-0.002870838367134297,0.007105113746348789,0.018181958411905338,0.08359590586615563,-0.01733450399386791,0.006530474635650106,0,0.8960398598848645
51837,0.1378598962850677,0.02527676371398338,-0.019878657479650588,0.054557033219567015,-0.20856803220968573,0.1326024544692651,0.010064905764221397,0.04116106689913271,-0.034840363955037174,0.019051928678121142,0.006408877521470237,-0.00802036077006014,0.012472926056137704,0.031755585215655864,-0.012509730922220994,0.0067888852870140815,0.08906011057609677,-0.007985371683784439,-0.010636722961064056,0,0.8694996736672362
51898,0.12602701796860244,0.03316632994928062,-0.03187954559104281,0.029775821939542316,-0.19432182224309932,0.13411622580386437,0.0003675657477903659,0.03461419026306552,-0.05350314579972467,0.04024287022045016,0.018047912939864626,-0.002851168491251971,0.02486658007643641,0.0008382115379745401,-0.0054574175735764095,-0.00500873826635141,0.09220257231469804,-0.02833216631689691,-0.0035940576062901426,0,0.859213360649803
51905,0.14019467406488678,0.03250814115705771,-0.0322266321640898,0.04040861443130685,-0.1993964348407014,0.12135444266588599,0.001489881434006088,0.02911814824076903,-0.05049828917220815,0.020953583212985846,0.0110064397066892,-0.01007920386691624,0.014987032618995283,0.00986273405780036,0.002731911014315086,0.00022407356984647007,0.08714796866761744,-0.019357024403572533,-0.009697692364021376,0,0.8332429216536716
51956,0.13322124896019122,0.03540127042883302,-0.03556781983523026,0.048940999234867395,-0.2008271518821089,0.13704504829664615,0.010820815982340009,0.0457436128397252,-0.04126130276140363,0.035521705973985726,0.014571669015793267,-0.02416936409186647,0.02421684405709423,-0.0006582642740372815,0.01601555139816326,0.018071769051452566,0.09626692430121975,-0.014460661253911657,-0.016034683455823564,0,0.9488167070946936
51968,0.13510378719110783,0.02419997553421246,-0.031730547981787975,0.040378918242113926,-0.20147097885183093,0.12567095645402263,0.009479066308336243,0.054027398712271114,-0.049661087043309134,0.02945075429199991,0.016642004795086787,-0.006709645892888214,0.01209912038338259,0.014272029872934884,0.0005651206845951595,0.011686137698395532,0.0920585990830117,-0.011343713236326497,-0.015353699295380902,0,0.8819035415529944
52110,0.14411835607888912,0.042630332232327095,-0.01815732878609822,0.027395521287476476,-0.19542624479922877,0.13934582491572572,0.003478740505594362,0.04718835487074507,-0.042585773458875126,0.029999743833252487,0.020159306568078586,-0.0005209721894132934,0.018986112597428384,0.017174978452969187,-0.003864909142498283,0.006171220680087239,0.08596739016041581,-0.011721095211393896,-0.011346375813020344,0,0.8662385815835175
52159,0.13794242824671504,0.036794654829930766,-0.0353017209652861,0.025546088345290638,-0.2027589850720004,0.13625167427599896,0.003090268759558874,0.06030563646558512,-0.04390550153463024,0.03207490915020943,0.01781390376299309,-0.02398272042100039,0.013398203675125397,0.015477705813421049,0.005363666374144543,0.005468777068678597,0.0759991289183653,-0.01977156830637681,0.0031837233480589144,0,0.8944312653333697
52327,0.13106069950770086,0.03863205940772626,-0.019213698660472817,0.03796668380026775,-0.19127407308444958,0.13399704410460722,0.008655871708753694,0.04000457379363895,-0.03535328844470236,0.039117778919619164,0.0008993423243526558,-0.007708317020590134,0.018511249666687848,0.001022426747642865,0.00583188705615598,0.0073597266492355365,0.09544936566883643,-0.02100943150637423,0.0012529115977668657,0,0.8343204296695812
52343,0.15340086530174166,0.01811463616783436,-0.045009081114764364,0.03855933622330913,-0.20032736245262295,0.13377444517957998,0.016925846054166208,0.045712970949868696,-0.03974288641497586,0.022689403482987223,0.013119617337197784,-0.016831777107928343,0.020004417557937294,0.009865019270945291,-0.004166710203298764,0.008054335059073194,0.09696534776900222,-0.03407767064177753,-0.006781865138964013,1,0.9241235934279749
52354,0.1265108857749211,0.0327719831103854,-0.03539422721791456,0.018666936441554958,-0.20633983018785002,0.12187892289713065,0.006972853720942555,0.04670793892512598,-0.04704605002889764,0.024078218840898218,-0.005472797777006545,-0.008729175517247655,0.016434660853936394,0.01827356294818886,-0.004900414247592969,-0.009737107909937395,0.08425764835754633,-0.004784221796242105,0.009566267085808485,0,0.8285237036391278
52371,0.14335523852763715,0.02309422613509736,-0.0287299817789715,0.0531020053295448,-0.19993907086753973,0.13878005315938952,0.0038615613659347156,0.04575619015680553,-0.04238420448710135,0.021957756287829117,0.009310445387437827,-0.015507008409630272,0.012217192818025165,-0.009444238310118919,-0.020365873161648135,0.009042565339969257,0.09089540724800504,-0.019053309878984497,-0.0026255918992398736,0,0.8894219205489098
52408,0.14480808943439066,0.034343603580637344,-0.026570217939770737,0.048474323568328946,-0.21403035991007718,0.13640680416816803,0.01360974714330632,0.035828451956934154,-0.03884201775835492,0.0398666772172803,0.0016311573299423283,-0.0059598972468838515,0.02647410036720495,0.0034648342337209666,-0.0026668881737200115,-0.002367518302123867,0.09291688115829774,-0.020236352379026927,-0.012297166491311108,0,0.9007950883594803
52411,0.14422315210810377,0.026918896387914247,-0.021836733222419316,0.042018835680210115,-0.2172819464497663,0.1428217344816927,0.018765111669813175,0.058412373761221485,-0.03958315100227097,0.037604203727982705,0.019561278121267244,-0.004326673294515974,0.009967991185191602,0.01364862726343771,-0.0026565548468935403,0.012789843891264537,0.07542392458852382,-0.012560588893916091,-0.005725559887968304,0,0.9061271804643736
52415,0.13485887651080844,0.03540965954862798,-0.02876827614410642,0.038373617027046,-0.2250425926526986,0.13622117349834256,-0.0003643189112609004,0.03397737570988153,-0.03980662042833229,0.02888640474652779,0.01738990148039804,-0.014505527756978168,0.030406839761642237,0.005753257055398536,-0.009163917968653363,0.017102982414410026,0.10398423633260688,-0.01798367010155759,0.0005293487875613228,1,0.9185285968368386
52436,0.1353860523147982,0.04391389908978979,-0.01447292309481841,0.03494179167173839,-0.20815951653178374,0.13644696263389702,0.004782072676433185,0.05222768000727901,-0.039218258442800025,0.03661701827854813,0.01356430583044692,-0.016350186658437925,0.005158364202781782,0.0028874646513763658,-0.010583750201208171,-0.002060523337821141,0.09321204402061736,-0.019082836319093997,-0.019699696060145135,0,0.8887653460238147
52445,0.1289641290177089,0.043752843897637436,-0.041262270268995524,0.0219472881209941,-0.19680804916924718,0.13429660910520821,0.013629210568457435,0.04809949211891259,-0.05100217639827904,0.021641015492830876,0.02040117267688064,-0.03287676746284539,0.022416251829602704,-0.001270263595586389,0.0009408270730040271,-0.007196122824376593,0.10290409402260539,-0.01805478259525328,0.003865082089302693,0,0.9113284483277284
52471,0.13701467287854724,0.02442744537532007,-0.03111342677663152,0.04698362048874532,-0.1862967731067852,0.13599544432502958,-0.002519661329851629,0.04564189903087859,-0.05749278188157402,0.035356921167934846,0.007324055837761905,-0.02612583347225524,0.02207164987438721,0.012295676043231844,0.004520572081923931,0.0017789073714845737,0.07225552757433185,-0.02625955726313317,0.02016577351355591,1,0.8956401993933636
52713,0.15830334867816942,0.04040672278762451,-0.02496166256341322,0.057600342045588206,-0.19654734503763782,0.13756474135018354,0.0018058777669145954,0.0391711502245555,-0.04366667270962901,0.04925592920501931,0.008926321197196892,-0.0035647210950500493,0.022996543196370234,0.007938026643032295,-0.004777078121572363,0.009269286129106226,0.08072736169798708,-0.008712227497861148,-0.007828865884807181,0,0.9040242238317187
52769,0.11398317273672667,0.044141059102069856,-0.036010694959216716,0.035840909858004866,-0.21263659843084298,0.13851688828991976,0.0030608963936148426,0.04285580549401176,-0.05063403250460939,0.02126196587965984,0.00937903484837683,-0.023455321229719602,-0.0009778109503446476,0.013150797341150152,0.0015606449338679532,0.0035114661912659098,0.08678128241550907,-0.009978685596333359,0.011871522084442325,0,0.8596085892396865
52849,0.1410268141803027,0.04522987069836016,-0.012935722570881426,0.039775270022640044,-0.20635075065740704,0.1360477406373089,0.011545442917752509,0.03895415890761298,-0.04546299967733485,0.031227424004995407,0.006399365701624025,-0.021416916636006908,0.01870091345084393,0.01569764976398264,-0.010109068833618663,-0.007986676143339623,0.07466900202137795,-0.028946031681459566,-0.012231280059963079,0,0.9047130985668124
52864,0.1320584521669471,0.040294816272130336,-0.03918195273173789,0.04285643321944355,-0.20040505025360297,0.14913369122978162,-0.006230448680531462,0.03933233413741242,-0.05172522534495216,0.033947862675337656,0.0010402943687558982,0.00526155924590847,0.016402713525716206,0.0038977609849529635,0.006370880997074461,0.011203406983499559,0.09677614819111079,-0.025396772094330073,0.003754664928553759,0,0.9052704680317794
52943,0.11563552041444534,0.04823946678733246,-0.03841388916590021,0.049154203679972995,-0.18391500780456807,0.13350207401753242,0.0033189420365468806,0.04939673742319713,-0.04275964449050587,0.030990100213562206,0.01235345908586796,-0.010098690012239052,0.024319293433428944,-0.01062812878943552,-0.005497119630843974,-0.00277163633128643,0.09353315544519962,-0.03600061304689146,-0.00012986944539656816,0,0.8906575512541531
52965,0.12322202247158826,0.02365438720533893,-0.03591733498922025,0.031115151432050056,-0.19985673785364214,0.13613468951054905,-0.00828031997102099,0.05258015225477404,-0.03880379051161598,0.033503675317902715,0.013951576247754687,-0.015612357854701222,0.017742411420035284,0.003731172583619405,-0.0013702926737199064,-0.0052046313357137506,0.08979126733944401,-0.026460204627613993,-0.00592489788500786,0,0.8628570734853125
52976,0.14507182334909838,0.03843260587203846,-0.03532247123557465,0.05190292299964563,-0.19016666090506512,0.13422408609983275,0.0059528916577926295,0.04594844614324143,-0.04458028500075407,0.040645611094362856,0.016221275534250953,-0.012127517830385258,0.023526560857597988,0.0018597594726333638,-0.01330878135118728,0.014583266503107959,0.08496585534148936,-0.008376216442401526,-0.008435580058410583,1,0.9156526177488702
52990,0.1342897128892682,0.03822466400729073,-0.019487596340662588,0.04662024426688048,-0.19775475585848235,0.1408684478997723,-0.0018500679048899487,0.06004828357189086,-0.05313871927471428,0.024647084680177643,0.008873199893224026,-0.023964547694926064,0.007087071907355698,0.00810082353043971,-0.012517402377652384,0.010404905304193237,0.08027440237059313,-0.011856436439351163,-0.00346507592173969,0,0.8834734421335044
53005,0.150970558917944,0.03355112605469465,-0.035492724521351,0.04574233515574142,-0.19855964969106868,0.1370350122183323,0.007406984376965853,0.052108637692648285,-0.03416982928304053,0.036191322851613486,0.009777132921545514,0.0038370770590816453,0.009875195541391792,0.0013705958772964764,-0.0011118026675819312,0.009983785878779555,0.08963067864756881,-0.025936693740764277,-0.006670331300986133,0,0.8894214743983964
53040,0.13887343297888993,0.01905158402827855,-0.024992151148724797,0.04750602310315944,-0.21084114037152923,0.14011584755853107,0.0036314898609620433,0.047533207149226334,-0.045405504258603395,0.022834494012687303,-0.006893719854094687,-0.014356176605324882,0.012516215062500271,-0.002800490924878133,-0.001311034978135607,0.0025373068739808977,0.08059232899663948,-0.023991505072262866,-0.0122156343614421,0,0.8579992871998511
53184,0.14459342356531593,0.03427990930404417,-0.03309187755067169,0.03019124173684789,-0.20619663583119524,0.1286968004121008,0.015101794259261635,0.03350840182246942,-0.03613129958874113,0.02912009335712807,0.014193798059416278,-0.017356864108850914,0.02128004320931938,0.006376559024261799,-0.011071017803418638,0.0040640839489510154,0.09552423497791523,-0.028172064871199505,-0.009376549834407963,0,0.8983266932655167
53239,0.12167008382984441,0.03804626926157301,-0.03327225399193015,0.04320026354464386,-0.19788388375283114,0.14058933810701119,0.012313544893778196,0.05666409109908399,-0.041314662236401296,0.02807313842137837,0.013733960587933816,-0.021742418057470472,0.012065823135158393,0.008098449243096795,0.0003619838114318134,0.008782920852135704,0.07794722262311893,-0.008277665639113967,0.0060823093512975285,0,0.870120282439233
53263,0.12694791002960715,0.03244580147451202,-0.03259995644827175,0.036123895095065355,-0.2066669692994391,0.11720507626956815,0.000962101538237411,0.029591072873177145,-0.03621998808964584,0.017460753476350316,0.006508835933406702,0.005709325011999849,0.011587218689498097,0.0073153647387530435,0.011103867937326222,-0.002187208586224347,0.09884034982538066,-0.03184316048193073,-0.00785568670735527,0,0.8191745425057492
53281,0.1339217147287509,0.030489610959334383,-0.03411569668685737,0.044693683586457714,-0.19094357407507245,0.13171724981870778,0.01237405573758751,0.05364372782095853,-0.06017916532278166,0.024872998163674748,-0.00012303918505454092,-0.013164443179792868,0.01187606368164707,-0.0003449818068439838,-0.004620005271936961,0.012899742241764349,0.08407906312727086,-0.02277516165666071,0.004536644228017225,0,0.8713706212791716
53352,0.14118680262090305,0.031152769464749566,-0.04163299794148686,0.041794359058065444,-0.21726128600499828,0.14017887644691807,0.0058342937627709306,0.04562196645018641,-0.056494171804442585,0.022674889435507467,0.009030690504180027,-0.021159470359326943,0.021662375700294403,0.013552928395793347,-0.0026431972259783323,-0.0024244516257291523,0.07463740309910706,-0.016196498537901564,0.0026093254391354173,1,0.9077487538774749
53357,0.14378579505230168,0.03620564665737068,-0.030749646634416223,0.05417631150331102,-0.2036893053066546,0.13344474644690055,0.009862659343086945,0.054333108436317,-0.037974438207801484,0.036616117704770856,0.005411885468525867,-0.02983462395749516,0.00757759006365078,0.001051619739201532,-0.014638960666635082,-0.0014533523777988384,0.08336388407476437,-0.02096456742959831,-0.01245173451407093,0,0.917585993584672
53590,0.12570211507000484,0.03253213284329035,-0.03004867384747499,0.03422223768242457,-0.18473845549131127,0.1346090385856622,-0.006043699829295634,0.03916460600807338,-0.054937391243092486,0.018216351022727173,0.016375448210774923,-0.019218383618974672,0.005799725209523365,0.0012862782194828283,0.0032781377794413916,-0.0006779114333453835,0.1015173587501344,-0.03244182451880138,-0.01581393712470119,0,0.8566237064885365
53626,0.13570808021536943,0.03882301340639476,-0.0254761038113788,0.023873202254323687,-0.2031966208169969,0.13063844623375598,0.0036227205076494566,0.04457020114866728,-0.032865645855555,0.024974929961688118,0.006462654862799524,-0.024739534958861734,0.015254995546245402,-0.0019881880805964636,-0.019022703110807233,-0.012404939987521263,0.09459499515456767,-0.0183760836139157,-0.00503950199865107,0,0.8616325615257455
53712,0.1310217115841417,0.033382580253172145,-0.029408581775118042,0.04934144374109929,-0.22496282882600055,0.1376484660516716,0.0002723735492271051,0.05338771118616248,-0.0438811987862267,0.03213607303980082,-0.010757580279117182,-0.008441403316670556,0.004748480387502766,0.003452358130981893,0.002744776830501678,0.016074586566504637,0.08212395208857472,-0.021138164657856222,-0.007068423645017477,0,0.8919926946953476
53714,0.14251792223364074,0.03177457651482318,-0.04837840244014447,0.031226130292928797,-0.2115218308783831,0.12485690444026445,-0.0051450086418392054,0.047700201944803684,-0.02946450323962854,0.03201764475197749,0.005887048741863225,-0.008702960136066374,4.043611645048068e-05,0.017771281299172006,0.0007572237254796092,0.0027514179496325526,0.0851753713560998,-0.0033652460073806405,0.0005966281933838633,0,0.8296507389039622
53744,0.14498522711839673,0.04852851981097826,-0.018908063578513552,0.04385374078581578,-0.1997659555441206,0.10930110587352747,0.013224340330684646,0.041420057479306896,-0.029641945143986544,0.03474794367434407,0.006569763391520094,-0.016104501021609142,0.022390591479941407,0.01248915620777501,-0.0031987664645038,0.016351003511078672,0.07441394387831918,-0.019800544723362262,-0.005072178611593502,0,0.8607673486293776
53762,0.13438596071410938,0.02496361491338522,-0.056592907822786434,0.0421993500422651,-0.20228211552763117,0.13863467021326395,0.006744178218178172,0.037257455161006675,-0.03136288915729746,0.023671867996338504,0.009218976311695423,-0.010138658851580334,0.01913346036773332,0.000810002901599191,-0.0026181731094123946,-0.0006841400193457371,0.07749812883035027,-0.018167539934295353,0.002586521702447069,0,0.8389506117947212
53769,0.14051399873875245,0.04040549918345524,-0.025757079821688043,0.03837266481880122,-0.1968827533556785,0.1393463391805548,0.008781404604899736,0.05178574978188331,-0.03685663425590655,0.04091249981392412,0.017127216460582143,-0.012125346114485002,0.006288963685320117,0.016185401967844952,-0.01846397721289301,0.024259829832553165,0.10134347072650543,-0.018546911373389693,-0.002825327174312672,0,0.9367810681034302
53781,0.13518170648720973,0.03650466668704253,-0.02718082927357228,0.0508885318553713,-0.19384590182780267,0.14793509827802473,0.013722436105854873,0.050171303740126356,-0.04308936346860622,0.0301275318979844,0.005947025907017538,-0.01752014003592196,0.03093379375637861,-0.006608424821603358,-0.013339890050752227,0.0005624969525999676,0.09076541412554788,-0.025372859409614857,-0.0030845822966890425,0,0.9227819969777206
53782,0.12096749147415492,0.024496889091215644,-0.04671292202936907,0.05407724008830734,-0.1942031220342839,0.12343307284154792,-0.002103968866768159,0.0641153524587575,-0.043680433956316454,0.013855962729389585,0.008731535162166898,-0.0021045591621487426,0.006367418522296789,0.0006962549230177368,-0.008738756449728791,-0.007652438113358752,0.07892839974025592,-0.03616388564813378,-0.010760969860551776,0,0.8477906731517697
53873,0.1264938365543522,0.05375028573503629,-0.025635480820473153,0.03468595671979246,-0.19826156014892687,0.12023599021944044,0.002112341221021813,0.032007786321570725,-0.039049639103640996,0.01123617573164879,-0.0013618326733124825,0.00023682081538444394,0.02151749826321065,0.014971756875486563,0.0063769662086892945,0.006999051757888253,0.08560660475210476,-0.0220072212439038,-0.010092968154387913,0,0.8126397733202719
53898,0.12579868549541137,0.03356786752997514,-0.02319815233453003,0.04956368815924181,-0.19744616582488173,0.14683655127975415,0.006047481389000532,0.0495291398988592,-0.06261565013512856,0.030826970829167372,0.014916416439443369,-0.005387095005891634,0.014170588045151318,0.002420686529173943,-0.011770597226728368,0.0003269848784184402,0.0894603114887084,-0.031034556163844516,-0.0060821798887245645,0,0.9009997685420345
53906,0.12316841282374977,0.04307094644185584,-0.025179812006384375,0.033270097334166575,-0.1884992944668794,0.14416145985217824,0.008368154195921405,0.042154626054281406,-0.04429996239381387,0.02285213628656159,-0.002798082405691214,-0.001907260915574093,0.017969611359682416,0.005546072351300604,0.007386612148847276,0.021027171257557056,0.08399540182473027,-0.010511866703784586,0.0008970752360147059,0,0.8270640560589747
53947,0.13223543402129667,0.024055249071953434,-0.034087583306029595,0.027650334347929746,-0.1968396622080011,0.14560348216338978,-0.0013497249397278607,0.04900236461623624,-0.05014482599580872,0.021026090756936646,0.01686074587960062,-0.0052061519835062044,0.007525617014168584,0.0052873796739755586,0.003222192619539241,0.001869999781202686,0.0836442939311944,-0.02421477909632033,-0.008099968679919748,0,0.8379258800867372
54000,0.14089666960555888,0.04374369750317385,-0.014482591574293525,0.04362953399781312,-0.2005864670461892,0.14219898816851168,-0.001703818549229789,0.046226758675033584,-0.031051682027734222,0.031301726742915106,0.002661895601271547,-0.011044710308298573,0.017062601444055085,0.0106550307124416,-0.007272130299565635,0.006715229394641189,0.08234316304782652,-0.013387328429246403,-0.007940295007686655,0,0.8549043181354862
54001,0.1436872778458761,0.04275711493799227,-0.03551517713292332,0.037723746310916455,-0.20136788017562116,0.12808312726851515,-0.0006009460432255543,0.03851322442531186,-0.0361223628684875,0.030501403699651458,0.014993080987539608,-0.021462048350546617,0.018361584830256003,0.004214004222127609,-0.004265875755878707,0.006017380861824437,0.0821286051377321,-0.024165462880241028,0.0018193522786214761,0,0.8722996560132884
54208,0.11213563828471197,0.04475274893137638,-0.025982895556081378,0.028254748398375884,-0.2019002062334766,0.13871933193029623,0.0056337531729171554,0.05741042916101067,-0.04738212987593508,0.029494454284842056,0.017433169233983494,-0.009259305128788656,0.010057777482709869,0.008456957177335333,-0.008960180053425176,-0.003457444550530742,0.08603525705933508,-0.03936859491691681,-0.0071036156414169245,0,0.8817986370734655
54216,0.1429799349355092,0.04199310020962401,-0.04213024082917849,0.03828166868965045,-0.20006606745510225,0.1346144688064267,0.007593869828682325,0.05834272332535624,-0.042885607261310035,0.02830009200685654,0.006689540526426959,-0.01807869804672018,0.026472169903627052,0.008517210331043922,0.010068700049233844,-0.0012030346628384787,0.08502430424915174,-0.03245718148294634,-0.010551618343562557,0,0.9362502309432473
54241,0.13958564930620443,0.037169112539892246,-0.037266856447595156,0.044786274625170916,-0.20657300141628318,0.13764437449169686,0.012478612079135646,0.05748830460398986,-0.0437576025086032,0.029941685029193955,0.008266958366639907,0.004064798026883739,0.018224079626850992,-0.0015201855456740253,-0.006868855145495106,0.01924698707444837,0.09011646794307207,-0.021711107444392648,-0.004189263949625411,0,0.9209001761708477
54279,0.1442801616311817,0.01903055857199021,-0.04819929332438482,0.02968393582311512,-0.1858571997461829,0.14226366167147403,0.013161133160753107,0.04740304815313271,-0.03524328491228105,0.03912343974736621,0.020368842313490097,-0.01645177632595231,-0.0023337468037857518,-0.004506287678759347,-0.006768378867219397,0.005036805365087624,0.09662322722533312,-0.022086204564830587,0.01323787684251297,0,0.8916588627288331
54305,0.12170880018421976,0.04349464937949599,-0.029401333213443025,0.04516702087118817,-0.18375027416408582,0.1334640368758145,0.0014771972886281398,0.04455692566571626,-0.03938648681197528,0.012545018301018307,0.02275565885626517,-0.02489939004902102,0.03546183578748004,0.005680300850059296,-0.0038073369745257836,0.006817784101351836,0.0915128279003411,-0.03748622987897247,0.00032085275086737045,0,0.8836939599044693
54318,0.11833263113880516,0.03717087983732596,-0.013999647907805531,0.03593856564161711,-0.2018998840645338,0.13401057810732422,0.00291982923026021,0.04882945520653108,-0.05387684615355624,0.026945112817822057,0.008684558584953239,-0.00988568276293276,0.021512757164385117,0.0049454004734586,-0.01691947905979146,-0.005646493830140857,0.08427130325898889,-0.015011641686522352,-0.00781974896174049,0,0.8486204958884951
54330,0.14341974976256952,0.047597822289789364,-0.038557640432659475,0.050022705073385916,-0.2033388397725358,0.13710408041869246,0.0009358491271275255,0.04970673053678705,-0.03918813276322791,0.03822957769744327,0.002813177837433783,-0.010009679115731163,0.013266966730301057,0.007182738450861488,-0.010163615999399786,0.004644676048460326,0.08657774012683998,-0.020078449848364627,-0.012285730036127616,0,0.9151239020677381
54411,0.12550210459487376,0.040853308412620054,-0.023673244812038217,0.03540233922451654,-0.2063516997252839,0.15177312664271547,0.02155026549933069,0.04866316034373757,-0.045043852646087734,0.03113639424585527,0.018276645203507615,0.0011091026392804548,0.03264405781778975,0.0024656945819584884,0.011424233001675775,0.006184121889138317,0.10048170846802507,-0.016991015206127162,-0.0035377850521708773,1,0.9230638600067327
54431,0.14144963209288233,0.02508278465620325,-0.028410344557977227,0.052848373213943256,-0.1966155336861394,0.1277834008203479,0.005897968782997088,0.050347449765644946,-0.030169103803405834,0.03251953010258209,-0.0006304651854966783,0.002896992906389447,0.009241557432861619,0.007902129724804979,-0.0038764918947623035,0.01882946023618618,0.09903868928598719,-0.01146408816534736,-0.0004898697682846101,0,0.8454938660822436
54452,0.14169362845498235,0.01881282333901435,-0.03125457723529528,0.046862023754608885,-0.20234265070700547,0.13359319951105927,0.01401527092934298,0.04968211356399579,-0.05401938575442073,0.05111542939812649,0.01713778713346926,0.00025210783020762953,0.007209108022761457,0.013724313034626847,-0.009427741876129263,0.002206269461935667,0.07943229012251349,-0.028499880578454442,-0.009901754281110087,0,0.9111823549890598
54471,0.148819722655552,0.026145317604922523,-0.0329728842716752,0.04456532034224306,-0.20337718067975472,0.1448049205842603,0.004467101867800133,0.05846068936775017,-0.043950928887140736,0.029677896617234967,0.017727006451822146,-0.0052612136678183655,0.01797110358861586,0.0027899287579476366,-0.014483621837699402,-0.007498511429159894,0.0840547207434957,-0.015933837667370925,0.00441693950770826,1,0.907378846529972
54525,0.13571300154080837,0.036131101093074526,-0.03140751832446891,0.027261715349904157,-0.20251761607424162,0.13756760592977318,0.003885763743141841,0.043331339495680146,-0.055445550800864746,0.046314310877292916,0.013427709596795127,-0.012425197872785005,0.014721175927962847,0.01574699342339402,-0.001048471585566959,-0.0031159693499579174,0.08820665702742704,-0.010355154647573616,-0.005437564150823804,0,0.8840604168115368
54541,0.14212878619910355,0.03280559547158823,-0.028267330881644293,0.028701930958466026,-0.20324041640072074,0.14472453320505496,-0.001253431664562957,0.0547228048929672,-0.04563462794490841,0.02581450548369118,0.005538616607290445,-0.011953940915200429,0.011822665496494036,-0.004159136493709892,-0.011906990143481193,0.017774516410957054,0.0801879356145788,-0.03130054704864975,-0.01011014306171814,0,0.8920484548947872
54550,0.1366433893863471,0.0368257198440589,-0.023727462400923893,0.02781357751132907,-0.198775888476427,0.13575649703442605,0.0015944566877487717,0.04736815942230054,-0.03154553327107212,0.01585846290875517,0.014462778900317122,-0.016832936104762882,0.014216573691734648,0.002059434724821982,-0.009199835281734493,-0.0013365207447674921,0.08490852184414271,-0.015345629543688873,-0.020052347924479196,0,0.834323725703838
54577,0.14762801575600593,0.03200539206384811,-0.03501155515427873,0.029993252951908213,-0.2027703873251144,0.12382295084691791,-0.005660826970503053,0.03614765594241799,-0.03432460718961269,0.012401826915219879,0.012368713698733257,-0.013542608471792278,0.0079057857914504,-0.012580686363730996,0.00808819127938936,0.0031222217396995296,0.0788193780937014,-0.01289668669759965,0.009611825989763676,0,0.8187025692416875
54610,0.15321886981233843,0.021944466480786486,-0.04021096962411097,0.041261143367231766,-0.2013641750609497,0.150261410408136,-0.00024214092449316302,0.04545898880162146,-0.06183427801781937,0.04606806347208409,0.0061778415634507365,-0.008475417721316762,0.02903174072258307,0.0023886086634579812,0.00802621720854685,0.01966029526172267,0.08240151177909633,-0.02871108193008088,-0.0053866862929332175,0,0.95212390711276
54675,0.1341917976074878,0.03446075638499294,-0.03827309042944642,0.03259598435637435,-0.2082842825654611,0.13139531012620853,0.006016156492713374,0.0470432283906768,-0.04771951005635086,0.030556761604958946,0.008874381151160573,-0.013328683894990973,0.009529185377757446,0.004936112302837147,-0.0006338832379283715,0.011769996344658909,0.09712210362334892,-0.016123640986524176,-0.008727303703348394,0,0.881582168637226
54683,0.13525953795467752,0.024022980784251628,-0.02681478147169167,0.03151759586720958,-0.20676146240181797,0.12355880174510427,0.008144107258848508,0.04612250802527543,-0.047553156838508526,0.024588643346324223,0.010644538784930959,-0.009464730543655157,0.017340807969425262,0.0036351882741331365,0.006857268720897006,0.011326127273575112,0.09314461305535865,-0.02122282232592998,-0.0077095748720368,0,0.8556892475136514
54965,0.11817286335590242,0.03272458056985533,-0.03538651663915299,0.043464636660430274,-0.22480654742198986,0.13130406568681177,-0.0005457127398834114,0.03348731914214979,-0.05447088884111248,0.025323234619594445,0.007223761390890139,-0.015118501003172505,0.017585001056127814,0.007357872491595499,-0.006053322138844908,-0.0033941885157836946,0.09669692639960188,-0.03173571577719022,0.0037590694410891807,0,0.8886107238911786
54993,0.139737761703663,0.05289981653435773,-0.04409776308015954,0.03543886359775256,-0.2203527955972742,0.13666790792578287,0.011281403894011131,0.06269150041381472,-0.04846389677122148,0.04771050923328669,0.01789758678809758,-0.0009730544195343212,0.006512214791336403,-0.004452599477639943,0.013099009718182954,-0.004683811972147744,0.06940374630712727,-0.021399736502111365,-0.008076487221296431,1,0.9458404659487979
55023,0.1414893492932908,0.03967863249542815,-0.036442775069954046,0.05274598815697915,-0.21745954745344265,0.1329880842494094,0.0179576989791607,0.05593450710402667,-0.04273311624080717,0.025238618770598076,0.018393228793506983,-0.003572338749618551,0.018383779699901265,0.0001246388162584106,-0.0008410883161202405,0.0029657342737380446,0.09059593717584759,-0.023024745317169616,-0.01210856456071347,0,0.9326783735159709
55087,0.1299603497116402,0.03856339265492191,-0.048369004518087975,0.03191482171330688,-0.21197505682495046,0.13468652046513838,0.011403251298686776,0.044447344226166696,-0.052504942946913775,0.019518321583332703,0.00952501648828748,-0.012918631184337623,0.020470990797447276,0.009677957861546476,-0.0009965414549999109,0.014857297707113751,0.09225472993809535,-0.022719344642371252,-0.004136134146867703,1,0.9108996501642126
55304,0.13072473533542786,0.04770214108223595,-0.04744404612064879,0.04072871957917901,-0.2038428899158358,0.15385546389548338,-0.007400101877408297,0.05165043828510535,-0.050903424158275846,0.044900269240267424,0.021634168564817976,-0.0163250872671398,0.010328726549430097,0.008058490423158962,0.012711603528356036,0.012180807745268493,0.0877259328856693,-0.010498414653783358,-0.005387644999828922,0,0.9640031061073207
55489,0.14644238124489484,0.041090182910401986,-0.03099662534807283,0.04610520811227205,-0.21712427163437037,0.14058308331243197,0.0026216935360078093,0.03789984390121721,-0.03184266676146322,0.02904423640223088,0.01782080925366306,-0.0038819173521879944,0.024114652305957156,-0.007667236448064854,-0.0033455586798417924,0.008702290893702691,0.10048046816296309,-0.03517049561827475,-0.006099278850430136,0,0.9310329007284487
55491,0.13689194780246744,0.029928975402994766,-0.03138814896488679,0.02934596945950213,-0.21274933340883107,0.14926675758361227,0.00940654668940075,0.05624852805012579,-0.03391454004843152,0.019281941981427086,0.014343416299883666,-0.002752636356246882,0.009911028156826372,0.013074256761850972,-0.00877917678726592,0.008445792142776003,0.08535157562413964,-0.027481599376075253,0.0017470219225994385,0,0.8803091928193437
55501,0.1376229361419589,0.02326834537993765,-0.026628520859106018,0.03600090434492359,-0.20353786488145134,0.11993292401823027,-0.002629942998999282,0.05215456325227032,-0.051922838122812384,0.03462447552030997,0.013904788076721186,-0.006561400839095735,0.024998439376737125,0.016468244834106437,0.0012721211470468339,-0.0066582861962635465,0.095101266087604,-0.019070208191916384,-0.000558245378945246,0,0.8729163156484362
55549,0.12806617959004396,0.04820819460574221,-0.02140818782198768,0.04329405452891082,-0.21014561186148156,0.14042610668660382,0.0012326495860362783,0.047747929288475516,-0.030096917590393527,0.031408944262434985,0.00687508903793319,-0.010629950449154442,0.01776809718608628,0.01724778536382027,0.004050934133279228,0.009969659279404562,0.07659906904422513,-0.016951690944288875,-0.0023918980254986188,1,0.864518949285801
55591,0.14338046369972232,0.030503674618330576,-0.04242385928978071,0.04397696283583178,-0.19761803105097375,0.12546788119920277,0.0076859090262095565,0.044078841204891694,-0.0450883375512855,0.027864152043374626,0.0003861715218329474,-0.008277008671953977,0.02859958538845484,0.013209422813723672,-0.017352273079522917,-0.008083299558461154,0.09975359863892705,-0.02903740162022459,-0.013393205647794306,0,0.9261800794604987
55761,0.14534149077710365,0.0286299651406361,-0.031174642760031242,0.04747114466028233,-0.20235073207821705,0.13733951314859807,0.007339501253479048,0.048187650947874736,-0.03787174564210395,0.03959674326519407,0.007693444056057276,0.0008611756211611091,0.008470896951920878,-0.0007390742641876596,-0.0003548244711254579,0.004973053688867268,0.08741239813726659,-0.03251837135563753,-0.003254675319458937,0,0.871581043539203
55790,0.14345812174197237,0.04369360238657345,-0.01629746019590802,0.0461761281212457,-0.19623989907396375,0.1302572274786515,-0.004176435209743609,0.04994027108184523,-0.04754786581036544,0.036667728244068075,0.007826154059235688,-0.016970343444301348,0.005615177632099606,-0.008782873011108909,-0.006344645272258298,-0.0017146738935379948,0.10639726704181729,-0.019813699341117798,-0.0027458362608530932,0,0.8906654093006672
55827,0.1436548254846131,0.03797950867655711,-0.029449499060872394,0.04406283383924839,-0.19606934869797085,0.1454276504034512,-0.0040906301222792115,0.05089881560722158,-0.043544329714517875,0.027616854462616133,0.009589988031219595,0.00015604667263612176,0.018902273067003518,0.0041493994513388845,0.003924439149838422,-0.007218704442972606,0.08299532274831763,-0.016535317131935946,-0.01479442444525152,0,0.8810602112098621
55860,0.12911806401258125,0.033251305928830244,-0.04151910847833363,0.03575052397235645,-0.19878610591169907,0.14048603343532065,-0.0021805314236907087,0.05261833297513243,-0.038841642894603186,0.029610961927314456,0.025770593245955816,-0.02195648879333205,0.014801400328857356,0.014681962264540495,-0.008736372543636748,0.0020372735872760898,0.09345982657903482,-0.023901483413329063,7.801551299230244e-05,0,0.9075860272288168
56070,0.12731224605679353,0.032951265224014224,-0.034494096577984405,0.03704438683377358,-0.21175644024930718,0.14206369783191722,-0.004836325775874809,0.04386140930100187,-0.03704276634099873,0.02352621211481892,0.024021097852954285,-0.01051196863282075,0.02232897577611322,0.015639359339160566,-0.0126410433951122,-0.0005031993598968377,0.09176120411482255,-0.020623796454167648,-0.010183261468934302,0,0.9031027527004668
56104,0.13739818661276235,0.04159059589598528,-0.012460518193792377,0.03992752608825667,-0.19619024317228032,0.14063117387780286,0.0012845259044391216,0.04931949281242042,-0.030544174497948835,0.02225767396894872,0.012708802521860636,-0.019387219778359565,0.016278575063631652,0.004129771410454527,0.0023228496529384846,-0.0036971962362271167,0.09841152586257294,-0.015797286170731513,-0.00610214213061848,0,0.8504394798520318
56125,0.14767490401063557,0.03268286982551056,-0.03330912539338264,0.04134475486024374,-0.20711683971376554,0.151957189197559,0.017209961104516232,0.034901756999033466,-0.02824349655083141,0.02684421016956875,0.009230565268608631,-0.0032622538989660523,0.02074328042410808,0.005433247793344543,0.004463488653960207,0.0023601897681349397,0.08678165218284092,-0.026997186179009806,0.0005899477869010733,1,0.8811469197809212
56180,0.13905512717952442,0.02444388599286621,-0.036102784145416546,0.03462191719351161,-0.2082138155611193,0.14863975958249467,-0.0044341662090710285,0.05920927465001608,-0.043585663936738496,0.039327461802081236,0.008620732425025129,-0.018124048995050494,0.022076738243028856,-0.0012304708759937537,0.006258578443526916,0.005256481184528049,0.0840148796829739,-0.015652067910459776,-0.006192512260554585,0,0.905060366273981
56215,0.13370557899697114,0.03410854776478196,-0.030075597389487944,0.02491930782726656,-0.205293330536984,0.13241954825583488,-0.0014078133819288303,0.04270481482397183,-0.042479403406655666,0.010886277499693437,0.006100753646410097,-0.013830503721074031,0.010959316354479883,0.0005164425585519846,-0.010506672403689863,-0.0038460658964258824,0.0937666738547423,-0.027641890958245572,0.00309529622460528,0,0.8282638355018012
56217,0.14308615339340336,0.0401982573529449,-0.028322152650452105,0.04535875839945447,-0.1898702196559189,0.1348777539597971,0.01366969908803196,0.045392835706218514,-0.03934849606306994,0.022716357430368674,-0.010267010033638889,-0.010997949976487174,0.006130761470021568,0.005377827759629871,0.0008934289119267901,0.0061012671053587925,0.10033749501510747,-0.02624338853825855,0.007410170192880775,1,0.8765999827029698
56281,0.12793918189280837,0.03879482649334786,-0.02884737291275875,0.04585774890157418,-0.2195091634156156,0.1361667974950825,0.009811348242767921,0.04358970291979174,-0.027540630366597336,0.028297605378120434,0.022356794449503677,-0.02162114629870286,0.012931557309255673,0.012022076396515176,0.001728629785515561,-0.010689488156090655,0.09550048464477198,-0.010432190815805285,-0.006029617002184655,1,0.8996663628768102
56299,0.1369996871107811,0.028672672386002747,-0.036736199897587286,0.051422280915145537,-0.20948643413442483,0.13065065044883978,0.0148974028135393,0.054071193810867176,-0.04759930331065531,0.037263637511663394,0.004044207412392399,-0.017959328949198806,0.014122211636060472,-0.005614024866390755,0.007352950997088553,0.011150495535269603,0.08262711442091393,-0.021614084577307315,0.005189206458306876,0,0.9174730871924351
56366,0.14216441147626865,0.03682552132841222,-0.02568301862907202,0.04936282828414684,-0.19080403083149863,0.13356100437031837,0.008462113139152102,0.04803678459783583,-0.051811321858363096,0.03457836372579006,0.011834016614742928,-0.019170239224653645,0.014794191624406535,0.0037133290195591295,-6.719914973977863e-05,0.007348274070573999,0.09135117717529138,-0.023860295640066052,-0.0017384944254748179,1,0.8951666151853661
56500,0.14065468794446234,0.04325589230990702,-0.04718738098237447,0.03047926051451674,-0.2016229290379966,0.1422562959636504,-0.008663059656810967,0.05037920816043376,-0.046427833242875576,0.023304280271613617,0.02097540365349334,-0.006906363272928331,0.026865923942742134,0.010537966554417726,0.0006970811832946952,0.0070241535458479745,0.09860266128406019,-0.019474851597423518,-4.889645528609691e-06,1,0.925320122764378
56568,0.13730244685158802,0.03664438020002657,-0.03236721334408441,0.03436312964581439,-0.2055680992733547,0.1268789192267148,0.0021524327289766886,0.04336234945021123,-0.05211828358224278,0.03307624151121198,0.002637433042143623,0.002562735056416269,0.012273252495957782,0.003789571796250727,-0.001917141804629557,-0.008451483398746051,0.09105240214243673,-0.013045138178087692,-0.012805818111753775,0,0.8523684718406478
56584,0.14763050172157252,0.029604673757252915,-0.03619120506959799,0.030947758859106025,-0.21339621375327875,0.1325768829005012,2.7449187351410157e-05,0.047096732013729055,-0.037031981110143254,0.03559925671007921,0.01949461738835485,-0.024626130395110697,0.02807087553845179,0.00543016962233711,-0.013079708644027072,0.010056425691666742,0.09858664973777585,-0.01660172560663737,-0.00406584374958109,0,0.9301148014565549
56714,0.12640954775040683,0.044224462816032685,-0.03188393449319147,0.02997181853030355,-0.19730748623748814,0.12185252277933073,0.020722077159610677,0.04589758085556924,-0.0359020688112054,0.03719287945159074,0.01457253790099424,-0.010706974358692955,0.014630744299635588,0.013505948282170976,0.010039901609691261,0.0009861446580225848,0.08500557768759119,-0.025004215555727606,-0.009079131113311292,0,0.8748955543505672
56732,0.14084926574630344,0.02448334858218817,-0.02976902831188518,0.04791962041979955,-0.20299028056718754,0.13406347627399243,-0.0018048765362775245,0.04150762195428317,-0.04296056570167045,0.03211953048338599,0.009053836771367466,-0.007982973680747385,0.030264140918423957,-0.0008970276278900871,0.0030830862312171666,0.017109488100555646,0.07902570698892765,-0.01502099590220311,-0.008770565483744774,0,0.8696754362820507
56770,0.15061432144397702,0.025835802658657713,-0.035960073252285625,0.021359154178090967,-0.1977404750984606,0.143873431101577,0.0021693641475642694,0.04348410833771672,-0.048621275401034426,0.048044243620098674,0.009314345713896619,-0.012418414182076022,-0.0028398209388681896,0.004304242926783361,-0.009386288841125,0.000735651824227345,0.09138526805827778,-0.02738122735814861,-0.01137903236231458,1,0.8868465414451805
56871,0.137447470416297,0.027640288567775943,-0.0274956359729327,0.03380534141055961,-0.21538403675463896,0.12346087787970358,0.014186954921046518,0.052916943058468634,-0.04330957435852402,0.04978056373383054,0.00935885890881746,-0.01907720673913859,0.00929422654503927,0.006108991694102771,-0.019955131198862372,0.0003735248736197941,0.09803089447533375,-0.02183997337975213,0.0028394967727719766,0,0.9123059916612156
56887,0.13668782770198784,0.02852652924580914,-0.027143851597238183,0.05388754707576462,-0.20391753354853895,0.14588321329807125,0.010270218370773293,0.04881198401297626,-0.0528879213823293,0.040263959444133995,0.006163663891917524,-0.04191013210448254,0.007794047165566354,0.006373549060742671,-0.012313977243610422,0.017991477173040327,0.08357812854112764,-0.010516361620327078,-0.01367789918394623,1,0.9485998216623837
57010,0.1431509909017328,0.013797073520377939,-0.020591493075912383,0.037923116541806225,-0.17839405131439035,0.14379440986818873,0.007251634747138162,0.051977711198708455,-0.05208809618631281,0.027180866790881,0.012750855780769253,-0.020961460718201524,0.020662627362279046,0.012832452250012956,0.007223169149576238,-0.003967318257826127,0.0941248762683666,-0.009193561798708986,0.009275134049239056,0,0.8671408997804286
57026,0.1396492815206776,0.0452905628044804,-0.03958077729821467,0.04247239720482401,-0.18778909996110713,0.1352265857100008,0.01188097310216375,0.045886883468269996,-0.05980769428640566,0.03932854445601575,-0.0027778819944788303,0.0032210028430169537,0.010065121194479238,-0.0014593047453078229,-0.017539368427976904,0.01998564964463494,0.0947494402006765,-0.04033847133138746,-0.005693631122714798,1,0.9427426713168332
57120,0.14705289807051608,0.023836068075946147,-0.03361070046066346,0.056107165897055195,-0.20521914576697342,0.13298424194222921,-0.0021929778419391326,0.05490716895345071,-0.03230537738384002,0.047076355197296,0.0007311966371240084,-0.010455320588323342,0.008516041508055893,0.0016559771662684934,-0.005870638283732222,0.0051692023383534125,0.08420055307596926,-0.019184738743861056,-0.002017650240946552,0,0.8730934181725436
57173,0.13936205974510193,0.03111683696228958,-0.03656883966862456,0.03948945550597773,-0.1959614350331097,0.13927946292085763,0.011200550194872372,0.05086911937987576,-0.06894098573103687,0.02699415589634294,0.01186328364309906,-0.004432033724889358,0.02348567184177036,-0.00013929394154657884,-0.0002603921321184051,0.00997232562881746,0.0819001869020992,-0.01637674610201574,-0.00803881086084871,1,0.8962516458152939
57297,0.1283888579747635,0.04797979837127476,-0.03964609791628577,0.05643491688255894,-0.207156728098776,0.12984480367743886,0.014847100230183678,0.054955267882644716,-0.04840308072964418,0.0401804504252984,0.003954510301147303,-0.00398264640212872,0.019298869649337476,-0.008023262828610928,-0.0028124451936492384,-0.0005169918531460931,0.09068301386038753,-0.023894012690336332,-0.01868674012660029,0,0.9396895950942127
57319,0.128903958980053,0.033268221643070944,-0.036138533114878225,0.04973607744451828,-0.19938146144506294,0.1339500353865198,0.006537890044082244,0.050159304471384496,-0.04880504966687963,0.0214407065647731,0.001190881980827045,0.002195798540796543,0.012024590863455788,0.002466743309934792,0.0018180970694778827,0.010787772198649613,0.09803995239482031,-0.030687260813594176,-0.016311931796453637,0,0.8838442677292324
57381,0.13114076808845285,0.03474738619780273,-0.031021650153789836,0.056091446002271596,-0.1947088111016134,0.13869584508689672,0.010075186469884064,0.051187304439774955,-0.05209650099107867,0.04083848206609888,0.011423970739964387,-0.015266549641026313,0.013540729580447414,0.008842719040563775,-0.0019231938955950657,-0.0008717351500928201,0.08236685502328085,-0.01580930011455354,-0.0031577407243262496,1,0.8938061745075141
57388,0.13210843790832963,0.02504963955698822,-0.016811873276329367,0.02909727824050358,-0.1965831683418528,0.13729872543337374,0.009216646803156989,0.039375335390747654,-0.04849604940532176,0.03883261505516207,0.008705201197169771,-0.016907863735301253,0.01634780813392233,0.005366860914423131,0.0035581934986407804,0.0019564976598160358,0.0980389304336243,-0.032666606800259845,-0.005553402990587625,1,0.8619711347755109
57407,0.13831666052199657,0.04357277884405561,-0.03534846610730368,0.044431555352587006,-0.20843435619342054,0.13859699750576449,0.004732070458841915,0.05168755786149774,-0.05198610164608484,0.035531910192125066,0.015895613496740263,-0.00938317751157252,0.012071568844684355,0.011352940240532882,-0.011618518784005629,-0.00021819981198728403,0.083891648079283,-0.024188459952213737,-0.0015190219582722501,1,0.9227776033629693
57567,0.1452823249057181,0.031214095859357107,-0.028710838350061232,0.05114130428878022,-0.20913759187231157,0.132799725108606,-0.000473392566307859,0.04186987669539885,-0.05319572155675893,0.04802113482078041,-0.003435318081761082,-0.015393040936850372,0.015862504492981787,0.012022288547093389,0.004349201050213143,0.006954527888244114,0.09396727519351854,-0.018018938476197933,-0.009254625723513411,0,0.921103726414454
57568,0.13229820162541292,0.01773139231366406,-0.03391518461139188,0.0439430711586337,-0.19390271771731413,0.1400274636299874,0.011829787389757393,0.04816563490064194,-0.045731389445448994,0.027849060623424373,0.019353112053765525,-0.0066386202975885645,0.01806962009564546,0.0069120181419616835,-0.012680361082374919,-0.006771992500375309,0.09057260692261919,-0.03144385662564326,-0.0131758121754734,0,0.9010119033111241
57573,0.13109155572947795,0.027588362402437578,-0.03356669783474882,0.0365029088420536,-0.21733270605798619,0.12250854818961866,-0.0025652112590493097,0.05319031363882157,-0.042755841141914774,0.027320705437749986,0.012203857792621545,-0.004341674514526487,0.01808980840538254,-0.012094635308315551,0.00094252359267327,0.006938069641560978,0.0755896320268841,-0.020038061968588036,-0.011082420180714703,0,0.8557435339651256
57644,0.14662641879634328,0.03348742238899172,-0.04144556996908585,0.039494624119207546,-0.1897476562536397,0.14209979690807373,-3.09047601651364e-05,0.05497987671082524,-0.057413576926111196,0.03268889409285459,0.014260241654904587,-0.012048466721776702,0.022165849058093465,0.008948713583609994,0.003988815268303421,0.0005792268219654587,0.10374732482768295,-0.015909511435225565,-0.008556963031261841,0,0.928219853328122
57670,0.1405837052541987,0.05110824671734484,-0.015212374541902364,0.03134713636866875,-0.21917345832563565,0.14986718389408876,0.0010636950647441464,0.04905294688657298,-0.03963716554147312,0.02711121886432782,0.016812670302025854,-0.01080021446686617,0.018463615919051695,0.00712721464075754,-0.01158292093965458,0.0014888142410729673,0.08426000747806568,-0.014440910408982613,-0.016690401590338282,0,0.9058239014457725
57693,0.1655325792406979,0.02600526556466622,-0.04360199808752296,0.03788203351349136,-0.18828589591571446,0.13619036654994654,0.0038385082611715137,0.061390296836525714,-0.03786410647792269,0.0404323789516194,0.0051962232738584505,-0.01655561418772543,0.01697691126063767,0.014808482709078993,-0.00013757602297352975,0.009032583472847256,0.08381116028293759,-0.02731230576404979,1.32823351497623e-05,0,0.9148675687085372
57803,0.1395669585288444,0.037630089202381985,-0.028135815659906648,0.035356921560808885,-0.21651217144636384,0.12677155353196062,0.005924799245305707,0.05541113959627741,-0.040594772949111194,0.03289561325755984,0.007740319928998901,-0.010092476904501305,0.00954479673589363,0.0012316769863194622,-0.0028152040053089503,-0.002758666174765565,0.07362529342033411,-0.01883570938628651,-0.01605869257149262,1,0.8615026710924216
57828,0.13321683959045502,0.040924681546857855,-0.048573840734854344,0.04908496652291346,-0.1855612374554826,0.14001110153080973,-0.0029219679852072818,0.04147281016959752,-0.04388730965189386,0.043891436380700186,0.006507152712477575,-0.015033343147648702,0.027271763935554985,-0.004158451026068589,-0.003819230166556438,0.01746293095758729,0.10000999446886592,-0.022409372193224503,-0.009788550934867333,1,0.9360069811116232
57870,0.13921738648733264,0.03718831081458673,-0.04173549362258952,0.04698503630930945,-0.19741018879527,0.14492302790948092,0.00961127931429088,0.05188033162866055,-0.05082757099636285,0.021450170956491287,0.00750953065539087,-0.0016604480807759058,0.022966852429937765,0.008994527539377392,-0.009598169112365674,0.01069797673443912,0.08324883537626765,-0.018961671192799293,0.003375373727890046,1,0.9082421816836186
57962,0.1436067968381707,0.03971273175808673,-0.024053292663962833,0.045809466041523014,-0.20022716250705083,0.12987575413510835,0.014607166707175124,0.05026699794692577,-0.07240324086502399,0.046485545706700104,0.025336745675431413,-0.01958452296229234,0.014153894489643767,0.002173597067336559,-0.0004922119475244604,0.008819572237736243,0.07698392706730811,-0.011337196649044435,-0.0106437715372381,0,0.9365735948032828
57982,0.14419759095471804,0.04263248419679322,-0.029358723748854083,0.0502614705791163,-0.19728357655723072,0.12439925458687126,0.00590528472399185,0.048933711350627955,-0.04807824800141622,0.04405451593266021,0.0022966119845112586,-0.007051889005619416,0.009416844464002018,0.002880396188392952,0.00030253132422373465,0.013599627458956928,0.08870265537782238,-0.022868701778589406,-0.0026742274587978065,0,0.8848983456731958
58018,0.12873982981798945,0.036307592438667234,-0.039106481549596415,0.0490683586381779,-0.1945011237628285,0.12518971099517323,-0.002607196891892257,0.038057363977528756,-0.0500012128823738,0.022309854867344093,0.01891426250105871,-0.00028899381261973873,0.022196590167927063,0.021861833076720648,-0.0019380109034409327,0.0060998086797524,0.06491927698397047,-0.01850700870207332,-0.01302755096339295,1,0.8536420616125279
58041,0.13463252596617378,0.035785903213422024,-0.037346429958458625,0.03453510946789235,-0.20256258867770766,0.1487192895788909,0.0013807545013792286,0.04224722135849858,-0.04739393462008214,0.021808755582449522,0.015850900668845144,-0.007848840996173166,0.021583747904019693,0.013163673510139112,-0.010763527313729856,0.012703782489967003,0.09448935429179328,-0.023537781709185798,-0.0037004639395230854,1,0.910054585748331
58073,0.12960486265503188,0.02153888665936403,-0.043631229560466535,0.03799643633981147,-0.1788405201202592,0.12837155887273002,-0.0008591326913308594,0.044250795584336304,-0.043516225393206896,0.044267361470867225,0.006513220495499223,-0.002849327316926739,-0.002024854035760692,0.004156083096375998,0.008872740097569023,0.019183258981661927,0.08481462516366484,-0.02410618922419605,-0.005553981054561984,1,0.8309512888136209
58097,0.13884946120865388,0.028007246357097098,-0.031517268146840055,0.04826252964180226,-0.20133843943579696,0.14374259472047746,0.0036602821758431577,0.03774070747238193,-0.055090352613941414,0.035531034828893575,-0.008785280063260365,-0.013107849144090742,0.002418312856453797,0.0064187667343409225,-0.0012271390885285143,0.010577155915090898,0.10012624174639466,-0.020205118678021418,-0.003483898755355239,1,0.8900896795832643
58131,0.14027910331247437,0.02739572374245165,-0.026229391487568813,0.03517551332626615,-0.22701570552829836,0.144372272589942,-0.006369871121487275,0.05680297827748234,-0.04112521432040116,0.03417156822768841,-0.0008909961544540619,-0.010708231284962599,0.018543096967300235,0.006128678454444454,0.002204297215989151,0.012238509686846132,0.07304856725678914,-0.02005176969537622,-0.0017403908987277505,1,0.8844918795489503
58202,0.13653649067415458,0.0343753591967952,-0.02588645818893371,0.031771429676816405,-0.20347669745031627,0.1282420045706733,0.008543997933494057,0.051775814393761374,-0.037503549976603226,0.03369084771325628,0.008177752151521249,-0.0067914056465782115,0.004653356781326074,0.011144558742356479,-0.003955101804418342,-0.002140016829805693,0.07109711830830844,-0.012925827971355231,-0.005594968151680946,0,0.8182827561621551
58216,0.15195368702681547,0.03759130863433603,-0.021480991547681478,0.03601087713972491,-0.20584368578676604,0.1359318473281138,0.0019836172268117543,0.05179693593772532,-0.054696034561578975,0.0276251949268038,0.015672449739162143,-0.017498196283867142,0.017428727638538845,-0.00012453476717391905,-0.0066583967577958265,0.008553112704084532,0.09541337982485308,-0.01915673094013226,-0.007701558098173187,0,0.9131212668701385
58272,0.14092607411530855,0.027335505919053166,-0.03786534322898664,0.03535541744612044,-0.19741125198765305,0.1501541542250307,0.0011500744410841786,0.04143272501314243,-0.05124591508926099,0.0411466328613067,0.010152829220462222,-0.008785079633882751,0.01146346110145744,0.00993265949062555,-0.0028336310845185632,0.013814162045268039,0.0884319708403097,-0.020440092791794685,-0.005317841775940301,0,0.8951948223112061
58326,0.1366466055911699,0.03447871266057463,-0.031518466179108355,0.03397922277880678,-0.19166852822282712,0.11535822350915301,-0.0012704765404402383,0.04194388273436987,-0.03928345396061758,0.041212603811015464,-0.004327249130139596,-0.03262740050657547,0.023891447226882395,0.015032025473494715,-0.009423104717760101,0.00953951436971513,0.10425046532336284,-0.017341275876806724,-0.00448875157886124,1,0.8882814101916812
58522,0.14093119669953763,0.02158036399190045,-0.03596059565870004,0.04440104286475536,-0.20308300442214353,0.13407103642299442,0.007216291378891427,0.05457132960851744,-0.06487564576747927,0.03025093651574957,0.007669110116973041,-0.021529625098338858,0.00500520044314569,0.002534911927744611,-0.004251824121318088,-0.02355121730054013,0.0895130588452413,-0.02903433920396049,-0.012018403142739362,0,0.9320491335306706
58556,0.13201223079953095,0.02631081733648759,-0.03804778266524013,0.045706353201312645,-0.2031978530558568,0.13070185086886993,0.014252231641402414,0.06226748796062621,-0.04701451881924637,0.039369881895600624,0.03382729556314024,-0.0014400265500984187,0.018426690768966848,0.011466223597360353,-0.01003697008556032,0.003117742571513507,0.08803866064108765,-0.017454323552043276,0.0029652547560275726,0,0.9256541963299718
58625,0.14156825070301354,0.02685880695827623,-0.02819678278094476,0.030522821286621864,-0.2107070441178991,0.15301862278767117,0.004867750731874515,0.05214654874189921,-0.030503008304957363,0.03547356900462973,0.009808413142157227,-0.004003245141022792,0.015905203725758463,0.01264192675791094,-0.009948532613439002,0.015904732184485456,0.09321683223829433,-0.028063962109864466,0.004895100850816201,1,0.9082511541815363
58738,0.15366853616039985,0.023024438081280584,-0.02984992284815582,0.03662150685552007,-0.2006590719257309,0.14281184427175173,0.011578887616784574,0.050838199551193106,-0.03022234760717144,0.03263435378382922,-0.0031128830779244138,-0.030362753505843974,0.006899086143269098,0.00625548006325462,-0.0008174787198445305,0.009008744168297257,0.0921564418144056,-0.018715990879405155,-0.002104989913476489,0,0.8813429569875384
58843,0.14811572250710492,0.03530883156665826,-0.03437935896374343,0.04838257174585854,-0.20541584575432514,0.14428720040781104,0.01804623237884268,0.05661471571100433,-0.04573601003889085,0.03854350167713108,0.00870955442215251,-0.019675925055610236,0.011652400722299372,0.005026011392965386,-0.016692892224085064,0.003921423609536546,0.08881100520384153,-0.00820328605719796,0.006182992459406359,0,0.9437054818984653
58931,0.12642148715563134,0.03904880857319419,-0.010648758135922297,0.05259605687292913,-0.20632580901487343,0.12898779743961014,0.007218600125006854,0.038140225911269,-0.04160025723343107,0.02979793502519598,0.011005261370093299,-0.014956930260164565,0.016455763891511068,-9.522794023947469e-05,0.009885829781425128,0.007581653570097837,0.08361245081394064,-0.02625549039376584,-0.009770787388883017,0,0.8604051308971843
59031,0.11182697886958327,0.03399469846665232,-0.03729696061492496,0.03453705964687095,-0.1968208161341723,0.13294598196601257,-0.0006207684862817133,0.06033805015434851,-0.0352467945969861,0.019975709325445894,0.004706266182856081,0.004515219993558989,0.028826221078276325,0.012075969924446636,0.005335825435101586,0.008655170513540127,0.09561116579973881,-0.03944634959504406,-0.00857113924083491,0,0.8713471460246761
59057,0.13776041506017658,0.01855241825578636,-0.030861058012777307,0.043782053178390776,-0.20306989352628307,0.13377480642705658,0.008986381887014264,0.05463645403970537,-0.03688060053125994,0.03736917403764677,0.008353089849814014,-0.015641648094220088,0.010911973592459242,0.004535921330962021,0.0020003815360419208,0.010384473038831192,0.0895894593021798,-0.013562351009686426,-0.01558671067008051,0,0.8762392633803723
59063,0.13804784124423083,0.026320554828015097,-0.033014230500505885,0.06963681480504619,-0.1909144533931399,0.1399131198437961,-0.0011818816534867839,0.043415130784611504,-0.04199093034777805,0.024818783763703108,0.0011012296695473483,-0.015366569887695518,0.02586955447802077,0.009300563471615847,-0.007330378370809153,0.012549029331932497,0.07870658091051927,-0.03212144709517532,-0.005359200375660799,1,0.89695829475529
59095,0.1447160185012924,0.04623953365635758,-0.027923714603647315,0.04579498730358433,-0.20841295577996943,0.13841121113378133,0.0005168843172358049,0.04542108737099158,-0.046895181714754965,0.04036946643399264,0.014192327363217143,-0.01262489286699975,0.022978284692779995,-0.0007747821547038398,-0.004951374204410048,0.013810490629588449,0.09044457604789885,-0.021831573074900162,-0.012229752158145089,1,0.9385390940082506
59100,0.13783601411270796,0.03931492790250153,-0.03753611541135039,0.04692919303758725,-0.20103620751065207,0.12774230396112352,-0.005857556881283265,0.0527748819384895,-0.03971289753303931,0.03733015690181233,0.008510649273890293,-0.01416040124970698,0.008146285512701119,0.009779927165785126,-0.016053744868854383,0.0173603833268586,0.09427944835140475,-0.014992255297087528,0.0014435412647463256,1,0.9107968915015823
59169,0.14937049065786345,0.04096324482649742,-0.036703825589923314,0.04498754759896717,-0.21428874721081095,0.12758380329549576,-0.016735486246743123,0.04644690032843593,-0.04597213752640703,0.038177402815055855,0.023023684208182717,-0.0006203768208543431,0.01989137227478662,-0.002967264663305302,0.0070184649734870925,0.018932883837579115,0.09031351541928258,-0.00956809198600893,0.012813872594315849,0,0.9463791128740026
59179,0.13944593550438986,0.035171482358785956,-0.035462503655454385,0.05005104194338237,-0.1985666199549194,0.1324491334453095,0.015348669973245386,0.036790274853907394,-0.05469602307316569,0.045730228615028456,0.010715161881704243,-0.01571198245879624,0.024713227321536847,0.0038258255973803194,-0.007280685465504178,0.013408917196834251,0.09910435643926689,-0.03579490924905987,-0.012319558889450287,0,0.9665865378771216
59283,0.14157994215729397,0.031644340372546494,-0.039787869385645845,0.034351983519418726,-0.21409341815413918,0.14614201835260532,0.01862417848753712,0.04897083472855517,-0.05070548154762141,0.02434704201198903,0.011812108891134524,-0.011069866430985295,0.014252119591374122,0.009124885007319746,0.014296999527683533,0.013863691034384399,0.08995368097733536,-0.03195257571764862,-0.009591028054301577,0,0.9561640639495195
59356,0.14354531309910756,0.04325103318194138,-0.02895044531998445,0.04921312978647106,-0.20215628901056862,0.14175638863202805,0.01014716710750304,0.04687320463415028,-0.050542976925674735,0.03449919950414726,0.006167048219878475,-0.022308101230398315,0.031487985366887475,0.0032328966097316084,-0.008613515360678396,0.009121981252987174,0.09693962440703646,-0.013598939284170292,-0.007283861310857219,0,0.9496891002442018
59405,0.12488600815377439,0.0408321533734431,-0.027485731186194705,0.05877923700333924,-0.1962199794304936,0.13058482063876012,0.014725683465568486,0.03819312925381861,-0.03566758189567394,0.02260877702515517,0.020738930012380093,-0.010836672203212862,0.004393858854966932,-0.006215169547013566,-0.0002713102340222373,-0.008553120881893441,0.08717898291618432,-0.0373631097088373,-0.002741504596459742,0,0.8682757603811918
59530,0.1458774191474182,0.03888663329900458,-0.03110979314771036,0.05232374190351152,-0.20488531877024038,0.14377378624779436,0.011158808694998988,0.0446007075418843,-0.035737501770356034,0.03378139136223939,0.005339655314475697,-0.012049378310975271,0.011908611868818163,0.0038763288609730724,0.0019753736026428877,0.0034810288233591887,0.09694586868533733,-0.017047434282156448,-0.008329826350508525,1,0.9030886079844047
59543,0.1453786328900364,0.032650355067586644,-0.020696285066532615,0.03697425823744409,-0.19620709740638234,0.12695083632713203,0.0014272528229581501,0.04511069520073602,-0.04291487273709503,0.033483228601878474,0.01980142343747577,-0.02503625954562596,0.012162591449625424,0.009566521400104546,-0.006873797931659008,0.011865783727066594,0.0929516550213721,-0.018277150204642784,-0.007890170638482056,0,0.8862188677138361
59614,0.13781153075805494,0.03271879150151846,-0.03226111732893335,0.04919649021051813,-0.20207854021499932,0.1305325193239042,0.01928289504412408,0.048660660764832685,-0.04568989541707384,0.032791015816913564,0.0011604643486585946,-0.003835171340876656,0.016491739527622666,0.012993978511484974,-0.005558774559676464,0.008746186990227828,0.0811414271351576,-0.01346499861068833,-0.010359980778413809,0,0.8847761781836795
59701,0.15479549831639197,0.03558156646928485,-0.016200926077621976,0.0489798551105874,-0.20313063776383333,0.1462220051654725,0.0010628583728702773,0.051326296271843805,-0.04458465131381699,0.06260032958452576,0.008305382324441722,0.0036614297904658463,0.0199022098875027,0.010488372313659011,0.007944717260603633,-0.0013640494747525441,0.08931514946488327,-0.03836574411600718,-0.030432425051082738,0,0.9742641041296475
59734,0.1385310206467832,0.044259597244813875,-0.02342627717420591,0.060179443840575046,-0.19851117127547604,0.1428617308750515,0.00467454503743564,0.05370262953677528,-0.04309393069667847,0.04350796342845369,0.010179654599741786,-0.015042427215569509,0.02829161566104298,0.0077922977853960695,-0.01763864924604686,0.004539558501786202,0.08897173409537333,-0.015307129263448358,0.005121457046174418,1,0.9456328331708281
59871,0.13208637633495812,0.03828155313612145,-0.020898847381917062,0.0426288218854366,-0.21303306929165305,0.1432570387080253,-0.00875767991935646,0.014531712653725026,-0.048065355258204365,0.03009369610800885,0.0010564571808057415,-0.007930316213435616,0.021121990791131567,0.011242036447370986,-0.0004884136171968847,0.017229251174886603,0.09530639004625148,-0.031556542295491784,-0.007878474541530161,0,0.8854440229855072
59961,0.14091965153714728,0.0497440772211313,-0.0340184004328199,0.020872529024378302,-0.20768453901430248,0.13475251627585141,0.01307056365753725,0.04562061297068448,-0.03727660696956744,0.02971762197593353,0.005091225509108894,-0.008729745274426905,0.00771923152855976,-0.0017022090807585052,-0.010972438304627739,0.004141368748001914,0.09083157998124074,-0.016531280021217,0.008463072175531381,0,0.8678592697028262
60145,0.13165755956005176,0.04153008695306022,-0.04112199291640097,0.03219630831793225,-0.19775659283288213,0.15204985036416388,0.0009354023090764469,0.03804769439861892,-0.04146258638275687,0.04057289591289729,0.01876126401505441,-0.0060021029061060665,0.014750637546787248,-0.0030203726715804314,-0.0018826693209123002,-0.0014963006416766058,0.09088876585450702,-0.030810524838209577,-0.004466110602151531,0,0.889409718344826
60179,0.1453192693446327,0.020378289872940464,-0.01113778951392879,0.038792563303542194,-0.19219265819178175,0.13379783924953065,0.02092392938102703,0.05223769111727204,-0.039634703760358214,0.04150861727917277,0.016681327391502757,-0.005755199376566965,0.01937107322322264,-0.0005143584903248566,0.0013571316930649873,0.010458195152304102,0.07872909009043591,-0.022804104710721636,0.004289029051375083,0,0.8558828601937055
60217,0.14262342636724518,0.030448103388895153,-0.019319631079723704,0.042583843011932195,-0.20411537982947295,0.12109274583006432,0.008321048277450354,0.04201580020372585,-0.029118121330676955,0.03187713362823191,-0.0010554629577125363,-0.020272951354211047,0.028793275605672096,0.0033871029199036384,0.009300176469068841,-0.00019784001202140572,0.08256325419459265,-0.021979501081661478,-0.00454185521582803,1,0.8436066527580903
60233,0.1467583373026816,0.02914427751742652,-0.0411781063984906,0.03041790662459776,-0.1960528674645158,0.13786197689879645,0.003463732029358534,0.038973715452059264,-0.03699817795137248,0.026501192419874763,0.008556260570038282,-0.02396229558846203,0.011137262449489664,0.020477230399771052,0.001917959558940049,0.0073838634220559675,0.0902792877860176,-0.03492408249145977,-0.000561198746137193,0,0.8865497310715453
60306,0.13994904017886886,0.03623274421148079,-0.04319396446057984,0.04133568349885837,-0.21468659077011173,0.1301962404245222,0.003961824967013872,0.041755709912847876,-0.03771390470105328,0.036111942783550906,0.01437628117617949,-0.010345391012384022,0.02279545215118129,0.008573634903055426,-0.0024323807245424343,0.00046087874882180883,0.08455735719742756,-0.029728308150161534,-0.0044307935008428955,1,0.9028381234734842
60334,0.1389229640619734,0.03577375499632268,-0.02975993927820412,0.04889099980351588,-0.20458278545307046,0.13362489477208783,0.008355888950352438,0.04535854749939833,-0.04199178456982991,0.021323806488480843,0.02112442831079818,-0.0006369766929348608,0.030196807542967306,0.0034721795302036285,-0.01616667649957032,0.0079454222407134,0.08546835690802332,-0.018540986988617104,0.004745289566410709,0,0.8968824901534748
60404,0.13034281018645782,0.036698742673122994,-0.03499008619878593,0.04572743462834413,-0.20036125964854087,0.1251173511293299,0.008255605002825057,0.03299198514814838,-0.047524097087195315,0.033714003785758145,0.0070355779826245515,-0.009415478275280328,0.02878362179848605,0.013049568553881364,-0.01426735810694814,-0.005625284105746427,0.09818125693243561,-0.01604189213742299,-0.007047223144900738,1,0.8951706365262347
60567,0.1429575266396284,0.004966655753992007,-0.04611092301898031,0.04685992390106896,-0.19770080252068697,0.12383259009629849,0.013143404375379779,0.047890222799884655,-0.03984343683232907,0.03164243235403422,0.022720785627941872,-0.009464341112948018,0.018253441169114468,0.004321553244946018,-0.0024401193588034827,0.01377069769881721,0.09939273622040228,-0.020365601814623872,0.0065348361599244075,0,0.8922120306998045
60640,0.1228367192162656,0.038417066488429095,-0.023507886691703016,0.03682929893412757,-0.21151754631902583,0.12616947248862695,0.004309730298972624,0.0486220154251484,-0.035891906213844915,0.03668734449188813,0.016978718491583524,-0.0027294869058377925,0.020933833222646137,0.0031304207328146775,-0.00014954346398348269,-0.01252060178281516,0.10482429630378462,-0.03860205418946908,-0.006698770763004157,0,0.8913567124239707
60648,0.1290693263441545,0.03073268478119332,-0.03554659824849929,0.046897706643162465,-0.20004541044646768,0.1370386175220648,0.007566147131823249,0.047691635303984826,-0.0630322667460076,0.02519326736557549,-0.008845129320368723,-0.017707892772470587,0.010125263412731917,0.008770645822207775,-0.014872940052867632,0.015352552961707542,0.094642448403463,-0.024343596956896526,-0.005612725421120504,1,0.9230868556567674
60782,0.13397520345249517,0.03854401274515395,-0.03945747735494286,0.032002858344580706,-0.18676907273133106,0.13997411338176022,0.0016423974973362322,0.06442607244960573,-0.051517438269362524,0.04090814930775692,0.0146035929584071,-0.019036303661607256,0.027059659183680685,0.00812969878455218,0.005771692451975951,-0.002014748316136679,0.09247748097941869,-0.016115726768699826,-0.004433672461857165,0,0.9188593711006608
60993,0.14084003347985738,0.025441236082894166,-0.02255807293007563,0.038009589692273596,-0.20433156161030303,0.13247957807816477,0.013928711042353336,0.05459967978193991,-0.046431971196719705,0.03097324906159852,0.005530636445203303,-0.0031730328729264296,0.013357655566063067,0.0015083276085180967,-0.009853089727703206,0.008229814018360516,0.08798916504813029,-0.023445685025867854,-0.015933970441965317,0,0.8786150597109181
61042,0.1379341488293435,0.05653514591972255,-0.025130467688903917,0.03396144624991824,-0.1831506918326085,0.14161207429264946,0.007397258130590918,0.04964287754407567,-0.049333200515323,0.02156651202213907,0.016374540147199648,-0.005718130688127731,0.017478959766996018,0.004334394637869891,0.006115553262504032,-0.004891772480950147,0.08128424669325689,-0.030466680285750034,0.00028738854006957133,0,0.8732154895279988
61155,0.13460296511247996,0.04976431606885583,-0.030329708902792483,0.04366775055261383,-0.1841254148874625,0.1418981441198718,0.008503918659187882,0.045224289247224055,-0.04405779759425454,0.016085773714457116,0.010078007922414393,-0.0047219359844181035,0.013781758298356858,-0.0032783349249641907,0.004955165385637214,-0.006756575008292593,0.09055453751329352,-0.022881745598929266,-0.0044634799509715144,0,0.8597316194464777
61178,0.12093908374338908,0.0449193060511783,-0.027750855536194937,0.02827748447036343,-0.2074184019034336,0.12477125137217292,0.012138480825975502,0.045497029620236745,-0.04036540572059587,0.04475750388726563,0.015626071448708905,0.0004173266631703702,0.012836296896574615,0.0016384738477599153,-0.007371898959780313,-0.0024807072576390216,0.0818435834740879,0.004550351758155106,0.0011066786529032588,0,0.8247061920895854
61238,0.14542923608181582,0.03892062277384191,-0.022770377151860297,0.04953649940050271,-0.20673776924866824,0.140864648969463,0.0026946123518991837,0.05084598711493703,-0.045105654663565635,0.02330101787997722,0.0087924410640099,-0.011041170898067366,0.013320578070680145,-0.0017319670474883306,0.003564933252876334,-0.008009917040852303,0.07879629982927537,-0.025190057723608227,-0.011010424775678053,0,0.887664215339067
61278,0.13426967659848862,0.04556423878243129,-0.03444178265544715,0.0509706666956553,-0.2087985887030069,0.1286950842755466,-0.0016315302774092613,0.04954400015250392,-0.04475302095883907,0.028344860398380276,0.01790765818084263,-0.011449231094845335,-1.3327878426755624e-05,0.016160459622052075,0.005414312354898183,-0.0024013962807047664,0.09353652012068626,-0.027694688474169848,0.004243180864764637,0,0.9058342243690989
61283,0.13382820128546988,0.025671972649170403,-0.0274571067480834,0.05442848945908626,-0.20427942698422752,0.1351989006277519,0.00837128529526493,0.04697675765801499,-0.044378423324839926,0.032009290567802474,0.012526968948036165,-0.015210745189540145,0.0179147360174447,0.0068920783226001725,-0.008393865374738317,-0.002180138985908814,0.08536299465964788,-0.02675025477782712,-0.009178972037674997,0,0.89701060891313
61295,0.137854334385152,0.03212258662307066,-0.03918330972278054,0.030468266218010905,-0.20383693361740582,0.14015115722033658,0.009839578200173034,0.03837769942422386,-0.04674594672593532,0.04141637980823632,0.005608156575257584,-0.006707413917707517,0.017656384679205737,0.01608397102926091,-0.00677046318274704,0.007429233886323355,0.08958787359904404,-0.03464125350778746,-0.01941394795639224,1,0.9238948902790509
61299,0.14249692943481784,0.04098048474955979,-0.04708397078105964,0.04285537904778436,-0.20655527047459912,0.12476019465291564,0.004124397780052797,0.04967927619334681,-0.05183632095368812,0.029621736713639157,0.008198700368545512,-0.026240006668274207,0.014921608571216105,0.02155880602261327,-0.006713747401356247,0.012568703669810131,0.08771212517039229,-0.014790208390368485,0.0040731921250381775,0,0.9367710591690777
61361,0.15621696418791853,0.03458654271454794,-0.0255257517622491,0.047990618271517856,-0.21519864303207037,0.13397626968508553,0.00732153382021081,0.057950783929243826,-0.04257900141821458,0.03644266015882015,0.016309006788705758,-0.004795383671966402,0.013150944220917282,0.0005187843162926106,-0.008588409803967627,-0.009381857704613274,0.08777006069213719,-0.03150790095840702,-0.012164238090637448,0,0.9419753552275233
61381,0.12615705198575178,0.02361647484882433,-0.019208848450695024,0.03415698130233683,-0.19462442038472957,0.13894744904735357,0.007960444815787482,0.051333291646822446,-0.04557849246509404,0.03865042545302325,0.019191731745435998,-0.014171612089444889,0.022788220639426846,0.004387553675723773,-0.018949880449110716,0.000367768011019368,0.09664047058444925,-0.02303642082731928,-0.018349604281344488,0,0.8981171427036929
61390,0.12520257437932514,0.04762084305418553,-0.028434896558860327,0.03013955325565181,-0.1872251563268321,0.1389802574856917,0.023036277866378074,0.05220708834167293,-0.05695071177110344,0.015424629514353668,0.009686645666179963,-0.004478592385150517,0.010801970649809069,-0.003773657902522662,0.003597893015247532,0.008490341443313947,0.08452992185167876,-0.037188624339767065,-0.012229112299834618,0,0.8799987481075588
61492,0.15022146260829766,0.03775816276541946,-0.02625510704541074,0.04455823320783728,-0.1971199172717254,0.12266072554927243,0.009715620690934701,0.05905232906950559,-0.04355771629046885,0.04082662698348744,0.0188270423489753,-0.01316976760943794,0.023515000607911354,0.008048127325004052,-0.0024449069386353545,-0.004803005846561512,0.09828315583048251,-0.013902643366659731,-0.010749313707252649,0,0.92546886506328
61566,0.14260721790654643,0.029145917205123797,-0.038949811396908625,0.03711064624036427,-0.21496324234351255,0.12726316403407475,0.008123080910249719,0.054916252294295184,-0.03845404530715484,0.03092053914997918,0.004862720717573153,-0.005136988292943363,0.015390533354065103,0.007971971328099394,0.00543307792667271,0.01243784127716594,0.08987103689257836,-0.02742672588888774,-0.005652362042618438,0,0.8966371745088135
61582,0.14867904394244263,0.027633896321904473,-0.03187118456145398,0.03030544621152433,-0.1838011215904329,0.141100583490621,-0.004337464807464758,0.043066450388621655,-0.049595931814427084,0.03245712163442333,0.013536252405760854,-0.015826605225800726,0.03126565508439395,0.006537297383497161,-0.013706750226443649,0.012810422778566944,0.08475881570427213,-0.016218381927466424,-0.00430060286601617,1,0.8918090283655341
61589,0.14504255422435286,0.0387291400605563,-0.04549122194944602,0.03729612575250189,-0.1885580911193369,0.13864625699380667,0.015452026591677926,0.041582248507760856,-0.061309472207779825,0.04317581722078485,0.0037805798179421347,-0.004159683438027077,0.018789653174332746,0.002895943611782679,-0.012673198683747904,0.007917961196706354,0.09378528738062585,-0.01324195835518803,-0.002673701752653856,0,0.9152009220390107
61635,0.13184538273209748,0.040194754300081986,-0.0435112551951865,0.030124567403545504,-0.19673335158781133,0.13271214197885137,-0.002454253564024576,0.052820771084558675,-0.04582929007147707,0.0082309443947625,0.004968854349700017,0.0034349335692972277,0.01647130566129255,0.005000177750107261,-0.008818007223657758,-0.0026175634984899722,0.07274253676249505,-0.019016566875230415,-0.010842940838487495,1,0.8283695988411547
61673,0.13856013929888164,0.03442291075603782,-0.03223978849262809,0.028369130673726692,-0.21750921657515335,0.1322172150453942,0.005146874498729115,0.05189269944604074,-0.05282864962319668,0.02858656239734253,0.01317294444504704,-0.018537214390199633,0.02466184979411083,0.012851923627845796,0.007813681604450926,0.000817853101088663,0.08137129544023625,-0.015138278421762782,0.0040819722935424895,0,0.9002201999254152
61686,0.1483724078418061,0.048367444540864286,-0.04495116970961561,0.042513654490526305,-0.2100297830392919,0.1350261138327197,0.004243728088011888,0.042359183692486126,-0.05579400126495024,0.057636609889437015,0.0224173234546925,-0.003688207242263058,0.02083981807845015,0.0064086611416039095,0.00017109432947811994,0.010374722090976354,0.11312643380605418,-0.03974473660952328,-0.009339120687945165,0,1.0154042138306958
61698,0.13530444196930913,0.04190197600248797,-0.030783811108078478,0.04293020041807661,-0.2155883727038496,0.14477049913499604,0.00394314974793309,0.05191747742595082,-0.056162279092912264,0.01962406100735368,0.018387970357248425,-0.011193390010034885,0.018460943902990724,0.014409645543887375,0.0023803672444863153,0.01655699651770692,0.10014868080139361,-0.02344787371152683,-0.013653933333806167,0,0.9615660700340289
61735,0.15099019811141232,0.029845432029459273,-0.03379053018406986,0.04149047554822347,-0.18890173391950713,0.13003103433881114,0.022036181186200387,0.04420930349552072,-0.04279714352790786,0.03254768833788362,0.017663959373510743,-0.010850826641333177,0.024027836976947575,0.00817777398179474,0.007894187793908847,-0.00192340355751264,0.09079610611033964,-0.013514175148356174,0.0017347043384061897,0,0.8932226946011055
61751,0.13844729459690067,0.027748825936765902,-0.03187173637741206,0.03165420513234748,-0.20306626746198206,0.14540629456879078,0.020060887335948373,0.04251724768006917,-0.038821584403648406,0.03552006222996003,0.005372032994676441,-0.01629593848386878,0.010467523769284975,0.0161370335279526,0.001129331180618144,0.015823880235659397,0.08439258900593045,-0.017333376924703492,-0.0016816825486112442,0,0.8837477943951304
61872,0.11978403667079487,0.0492395716488683,-0.03784498327032494,0.04221348769592843,-0.21817390193930614,0.1350367147407902,0.01040376518147583,0.04619601859534766,-0.03966247263699671,0.027736444549330358,0.014155216396162865,-0.014549094147675412,0.011915593510149742,0.007390705080727476,0.00542451264177127,0.009353698213574374,0.07892521933508495,-0.02338015776680018,-0.010246142630881527,0,0.9016317366519913
61994,0.12501983685593518,0.038004955551374786,-0.030963348398740466,0.03991803984700661,-0.22780223378573886,0.15553814563578183,0.001590648065232541,0.05931979608300505,-0.03799987085435293,0.03620715176199089,0.025411995320407613,-0.016665403659216812,0.009513837342957675,-0.001294620000987389,-0.003946202729202037,-0.0010790022445983068,0.10042465637557034,-0.02457300411594677,-0.015798287189239164,1,0.9510710358172852
62279,0.14527285149043634,0.04206183419261175,-0.033080802896067435,0.04381321444769074,-0.19801950371326377,0.13301709876123738,0.003427471312786136,0.054328913569742565,-0.047319533224226405,0.037264797021869724,0.008245697262143269,-0.007770601535074225,0.02387727064658904,0.0026839852733120985,-0.01661055166301949,-0.012224294784502045,0.07782158514364264,-0.01548205318648815,-0.01576395648481707,0,0.9180860166095203
62281,0.12540571878910997,0.03000438915415162,-0.03918947982851222,0.04749230554201602,-0.20042493466890188,0.1359959411250007,0.002234958466906273,0.05194225934765309,-0.043079851310104104,0.042101224433992945,0.013277635630888221,-0.016430506083746944,0.005853454043741556,0.012158347843851221,-0.004150411690423155,0.008423428100610687,0.09052541047507111,-0.022359210808408785,-0.003454343411845384,1,0.8945038107549359
62287,0.14190489057718841,0.02569405206726939,-0.024936218368853118,0.03429096535496436,-0.1881802402948063,0.12906231179643518,0.01331344104612511,0.024408698947457053,-0.03312432162408997,0.026246557400160412,0.019519239740610938,-0.019580978801280347,0.026029733842565298,0.018382623027917447,-0.0021317763400202972,0.018105676524948964,0.07940107626130763,-0.01877985458213638,-0.016145617355071393,1,0.859238273953208
62292,0.12874562868476894,0.02273903432118577,-0.03928629132277932,0.052705962088383976,-0.21614916655507974,0.13525396780919513,0.021064437378706113,0.05297198250663543,-0.03256966042760481,0.0373049806941958,0.010252505969805186,-0.0049745442092059226,0.007811515140241687,0.016510437361312705,-0.014757268505693977,0.0026181010891639205,0.08580219459053189,-0.03419164217836077,0.0013161848379145164,0,0.9170255056707656
62323,0.1269000388747743,0.03588552175745662,-0.03243016136428353,0.0413052878140852,-0.21694408696348993,0.13476410734517108,-0.012221891322494132,0.034268100087676875,-0.04632339144127076,0.027878010390776666,0.017777572002367636,-0.017123202468995284,0.020419071124482803,0.006684431073913392,-0.016851136761212984,0.006998248277182706,0.08267369832083496,-0.02057748564625613,-0.014552684892930616,0,0.9125781279296556
62341,0.14111032425631367,0.023177289942836733,-0.0330538231178126,0.04071162017613832,-0.2187071576055665,0.14122373927044435,0.021181710807972716,0.04062651847306568,-0.049331827599245204,0.016561161489041718,0.015335285640700295,-0.0006719725608466387,0.023812314931131923,0.011415322890650892,-0.00416432885944539,0.0006109967932942848,0.087672087987885,-0.019430198321088187,0.005216523659940485,0,0.8940142043834206
62358,0.14691224135430625,0.039812132776892814,-0.0375830040842577,0.040096786200308356,-0.2044454605126402,0.12513948655745663,0.006236672094316477,0.049523530169820924,-0.04237237453362828,0.03814674379916176,0.012761615419721699,-0.013955504522190349,0.004433559686044289,0.015465258864429314,-0.014417967548232113,0.006504135404454318,0.11504427062767632,-0.029937921876005483,-0.009555228690095697,1,0.9523438947216389
62407,0.14215855886148515,0.036922150242183226,-0.034208707832589794,0.03897129989925907,-0.2011360796383242,0.14327137549036353,-0.007497177507717573,0.05806363023883423,-0.03878619485503778,0.04711049945907571,-0.003055418293409051,0.0012618350751709795,0.02717372806834855,0.012056064458406285,-0.00191586675815171,0.013971660787740097,0.07312117506535544,-0.02405447049425159,-0.005482842101079215,0,0.9102187351267832
62410,0.13660738298818562,0.033171410418646574,-0.01357258310964095,0.040325465206524455,-0.2031433398564016,0.1397088671160491,0.014496367546929262,0.04100192087913631,-0.03667501546996109,0.04137267953794433,0.019603910852244305,-0.00968954252875801,0.019427590017890704,0.012448609353273483,-0.00471097506659062,0.0029052194550905313,0.08685496399907194,-0.026931582140994958,-0.003539687608559355,0,0.8861871131518932
62413,0.13749579369153098,0.043697216687870966,-0.025334416889649387,0.06730350106497644,-0.1904769800852777,0.1278523899706593,0.00021998897931654632,0.04441396339449321,-0.05199449055885507,0.02682879142247341,0.003377545587026889,-0.00083053867376628,0.016132155965690297,-0.0076874644422361095,-0.002029512433897408,0.0005286726487779261,0.08471799862449493,-0.0013992899164430696,-0.002291560925288148,1,0.834612271962724
62452,0.13810829797889493,0.04025590274737503,-0.02637440738606168,0.03801783588574706,-0.19411773462242046,0.13987967284154768,0.010070245641238686,0.05058748885657582,-0.0367506847705222,0.040862850532230904,0.014515074724769506,-0.00046426342145709445,0.015473897803069733,0.012165213740373366,-0.006022001506074344,-0.0026174761367809465,0.08111760843872698,-0.031966464784070864,-0.016314161471804443,0,0.8956812832897417
62596,0.14829842671623972,0.034147673750977194,-0.03990281475282245,0.024039544828718045,-0.20475397209986892,0.12818944317654968,0.007959166210303462,0.053807511217126534,-0.04847801556502323,0.02835350646639025,0.024082521065868594,-0.01372176853606846,0.020692139726158805,0.00504776967849225,-0.012117918760446376,-0.012227097920082801,0.08987333730800254,-0.024399040371901503,0.0065325800322304575,0,0.9266242481832713
62655,0.14579903382041406,0.045638515059823186,-0.041714566255644854,0.040229753316653294,-0.20213461917509615,0.14181079520868012,0.0021639804472183906,0.04547482793954185,-0.04614340549252084,0.025510370732478933,0.012919671795784543,-0.01682522913729273,0.015285091552142655,-0.009140222549916673,0.0008044168027561836,0.0014568378556616374,0.0871597481451443,-0.015760821796507653,-0.016787816956698037,1,0.9127597240399761
62802,0.13770742676220357,0.02913986982647612,-0.03696038127438941,0.047930411989540234,-0.2129991059206205,0.1414027984388204,-0.005028719919903444,0.045259508404710706,-0.04342198748330972,0.036370186181679566,0.007101317505384579,-0.024220840375609978,0.01848715613828075,0.021123711657937937,0.001560140215864358,0.014650363795566867,0.07508008529045275,-0.026736471092590842,-0.016368452816737687,1,0.9415489350900794
62826,0.13124029029729709,0.021687748953242398,-0.025997333196163673,0.03860712921534027,-0.209778771719666,0.14349044728962862,0.0062525989214468865,0.0386892532601115,-0.03421756916963187,0.0375793875707929,0.017161159788496427,-0.01644478880593682,0.011433879193248392,0.007525689260413941,-0.0007173807935884356,0.01270734043117037,0.09448983286100811,-0.012938616468377555,-0.013590515835140041,1,0.8745497330307013
62927,0.12884679879615457,0.038573669503144066,-0.034578908679642674,0.032833663914948776,-0.20178474536323274,0.14474447279192082,0.006168124264513674,0.026458364500191612,-0.049896591886639155,0.03236162001847961,0.017083083347530895,0.0013614907662874915,0.018642531373059237,0.006350300103467174,0.005154374810402448,-0.00010466406999680723,0.07801864451837476,-0.026216768810795592,-0.01053675186817517,0,0.8597155693869573
63062,0.13385780850903292,0.03790515784048968,-0.005377981910186739,0.05213476383633829,-0.20313950328309632,0.12294781344414846,0.008409342698149328,0.04733968081502661,-0.03176572938888923,0.04936146724725412,-0.0002153241602983824,-0.020197901444362204,0.02371060861833593,0.003899320980969556,-0.014835585641135133,0.009684610650173625,0.08311142360248837,-0.028435866965931735,-0.0044187830821905095,0,0.8807486741184971
63063,0.14087612621919468,0.03726625254625946,-0.02779025239233136,0.039232137945898776,-0.20909094475681544,0.145644649574306,0.022074065608130952,0.0407627200646549,-0.03967956374572204,0.03402588244463308,9.566175313413576e-06,-0.006276893150689848,0.007831218997921168,-0.000921280939395141,-0.007502531332471807,0.017548923282396447,0.08530942354514617,-0.010004083301450776,-0.011707585650359134,1,0.8835541016730906
63099,0.13658850655760452,0.01979063970073275,-0.026235351856615213,0.03592899129254393,-0.20636000821182726,0.1415070080008558,0.012201399856766094,0.05787571648663526,-0.05766491275355717,0.03379763176771437,0.0142617160455368,-0.021525936627225115,0.016715628758942714,-0.0029506035249342974,-0.013197842956800923,0.00039043770560682323,0.07886441881686301,-0.024187290379745915,-0.0013541101504062044,1,0.9013981514509142
63248,0.14920953288826072,0.04299423772154736,-0.03463788155630009,0.03066752913298232,-0.19433673239548066,0.13676567124867425,-0.004538062276225633,0.054872376237477906,-0.039791292281433424,0.05023074242818817,0.0008021296719326524,-0.014680153184047305,0.02826549745437256,0.001013940178235557,0.00531684220243273,0.004952238466043423,0.0962317835825589,-0.03505733317393527,-0.002206258234005262,0,0.9265702343141342
63265,0.1349426521223906,0.043030728374546516,-0.04213083809606551,0.044238314402741036,-0.19719774582049726,0.14546892494183025,0.009670762440778632,0.05613584106511867,-0.043372681069438174,0.03817387518333805,0.016773900935754572,-0.0002632727646268041,0.016008548825722637,0.006466548580884467,4.731823286841631e-05,-0.0032726584518720813,0.07646287666067915,-0.01100623735266132,-0.0032992934819636045,0,0.8879630188037777
63295,0.15331633055902666,0.04390388913671185,-0.04831795236183564,0.02718828647952788,-0.21162903351694218,0.13079788885900043,0.0017412247008264917,0.03828331331932765,-0.049353198038746,0.037980642919280945,0.010224916690068166,-0.001611735306004777,0.01285751894482849,0.0007945938624783889,-0.004242853318804899,0.005234325232016999,0.07621802599759173,-0.0272653021548888,0.005324960842444533,1,0.8862859922403525
63312,0.13725055234781322,0.029763057555040096,-0.04063004045646227,0.05655491563155776,-0.20396435539249613,0.14078807171728472,0.0006091550330155288,0.04797399902123809,-0.0536583088069702,0.03804306924149424,0.008787032362726807,-0.0037432403227000573,0.022123933041064147,0.014185861178863952,-0.0038200729031056626,-0.01914544930805849,0.08930469317175624,-0.029135819695563926,-0.008940123974996082,0,0.9484217511622076
63388,0.13615089200908487,0.02226778480118635,-0.03192713971957356,0.03663315831568874,-0.21754802042823485,0.12593748930148654,0.00464475371903546,0.058048780144088784,-0.0340054053735554,0.03707017469900223,0.007385211672573764,-0.002720585308772518,0.022361725441612187,0.019421572279509934,0.006041051708785576,0.016565479907829514,0.07973199747366587,-0.012122212681402914,0.005546379680266471,0,0.8761298146653556
63520,0.13237528599431303,0.02605719124133374,-0.029650646279722505,0.04587303346058642,-0.19570936188044777,0.13322498789955906,0.011118273387591398,0.05870208400005517,-0.04904853553637708,0.037991200097075864,0.009108314414118409,-0.01159244302526738,0.024319069849917226,0.008594474657222137,-0.0016687831236764316,0.013941499865724684,0.0858759754207054,-0.029095663691531777,-0.007799650722993385,0,0.9117464745482189
63578,0.14043880015825788,0.03619738615246028,-0.0133490171952909,0.05156579900790185,-0.20638112627445854,0.11794986757259342,0.007131423947098779,0.052952836691467435,-0.042409868150320607,0.03761183295155327,0.01635999819200553,-0.0077362555223942,0.010952055549500241,-0.009186346305261975,-0.015062278362007525,-0.004886962399738049,0.08574718752321367,-0.0018475056487359627,0.00805416700752797,0,0.8658207146117881
63666,0.12390563163389011,0.035839970143072546,-0.022294845334569813,0.029614549255793265,-0.2034502671244514,0.146464779839461,0.026949824064255445,0.05670224430671718,-0.04809156207837598,0.037738500985154966,0.004376316100114108,-0.012359273179049893,0.019729067734372063,-0.00021134843956331843,-0.0013274161211736988,0.005431738098136914,0.08500443396737004,-0.017260184907014205,0.0013188414343424917,0,0.8780707947468784
63680,0.14035945457315957,0.04365262712698053,-0.020547890947316728,0.042202626870265464,-0.1971552204724491,0.1363279463802815,-0.0017833869551761485,0.05247904543836146,-0.029369967745742197,0.03754193713159435,0.001830035599495189,-0.02970266329653679,-0.0008555219700141137,-0.012641522361808662,-0.014225958704524843,0.009523219937121139,0.08043292371036004,-0.019124992597945378,-0.002716807928824215,0,0.8724737497479574
63721,0.13749918624051896,0.03097813763532374,-0.010735702827498984,0.04873539187966316,-0.18631923747561446,0.12588738290266188,0.009165858309629541,0.05594676100260745,-0.03376094629671146,0.03636621993809418,0.00439625009606782,0.004347668228763178,0.011517969609932248,0.007274257563522485,-0.001025132671666559,0.0033909801963563123,0.08880172974523194,-0.020739998409239648,-0.008715556788789987,0,0.825604367817894
63752,0.13975005432123014,0.023627800735978404,-0.02914515275580685,0.04901358145221043,-0.20251157573409556,0.14109060272652815,-0.0026139445682538463,0.044917113215911526,-0.042243685672180176,0.035215729688143314,0.0061877207076834395,-0.011450340718299196,0.01713572882854092,0.003846951251279766,-0.005220694907978204,0.0037756060032214864,0.08811407859956931,-0.01964480768957454,-0.010974356156041557,0,0.8764795257325269
63796,0.1320740427641791,0.04555869825654952,-0.019654672750731232,0.03148685793163916,-0.21399908019751593,0.14619617372066884,0.0022966835804370143,0.04846491010216229,-0.0342177580827948,0.028461494799252647,0.004812462630801051,-0.015690258004844953,0.0221073789372198,0.016545018778925783,0.006902206304738236,0.0019534972838403,0.0932049791174387,-0.022500159220623754,-0.0020869359428568623,0,0.88821326840722
63875,0.1427667401662796,0.038581981244650856,-0.03963791333547244,0.04056010285175059,-0.19544665385092108,0.12293174879839136,0.0050770171935302965,0.051110210276550695,-0.05238042405636558,0.021892358121642596,0.009222239084796434,-0.010980770789722254,0.02852928109160327,0.004279398196185955,-0.012981899293453662,-0.001571549999578714,0.08923157140548196,-0.03012266594994907,0.021814085311455438,0,0.9191186110177818
63902,0.1560748047615892,0.03350212341850395,-0.04250348998968548,0.035722475938546425,-0.19599752552717056,0.13937159390817633,-0.011878805946724188,0.04874670867377223,-0.04890286061134447,0.04600336708692673,0.012816206762966693,-0.015848097440869353,0.013267920556480376,-0.004939543025151506,-0.001036292837108818,0.010996202291354314,0.08207567193988724,-0.020877375949020876,0.005941930347400887,0,0.9265029970126796
63923,0.1521493360929631,0.02974092093543076,-0.0458839513351484,0.05640098324128117,-0.2117137385644976,0.13539111331617487,0.012034279483743436,0.048923837121513936,-0.05242066502629569,0.025608622744897926,0.015608784493695986,-0.011339027467731515,0.012761962203509001,0.014469486435949964,-0.0035459793502350873,0.019987780977299145,0.09176495747608598,-0.02063195678234909,-0.0063130205495969625,0,0.9666904035983996
63955,0.12934975548800623,0.03329205648942541,-0.04380073566052582,0.0378529322170982,-0.22252095551351592,0.14269216906020213,0.015723372433730336,0.046925951382982355,-0.04072381340929499,0.028322175519441682,0.0074834281737765,-0.001096258037639125,0.011114408311741498,-0.0017742556644908469,-0.006746307966256587,0.012614076571078056,0.0792186285413824,-0.01857757245081925,0.017197001890262617,0,0.89702585478167
63973,0.12483561007368726,0.037902061419611985,-0.03212352537907195,0.02854437940935602,-0.19734816624796764,0.1397914657344278,0.005070794384023389,0.05114379580077121,-0.04738302793240462,0.028520339804533727,0.014952767235896109,0.0022720250479960984,0.007265966347941761,0.005878325530105281,-0.004178479402102063,0.003868599332839427,0.09777804289505677,-0.020794239096065675,0.00482259103075951,0,0.8544742021046183
64000,0.13396533179007689,0.03977935583588577,-0.03623365285672894,0.038811659896252716,-0.20346249995880647,0.14499747862654197,0.013297824443487444,0.05290215730017836,-0.04998865725173555,0.030422117140355087,-0.007273096792731547,-0.01761550590395963,0.016830223155275454,0.004400310350469932,-0.0005524475785269392,0.013634919970091093,0.10292461350887035,-0.022959167352405007,-0.0073121236560308445,0,0.93736314336841
64155,0.13771243381326095,0.012752033345588323,-0.03197890201582963,0.03647910068235584,-0.19942663263595442,0.14687821189659614,0.005217029842821801,0.04587451654097632,-0.04477582800363224,0.0434955328914029,0.004832384752140263,-0.015929367068385374,0.016635090323023217,-0.0060882595130304475,-0.004042043333069414,0.011297906608151977,0.09063228994899025,-0.03738218384920775,-0.009414420941666118,0,0.9008441680060834
64282,0.14165430434433793,0.03821876036355816,-0.024278798847345656,0.04287804834087888,-0.1818581504850565,0.11779002365143569,-0.004715916071637107,0.049612402362796036,-0.05401931851104786,0.021943453203867917,-0.003390325986012894,-0.014709457250210325,0.023002128788532274,-0.0008033578436685827,-0.0004205897763449178,0.0047304996486607805,0.09509815587386203,-0.027194371433074516,-0.012947037384163855,0,0.8592651001664919
64296,0.14217312198426615,0.03738580380384523,-0.02541846993010392,0.050957793422698024,-0.1694801502929541,0.13470942104455452,0.0016025719133408336,0.02452178297910036,-0.05335462177453614,0.02462539383142981,0.008568515877768666,0.0081127880957836,0.006544267908386697,0.007887599757629149,-0.007687672572796038,0.01910235524418719,0.09201124344154346,-0.013735702198925278,0.005146148235078778,0,0.8330254243089279
64471,0.06983368036848893,0.032611752922034234,-0.022521028289147586,0.027619151321322043,-0.09462272166381423,0.0755401799739775,0.004537953312088744,0.021219005194352835,-0.009166363299874579,0.028462634498618262,-0.0016519034567023447,-0.0014720874109530671,0.012865139381079542,0.0019990640226008128,-0.00977137093570854,-0.006160858053430715,0.05872541308818648,-0.011465166379716195,-0.009885339638797556,1,0.5001308132108941
64496,0.13487046953164863,0.04536470192054846,-0.0187436963245377,0.033115270786342944,-0.20417767532561282,0.13840917092592672,0.0015857080203049055,0.06060679603482257,-0.03545057097765946,0.019414294436987528,0.008030931520373237,-0.008696871053760477,0.01963100309667763,0.017961050737028812,-0.0067696586765186115,0.0008767642195715563,0.09073666672554596,-0.01785506282687221,0.0054951157079526055,0,0.8677914788486929
64528,0.12127208302783128,0.025549738375623927,-0.029760272611418358,0.04391616318917353,-0.2076311403794549,0.150304837183639,0.005946867193348648,0.04120701626140468,-0.02885339502416548,0.027871341963807306,0.012452662029547978,-0.021069119636655264,0.029847692183332483,0.00041518940704296417,-0.004603677020765731,-0.0038660577430809037,0.0995923438532862,-0.026341136989391258,-0.0061792517852173575,0,0.8866799858581873
64545,0.13462364820630526,0.027582426067482572,-0.03475384548183013,0.0405710995051841,-0.20580955752900226,0.13924237068940232,0.0053702354024157215,0.05068130890023713,-0.046651962007809855,0.03353643878042932,0.005840379573248318,0.0022462088808972904,0.00872890644441435,0.011955638771563134,0.019856533706964864,0.0056491118994015975,0.10433225073088372,-0.03026631620550091,-0.010964073405160955,0,0.9186623121881338
64556,0.13559609099087458,0.03682527590747343,-0.03039770097107276,0.0400878368475783,-0.19493697997309323,0.1314840947411246,0.00469923610900059,0.04907855352493939,-0.05219785763797649,0.048012351228534304,0.004964656012431656,-0.017062101632625903,0.007881290562380985,0.008632028618034254,-0.006232132282614218,3.8417185076594676e-05,0.09252401029837948,-0.01437996557244154,-0.0052510815709706175,0,0.8802816616666229
64644,0.1303968399215762,0.047472114622857546,-0.028215408349817377,0.05112985510039205,-0.19565262367656644,0.14703471102536234,0.0032369007798898615,0.035795911330542295,-0.0497435253878522,0.009912378782118904,0.00915861198336978,-0.019197626161649814,0.028544152114121927,0.004767900846032322,-0.009160799553943175,0.006336016521598479,0.08359351334269934,-0.03371068917657195,0.008787533164923816,0,0.9018471118418858
64719,0.13688833405580383,0.04321948953976014,-0.02192929942221027,0.04712344604562602,-0.18712558989032513,0.11862556496473022,-0.0020947954296326697,0.056659639503402096,-0.0442670920935015,0.03324715502912176,0.012292391659284363,-0.012941804525693766,0.018353888131680308,0.010179224992928993,-0.011493449424572484,0.011735218834100477,0.09538950028536819,-0.030094193081698008,-0.0016905041650205003,1,0.8953505810744607
64724,0.1278001910644571,0.04316445731381253,-0.03360098511515234,0.04342122181016444,-0.19752268385675734,0.1364254902872448,0.007152012975736734,0.04549788525659796,-0.04507355979825224,0.02959050955737033,0.003911154994832928,-0.02127141282345489,0.017384320258755675,0.0072095639948888835,-0.016225580780553823,0.001842683937354618,0.09589469956846441,-0.02657928387080458,-0.005743047717414416,0,0.9053107449820701
64979,0.13797000597185882,0.02373170542739144,-0.030039083320560864,0.04830396100661163,-0.19578802190512845,0.13735228759511484,-0.0005880519110966454,0.06340436226293472,-0.05013918046033305,0.03864415707472298,0.010984648138923603,-0.009731795699901008,0.02104422929362953,0.0012620616039827955,0.009091469574823745,0.016502985569444142,0.08293326810605227,-0.037279659803866605,-0.011533083391561302,1,0.9263240181179384
65014,0.1443742552870259,0.03153657024898152,-0.034098203236049826,0.05139362414821202,-0.18049493986112528,0.13767973598124997,0.002962807773143133,0.040629856859127726,-0.05985322200770335,0.026244856833347912,0.008921668143015456,-0.01787086866035514,0.022152020004583224,0.0062882240921573514,0.0022747276988558723,0.0037168472806705386,0.08317181362047303,-0.041216519611983374,-0.0022243457432785125,0,0.8971051070913392
65015,0.14355700339440264,0.028854194406692957,-0.025593354432636176,0.03563776831976817,-0.18849489129832056,0.13244259098078034,0.0012267968687481572,0.0531585915134721,-0.04716601726237266,0.030160994125827,0.010674029222175611,-0.019097989999515303,0.000787840010675329,0.00497487801032638,-0.01102767378328576,0.010378388468941315,0.10148362457963082,-0.02103653645857723,-0.010188561533983665,0,0.8759417246701322
65048,0.1385681885867744,0.05226917355702273,-0.025367437202756273,0.039644830317937516,-0.20317224944488918,0.1368933411544454,-0.012452565484430609,0.05221197392058577,-0.04840400975657821,0.02964104747202388,0.0027324885302541873,-0.01697829324366618,0.01809806927117411,0.009761547551462628,-0.0015638180874308336,0.00012018440570079497,0.10279938124438649,-0.030985824545733665,-0.010084051620105733,0,0.9317484753973586
65099,0.14022240684484147,0.04884941045928345,-0.032316120345038474,0.038344277732411496,-0.17790996811084106,0.12838609466155523,0.0003544384347565406,0.04010126826239955,-0.03202380034891679,0.03937065826702499,0.020989257412481834,-0.021833709256174352,0.018387500883873323,-0.0029887486817693786,-0.017434714684239478,0.01487279128191824,0.09996117724797318,-0.022949279561918806,-0.010335758203919495,0,0.9076313806813371
65164,0.13418907472586517,0.04535318395933421,-0.03219482654937081,0.045405946419849776,-0.19543961249277,0.12687794817785147,0.0026010465363164974,0.0497494127326013,-0.04648379942560217,0.021218780154147743,0.004100860636763938,-0.0065539480903782825,0.003042318765488597,0.0016123882594299994,0.0006174645474212625,-1.914277968255034e-05,0.0828274642384883,-0.03906807518859173,0.016132031456223953,0,0.8534873251361778
65176,0.13455656438685126,0.0376051732124232,-0.026851113099850277,0.04437994312168489,-0.1908483685351432,0.13194311404784534,-0.005047629609949327,0.04537678881554042,-0.03309977753570011,0.027802812650150877,0.0032298256165353527,-0.006866682300179745,0.013982956019324831,0.005726688788169464,0.013939017362611897,0.0015808706912130413,0.10069205357214257,-0.017864604733162346,-0.0014070741944034878,0,0.8428010582928817
65216,0.14978530830006623,0.03393891089993942,-0.025387150008707598,0.03148315497063682,-0.19410459822339268,0.14520812510870065,-0.003497850797995228,0.040875107615914306,-0.04580931108827787,0.04257416858798346,0.00873497171270413,-0.008868719093466718,0.02229561132708004,0.011471410971071508,4.219149778237175e-05,-0.0023420549454488565,0.08478396417713073,-0.018189466048468456,-0.0008328431304206814,0,0.8702249185051878
65263,0.13572573491078044,0.03696497429164016,-0.03487857133748921,0.019354296281426063,-0.19228363932036582,0.12419757735176222,0.0054348709181347475,0.05830004421419309,-0.04185907204106972,0.025005238873604025,-0.004150470468432335,-0.00864660385103848,0.02286035157893293,0.014743537004309597,-0.01617624292255891,0.01088300841380862,0.08988720594408628,-0.02597155613415897,0.011210261715693124,0,0.8785332575734848
65269,0.13992236135761701,0.04085588951951428,-0.03401512462049262,0.03709893069609892,-0.20660931370535549,0.12961010723985558,-0.002267509240765639,0.04364200205014874,-0.040812992739916606,0.029317480473317475,0.014953941054180428,0.003135760152879093,0.018757286864958162,0.012379535412415764,0.0057997840977778515,0.019655459148105167,0.08821461707406134,-0.02822825062682719,-0.01568529212989806,1,0.9109616382041854
65365,0.1471688482732841,0.03552879744631789,-0.04421903055067187,0.030160229754120166,-0.19495700237361926,0.13691236506522098,0.011802109550047336,0.06302593975555673,-0.05724977386857035,0.03137083599430588,0.009791723166351868,-0.016571624227274772,0.01639820001441843,0.008302940360632009,-0.008293776703534348,0.007074707915928744,0.09076104649100075,-0.024418205841351598,0.004767990878617807,1,0.9387751482308249
65476,0.13303135680098405,0.04813529263384685,-0.030315611634137117,0.05348110394447647,-0.2066492206007769,0.12830122787473303,0.011676671497191692,0.047295027537275124,-0.05188136932974824,0.035167592862911205,0.013714236422183586,-0.0044252340360265135,0.012833438840864155,-0.006008181129588685,-0.00491353812924941,0.006355742741180986,0.09580868865488204,-0.021674540743521976,0.004438558747383574,0,0.9161066341609616
65520,0.1371227012779554,0.03804987047647235,-0.03838266594643677,0.03853904059387489,-0.19378486221814625,0.14799147311322297,-0.0008965547889657598,0.047236550751303605,-0.05182571078595512,0.025841845523764007,0.022115442858207005,-0.018595478264570253,0.014536130964088264,-0.002746704843778413,0.0007728941054871534,0.0011267204779663348,0.09369329008780494,-0.016354578488913894,0.0022166772755130466,0,0.8918291928424265
65571,0.13797791292034645,0.027913982367637896,-0.02355262884696691,0.05498069826772724,-0.20654396747806544,0.1347315560907804,0.001338104309440675,0.048839883995822266,-0.037592493488385025,0.017041285649224903,0.01390395343341379,-0.01168011094744775,0.006700911166147845,0.002477471944899681,-0.016378152003964114,0.004633255994059842,0.0964985762083432,-0.017387564236337003,-0.004371813688707794,0,0.8645443230377182
65606,0.15568931158433785,0.04090452147385925,-0.034895445753118016,0.05598833933875166,-0.2006742605574708,0.13435130907508047,0.006594457486381434,0.04877164013889127,-0.05046420403368042,0.0297673537029101,-0.00760339095591141,-0.008611543766783799,0.01582921227284448,0.005540209617378131,0.0009350270313911912,-0.002127463254528598,0.09969051278484767,-0.01781367878704723,-0.0035937562420026597,0,0.9198456378572164
65615,0.15424142106850075,0.03296348222482021,-0.03429585826829856,0.040198166670616015,-0.20354743819363294,0.1315494155035236,0.01590784799077199,0.047752160776694044,-0.04787186029199725,0.008212795707887379,-0.01437492259351724,-0.02894984561313901,0.02247705017187469,0.012205258557265267,0.004424569265802091,-0.01691070489834325,0.07598569612225875,-0.03193480544855601,-0.011380435197982893,0,0.935183734565482
65616,0.14028648327837343,0.03203305168616281,-0.02445875902411615,0.04877683629365012,-0.20774726546995623,0.12233722145764668,0.00949708775716358,0.0509426419872347,-0.052714408796152454,0.04093015945756766,0.015582433239429476,-0.018236609014098404,0.024438818236585336,-0.005003406465845254,-0.0006606922946780824,-0.014908134006843527,0.09297795295014082,-0.024860594185905704,-0.0076048810667445005,0,0.9339974366682949
65787,0.1412284071774702,0.035997511789675724,-0.027756063064687503,0.03997138922848769,-0.19973701162828741,0.1404012768548571,0.004143723250052851,0.051289017603919636,-0.04493869197500918,0.026458262070395432,0.010307592992875762,-0.0029269475676567936,0.021603610731888115,0.0032719343961125306,-0.002860677344857713,0.00557271944498767,0.10017994048392143,-0.018785855488474622,-0.004618141089993669,1,0.882048774183611
65949,0.13086202608953362,0.04234532887205298,-0.03426541082392679,0.03088644149808256,-0.20673820617725955,0.13810715176994523,0.006912955486392806,0.03451330937022953,-0.03799869716492406,0.041630827680161846,0.020543462424630822,-0.013348314327005659,0.02851939559569127,0.0016970934885584055,-0.007458534603481063,0.002236655455285099,0.09148201004810019,-0.018484149914852952,-0.014756864958497602,1,0.9027868357486121
65958,0.14691360891185712,0.03453366980824274,-0.03193991934880794,0.040994044018399366,-0.21605838195748353,0.14440808110951564,-9.791655916210609e-05,0.05741596729596957,-0.04482126086704417,0.03236956281599207,0.007382277370064949,-0.013250841035355508,0.01911743068202945,-0.005458557215435194,0.002375232383630883,-0.0031451608580073394,0.07522978039446765,-0.02241229093897354,-0.004202125389205255,0,0.902126108959644
65971,0.1264983159092915,0.0255056785556704,-0.03240816079593126,0.04265044671748662,-0.20191000710102147,0.131275353771892,0.012079618520213648,0.034943412527414446,-0.049949986242549135,0.031115563797745563,-0.002480753358896683,-0.002876176619567573,0.009364915867685591,0.009027627018271122,0.006045911758899547,0.007475305176222194,0.08755667378632907,-0.03184169801005778,0.0039804133146290515,0,0.8489860188497746
66100,0.1494094690636405,0.036277071430667183,-0.02758271170910852,0.027862523950307493,-0.20986998406966934,0.13079181782120955,0.012200355183912019,0.054964605441553134,-0.060498087456126316,0.035429102177269564,0.009021681318350174,-0.009591221070219185,0.020973544632477286,0.017082364159231034,-0.0017018199498147462,0.00907388553400256,0.09179632976299071,-0.03588301163403585,-0.005357417371856818,0,0.945367003736442
66102,0.14289254018595335,0.03284810794756227,-0.03533601388685907,0.05274650707065982,-0.19368327069972838,0.12532116850337574,0.007771998763152285,0.04277926331766191,-0.05025952389203412,0.03630543779914737,0.003851475392440164,-0.010457477570576848,0.026313826889660646,0.003303779628322473,-0.0030239702978524814,-8.194264420045287e-05,0.08623674085263605,-0.02699285840438464,-0.0027312594729926374,1,0.8829371632192007
66213,0.1542861971895746,0.03238281898244869,-0.03498381628805407,0.04831746935120814,-0.21114041461594135,0.13448980851272435,0.005368982858199992,0.0415319397072477,-0.04317198827261968,0.020200079177657638,-0.003725448999225013,-0.021022993895726382,0.03546721048692388,0.008082286863518848,-0.013585242061374818,0.0038513389686192453,0.08001659286176602,-0.026002045504548293,-0.0030356957165861165,0,0.9206623703139648
66222,0.14502816714333286,0.03931982182711548,-0.03170003576338447,0.038175583400459005,-0.21078234364918907,0.1368931986290157,-0.0031102353258341963,0.05418771976363566,-0.04338781662482402,0.035730848835971434,-0.002652794993084227,-0.005346314622620499,0.017685600013814702,-0.001329020900102672,0.009346012654051035,0.002670073775543408,0.10910063215409149,-0.020945691585548855,0.001880183658481129,0,0.9092720953200999
66277,0.12872448025412997,0.042688636394119975,-0.027348653710388866,0.03540455323213741,-0.20699813358308683,0.14278107675564258,0.008546085778337216,0.046392076120669666,-0.05106108229154431,0.023498875941587612,-0.002918148238328925,-0.0031651644531295394,-0.0005636395105390254,-0.004358705401763455,-0.014258789699415981,-0.003516119663420712,0.08055939225179369,-0.0259471137919672,-0.0027802314471916715,0,0.8515109585191947
66370,0.1318841054132775,0.04523386568242348,-0.015103740950081577,0.06875348824178315,-0.18785294165496944,0.1359425479918528,0.00953456342885958,0.05151566797358985,-0.04588321559310205,0.029333886429240636,-0.00011872279091537777,-0.022167656248576768,0.019625979898463018,-0.0009049226620262357,0.0001017628459171613,0.007389597341008816,0.0843277764217213,-0.020480332052780787,0.005492451658931932,1,0.8816472252795214
66371,0.13346961988945014,0.03745912648570211,-0.023627384690569173,0.044140222983299886,-0.19364392092551247,0.12569940709032223,-1.617162994288148e-05,0.05986291050233073,-0.03943170920316856,0.04552983244246891,0.018390790147661998,-0.010021000437054691,0.028454250129062077,0.0013924010185519975,-0.013348407913726872,0.0034338063907807456,0.08615049886526809,-0.026554983914747313,-0.014475787495770456,0,0.9051022321553913
66591,0.13437820939451658,0.032305844309397695,-0.03317842631396594,0.03379360664158443,-0.1994436180812356,0.12703294022374306,0.00749876611249746,0.04419126737365733,-0.0399714264334608,0.0334933598410429,-0.0015787774892433038,-0.006374201575791388,0.031684926357817084,-0.00011812844634805807,-0.015363393943772483,-0.011479019800732047,0.09793476373785105,-0.029370264081029246,0.002941966703629372,0,0.8821329068613158
66633,0.13503240365707805,0.04367639587147647,-0.03086211087190138,0.049144716682235995,-0.1968000552939765,0.13469436483633526,0.0016125602689488951,0.04695367191574626,-0.05084703376124976,0.025624931897561466,-0.003238616509860389,-0.02847759551136145,0.013336404629970511,-0.01266270006570447,-0.013315230222562325,0.004291871462829078,0.102310879032938,-0.03238684854945747,0.005021378221104894,0,0.9302897692622987
66758,0.14127005574278545,0.03169479116960047,-0.025104050273715425,0.04528115549479226,-0.18637681484847637,0.11899405858686546,0.0075395877963766525,0.03789242913446029,-0.04995297646205742,0.03032975721379873,0.019875102041239098,-0.009670597140546338,0.01486180957368073,0.005245382678363606,0.014918326498168447,-0.007844617172731404,0.09810011194952693,-0.03232969073337509,0.0018053317029349707,0,0.8790866462134952
66816,0.1496837572741823,0.03058904803636549,-0.037127611548285575,0.04340856371619591,-0.20543304313008626,0.14602290394441966,0.002773174908596114,0.04643664774419863,-0.048504356787197146,0.034138696616751826,0.001969658608340388,-0.008507873403153931,0.015530979293389197,0.013887756486097115,-0.018795627745508508,0.012131206255843359,0.09131237403712546,-0.0252582811442182,-0.0061851619810759295,0,0.937696722661031
66859,0.13928202151880126,0.031093725307433595,-0.032542385244202277,0.05275196600542368,-0.2046044866833052,0.13584664573443295,0.007148929948992821,0.03619339889550601,-0.037315526150582125,0.02854299428345344,0.018447391915425576,-0.00867239887128984,0.014226806909066752,-0.019735332837760675,0.0002322490802551188,-0.005432411757182889,0.09246876678353137,-0.02034517241872074,-0.005087659691509551,0,0.8899702700368759
66930,0.13407096883954417,0.03225962725805737,-0.0437564217322109,0.04041150898162515,-0.19697774816748428,0.1370007985704087,-0.0021849803806772545,0.02792244187933282,-0.05538321053240262,0.014545747628059765,0.010335876612508031,-0.010791554457678302,0.01674850477937179,0.005105938984785842,-0.002898653803899266,0.025520629510472393,0.1071052635785259,-0.0266270168322503,0.003564870074611474,0,0.8932117626039063
67245,0.13374966967968904,0.04581709275480948,-0.018778662532621233,0.05055939433472198,-0.19648084422136863,0.13699177463960596,-0.005674896163761304,0.047031739393419064,-0.04658751962253396,0.03224977368726967,0.0019099620622078375,-0.005025584427649987,0.012801089064120181,0.016762981757028478,-0.011667708689073977,0.006974801872247744,0.09288454986658957,-0.03162966746537387,-0.01368620608390507,0,0.907263918317997
67295,0.13684756452096578,0.04106924676945874,-0.023393861548966704,0.04672472460010112,-0.20284869315178883,0.12152486705000935,0.0037828954790141414,0.05809080261952559,-0.03467108334497098,0.04424389925517689,0.002801973512492149,-0.0029525977031086667,0.015871392409044977,0.002861288724523502,-0.009415607132318945,0.0003643785662363149,0.09544392312314383,-0.01733954228012347,0.00550246137682638,1,0.8657508031677963
67317,0.129977520094166,0.040545674153496476,-0.023029873305240145,0.04161828515542939,-0.20296189535053738,0.1320165799982495,0.011934003213279937,0.03789460254973111,-0.03497572432462652,0.043416386130717764,0.016649996187813678,-0.018480973972121336,0.024286303911425083,0.008718828001820863,-0.005368169665935396,0.009800431582222938,0.09849627835472131,-0.029195963689064464,0.005647805480285297,0,0.9150152951208846
67529,0.13031153531409567,0.026554645100763562,-0.025541481680896438,0.04607809215624375,-0.19676162853072113,0.14762345655554443,-0.005055001282401131,0.03635733838089615,-0.030054924186270916,0.020707699358740173,0.01627169536072967,-0.029974537343425613,0.03223591845158933,0.01627142717804137,-0.007600435697236675,0.01118495625802624,0.09673201034874816,-0.013766464590516543,-0.008829880289359219,0,0.8979131280642462
67595,0.13661282851419776,0.045182314828387166,-0.011160493875346353,0.032546626054327225,-0.1906957755716246,0.12769743930780178,0.0063804703232413894,0.04993675378259489,-0.04316998242731022,0.025267660328170655,0.013531635877226968,-0.025702711877368667,0.009181079438827318,0.013424378001042177,0.0003466367997871325,-0.006474154776582273,0.08999976837403913,-0.030606296588842966,-0.008804642723007216,0,0.8667216494697259
67756,0.14781858420575672,0.045906863469785536,-0.03167094474985547,0.04390536537058917,-0.18658485813611184,0.13813117140266187,0.006208402238507869,0.046354859990909845,-0.043610442632104354,0.03532450031499523,-0.0016250980465213156,-0.0006541933487594989,0.014347610147737966,0.006447153971725361,-0.008908279776096832,-0.0003714718893620945,0.08950063473844459,-0.026153218311836837,-0.00846627219419859,0,0.881989924935961
67788,0.14491852868639757,0.043648516493729736,-0.056919150290014785,0.04495277323993082,-0.19861227192386124,0.13321487400725876,0.011032087319073895,0.06836169369430868,-0.03977267250967739,0.03715765716091798,0.013629739528391378,-0.011659519110962352,0.029594495646899633,-0.010833080755254037,0.005806665717239477,0.010320078680330915,0.09920229972087836,-0.025788150143040735,9.823497033739338e-05,1,0.9855224895985052
67819,0.14537911907941,0.03253138844337239,-0.027629809351909746,0.0455806794904863,-0.1895166488332188,0.1279772347909693,0.0025317647616284506,0.05151703898013112,-0.05250282910435936,0.035381077247819796,-0.0032676627565507957,-0.005965379526980097,0.007009072695959474,-0.00261644413046143,-0.0072813333540963305,-0.005060630770563959,0.09930238957485042,-0.022590654765553126,-0.005115601522946594,0,0.8687567591812675
67854,0.13729639580198907,0.03497209752684652,-0.03138142438050539,0.05102040021952962,-0.20310501712096676,0.13839303346130122,0.0010409992420705634,0.05494846605551778,-0.04886027673814143,0.029656990321366056,0.008205015645107077,-0.004858029153407205,0.006352412843017507,0.0011161492685208708,-0.0008821063327390015,0.006104404525450405,0.09275309377014657,-0.033126530332198215,-0.028539375783884,1,0.9126122185227052
67911,0.1300665687181585,0.04076088552908491,-0.023960702705781628,0.04963057405885458,-0.1880717210421482,0.14097572430934469,0.013472820692683397,0.04056784616456113,-0.041550364607814874,0.03278767569339196,-0.0025966492416930552,-0.0075044448061137945,0.0033564283951952752,0.009301118784713536,-0.005109361409615455,0.00884069584988731,0.08772057645390402,-0.026770037934781755,-0.01810042294083179,1,0.8711446193385598
67954,0.13824079221604535,0.03500425076576862,-0.017306982794323966,0.05275412370071825,-0.19668710736484654,0.1355954506381955,0.006820938056819864,0.027397347483219456,-0.024848751962188362,0.03324634193621164,0.011260559074068305,-0.01186050335210573,0.02206303955003517,0.0056009481271715,-0.005348048319149973,0.0009269648275958227,0.09215735740721687,-0.019854976124086317,-0.010686400535270374,0,0.8476608842350376
67991,0.1407738331658806,0.03221517113414526,-0.025108512467331395,0.03854822290840111,-0.18647744178000258,0.1399944087704689,0.004523160771870165,0.03875867137846968,-0.043936345178617595,0.04270904933867396,0.004272626884403952,-0.007179034131087985,0.011540232341944137,0.012292528485133365,-0.013786615761739828,0.01951112035819896,0.09159743345760966,-0.02992122196052064,0.005259111454683603,0,0.8884047417291834
68087,0.12664102747746267,0.04216320165096709,-0.029416417121720623,0.059035867247495134,-0.19802778712479582,0.1325953695171949,0.00808754783541099,0.038352990065315666,-0.04770956956789834,0.037022721734457614,0.011637452184594525,-0.018571178412851986,0.034639106118662756,-0.0027858161723561337,0.01341865682657936,0.005654821896822335,0.09537341683557041,-0.038849461138311614,-0.0009800690037708656,0,0.9409624779322389
68248,0.14400761924079547,0.03482720516255145,-0.034095878804000175,0.032106988180331114,-0.19308194010409127,0.1159294122767521,0.003100363256221398,0.0569832468358568,-0.04377619595975588,0.012591835236749631,0.0003751614984873558,-0.009815430533387867,0.02843624341301175,-0.004949409521042184,-0.00389513933195445,0.015076383961300304,0.0879314760833496,-0.0320967480924401,0.011959811740865064,0,0.865036489232944
68270,0.1402136835032351,0.03951471520192961,-0.04683514137964841,0.04845353234946779,-0.1995166690745324,0.13277833265590994,-0.0014143181085752897,0.054157374060565575,-0.05523257135021905,0.044245875396301926,0.019991599626700742,0.0018498271238757745,0.010567869059834464,-0.00014523716163312406,-0.003661882474704806,0.0038019093420767784,0.09899237037465224,-0.02024457522704381,-0.011356691068414028,1,0.9329741745393209
68366,0.14499943834969178,0.02640446039334163,-0.03799995123589097,0.030726110488006917,-0.20428716671378488,0.1431083447439643,0.009705395680694546,0.05585509128254082,-0.044023194880329394,0.03086879659778074,0.005459426493169653,-0.01663229576273341,0.021488937073991198,0.008713110063140298,-0.010819705610079108,-0.0011841845808133853,0.08893195162364449,-0.028105572794596346,-0.012276000776458063,1,0.9215891351446519
68414,0.14755737176859177,0.030075003043209744,-0.024640079583763956,0.02724089539759262,-0.19500051974120924,0.14817672168689297,0.017393834319595517,0.041072137921262235,-0.052945014395446764,0.02564268600604505,0.014065023601640544,-0.01710589785005379,0.013653407217887525,0.008566736438016986,-0.0027297769971796134,0.005996377089245852,0.09612044725564978,-0.0215061822596867,0.005162805093358608,0,0.8946509176663293
68425,0.14544345680498152,0.034292367398341725,-0.02699128337673805,0.036984573591169086,-0.18859792405523806,0.133164891652709,0.00342220155858246,0.03200353693849757,-0.04904044630951667,0.01996489211563015,0.021362454840821842,-0.015351418185664744,0.02001905346487558,0.007364914771515341,-0.006961820618770677,0.008897663690431497,0.096487107551553,-0.01957922172306571,-0.013608521599254582,0,0.8795377502473573
68561,0.15104582051049603,0.05615835441675436,-0.027100613590890714,0.05311979565768127,-0.2001812268424689,0.1297118424747243,-0.005266520690837779,0.047443508441232844,-0.05052425272985344,0.03521880139726009,-0.007671485955575927,-0.0054786522330138275,0.017106294833608975,-0.002383669669964598,-0.0027489924930827994,0.006254939927065819,0.10820183805241208,-0.022662210819735795,-0.0065701819870248755,1,0.9348490027236844
68591,0.1482116361907162,0.032208614711889606,-0.029343668407973342,0.05275749969320801,-0.18760864971502839,0.12366406636013819,-0.0046545130443125336,0.04173701608952148,-0.04753209381182502,0.03282862069587715,0.009569889259411539,-0.022197067665515366,0.03528554305953348,0.0006719483984719295,-0.008783313315342493,0.00951048772194913,0.08124261744191852,-0.02985021028852057,-0.008470678117921451,0,0.9061281339890744
68593,0.13669825569066124,0.05381745126367652,-0.020821058950724468,0.045880962781235005,-0.1769448698898225,0.13063732733776567,-0.0010816544816746065,0.05638754055649159,-0.04094620963761968,0.04182855809282122,-0.000784385782851092,-0.018966634035464197,0.006541384670522022,-0.01459218003050735,-2.892214673449878e-05,0.006901302917987881,0.09236919978740636,-0.029141810443307457,-0.004518178539097139,0,0.8788878870363704
68600,0.13846822972966902,0.04944886969429125,-0.03589045941100327,0.0453017814958209,-0.18854316725288559,0.1178209758581742,0.020338592882845546,0.04893015362276547,-0.04492405162436341,0.020791759094357362,0.00782348503596557,0.003914984400973892,0.02318700336876364,-0.007935230492421551,-0.007905981589603883,0.00561019028025975,0.09574360007676358,-0.02899303246432477,-0.006845090300324866,1,0.8984166386755775
68678,0.13759657427201655,0.036287376211824575,-0.04573032131823086,0.035254514339318296,-0.19435058591855042,0.1378845296503621,0.010477875604094081,0.062482651866655116,-0.043587904452634434,0.030442090126155348,0.005049897040702394,-0.009637291926410798,0.010246698336831015,0.006563669907807048,0.009865751275536759,0.004069634887333562,0.08054932301183114,-0.022617254813623956,-0.023927642161259102,1,0.9066215871211776
68742,0.13033036265019507,0.03434293206388466,-0.04172670102654629,0.037144901604793404,-0.1857339673292166,0.12937074768363335,-0.00119582822139068,0.047108422550914776,-0.03588210054828571,0.04576042255700232,0.012594071592543643,-0.009278898302660122,0.02186917501572404,-0.00853948182460764,0.005579321108389969,-0.015857701216864424,0.09318996656367184,-0.024840800244046276,-0.008364027281327428,0,0.8887098293856982
68887,0.1263057281737325,0.050061390212296226,-0.027794366819136506,0.034400530591463675,-0.2107585642796811,0.12805027350040152,0.007928613165350467,0.053502801312098676,-0.04327449248797562,0.04568209025010921,0.014671577762148311,-0.014545899081554521,0.011871492323214109,0.007903162110528356,-0.00639655991305884,0.012854612177822904,0.08586601326922717,-0.02407341930888841,-0.0007743504759587719,1,0.9067159372146469
68907,0.13617730538776923,0.026610648361510825,-0.03767383117185942,0.03993705394880846,-0.2010855248743061,0.15130957831780603,-0.0031812501910818444,0.05249403862885595,-0.05415933755565851,0.03978144533841314,0.006010667072026278,-0.014259214588140116,-0.0054758827622455285,-0.010190222220147684,0.004633857170188019,0.015228368595971951,0.09934941056617416,-0.019811928042888532,-0.0025875924395870097,1,0.9199571572334387
68996,1.3111808249093927e-06,2.099799296230518e-07,6.409402139167925e-07,1.5013285202131711e-06,-1.5230585652298022e-06,-8.830050794908662e-07,1.131721491063035e-06,1.3173138396992552e-05,5.26053104889951e-07,1.2218115473662024e-06,9.443742502020645e-07,3.730937517353701e-09,6.508613194707395e-07,-6.623695976821086e-07,7.33450221779051e-07,-8.168470801395834e-07,8.364612900728969e-07,7.27380937870696e-07,2.1979230706583656e-08,1,2.7519672539135895e-05
69079,0.1384137110039614,0.03658664112422347,-0.03637872261609778,0.024763083791408298,-0.1981505955278367,0.13583922352611827,-0.0014869692443135142,0.03753494945837864,-0.06172495528739923,0.025576196169345183,0.00973656873327659,-0.0023779612832473904,0.02016923193394766,-0.004428837594205963,0.005249557627337357,0.0034278218461412952,0.08617714335466119,-0.02346872853835843,-0.0041003334807992505,0,0.8555912321410576
69240,0.13290796463215035,0.04609297613446725,-0.038782032744279965,0.03965390615310373,-0.1988409342253189,0.12471751480037667,-0.00042162263234835534,0.0421477827449064,-0.05170054967141519,0.023864181503512594,-0.006181805916703401,-0.005729258503553371,0.029809785002440675,-0.008198832923528987,-0.007465301657808506,0.004711651918313955,0.08082070195047747,-0.024761775100522028,-0.008153650889473722,0,0.8749622291047016
69319,0.13982978495458087,0.032207912973010844,-0.03555025591669228,0.04196491256737688,-0.20676347667605524,0.13301166308223455,0.011121563044969595,0.04582453171921543,-0.05444255217298601,0.04052850637874753,0.00851363970553211,-0.020115214356818033,0.017199073996920916,-0.0033730658479036242,-0.019513632024262182,0.019831206500001506,0.08441356296188066,-0.03724912998915254,-0.018868921554696865,0,0.9703226064230377
69348,0.13293324685554544,0.04802428178346141,-0.021609594389402024,0.04341837232468743,-0.20081154454336914,0.12420233816112616,0.007049116540020191,0.053252503363408,-0.03927924825792187,0.025835986858078662,-0.007886903059976245,-0.017706219810017357,0.012687154008582066,0.005650676994234282,-0.0018017907783356589,0.0020364820145882183,0.09636890324958387,-0.009149546416434257,-0.006333458733309068,0,0.8560373681420813
69356,0.14892653489358326,0.03692405658313725,-0.04059838829997854,0.05476037380868172,-0.19549761490745754,0.1177713367873231,0.00040961279811945487,0.059473297095245,-0.0365378613629756,0.03788735426086009,0.0037751348599496842,-0.019050906696216525,0.02522131770577253,-0.011152737720509778,-0.009623253977911413,0.0069584156407142125,0.09041069427143152,-0.02502448825259591,-0.010205207196031874,1,0.930208587118495
69362,0.1181376618193213,0.047303630282666674,-0.02985499794194718,0.044569043170961706,-0.17440127766138763,0.12755949963254692,0.014880191492941336,0.04489245492577085,-0.03859115629378638,0.022750468422294584,0.016897224609842786,-0.013118274592850596,0.026809632157983047,0.004305653192654853,-0.002112905678461689,-0.005960321151632754,0.10713209252247409,-0.01889662604500814,-0.009296445507003535,1,0.8674695571015361
69389,0.14841228935429684,0.04008841484886285,-0.03001347526484226,0.048000271590925604,-0.19880508671355296,0.1398223042631399,0.00431000084131889,0.05690502211577044,-0.045875491043902976,0.034783330661047836,0.007850510454035632,-0.006849877210163546,0.023009946333950003,-0.0037180538744065986,-0.007677345727069425,0.013463338178224305,0.09720413496198126,-0.020982503516232057,0.0009697002585688189,0,0.9287410972122923
69475,0.1366348327815275,0.04232493312232415,-0.034516641822665804,0.033633447821729244,-0.21158053862976214,0.14213311107389687,0.015910188635517394,0.04805588478304141,-0.04947552807952522,0.04077380626767923,0.008298172307199479,-0.02368019570090043,0.017195093534408238,-0.00043148729119362177,-2.3785118242810607e-05,-0.010127339344190791,0.10378651452142644,-0.02095761581722601,-0.009657626877581826,0,0.9491967435300386
69541,0.12659121357755504,0.03055644985644544,-0.025113899176075115,0.024041330541057903,-0.20376835693646864,0.12837752084126766,0.01073599580537181,0.05698242906008166,-0.03924794105897992,0.018931118840912017,0.0007680354588263924,-0.014036500711487217,0.0244515810282804,0.004382093041145246,-0.020532872365224487,0.00255860570490663,0.11033845517998309,-0.024330569596052596,0.0005426811749965797,0,0.8662876499551179
69751,0.1401332723473245,0.03808967765269498,-0.03854581359728752,0.03335536335043742,-0.2003223024889171,0.1467354748418846,-0.006212945932070714,0.04332832144226793,-0.05037679827527477,0.028595292500715044,0.00021451702347935958,-0.014720896007428007,0.0185892500120531,0.008067210131250523,0.005478167144383197,0.001459259782116513,0.08355087111161981,-0.03373813599192554,0.012747846164122417,0,0.904261415797253
69764,0.14480213769823477,0.03135213325822174,-0.031253017022387024,0.048375160806765585,-0.19266380871805372,0.1438040877552804,0.008710747571565536,0.04625898956553839,-0.04876698177653317,0.022705760007355833,0.014193606191415919,-0.01224597550126943,0.025615883590997136,0.0032875545672800643,-0.00764110563717926,0.0021632239638941717,0.08601364246388682,-0.025340923659051367,-0.009769147322062475,1,0.9049638870769728
69842,0.14472004963823537,0.039315129456223084,-0.028821953817845483,0.03992998551381639,-0.19783156175839806,0.12217619773100814,-0.000776178502259149,0.03782464879483959,-0.04096010815984155,0.033348338422043274,0.017448753387863496,-0.008410851818837165,0.007471160177592272,2.5857070095232346e-05,-0.010116291737863735,-0.004054648552971006,0.09308916847512032,-0.03116769327162018,-0.005570143400678192,1,0.8630587196871516
69866,0.12946268161768257,0.03199271116904131,-0.04507911325805179,0.04869641831188823,-0.1713139639660473,0.1309445977859646,-0.00644034885558983,0.052259680525629314,-0.045170429844311494,0.024099534425565308,0.006982939518247503,0.0023332337802338624,0.02685318428145283,0.006385637648882213,0.0024847470607010057,0.006852623986465291,0.10328377610270352,-0.007473975937354297,0.010823425125882228,0,0.8589330232016945
69877,0.1444363945937408,0.038713759949516924,-0.026226973504161442,0.037441213965063266,-0.19943081367389556,0.1357156193725441,0.012817567722394715,0.03946397669459719,-0.05237067917470875,0.02376092083814845,-0.007442727503432929,-0.006243429081100531,0.01533336080661972,0.0077360617981105115,-0.011457079686995414,0.006219202974821443,0.08076877470232145,-0.029087871937703128,0.002403376968550748,0,0.8770698049484271
69989,0.14192008672871326,0.028355272024427232,-0.04488091507840767,0.04879314168649196,-0.19319959258495342,0.1178640172893907,0.011605463443822598,0.0446148125838335,-0.0414507292535582,0.031153217163873797,0.004691169536851674,-0.003978038178420178,0.024509116093634584,-0.006012561236148015,-0.00334925294951576,0.006454762292757993,0.0910192168564043,-0.024984852014507328,-0.008697517771394568,1,0.8775337347671067
70029,0.14885111030934678,0.032857885064766355,-0.02877627999066491,0.03975127841129625,-0.1991412300347612,0.13886219388826165,0.0013438736068512092,0.054837603013307,-0.038852718843340926,0.04142897175682364,0.017992319546243724,-0.0165567309223892,0.01800375557962611,-0.0028026592050296576,-0.0017856906404705036,0.004071898777348004,0.08863629910172224,-0.029698020733560423,-8.418717579173527e-05,0,0.9043347066016015
70117,0.13870815173026965,0.027721399365804637,-0.0415725895852065,0.05289346732519555,-0.17979206042728585,0.1344928991875175,0.016515201144269614,0.04652556245277274,-0.04797910862909931,0.03114262217671632,0.01947383719597112,-0.026556379102129192,0.026226314111866624,0.008562297152943618,0.003206785165222082,0.00797446991854075,0.09776741721690022,-0.031430167019532745,-0.010558409441284469,0,0.9490991383485284
70134,0.13974448683811005,0.04275080395273515,-0.03808370942084661,0.05440623390014902,-0.19907337565330246,0.13419591066289452,0.005945635693215575,0.050591564222111814,-0.053068716901787764,0.04341456603066149,0.015209623294673551,-0.012274846904316095,0.020564008883599664,-0.003985542566101061,-0.005454132719747767,0.007385445443108695,0.10667575832243885,-0.014589643860769363,-0.010863188868404018,0,0.9582771941389735
70251,0.13800558707687577,0.040819685712844576,-0.03667853151536151,0.044042006583112255,-0.20236879524961326,0.1392224218179467,0.01375719079764727,0.02905513139590246,-0.04916238659837814,0.03352339295232402,0.005905143328759609,-0.011998877521626008,0.024239130168333022,0.0069950220331845055,0.01164810230633114,0.013061007562649817,0.10235741355081229,-0.021347708963964707,-0.000984403347586596,0,0.9251719384832536
70261,0.12407928509096693,0.04077226461546894,-0.033502071474142345,0.033999112653911145,-0.1981691851074888,0.13039135902076815,0.00278806184059727,0.0424578420884379,-0.03740462027221735,0.020625998427551317,0.009320604869904008,-0.02870784475650042,0.027224070337675387,0.024371988768993158,-0.002162829306709347,0.009544937424444842,0.07315858361719069,-0.021604527370973358,-0.008160248121274883,0,0.8684454351652162
70353,0.1282855284408272,0.037451615455910255,-0.03302160613469497,0.03994774164094422,-0.2023993429050637,0.13159527608863256,0.007285707447080712,0.04629768044683225,-0.044700514335272376,0.024845348512965385,0.0073392547831193766,-0.016293854761901493,0.01478953741109738,-0.004613317176646487,-0.013084677693468915,-0.0005423405184109799,0.10339381357515406,-0.021641554003935484,0.004780956871944746,1,0.8823096682039026
70379,0.13042286976427422,0.034468855052418854,-0.030594077736951993,0.049097761741024926,-0.19120050733265384,0.13156639602477876,0.007672988766529145,0.061536843578335686,-0.051914727415339014,0.04528040307071166,-0.0046205428882396885,-0.020721062840111257,0.021063146842490894,-0.0072668219880435,-0.0016460678104222063,-0.008337095700918066,0.08325279475942642,-0.030848798015412394,-0.008981081907904163,0,0.9204928432359867
70390,0.15554180235322185,0.02920527260350323,-0.034525844854914826,0.043476551888824225,-0.1990817885915993,0.13549357548335714,0.02367605366833535,0.04818702891663537,-0.038698427246540795,0.03966021318773171,0.009508297700550995,-0.007094672645760376,0.024790666421235844,0.018340881329453565,0.0007813229830501092,0.017374412784292043,0.07901641272573527,-0.03003460173120389,-0.0034799539952739293,1,0.9379677811112198
70409,0.14583551401721578,0.04103698313378861,-0.052060341350323384,0.053734391872872045,-0.1989831931471929,0.13980395892373818,0.0035837191112835635,0.046001866201577604,-0.043145027352894764,0.04479288665169939,0.0058659668711877845,0.003596728795216202,0.019632725276802775,-0.003524887241642257,0.0005514506496708936,0.009855372776303818,0.08152479896803011,-0.027111301583504922,-0.012117083840247022,1,0.932758197765192
70426,0.1382127535264615,0.03415014479591838,-0.028599061339046394,0.03501340153947958,-0.18158060590619132,0.12939652405795157,0.024474192606056187,0.055307569195746184,-0.05334924616090148,0.027777848333169496,0.021332450185505114,-0.008152676442049185,0.009543120158456344,-0.0006598638092477594,-0.017547965629778298,-0.0011555486850741876,0.09606419822502574,-0.02988784963354402,-0.016523877523420966,0,0.9087288977530237
70591,0.13969425328667032,0.036614097264068765,-0.015856216700178574,0.036900060241003146,-0.19624007191146814,0.1479984823718781,-0.007598074515995643,0.04589169666470223,-0.05273152398336003,0.023406612822671924,0.0039829280151705585,-0.023271099358705097,0.02330365397509132,0.0010750498723125757,0.011478663603798405,0.014560485430761253,0.08318566104613971,-0.020600464794677278,-0.02236433348966871,0,0.9067534293483218
70614,0.13384718158010483,0.03270608677542874,-0.015170979380853038,0.0359635976091324,-0.20317893763678113,0.12291820519803047,0.0034104142816094407,0.03677456786423895,-0.03320365145053187,0.04013028047727811,0.012298533147945016,-0.006705481942838082,0.009901109623233104,0.007509737922714787,-0.01216834066934905,-0.0012090617347943122,0.08030233643004371,-0.020913710525752527,-0.007687883577619974,0,0.8160000978282795
70682,0.1301742989063643,0.034415991753469675,-0.026194766652270347,0.03768160327442095,-0.21942091979109465,0.14306842361729077,0.016470302780349905,0.042279523569277715,-0.05121425225963112,0.04112067359378977,0.02849902572003701,-0.0097777882170496,0.025231216448263857,0.004619362147761967,-0.009669055288385268,-0.01529959875343131,0.08884097896495834,-0.028689237261686398,-0.01787757339504798,0,0.9705445923945809
70696,0.14430753322869116,0.037534702377858095,-0.016844192234353912,0.03560993206065601,-0.20149570838350284,0.13934653549937098,0.009309158995480137,0.04289099711987399,-0.06529018083571146,0.035873292280492505,0.0033283633392552445,-0.0038659800911958796,0.01085326242952338,0.010249349990915929,-0.006024437694071732,0.0011312743061424933,0.09008055698511873,-0.02477833193210982,-0.0016371480515430653,0,0.8804509378358674
70715,0.13169514367835383,0.0242098477876228,-0.03465769032543156,0.058342345246825446,-0.1986315430532065,0.1320584856982625,0.006713678975891671,0.053697322982794046,-0.0506962113349978,0.03769692683747027,0.011860870345746361,-0.016932502617421137,0.01837168279106684,-0.0010520356484768217,0.007481513557157542,-0.0023500681889484024,0.09184952669111768,-0.022241811713261988,-0.0011294000387142662,0,0.9016686075127675
70801,0.1341149759312365,0.03303326368222541,-0.021753444976365614,0.031004039358036285,-0.19785220150684663,0.15169104003820696,0.020995601780608556,0.050556927533033494,-0.03984538899941384,0.03738674684902123,0.0019773815727236344,-0.01871664467270265,0.024215055118108047,0.009599591390177692,-0.0023287407387794687,0.001300282051460802,0.08928662554154555,-0.02800749499664018,-0.0034901260423762345,0,0.8971555727795087
70896,0.1535515627281935,0.03421420981487204,-0.04027642621996657,0.04563702282209666,-0.20441887157976116,0.12668685065599358,0.010646009375618264,0.06006956913510394,-0.046020489608190336,0.023562314405345487,0.016242260350937933,-0.006161841789919357,0.023798852501216338,0.015210328543257805,0.0010721831459021168,0.0054870924793090185,0.08995176679288121,-0.004188670767268821,-0.006111933762129258,1,0.9133082564779634
70919,0.14626621482616986,0.03543058776063897,-0.03159331417353861,0.037963056460207395,-0.19925339544532483,0.1496876773535724,-0.00262150199938994,0.03831231559766468,-0.03401585520875996,0.025556092440332596,0.007428894830699016,-0.01536365929345604,0.013996581672337943,0.015979464199277565,-0.004811149538270302,0.008184733460456742,0.09998665551691606,-0.021089060377145752,0.011133050141571583,0,0.8986732602957302
70920,0.13250578186365164,0.04775102833783899,-0.01611474084690908,0.03806466095930217,-0.2060650419300231,0.14159224338515114,-0.002173828599159318,0.05987598242215828,-0.058455668393303545,0.028255963259018538,0.01180742954148966,-0.005487483118282231,0.018945382244662145,6.039857425246607e-05,-0.005203380855070845,-0.001758131828776582,0.0926584599015932,-0.014748765043292224,-0.015236114185290035,0,0.8967604852892251
70938,0.1267021777712168,0.040226945970391295,-0.03537475045956922,0.03186006990496914,-0.1914649438796856,0.12807981406707616,0.004608254277760488,0.0480860281312759,-0.03891632160155566,0.03269751174959529,0.013797106858220538,-0.02090186594783934,0.010054537566851162,0.006543631063167814,-0.011847518951270883,0.000516924443281307,0.09166882945894092,-0.01732655577008434,-0.003897611870362282,1,0.8545713997431141
70967,0.15727827860508903,0.04185470374270024,-0.036188433236383204,0.05257155904481439,-0.19213410947130946,0.14241341561975665,0.007697082549712464,0.05582305689604451,-0.05218152756479906,0.04996202043649209,0.003711561129441823,-0.0003190744730566502,0.016739111462115396,0.008946616947366681,0.007470426493717441,0.009559062162515161,0.09873498585890124,-0.013361763818942867,0.005019457032095695,1,0.9519662465452541
70984,0.13100996102358536,0.031631856036743414,-0.027854327428706603,0.04241226910289184,-0.19932636053433053,0.137411419883543,-0.005403587273097064,0.051891699730408754,-0.03875176444140728,0.04035295463247573,0.004145448080750601,-0.010082885145417787,0.019808260897666848,-0.0038563175380857155,-0.009512236638927103,0.02272228700228254,0.08170712770899037,-0.030048381309066133,-0.0038972373725945,0,0.8918263817809712
70999,0.1466948697191796,0.02620712418575581,-0.03225981551955108,0.04559327832984305,-0.20678209628775587,0.14377041482051411,0.012189424265838432,0.05378993288721183,-0.04899421665955581,0.027932140820745383,-0.0021774496906975553,-0.006720404889624828,0.024314383354697752,0.018863664116078618,-0.008642260598891107,0.01510122610831539,0.11593559554331578,-0.02936331428068903,-0.004317324104212878,0,0.9696489361824739
71006,0.1359624413027125,0.02502075209751982,-0.036047928799160425,0.045834896346615105,-0.19972544413525511,0.13926523213901026,-0.004252167672348473,0.03576104441333725,-0.03407734186782534,0.04430503848851674,0.006146942584951477,-0.026512168008148665,-0.00342590571523394,0.00682200131616475,-0.008655505264645041,-0.003886653910510366,0.0908338446821806,-0.012237169149956017,-0.010379208913757378,0,0.8691516868078493
71041,0.13808498129297286,0.03748388634631592,-0.04050015453932286,0.05443164709540753,-0.19344916040746632,0.12608625812752658,0.007339177173643267,0.04536132395821327,-0.032829841611297275,0.03372433428784424,0.018305253047148345,-0.02383971911539804,0.02208673746228379,-0.008356997537125016,-0.00797257789661101,0.003184612753695316,0.07875020750650523,-0.0163204578372693,-0.007182053144245056,0,0.8952893811402912
71083,0.1367699742510019,0.0323345147426286,-0.03632475596598803,0.042236379695927924,-0.1925157244696664,0.13636078498314727,0.008836562120766856,0.0578754248498828,-0.05056750080164324,0.028855424110700516,0.011595748381658976,-0.0031962960903213983,0.019834125478728773,0.017974111039165314,-0.01598433221124795,-0.002393979715567615,0.09070137104922049,-0.04963512183268348,0.0008513817224018225,0,0.9348435135123494
71138,0.13790290793476867,0.04728391444972742,-0.02745380703940279,0.030341074821661613,-0.20445461316960503,0.12632503111545798,0.015612960622366301,0.041406449771464904,-0.047577661579121196,0.028588995805836504,0.0036209481860285495,-0.010594186030592694,0.02251839528451554,0.00771896926598795,-0.008114930404304796,-0.004092629026614458,0.08553796987151183,-0.029541544404611035,-0.02008565115814164,0,0.8987726399417209
71239,0.14338446295500545,0.03412434935288594,-0.042042285674232495,0.04688390901483474,-0.19596155607659937,0.12132811414262447,0.010961645719387375,0.04458116458955882,-0.053342056534631296,0.04030528577933546,0.010799502294208327,-0.012679794626714796,0.028704931714005007,-0.004232199133641498,-0.013706450769193043,0.007266678796429707,0.09924526279988365,-0.024662674191216535,-0.01097990570345985,0,0.9451922298678478
71336,0.14666797043532911,0.03979169060597396,-0.03270748449171279,0.05497890780701225,-0.19486745472439915,0.12810254468052776,-0.000679843166876315,0.05363335074580965,-0.045307056140662064,0.0388942904563635,0.024374824507804895,-0.012982515874951358,0.016400857674332456,6.173276671908512e-05,0.012895342659163422,0.016347296857319345,0.08913060502552542,-0.03292988728246299,-0.012888943942962847,0,0.9536425998459084
71385,0.1368831624081583,0.030737877945869643,-0.03817157758986617,0.054314133414140306,-0.1822900823410913,0.13339418505205583,0.006945892842742877,0.06120657966866519,-0.041324583613567376,0.03863569662218851,0.008091815852454587,-0.014318936478561339,0.01889521352064845,-0.00032563806916192055,-0.011287067043034277,0.0015566477160552305,0.08971962473534932,-0.016842535578812906,-0.007959025320368563,0,0.8929002758127921
71846,0.13455002350380102,0.03947793305818633,-0.03745695975444217,0.03258748968291863,-0.18393641944675915,0.13091145870220836,0.00024099652346195116,0.05079537211302019,-0.05008791617941457,0.02289415866971447,0.009304858987149936,-0.015752249188278163,0.011457419458281848,0.010784169650822437,-0.007978033576500452,0.011295672863998307,0.07869901793550799,-0.015255082844222077,-0.005992501698521962,0,0.84945773383721
71869,0.15663323717364222,0.034672190341238036,-0.03175913308600528,0.05265424246094089,-0.186964971311433,0.12990097493126054,0.02069742195899896,0.046074433419916475,-0.05103485854064841,0.03171861573088955,0.013587629134559872,-0.006692247263817134,0.004522123468245704,0.010084603380877232,-0.015014837225471377,0.0004895099458896037,0.10510201205405868,-0.02183715365784419,0.0051105334271675535,0,0.9245507285129048
71902,0.1390391217548682,0.03910332764134143,-0.03273114720176723,0.04281707598258568,-0.20187526659348717,0.1374492639362863,0.012707962789090829,0.05979631656147571,-0.06340682580333727,0.038510782013026074,0.003610211426881917,-0.018924106051287852,0.012062176374184476,-0.002674081024261441,0.0005968059307162973,0.009951557720431938,0.09543406527638394,-0.032051903936225715,-0.010881589604525573,0,0.953623587622165
72039,0.13117032308990786,0.029712329366554147,-0.03525341905465162,0.043496497661542365,-0.19680217422387472,0.1311799089386891,0.0022264620015754214,0.048743642160018204,-0.04728640807710989,0.030643212087283662,-0.0013703823266587535,-0.01973819001695707,0.02701266830720146,-0.00031789924281846674,-0.0009211719476742956,0.00475409276289588,0.08857626587469988,-0.02562970469374416,-0.012894897687680183,0,0.8777296495215372
72145,0.13349269598395083,0.04530328710817557,-0.038108814484674874,0.06609890043961383,-0.1906946664318535,0.14313514719371756,0.017336984488795976,0.05806171745527452,-0.04542511797209146,0.0369974078086068,0.0018755706735371714,-0.0075627271964511375,0.006945694700436373,0.012183907351928421,-0.0047561090168626845,-0.013154943073602753,0.0926843526207224,-0.02662239763511155,-0.009736150438065232,1,0.9501765920734726
72168,0.15293846216116233,0.02556406392367978,-0.03500916492716524,0.04726224653798613,-0.186004378007092,0.1420207777506387,0.008692693298272455,0.06494049524200503,-0.052386822875405956,0.04769732166652238,-0.003771459897759516,-0.010903557370190295,0.022487915921888316,-0.00042570510529290516,-0.011950240915337463,0.01071595974172762,0.08799101074215401,-0.0375470081648182,0.006067749527275139,1,0.9543770337763735
72320,0.1270505013036042,0.03222256698558209,-0.024585995099476798,0.04352099154072531,-0.18856324930183566,0.13489948433285373,0.012088088767008908,0.05532457809950688,-0.04756957026226796,0.03588856991253294,0.016658177721413352,-0.007633891263596218,0.027784284729647214,-0.012343964013866148,-0.007629113537458841,0.005091585713820758,0.11038144366027877,-0.0358471619489231,0.007594620873713689,1,0.9326778390681125
72414,0.14084042755140308,0.03493419141102651,-0.043230604039666796,0.04090161528145232,-0.19297057566218564,0.11960193183380811,0.01554053422653888,0.03143846338226472,-0.05316427684912277,0.023825899604747125,0.006135620171993544,-0.004612406976819243,0.005418303544612649,0.009701361433751082,-0.007329204451602272,0.016710788574134078,0.10494242879370153,-0.02069401478033628,-0.016971913456259945,1,0.8889645620254266
72430,0.15061539648251665,0.04087098617620604,-0.04198056984903744,0.04171706152989865,-0.19443992014171133,0.13754732820974142,0.006848864288316689,0.04662916679473322,-0.047978190939178524,0.027676787831919514,0.022562689940173908,-0.011227123056636508,0.006399305071451924,-0.00382286828644246,0.0010955347142401174,0.0023304817889240785,0.10049574468529644,-0.032017010131892745,0.0014458300640975954,1,0.9177008599824152
72529,0.1365687512170396,0.03127087922897414,-0.042686125338789495,0.037431223335369,-0.20358834571356324,0.1276791992546479,0.01345491788096921,0.04740096346010454,-0.04026885341561407,0.027894606171422635,0.014881005012201463,-0.02101325967231667,0.016183945500242713,0.0025286662019964688,-0.0016339987796959328,0.013269432481991035,0.08752698525369132,-0.0270535174525657,-0.008987912098900949,0,0.9013225874700961
72561,0.13549116833486508,0.05050313758088901,-0.03057521684698395,0.035849443699711575,-0.19923484893668356,0.13317962459202845,0.008285367144647634,0.041988593554434496,-0.037782860969913165,0.02135408463996265,0.007260166711043008,-0.028900400797093537,0.01961205469311293,6.439503061729269e-05,-0.009128276826692264,0.007909280977643816,0.09911312784307476,-0.04217739216552909,-0.005996840091494896,0,0.9144062814364211
72576,0.1382305255479236,0.04188671907396244,-0.02669688809422572,0.0368993908962314,-0.19185274362819188,0.1389667493997732,0.021128706695116992,0.038176655246304994,-0.04747475828620978,0.03546612876499726,0.010647914017575408,0.003593386694339448,0.020817793074973154,0.003643457057039846,-0.002665058759885503,0.01686214518661443,0.09834066339958639,-0.02117031423180707,-0.0072771617370267815,0,0.9017971597917853
72602,0.1458932771054975,0.04407704801259203,-0.03309243861948524,0.03831336089121416,-0.1848510077499229,0.12982352272542078,-0.013008207581287847,0.03215636205619207,-0.045105774974396204,0.03485716944770972,-0.012293109035452623,-0.018525226031110047,0.028901146117599107,0.020637028571341046,-0.012132179973711812,0.010851786251706323,0.07437520933812271,-0.038064881946643946,-0.0051879644809450344,0,0.9221467009103511
72721,0.13835302843634154,0.036260880565338355,-0.03185168209374293,0.05343793536946617,-0.19274833849426795,0.13211116428827652,0.009396230902505267,0.05888341735346576,-0.05686075921075985,0.0312138495580251,0.008700784680306092,0.0023586949813322,0.012678747893662568,0.0011369704453676785,0.00581763236841932,0.004913202525728736,0.07645842296141775,-0.01844975374588432,0.011077874838820369,0,0.8827093707131285
72774,0.13812190656377535,0.02927818774180973,-0.022024356443456565,0.023278081351229964,-0.20827370368627116,0.12122435114986917,-0.0033293249957465363,0.06161979017928673,-0.05123479124638883,0.017389603344180153,0.004801048265543411,-0.023616541249210584,0.018518187634409235,0.0029486611614014057,-0.004442449338135376,0.015268608557170162,0.08690299274003874,-0.03691185467990902,-0.005568803171642917,0,0.874753243499475
72796,0.12839427385271915,0.042096802068231624,-0.03322256240484413,0.040454029439015084,-0.19032040609958178,0.1350315917133597,0.0019735043302009907,0.07504518816310411,-0.05258023581435599,0.03945478467053544,0.010222402928867452,-0.016089893817505502,0.018007318630105622,0.010283817293118275,-0.0001746429205637701,-0.006518800371177018,0.09162320466560331,-0.02702877875435516,-0.0107074258609831,1,0.9292296637982272
72819,0.14956121471060263,0.03703032458228983,-0.02224988609949005,0.04106816010096023,-0.18680839583219971,0.14576247228817277,0.006241849565051019,0.04995492757273608,-0.045147032065033656,0.03077831230201027,0.009436631119324369,-0.013508569787072763,0.022205109672108415,-0.0029708112745449266,-0.015290590532954677,-0.006411284996731129,0.09472778558133944,-0.02186707603665607,-0.007678285427048389,0,0.9086987195463264
72919,0.12085921320176563,0.026586812516054114,-0.029770594913378582,0.04354626860432931,-0.19446776226505916,0.12462216720508935,0.01823916217318511,0.03431633117571108,-0.03706007691580668,0.02004404095485461,0.004272252555326573,-0.01342003485258531,0.014434580288625464,-0.005288083034295681,-0.007240399088605248,-0.0026261802173427823,0.0854053972754475,-0.024246175437531926,-0.0007280551298579061,0,0.807173587804852
72956,0.12216675493505273,0.03779948395671216,-0.0382780633249419,0.03815007564121043,-0.18627572922268137,0.12682713054270944,-0.010433958357322198,0.028953642292079106,-0.06448335940330657,0.04089503957683279,0.0051776205777712995,0.0019381373266754583,0.011166961450399356,-0.003992641213496887,-0.024489509188940904,0.010850698069466083,0.08700259810425086,-0.024135575027434315,0.005457898265931519,1,0.8684748764772154
73163,0.14916149956524097,0.039665533525891784,-0.03301406814823666,0.03942619265703516,-0.19666958894362102,0.14256310269870268,0.019048654941782858,0.055978586850155505,-0.058562227273995356,0.03316849665302818,0.007179320685991937,-0.026756449196483678,0.01532486358858811,-0.0004486612273607488,-0.013946775141602507,0.011323464289823894,0.09829530640819781,-0.029284925467449627,0.001479169272325954,0,0.9712968865355144
73216,0.14047691853023994,0.04620397185089939,-0.02930472941017032,0.04874431700639285,-0.20391043481363594,0.12305012773661896,0.006458565418878331,0.05311037239218882,-0.03967687481796925,0.0319071225939335,0.017514416286983726,-0.008432911763931957,0.011609428129961555,-0.008662695513170641,-0.009278678552060457,-0.0016479762013591496,0.09723205301644323,-0.02474437559206465,-0.016456194262202333,0,0.918422163889105
73286,0.13277538308592604,0.033354686427866875,-0.03130665979845417,0.05342085981605699,-0.18954233152718925,0.13644955806488782,0.00930697140846467,0.04395381614714685,-0.04467038889975741,0.03509377985072273,0.014555401262685135,-0.007458015230368283,0.027698351904518605,0.01135276893249085,-0.01863347636340512,0.0038123136553548896,0.10718942770234607,-0.041020932965294334,-0.0026776485081835013,1,0.9442727715511195
73358,0.1277421716612124,0.023809818638919476,-0.02923781388072343,0.054464493773104965,-0.21878603106353106,0.13974144257461793,0.01657749723088698,0.06840560306261322,-0.057972003437653734,0.04634147734124028,0.007447309849883665,-0.0036153700563846315,0.029095219208398516,-0.014991250864811824,-0.0017531319289375833,0.02515567962789386,0.08988864474878468,-0.016290143384755835,0.00032968526015977916,0,0.9716447875945139
73392,0.12742934102006678,0.03478247971368173,-0.0343306101410134,0.029140531966013763,-0.19332520316037807,0.13891218749910086,0.008032031146245969,0.05247264361478949,-0.04987439563199671,0.015101499920933386,0.013424602394115725,-0.016389586212741673,0.007257483791558446,-0.0031455634742721147,-0.005209449241281287,0.007263944574868423,0.09110424895918309,-0.02766631310630383,0.0049976700889781695,0,0.859859785657523
73394,0.11338764392924269,0.026885696221261947,-0.027875812006934494,0.0450509079069179,-0.20375164340746152,0.129510768005789,0.0025557627685388086,0.062004220753275975,-0.04513114271281844,0.028239247138040515,0.019732381786103894,-0.007965148431392852,0.016146231692398524,0.004564881316474728,-0.0006471486051307295,-0.008810736197934942,0.10107757728244142,-0.025309861834721333,0.0015456256930692321,0,0.8701924376899489
73434,0.14169876867614023,0.03223791568007672,-0.03636151276864142,0.04526783160494977,-0.20180057903611923,0.12696943965781352,0.0185111706910822,0.05718209488376156,-0.04734314727515471,0.040190035807918315,0.010968508002812658,-0.011887633509018326,0.009384844062794063,0.002164772630711079,-0.0092843080713875,0.005468721699042821,0.08910373848431018,-0.028255231997179147,-0.021617140593554972,0,0.9356973951324684
73455,0.13649448961410238,0.02768857805054925,-0.03802981917331021,0.04302412773210134,-0.19984554525322207,0.13639693637853978,0.015457294371484865,0.055322187925172586,-0.0626444843489935,0.034134022491584946,0.011703651487720085,-0.007388396614187894,0.005191484759778317,0.007870953125918758,-0.005278607572480078,0.005737308574232045,0.08843908947000091,-0.02129142472973504,-0.017006722193336835,0,0.9189451238664509
73550,0.13582841840574927,0.03412385676674133,-0.033665559970248504,0.04179015007337574,-0.2053349027176128,0.1262534407814831,0.006459409650102833,0.046531521534607004,-0.04262886374956972,0.02566513857817381,0.016001348049841383,-0.015673619448547185,0.01363581515727868,0.007165389708509009,0.001478896664619633,0.005676563813307023,0.07902680151770979,-0.03166483653188806,-0.0016255473392017721,0,0.8702300804585666
73608,0.1390768986644582,0.0464824593144818,-0.03598593293803211,0.03537770196070211,-0.19584031012751696,0.13540633100558486,0.007913292879619583,0.04753862491521935,-0.038339296989309435,0.044162679287055084,0.01556232698677127,-0.017444000719905473,0.02256760833613664,0.002338008205014912,0.008211421542312223,0.01016288919960074,0.10075169612135902,-0.028108606914449195,-0.0015188694923860312,0,0.932788955599915
73705,0.14042927522583834,0.028928603507069623,-0.023553240009565414,0.02951961860902932,-0.19141031006591805,0.12309317317047047,0.01764223337938798,0.043308920865713724,-0.04885186489762054,0.015981490163684033,0.011490328651746975,-0.0015452326127939726,0.018499562096584102,0.009015492868755031,-0.006424490066034619,0.0038833190882700294,0.09332067894246632,-0.0314877507849932,-0.007317114542528321,0,0.8457026995484701
73713,0.13224530714196045,0.03401367102585939,-0.0318969696839804,0.04701338340872446,-0.19587986407309904,0.14036086596044386,0.004093024374827229,0.029590635353236652,-0.06295745807290369,0.02039289128472502,0.0032735528595049623,-0.0058488078215010566,0.008708449025544126,0.014329483089521615,-0.004007466444095029,-0.004977418960242845,0.08792620326807685,-0.03110386973273562,-0.012396397555414178,0,0.8710157191363965
73716,0.1360793204047019,0.028119834384403936,-0.027622068830098153,0.04812503588001413,-0.19437964805450986,0.137718886843207,0.013014888755132353,0.045827511585942504,-0.05305395750344244,0.03246068276878192,-0.0045029318889718535,-0.02703723456263155,0.017366810479984972,-0.005924596989147761,-0.010850734367801188,0.00284437393115379,0.0925492883507957,-0.031102352366599553,-0.024789104480646702,0,0.9333692624279673
73781,0.13195959156706064,0.033793726473190636,-0.03931344085584315,0.038953379970092274,-0.20212837770622763,0.13480311125060676,-0.003664812217451233,0.04825531991692815,-0.04283758481180689,0.027390866025119805,-0.006709231120691849,-0.027604452743848613,0.018103979706685116,0.008305869987835664,0.0001264364941832417,-0.016298999019038682,0.10959594601765692,-0.030580746877818293,-0.018469518857982817,0,0.9388953916200684
73825,0.14196831917447147,0.04061415226100279,-0.009816835853810296,0.04392747551101884,-0.21230827955152354,0.1475798676429492,-0.005568378349455293,0.044297233817085224,-0.046374382155504705,0.032223570362411746,0.011165364064504876,-0.019928918476684845,0.01421557901949587,0.0071277704473154185,-0.018878541935980653,0.007549905616779401,0.08769220159500789,-0.017726070673095323,-0.015052487514963126,0,0.9240153340230605
73839,0.14536490500866328,0.0415011687643493,-0.023922176859458754,0.03116832208862258,-0.18856374863871084,0.1476589029995843,0.010612053124328471,0.04659751363883693,-0.044335143658740306,0.03414867591337924,0.0012176331791725478,-0.01136550056996373,0.022302400854881235,0.0069185075479313825,-0.007187191967380878,-0.004631474577989884,0.08920706792017324,-0.03031497683720619,-0.00036264667612739837,0,0.8873800108255004
73863,0.14299377055490356,0.042259907548686575,-0.032492711660329084,0.03531848243965506,-0.1857627317140047,0.12175250384159521,0.016871560799724367,0.04066362504629538,-0.04685504377585848,0.016721905003146798,0.007083000192687548,-0.008908458454783523,0.0030609770999351837,-0.006005959956502711,0.0016125611585730757,-0.007087266778150579,0.1066975575793767,-0.026882036433194836,-0.01591459055326673,0,0.86494465059067
73894,0.13641782424597027,0.04936181234276266,-0.02182521824246244,0.032205649659060205,-0.18843560087445202,0.12975044424759502,0.016085148504610722,0.039115129160415575,-0.041393896153200375,0.018996050686011824,0.010062947716532305,-0.0011823426513407676,0.019539955532897342,0.005567459671274517,0.0051913248433545466,-0.011440040521364377,0.09529408828627856,-0.03985542638685135,-0.0029615726982874864,0,0.8646819324247224
73904,0.11991380312812591,0.03707860391484239,-0.03664759272374758,0.05521165578442645,-0.1854206357245761,0.14917059035300706,0.013612893492081392,0.042413143419518406,-0.047456305978947094,0.02808540411474797,0.008432943482860337,-0.0041866057512792,0.009578862547021935,0.0009972001884760327,-0.0036468018788420138,0.004046805491229339,0.09603515715463137,-0.02856305202854495,-0.007602153839229516,0,0.878100210996135
74057,0.14383570862377573,0.03226612420982701,-0.04055454725494065,0.04888350381454024,-0.21040458422250882,0.13217153763473036,0.007574369606867015,0.06045911751100761,-0.052365342013899946,0.02681007287761056,0.015260170727166334,-0.014185767032184595,0.026008002046412723,0.006475761144135855,-0.00036349575819802365,0.0005402699410752146,0.08965889067239419,-0.03041104078267592,-0.013938181538704957,0,0.9521664874126557
74256,0.13965830772608118,0.038354116471735776,-0.03730428096942227,0.01923114461725238,-0.19224491230789734,0.14009015509214873,0.004417113246554269,0.05351940913603889,-0.037127121494088616,0.04136091259813262,0.015113079455650333,-0.01255495959300455,0.02097565694035329,-0.004130589845493163,-0.0023373632726378895,-0.0008819864099941676,0.07874961383657421,-0.01921655933059179,-0.006723796933279373,0,0.8639910792769309
74279,0.11996993322266813,0.03566612231881454,-0.04195051487426864,0.04371855998439242,-0.19151062424307558,0.13232447654156007,0.005143191476551817,0.04536586666976224,-0.04237951761924218,0.034426615973027236,0.01597053131605013,-0.012504497198215166,0.017832329524106887,0.015500029376114041,-0.005567102552802539,0.007064662761218725,0.08745777305748588,-0.012171322801851826,-0.0039917616658113044,0,0.8705154331770194
74302,0.13172215218109312,0.04749494984458148,-0.02996731393687706,0.02930342864860781,-0.18477574929392598,0.1375454319485685,0.0012251482324839114,0.046818802509829185,-0.042181304744270585,0.026197354339234404,0.023311011260622447,-0.0038874849194400294,0.025608060863513357,0.012200613238993227,-0.001591931544652447,-0.003647804427790576,0.08845195438450996,-0.030867644611363633,-0.0057746238231993355,0,0.872572764753557
74338,0.14026508047563038,0.0381361156729747,-0.033375246582681865,0.03726103619072245,-0.18957907123389198,0.14203213840405698,0.0002909094490947044,0.05045829652858408,-0.03291217886813325,0.01512614021038156,0.00013585469778906067,-0.005709447583680319,0.011126128033476353,0.020914288591967145,-0.014852742107723563,0.0006152192866033804,0.08988259009064291,-0.03177501634862542,0.010526039316224717,0,0.8649735396728848
74362,0.12091255120377457,0.025721245888158023,-0.0314783512374239,0.03781906135072821,-0.19100831268941645,0.13568366112664698,0.008795631121762898,0.049924715213519454,-0.05785657602760424,0.0297710447161453,0.013686685042920022,-0.014536310272953021,0.01984134804207326,-0.00017658419897417462,-0.003228950793429083,0.0068667405690354105,0.09182075473297185,-0.02017663241291567,-0.0018874533739872553,1,0.8611926100144398
74426,0.14894793038548315,0.024055321404938632,-0.03649571118298072,0.037352502310995676,-0.19817389824681897,0.1321138350230634,0.01101805307400786,0.05001046784730307,-0.05114328596755319,0.043802460390156776,0.004928430756394198,-0.019943299393488108,0.02314246515301556,-0.01078395335864793,0.0004077370506945382,-0.0025490019527401914,0.11113054206676928,-0.03497784243179153,0.013661961902754363,0,0.9546386998995972
74705,0.1300397754514004,0.020954445430366515,-0.03233494310255743,0.053910165901967656,-0.17970559206249087,0.12648219234736582,0.006035153715587199,0.05408193592310022,-0.05183149841682359,0.023025594395900552,-0.007370935132334075,-0.02053810776421109,0.014620240757381508,0.013632746078329323,-0.006446658801502387,0.0030515962157834637,0.07749802808845925,-0.05237809843056667,-0.006342589917179528,0,0.8802802979333075
74714,0.1554412815007272,0.027298200664594638,-0.04030152894982016,0.048520431418440084,-0.19822693429535895,0.14315120629768402,0.0064426117812116865,0.05551660466954983,-0.06327351622384603,0.023525835642660736,0.006860641829748962,-0.0036074144941768715,0.007820007945403199,-0.000300359044347103,0.002700087872634159,0.00950752386857726,0.09272667258620837,-0.029006050033359338,-0.015597677422267128,0,0.9298245865406157
74819,0.14863105167731266,0.04436782567630464,-0.03837183174843409,0.03283010664109776,-0.19679624698599227,0.11913027518576043,0.015413402277456809,0.052020372132131336,-0.06645137547055492,0.016947066094241823,0.013730876174377418,-0.0004643563679856439,0.023139556826062686,0.007994962923224448,-0.010913979856768029,0.001285612404325351,0.08872117273822606,-0.023790466862293583,-0.014450374849785091,0,0.915450912892335
74939,0.12946630616245722,0.04119224782501241,-0.03812770770774066,0.04402201868470588,-0.19651918179782663,0.14811104336467684,-0.001505571553130437,0.045920586121302315,-0.057368284218089566,0.03256049289597754,0.013974732572669301,-0.014587543571929311,0.015712695544427013,-0.00520390094452743,-0.014669378381227418,-0.0037894431650050803,0.10467544663209424,-0.03605709817596003,-0.004050113990387278,0,0.9475137933091465
74989,0.13458855555971128,0.048270707649312204,-0.0201731158932567,0.04474285827037392,-0.19508089355389327,0.12637869409410898,0.004823286848266637,0.05580036071836118,-0.03605453767787753,0.04198937514910058,-0.0018738471773504335,-0.02259093211671975,0.020212141472798758,-0.00465572713576971,-0.0033663969210666195,0.01031924348109516,0.10466499155567237,-0.02206652259144377,-0.002515537163887572,0,0.9001677250300665
74993,0.15031850871665678,0.041276264552354766,-0.01618784728373684,0.03858344520060338,-0.19955376215467285,0.12121709476630758,0.010626116117515736,0.05741021735696979,-0.056475528410400946,0.02573146163613408,9.767405114927604e-05,-0.007896740317856404,0.022109840797951474,0.012868532187754793,-0.014071694539879671,-0.0011854205546849548,0.10598725592847737,-0.035058697612462913,-0.002414609576362117,0,0.9190707117619318
75003,0.13181311999274742,0.04744907100413514,-0.034003055523521425,0.041047842794088046,-0.1917767880509272,0.1347144890296931,0.01025770029128273,0.05342939465109449,-0.04406825622628163,0.019041995681043727,0.008191927019215638,-0.01187056568025911,0.03440355692332977,0.0019888715849437225,-0.004656322576503984,0.0005254985801179102,0.09593531622471982,-0.036434332257749884,-0.021646788451830438,0,0.9232548925434851
75029,0.14519671659305522,0.04342335120925305,-0.02768879266640918,0.029289524754991043,-0.21603642305969495,0.13530447484071723,0.009327940624824524,0.046714199949688257,-0.044120622525566255,0.025310920019004177,0.00961182948866492,-0.010774834999246037,0.036118425984791015,0.006229508955364106,-0.0013582494079950943,0.007723431615570635,0.08899847896583307,-0.03144442870137644,-0.010842483141994869,0,0.9255146375040401
75052,0.11700379549104026,0.030810228547941576,-0.04048084229325328,0.04311927153534337,-0.21897130740492218,0.14176873819956184,0.013621729057319782,0.04625049279879028,-0.0547290735058405,0.01988415357900719,0.012293405743750877,-0.021478411456262912,0.0150051829674236,0.007024854962627427,0.008395584682550642,-0.0021962814000364575,0.09355874749004525,-0.025688305425872617,-0.02246076553095638,0,0.9347411720725465
75277,0.13229206186471995,0.039499478240703816,-0.03284766315631134,0.054200643854847935,-0.18583268402494146,0.13403117763665498,0.006284917748873265,0.05342128020438572,-0.061606695911737494,0.02564712190865992,0.01965055435322572,-0.00032155433504983785,0.027261765566176672,-0.0055305862657561555,-0.006556410036531897,-0.01608758311112609,0.09409134654126063,-0.021414766259481025,-0.008948030758313151,0,0.925526321778757
75336,0.1286413641679364,0.04457922285137835,-0.046777495043710926,0.03129469476849493,-0.19264274454393776,0.1361222699968159,-0.006811409818878243,0.047087683095621745,-0.041519933284923344,0.020365053142707788,-0.002506500849348565,-0.019000278703490987,0.01150044699772589,0.008827711805872884,-0.0056924526801808515,-0.004114595481564778,0.08438024010309729,-0.03427106006236859,-0.022134211062998985,0,0.8882693684610542
75360,0.12682803246279908,0.02916449523506646,-0.019629605084284796,0.04437795040544618,-0.19305442242663803,0.12320872749207161,0.005964444168770407,0.04929277731339016,-0.048586004648874276,0.018979653620332944,0.005340511292613066,-0.014714662025134084,0.01958424969520141,-0.006424011874871254,-0.010975519981368967,0.013540002583377862,0.09246305435058179,-0.027334043067447147,-0.011272434782596678,1,0.8607346025108662
75391,0.12920903122159133,0.045535361147261796,-0.039940979824568824,0.045160113630176,-0.18260636228167484,0.13145598478660614,0.004668637529220388,0.04791456348188587,-0.03870144122639598,0.02011446089764918,0.002565003407045037,-0.037305758660341755,0.006801740902618941,-0.0056311037084019145,0.006853256729173383,0.0007227720301397339,0.08306733154073292,-0.03319007768003592,0.003170624247567629,0,0.8646146049330876
75427,0.14670944347871617,0.03792778548348432,-0.0191157979706078,0.031596875319155934,-0.20605437558187994,0.1301019463327712,0.011760989803053987,0.033857456691833133,-0.05520415284194034,0.03908597543578434,0.016917848123611204,0.009780970950000748,0.015108634350903163,0.007428039721994285,0.005014543736670995,0.002729056616298999,0.10215819855328435,-0.024840553718228797,0.0004861873582033142,0,0.895878832068423
75510,0.1403315113675533,0.03813288146526872,-0.037268368543146184,0.035440976236613526,-0.18875954731759018,0.1446124290293507,0.010944132806592845,0.04512050809352614,-0.0378858854954172,0.027014050746592688,-0.00431677021112725,-0.008920819162664519,0.02251587551306765,-0.0068623761534639255,0.0002995548103435706,0.008082713002321535,0.09513200882656325,-0.021121125856091157,-0.011392193269523449,0,0.8841537279068178
75572,0.13609032296509682,0.030946093333703253,-0.029096807317078414,0.03595910094594044,-0.1837080989588931,0.13444898954340379,0.011793197295697494,0.04581585307830335,-0.04723672380723321,0.033251658421794714,0.01225924567807901,-0.0048674942198743765,0.029449785482532027,0.0008997456148705105,0.0023046116500107247,-0.0029608672837075152,0.09312340012318703,-0.030809494573737814,-0.009720224143705528,0,0.8747417144368491
75734,0.14161102810658105,0.037014526807335656,-0.03515690701801498,0.03967530640461299,-0.18649944985946004,0.12367511595436528,0.012114391055365104,0.06082033551282902,-0.051154649325613075,0.018860626075718468,0.007485998126271811,-0.026992215312690047,0.015744688740450204,-0.0030368866161368784,-0.0074025685013127795,0.0031598474322445795,0.09966979438660623,-0.031839129228550894,-0.00403072754057189,0,0.905944192004731
75745,0.12533684186587235,0.04993398467006869,-0.026752327169431298,0.049084068347898226,-0.19464709760683802,0.13263411542456777,0.005591133327587464,0.04821704665096555,-0.04480254948018652,0.030739773228185704,0.018168029579725242,-0.011599778357032128,0.02937792751296767,-0.002641388443455384,-0.018066989850861127,0.008361500279568881,0.08366116459282467,-0.02769236805891835,-0.010531988726308571,0,0.9178400731732637
75885,0.1342847303837083,0.049287944180271104,-0.027889535544575312,0.027281569384948908,-0.1952994221004517,0.12925378202056062,-0.006420259422153571,0.03669065132407584,-0.05032836060859642,0.02160438823482942,0.006526387478252291,-0.017021059134918297,0.014468817424104125,0.005629015536592151,0.0012372014937988938,0.012888566630722654,0.09286217023671255,-0.025174915103865627,-0.007605773101015117,1,0.8617545493441529
76111,0.13734091495479464,0.039573285120172885,-0.03560053520566864,0.046286274215079436,-0.2082058557534304,0.12082912542712124,0.013556856002608255,0.05687581791732955,-0.04744432860324256,0.0294693847381313,0.016310156978478114,-0.01618985797010337,0.011939848643745211,0.008616403491243686,-0.01640761398044749,-0.00210002841449621,0.083771025974265,-0.025487531157580776,-0.006631391240807849,1,0.9226362357887467
76170,0.13919672280028092,0.035132906315406574,-0.03742148765226283,0.03680445710731729,-0.19479910205986214,0.13849003827209364,-0.00027039413307364946,0.05308564252242125,-0.04091880895907154,0.03398981464863949,-0.00039653319859277094,-0.02274715533321799,0.013451165533016694,0.002394454680158114,-0.008333721530552214,0.007180595704835296,0.08103359084525585,-0.019550896502968273,-0.0009605980061253911,0,0.866158085805152
76180,0.14032649492079294,0.03216522960884666,-0.03291843784931992,0.06295535395853646,-0.19760605996212635,0.1255994600407789,0.0035413263810732966,0.04416571421107672,-0.06323279554819752,0.02076693638606767,0.011972144231008031,-0.0031135039221993656,0.015210315008545304,-0.002473616511888318,-0.0011667671939679261,0.005054576594919566,0.08629149372742802,-0.029008930127992095,0.004121257524464839,1,0.88169041370923
76261,0.1406461525848025,0.045199527718588095,-0.024411885746757168,0.027252838006008473,-0.20433356176879527,0.14035175928417915,0.018510288372887866,0.046668253655422924,-0.04988986181106779,0.041265263983801086,0.00079662663782549,-0.020283654551174892,0.033120728489321107,0.005170413403043371,-0.013261182338286239,0.01164888696515324,0.10008281831005574,-0.02277425219185891,0.003827199787636969,0,0.9494951556066663
76385,0.14839484468983338,0.02707334011322407,-0.03183095423377193,0.04188214965873526,-0.20303825350711346,0.1533128754094926,-0.000643093713073666,0.0493049280906779,-0.04056578176661448,0.03224339687614783,0.0067340671923995085,-0.011656893533220225,0.016185367930599243,0.005924739935609778,0.004225159161155593,0.005664031628989827,0.06804826571312561,-0.022111120553526927,-0.008037379977350304,1,0.8768766436846616
76407,0.13581045765186525,0.03188708752566448,-0.020108943824551858,0.03860397460366216,-0.21183092115557545,0.1151866088246609,0.007085192938581497,0.04641350725777104,-0.03942069270950322,0.03554307927615181,0.021885358467449212,-0.014553784666845098,0.018962647059055364,0.016556615465756236,-0.008211929314041305,-0.013022563970381576,0.09576425906695632,-0.02203032062956212,-0.012541554367576434,0,0.9054194987756113
76423,0.14165236288790156,0.046686289671271544,-0.03907799574542917,0.04901694238895494,-0.19206873046006648,0.13188757039390414,-0.00812205560000879,0.048048863211256114,-0.05285499188160754,0.05079968404097613,0.001498891699073684,-0.025469987151400697,0.014488515964674115,-0.0014038180640284115,-0.0034658054586427867,-0.0015041994123382143,0.10591353075726057,-0.027991046992690033,-0.0076033659671395915,0,0.9495546477486245
76447,0.13275720124930018,0.023372698276626868,-0.048103057262119185,0.045953575002851146,-0.2111061198168536,0.1384950482004738,0.011776597507212428,0.05104832975125163,-0.06212029579389861,0.02844736003838924,0.010490132444888747,-0.006749421749859556,0.019241023277537458,0.025311514516230954,-0.0009873811050344454,-0.005591027687022438,0.0716454771716597,-0.03088142154331746,-0.003771046572205619,1,0.9278487289667331
76558,0.13893364654723211,0.040504115227241434,-0.02353934970775676,0.0449656187545651,-0.21077814279467214,0.1291590888259623,0.0017864777972221677,0.04240801338229679,-0.04302645754324805,0.03827615151009874,0.01050813080223887,-0.005334058586330647,0.012097141093916356,0.0038098304364371748,-0.009323241821206453,0.0012616677992730726,0.0909479569573827,-0.016608617368523267,0.00029832008193413523,0,0.8635660270375383
76707,0.12653501257677077,0.03587627120562905,-0.03605473697256113,0.05692261573020338,-0.2013571233648059,0.13333848142657437,-0.0003679284152253188,0.04795878884551793,-0.02841287361763167,0.026402388807875,0.018339296063436303,-0.006207972881882798,-0.0010516453733589752,-0.0031798882684884364,-0.0018107193699955597,0.007878765736878315,0.08720714807362161,-0.02381833852421637,-0.003840103587554996,0,0.8465600988422279
76776,0.1423360040388121,0.035548882782293234,-0.03456351281342844,0.032624446922350114,-0.1972563920535413,0.1365876220026474,0.01717834088504426,0.047736079391693075,-0.0424717620134404,0.03560460425238958,0.0004792061814803647,-0.004417523290776348,0.013903366363482977,0.0014277522621055196,-0.004852650359259765,-0.0032023887220514282,0.09892900814460551,-0.03625583413146413,-0.004548264455161695,0,0.8899236410660276
76851,0.12340995697137998,0.033458811743842506,-0.03396222721054324,0.03440690362475465,-0.20831843597637445,0.13614761152898164,0.010316191871029305,0.037417368312043564,-0.04559534253325185,0.03831169799743945,0.010332891604089445,-0.007863509311735146,0.006232813235230065,-0.005820460121303369,-0.0026398403331993428,0.0026477112389428343,0.08226564207386096,-0.026501568400325033,-0.0045298763108128645,0,0.8501788603991397
76861,0.14196468643873722,0.026730708878272457,-0.030744281766921525,0.04187132085246127,-0.18903850849180343,0.13101773412219325,-0.001489397671926312,0.0456224372063936,-0.04549311142073102,0.028530545369317213,0.014257300218554323,-0.007972212868720428,0.016968954233377267,-0.003731242479529197,-0.003598622182341521,0.0090435606674622,0.08174388884100454,-0.022932063409753768,-0.0002963080062788038,0,0.8430468851257793
76885,0.13388877671845903,0.04382564340595313,-0.024539524963731504,0.029635190918433852,-0.21012528990897747,0.13523577557480604,0.010553962801158313,0.050090568163792204,-0.050264156272984466,0.02007288218903703,0.015763062367224183,-0.00716802974961842,0.021825340197615443,0.015240228306608077,-0.01568326883263605,0.010890614817502003,0.09103794232058243,-0.026354756506039637,-0.004967804780362063,0,0.9171628187955213
76911,0.1431127184221812,0.04469938093334915,-0.041871173201955936,0.04421661047141389,-0.20819318056642222,0.13558265079625287,0.0015784077330135726,0.042631019444781454,-0.037431720615534125,0.027871359850773943,0.020458789816796028,-0.013718504676596546,0.02117048757507388,-0.00817600138320087,-0.006785110687317355,0.0024800258096945365,0.09302016754846246,-0.012783391875839671,0.0006659564801226673,0,0.9064466578887824
77016,0.13503093518359824,0.018689675114121826,-0.032142701441624726,0.04815610448879829,-0.21267834136149963,0.11974777640298771,0.019728775698436136,0.04728051928548776,-0.046051149852162944,0.026278461499352306,0.0178327270667867,-0.03068178276757468,0.01916951812658288,-0.0009763176756059808,-0.001404366911817378,0.008378835381336294,0.08857551743019637,-0.02169169905605224,0.017713323030347384,0,0.9122085277743694
77049,0.1273783109721839,0.03028409309631187,-0.01690624273201053,0.03430753046496871,-0.21276728851217805,0.1476244266528817,0.013349648016648293,0.05647640645040358,-0.05314355088620721,0.02328217770441383,0.01221614929048477,-0.02419021236780553,0.014520568783491679,0.00910350421067161,0.0007246445933018741,0.0028843189754796062,0.08620140643790679,-0.03177562111138779,0.004206640168859265,0,0.9013427414275966
77051,0.13302915282579567,0.026443438731197116,-0.025958568284554603,0.04133973569509265,-0.19576612457021908,0.14516523778392573,0.009699193101355193,0.04112726063343834,-0.054371804235416134,0.027314688011935945,-0.008331361271827913,-0.017848312867179077,0.014383370347915472,-0.0030181058821083166,-0.002772031715423626,0.009726188376638188,0.08597697154185203,-0.02494685952360227,-0.00018267729376431874,0,0.8674010826932417
77077,0.12399182594832306,0.03144031644153809,-0.047356489675868904,0.04216536775208853,-0.20692896330485758,0.13490737266643862,0.006962066917348561,0.0513631358837177,-0.05116875492030726,0.03809257520386219,0.02445517167714286,-0.02212537923056633,0.020623132216487882,0.008197357825949523,-0.014516432909346991,0.01018738240132961,0.08671086853216274,-0.04253579995643473,-0.00368569794561918,1,0.9674140914093904
77139,0.14877229586757926,0.05011183300629786,-0.042838728134506586,0.04750450247518428,-0.1987026482472389,0.13607676051007805,0.010614276952912265,0.05375495364100161,-0.04114726862965834,0.0369730192565507,0.006179995640111856,0.005612129626440198,0.030921355617273164,0.012234968836671044,-0.001778925178840865,0.0007314974480855816,0.08898203930063289,-0.04517723816957371,-0.01150488921681675,0,0.969619325755454
77218,0.1382671653436562,0.033699018851746226,-0.034308917808859765,0.03032366588443939,-0.20304648197703448,0.1305799738899171,0.00944644934484917,0.03385368746296428,-0.04631146396537377,0.010410787835958429,0.01121129150634464,-0.006699991226851205,0.017692326618735807,0.00928958747185855,0.015978079574418283,0.014050311454720394,0.09512702053309721,-0.024060659041881025,0.00029032135931472464,0,0.8646472011520207
77235,0.12085383431731211,0.01838465231926975,-0.03075110106319748,0.05303564588713364,-0.19028642483406064,0.13668269842247138,-0.0006234442744582584,0.04744399585581673,-0.044079850101542625,0.015252061315396344,0.0024226882008277118,-0.024467159243750286,0.01243777508441667,0.004261528771221692,0.011771403439369495,0.011194128481792867,0.07828606540898561,-0.03016000499825665,0.0041462589861358205,0,0.8365407210054158
77258,0.13085163621753407,0.022866825685119857,-0.02351873539334367,0.04126759365711736,-0.20216769773849977,0.1382457218463123,-0.002075473152167834,0.04545921633294711,-0.039939258083868404,0.0484199000009419,0.02179048875170818,-0.016765714743659014,0.008166105115890252,0.00994771043114493,-0.012585885500186607,0.0063032680421897455,0.09653928471661471,-0.02441457479462706,-0.009108293338813626,1,0.9004333835426864
77279,0.14091889349501524,0.012918478633280758,-0.0288327193255475,0.03972519692522725,-0.19980607357414015,0.13286796714395194,0.002940623811760009,0.05113469324240719,-0.05339976594277486,0.044981714941666195,0.001207594149423514,-0.016675565318929567,0.013387485102474896,0.010319531509875158,0.005182343790492019,-0.0010309665046053372,0.08462961849202333,-0.012099098552290745,-0.0002682984045057363,1,0.8523266288603913
77282,0.12874847910273846,0.03205120813183367,-0.04800312933420444,0.0448537152798825,-0.21001136254154865,0.11993326495062322,0.00038854201530378506,0.05850484387401708,-0.04555227050611523,0.01611406293139574,-0.002117295804381927,-0.013258968143495796,0.011454679421767377,-0.007844406145960589,0.005170892022952691,-0.0007210030818735587,0.08691826490707034,-0.019764126664547403,0.006287405810018258,0,0.8576979206697307
77313,0.14098772671912277,0.04691616531040435,-0.03915703431250476,0.0454892102197977,-0.2042461064517092,0.142707178258103,0.010013192751354224,0.05227371937887599,-0.04875315970739676,0.03377906065216213,0.0029093658982764863,-0.015409320591662395,0.028641636916170974,0.012437471249544241,0.0019672697979899083,0.010437829647308999,0.06764728528179213,-0.03180007915997502,-0.004598930378819552,1,0.9401717426829707
77329,0.1384368153439838,0.028962881658467846,-0.02722838913007094,0.03757895414462564,-0.21901421656214298,0.14807300410393684,0.009994535405888015,0.05011330309633259,-0.05876541614046354,0.041376222350533134,0.0228541408569582,-0.021710504354748566,0.009342895808508762,0.00881001547473784,0.00018448463692583852,-0.0009710295045956217,0.08083746061183548,-0.01905158084587233,-0.010056365926143755,1,0.9333622159567717
77343,0.1280272413988457,0.03682250676459661,-0.019443671352982392,0.037041859866472376,-0.21486268856991597,0.12812979914464917,-0.009837440070429013,0.04475052019502011,-0.03768823035348404,0.03839863125262694,0.02582529964232438,-0.009056123672455105,0.02061398726252862,-0.004752988304876544,9.605324652249126e-05,0.005609730337680899,0.08883527110259463,-0.017089896810966836,-0.006513405546032932,1,0.8733953448950048
77366,0.14063383975205765,0.03401879795035974,-0.03195903700629035,0.04995528413501066,-0.20761187090054717,0.14068669796018496,0.0013184519095456359,0.04848265487421108,-0.036099106551840385,0.025659794078405875,0.01114276645427463,-0.013606097488888804,0.01511954870894806,-0.002738419961758511,0.0009137802903757846,0.013725548090333715,0.0891916107297229,-0.028444637085263774,-0.0006811069043571651,0,0.8919890508323769
77369,0.13383172744069627,0.04187080403208525,-0.022966231021405988,0.043799819669277984,-0.20827529602126987,0.13362849176347552,0.006989379760900027,0.0347874074292039,-0.04079590009464472,0.033918723821231005,0.006281484442526699,-0.0006473993729341862,0.02051761324693807,-0.00587051270714089,0.007481069275046846,0.0003141947757191884,0.07791748083423808,-0.030419735123360127,-0.022014386226321906,0,0.8723276570584165
77419,0.13207618617917324,0.047247697773726775,-0.027577483645522212,0.036069857206637294,-0.20313585790944613,0.11774737290569662,0.013048786699822122,0.03526343191635904,-0.03784148624407092,0.019082134769736164,-0.0009320936536348561,-0.030245016933724476,0.005750120654752575,0.0013967946090668337,-0.004434168209582141,0.009622363356740606,0.09587977304405926,-0.021538549853234366,-0.005472005105277481,0,0.8443611806702631
77608,0.14277975075645047,0.045752053287755334,-0.024842128738940573,0.05329867417786015,-0.2116727518744567,0.12941295762736216,0.00015986799045323823,0.0533966484058584,-0.028117991485083437,0.04617327839301864,0.010477903175737097,0.00042376367604669526,0.009422293293483396,-0.002202917809992633,-0.010440461306296065,0.0063181295979621785,0.07123338631328831,-0.026881691690254082,0.009700571017571743,0,0.8827072206178713
77610,0.12821207443026378,0.036324017775235674,-0.02667555475212424,0.04916964797300793,-0.2041259851995312,0.13787960814498176,0.011617557752341334,0.04697862872648244,-0.03623936866374655,0.03799023368902453,-0.003706960039151735,-0.02351836461339849,0.017853057221340205,0.007925900219066747,-0.003165576355748174,0.02696258558294718,0.0978982445342963,-0.02068469384204517,-0.005835539090960769,0,0.9227635986056942
77618,0.13712282391951558,0.04084603059792939,-0.03414105973515399,0.04476010156663374,-0.19749335878768967,0.12119285167654686,0.0005693441865741301,0.0619179012766268,-0.04516592369853425,0.041958264897228426,0.009113279913847945,-0.006407959736157749,0.01849617674457257,0.013144513376505434,-0.0033860024620152272,-0.003833770693730818,0.08512493704474135,-0.016638520449335427,0.011816181981160346,0,0.8931290027444997
77634,0.13374144456679182,0.03223186006179193,-0.03193628838859045,0.0247134066262008,-0.21790481980427712,0.139237727414167,0.015049653353529783,0.0342451079861601,-0.031239404088180423,0.027219108717873197,0.02127218711009761,-0.012085708116242565,0.018088947838654244,0.028201835524519027,0.0016213692139104212,0.012080113996943673,0.07646518731735147,-0.032530883174778764,0.0036203844067053473,1,0.8934854377067658
77832,0.14843882539440328,0.03642470874755266,-0.030300323002152147,0.05423849930311414,-0.18751138372862883,0.13046153995243334,-0.00010495154364068472,0.03561224909780035,-0.04730657354978006,0.0289924762496234,0.013574758109820742,-0.0223900380438115,0.0327684460554833,-0.0029790940679500703,-0.0039434812028631,0.016486735468975153,0.08496939326856012,-0.01466006836378547,-0.0202052733041799,0,0.9113688184545583
77885,0.12960557917984938,0.032723589896965194,-0.030261866366617877,0.03651374871403535,-0.19740399382185908,0.13778413343851426,0.002765584844390779,0.04642597740439593,-0.04636984920230637,0.03333822399342941,-0.004685108772372066,0.0011937781143255195,0.026154308942481382,-0.0017730910566674933,-0.0076867428068492115,-0.011843718583584985,0.08555123057767368,-0.020659051014723505,-0.0029669899855850543,0,0.8557065667166265
78004,0.13268491476346989,0.02566002976229005,-0.039797478561158915,0.035644453534861245,-0.19786912510473406,0.13230630575793098,0.010244626199915821,0.04609460477199067,-0.04177447114779494,0.031016295431797052,0.007442713695156357,-0.013785382921972265,0.017687858561163367,0.010468479015508346,-0.01326480840205161,0.00739675687478433,0.09029008287717558,-0.029311926908076633,-0.012595439544005698,0,0.8953357538358379
78132,0.14041090336823123,0.047742817428638624,-0.035700026591168076,0.03750799441769796,-0.2153741909085791,0.1293585121230879,0.008501865628636003,0.05389859374713524,-0.04280950923008995,0.048962747797009924,0.02073313844106873,-0.017947052618857266,0.025299443543550716,0.004573438854625188,-0.006086369370485146,-0.0024372323394167487,0.08666220605193742,-0.010737804094282512,-0.01479190979680405,0,0.9495357563513018
78174,0.1313518264615221,0.024701621597843622,-0.03644267566041346,0.03928441734763903,-0.201219241607719,0.13983710861949109,0.0044383507940912986,0.033011112953968184,-0.047297937562533594,0.018055749511198805,0.005901566278392917,-0.022149582837144872,0.010320161098819685,-0.0046765535792085994,-0.002039167666920544,-0.006038647854187627,0.0916724362952291,-0.02964994987015533,0.001537836858460594,0,0.8496259444549394
78213,0.14253983907063023,0.052585607899496636,-0.021764161417465316,0.03996658640730123,-0.20292596989862122,0.1333452339202499,0.002855194633954999,0.06203060955998703,-0.054996604911111524,0.02757937733806892,0.005793868328760381,0.0013357257116368459,0.005053814223153755,-0.0012061017559173329,-0.0005199908958148421,0.0054494171504116656,0.07354371267094091,-0.028250156568459805,0.016332884289023814,0,0.8780748566510064
78230,0.15838004921320437,0.02625428562329581,-0.02470542062751963,0.04190567819179231,-0.2056653520399084,0.1450588494703482,0.022061781263421603,0.041408752653681324,-0.0498587834133991,0.03705341190773049,0.004290863179306568,-0.007883837546190757,0.021433545613705477,0.01492312899317524,0.0022430694542894514,0.010530460163905651,0.09752664979464488,-0.025843431369337908,-0.009484314741807212,1,0.9465116652606644
78356,0.1311434533318008,0.04724835806480045,-0.03638866386778137,0.04777090127863381,-0.19699576102301486,0.14343047862938962,0.008561058755296327,0.04337498169970373,-0.059437990194680455,0.03096613023271918,0.01726059871249076,-0.005776596336357789,0.021761839110774915,-0.002493322028501841,0.0009280306317261691,0.01092914784700398,0.08660088824334657,-0.027136127621083847,-0.008085656395856896,0,0.9262899840049633
78360,0.1313361356496841,0.036702901543390724,-0.026969896699717697,0.033930861084239615,-0.1976719561239395,0.1370859737537417,0.019105225489708277,0.04660343488397413,-0.03733683731033661,0.026774944545221162,0.0037346768185207778,-0.009827515294710083,0.023146609423656973,0.00810609318744077,-0.005646446961386732,0.01099764627441916,0.08470128421224203,-0.020308344867651287,-0.004810704450981078,0,0.8647974885749624
78434,0.1409411827124024,0.024232126713362268,-0.03267345644504535,0.05408100193996835,-0.19042092061147056,0.13092428754471613,0.02166662893738977,0.05369798352323514,-0.036559868421585026,0.04788277019225546,0.013701385754296755,-0.012939892275568054,0.025389252273442565,0.004042073084175031,0.0028770749689675744,0.002522123437074306,0.08858209637021838,-0.010143494087480982,-0.0026659236994710524,0,0.8959435429921252
78477,0.13182645701255755,0.04077344885665927,-0.04105005768054905,0.052175885979712254,-0.2071100073655357,0.15028618431223945,-0.004001496527328067,0.03616037404378309,-0.046817143836510464,0.017106996321429976,0.0067959772040107795,-0.013260221438842538,0.01166731517743489,0.01965831301072994,-0.01566268836736237,-0.002024635871155408,0.09989500601066074,-0.0476913415135278,-0.004423931043038896,0,0.9483874815730682
78485,0.13283919171158748,0.033525751230367766,-0.049263765888538376,0.024077609739349994,-0.1916220259606096,0.1417823968526753,0.005166676044943604,0.06562743624782107,-0.04775115817232825,0.026554298510198967,0.007353173719588114,-0.017535567406199055,0.007031269496326436,0.012896281809257318,-0.01595710662991191,0.011387531778470121,0.09157718831147856,-0.035388626200090166,0.0009839672792580573,0,0.9183210229890001
78579,0.13030784467505882,0.03643934627820769,-0.02925638324035162,0.03416737761192397,-0.19569145328656512,0.12450347757775426,0.009670082224435496,0.048478251948406124,-0.0512188506206365,0.030746674244082797,0.010584032154197249,0.0011345913741927737,0.02241679173966351,0.005651649620671921,0.00574389204221172,-0.01413554318089177,0.08280622082003562,-0.017624692532430892,-0.03356307811618048,0,0.8841402332878984
78771,0.14244417775481785,0.03561659758457002,-0.042499573649995695,0.03821023229497898,-0.19372129831837875,0.1225930631198301,0.012781502144539875,0.04877423530342605,-0.04726616945129186,0.03267136609995759,0.017491839230711324,-0.002647344360886296,0.00857226199582872,0.016785314172182052,-0.0110998179184385,0.006860360569569255,0.07938844187058378,-0.01878175904430046,0.001453998818351664,1,0.8796593537026388
78790,0.1482195033780729,0.030605106644634294,-0.03346629683184612,0.03619750547995687,-0.20445106793319043,0.14202540320593907,-0.013843014105596092,0.054763036273058154,-0.048924718144591345,0.0346134809049172,0.006035559808342619,-0.008611695992922684,0.011486558456166035,0.002071905436465853,0.01025750116238249,0.021943708653301204,0.07634006441464569,-0.0260358245813741,0.0058534531033335386,0,0.9157454045107367
78795,0.15301749880773632,0.02830829996366744,-0.047042995830747676,0.055239217955858996,-0.21103848815858625,0.14340295304346143,0.01262860038974338,0.04072594806711408,-0.04728338387044369,0.03920175254982113,0.011719224668633014,-0.011897857933453913,0.010162539415267978,0.01787186688946836,-0.0055308263360198335,0.009903383239343375,0.08414606247904283,-0.021544568294528017,-0.016242250643605387,0,0.9669077185365431
78813,0.12201665213280866,0.042169916960687684,-0.032780254261791424,0.026176516821883038,-0.2191860060905391,0.11869965609677693,0.004935022884633284,0.05547519360897261,-0.03977246630130398,0.030084006197443013,-0.0014212593791366414,-0.008657074250694218,0.014288564817990575,-0.003449933516621848,-0.003746631879643892,0.019577223778679365,0.08314134934513363,-0.026372627331540943,-0.013832154924100412,0,0.8657825105803812
78887,0.13203704220659024,0.03749902676112377,-0.032124172007463814,0.04471145613572442,-0.20118600177929608,0.13153545182086615,-0.0044310328785444756,0.035501800326735174,-0.05108785054286828,0.039049311675652204,0.019535088131888815,-0.014038095879286965,0.015446268628889995,0.008235289529974491,-0.008752143612573003,0.01591609737412082,0.09218185592825472,-0.023107012742322776,-0.0075996289539288185,0,0.913974626916105
78896,0.12846720949832732,0.045350769459926325,-0.033753074165898934,0.0413768935724733,-0.19805026359275482,0.11599266282678099,0.0016230562147557133,0.04876508843092893,-0.042025421475522746,0.01932663351435034,0.005908714995753918,-0.008181635207321639,0.009474520462133243,0.0074797086173617865,0.0035224846664573353,-0.012335725015163942,0.08383820816584411,-0.0005612645278276227,-0.00013064536020162518,0,0.8061639797697846
78944,0.13858106273599538,0.0354010683848798,-0.0348519422116342,0.042741650335754486,-0.20599352993129086,0.13172933227788103,0.009458388222450119,0.046543795426547296,-0.029732835171051103,0.03079533671226796,0.018562956478799,-0.016196804967704804,0.015324610173482363,0.013428032663556256,-0.018491953044933982,-0.0035065911917545978,0.07390314386080635,-0.023403717543548405,-0.00864683022491765,0,0.8972935815592556
78984,0.14395715938390666,0.04443224748142761,-0.030878335478719435,0.043382701265926665,-0.19832047148937035,0.13036983247454523,-0.001686583441595777,0.04928834954006682,-0.05179996812783603,0.04448528691996189,0.02063318556166725,0.0007345122937848192,0.01289315544438453,0.020154298955803833,-0.007170385944156755,0.009026166247515854,0.09482067091974916,-0.02540788857259912,-0.011055936787359442,0,0.9404971363303772
79008,0.14282263228511774,0.04438934405936828,-0.028749978325235043,0.031016347116113598,-0.21168620980038846,0.14073192513061913,0.003224223715289696,0.048381995680973934,-0.04219283177345697,0.0354242189675705,0.009192089083642755,-0.021520606193295072,0.012813359576803324,0.012761259240181275,-0.01513964415495099,0.016051134162642883,0.08101450954372405,-0.031065465205889813,0.004635202949776794,0,0.9328129769650403
79091,0.1301488716370507,0.030516390231726035,-0.04320214442513439,0.04774684749207992,-0.21047565488653247,0.12018392085773912,0.003588989915533654,0.055784281052579335,-0.062425972703498596,0.027454398786581746,0.01292659213125667,-0.008972788871903314,0.013768552212806914,-0.0034523425985976265,-0.006382287828740013,0.012252363776178766,0.09269316858209226,-0.025143259844921464,-0.010658182268594735,0,0.9177770101035477
79196,0.12998070545568416,0.030604282421354847,-0.02942634211363031,0.03781716033737487,-0.22378894808596902,0.14734934851533202,0.009623956989828772,0.06744370821353565,-0.05165880407538393,0.025163830498651767,0.012563019857973002,-0.009691318017521622,0.0027748308010719152,0.011851690080742019,0.004813553032158082,0.005488826399280676,0.08845965388300218,-0.011002271379122562,-0.004001099900342317,0,0.9035033500579597
79226,0.1381577966852752,0.030920637449960195,-0.04125182068866341,0.03886244924014443,-0.19626461214873045,0.1314233897529344,-0.014038309994482355,0.03624363588664257,-0.036649668099870816,0.03274860138478947,-0.0006320804786924462,-0.012628908925455505,0.024371081808278964,0.007177428102194474,-0.006999439465234317,0.007757035414801913,0.08471946925724545,-0.012572037426222381,-0.003956342697036454,0,0.8573747449066552
79266,0.12785240287024446,0.03547910035172278,-0.021074248712579475,0.04476036847811953,-0.1976916155269694,0.1432717326251585,0.008373922801220514,0.06461860536215652,-0.04877723496234346,0.03611053887693743,0.008357644624660593,-0.006960584213187528,0.02084247882267545,0.001099237693692686,0.0004719122736409469,0.0077264934647292794,0.10108909681784925,-0.018164932833624563,-0.003478478204412791,0,0.8962006295159252
79278,0.12100584664002989,0.04722408386458226,-0.014644056329331983,0.0644775165881265,-0.1969207776942436,0.12885581122590012,0.012791306010872533,0.05662287449229439,-0.03510462003634527,0.026241032733406104,0.015159087298121082,0.0016635759992438667,0.00202352082176802,-0.0028086069214455643,0.010702915184151297,0.005366249006212973,0.08501415161172111,-0.01642325793107952,-0.01338358825303324,0,0.8564328786419093
79299,0.13290844297865498,0.024672935924508085,-0.039193180025014616,0.038647108850623745,-0.21514582453957856,0.13951208682575328,0.0044992384538124945,0.0582407037645247,-0.03880692685041534,0.032168849733985254,0.007181304368470925,-0.018957089427994796,0.031625351079227114,0.002258327978873101,-0.01519840304672053,-0.00149381649345799,0.10226788960722455,-0.022074787304954203,-0.003683448268515633,0,0.9285357155223098
79386,0.13533724362111407,0.039824749808323415,-0.019623367054349163,0.039952216535611096,-0.2042793473793599,0.12941744050026852,0.008005089892774622,0.03993769363844288,-0.03546453188945995,0.03614828418712955,0.012278241518074315,-0.01165332972819936,0.011009829973189679,0.00047519807910788027,-0.007992623618238428,-0.008572475361448952,0.08889698746820775,-0.015167888130540168,0.002676772741062624,0,0.8467133111249023
79398,0.14337421113395998,0.026964178413941196,-0.023015524718654784,0.04090655099622069,-0.20510190200813702,0.1348484979901754,0.015452671975979987,0.04621983383868575,-0.04687749741348114,0.03572521427441817,0.029816015519627738,-0.009578280314143258,0.013718425417037619,-0.004012543450167901,-0.0017760338936117436,-0.00448753495625102,0.09650858792873639,-0.013655283428524307,-0.013303246712741329,0,0.9053420343844955
79459,0.13140667451029803,0.02292493759860745,-0.04058037537585304,0.018132933247115065,-0.2076977048862003,0.13269782235060795,0.006372804166813304,0.054089886928799395,-0.027415110066475155,0.03205785204237786,0.010675326659514308,-0.010391446990202061,0.013515415534921787,0.019670952326006498,-0.018065122452647357,0.019190376494804314,0.0973420567078287,-0.015790118922203604,-0.00484819204427237,1,0.8828651093055485
79480,0.14841715553393034,0.03729886110772936,-0.03983232377753028,0.038152762971569464,-0.20383767115370782,0.14308075112009544,0.009276603976856628,0.037794084582208606,-0.03851998144908476,0.038506510133165396,0.024564225477241824,-0.024410267893754452,0.007104339003410051,-0.019153635680877374,-0.003939605800435177,0.00400436226069861,0.07563335782283906,-0.024480126649857503,-0.001502365588686341,0,0.9195089919836785
79502,0.13226131111732076,0.02689622522687863,-0.03702145433410242,0.05362443116214315,-0.20779513659233464,0.13650785775248325,0.007418595385501798,0.039134771929459876,-0.03897928790641143,0.03353460765260824,0.0215194929511298,-0.01923760151114375,0.01865666081238451,-0.003698421528677353,0.004883406611631125,0.006311008957076234,0.09511600641846585,-0.029201108081017533,-0.006386333208293643,0,0.918183719139064
79539,0.1400922400530969,0.04278944943544926,-0.028441622110363034,0.04343727577883737,-0.2166781251290858,0.13549527011493404,0.009617604822362626,0.04921518371323539,-0.04639557432191334,0.03443925889047693,0.015020468110824567,-0.012979205339055565,0.02408572600044499,-0.000611425757417427,0.0034156873633539,0.0006383071466513506,0.08385155151595539,-0.024452789268091475,-0.002293549669018642,0,0.913950314540568
79714,0.13957815018204325,0.033582900527311034,-0.041601489326840255,0.0442334577391629,-0.20763712752743416,0.14303669257025048,-0.010287248578613233,0.0551598580692307,-0.03849012108473619,0.0299686515095483,0.010741708643200799,-0.010525689495141585,0.016913092719310137,0.009707226366536419,-0.011530541313743608,0.009594607686683009,0.07461950904358369,-0.012696140483723485,-0.0013249117343077418,1,0.9012291246014009
79717,0.14301733250883897,0.035998315592641376,-0.03424408084261665,0.031110899866714007,-0.19503910487993417,0.13997456886141965,0.01247496967395375,0.04502098930809613,-0.04052876390058152,0.019654267199938746,0.013797618675803676,-0.011798802223271091,0.01595983385443336,0.002261362429685192,0.01441194967940485,0.006019805824072178,0.08723723434555053,-0.01962343173396484,-0.0029324387752308993,0,0.8711057701761515
79757,0.15719412639764366,0.03836210872778608,-0.028644534298913737,0.05341458651854134,-0.19832525029646197,0.14905843723915163,0.010239574966786728,0.043605457854350826,-0.041656617016278825,0.04067935939404628,0.008380232636814169,-0.004925384923866307,0.027311970220631056,0.009232776409325197,-0.020564831455803293,0.005515143647669561,0.0775055246074215,-0.011046375452595097,-0.013650105038886673,1,0.939312397102974
79875,0.14528069220432466,0.039873729445249556,-0.03599665600982747,0.03537663438737599,-0.20175664879746702,0.14649225862588028,9.92618580778479e-05,0.04246769132430396,-0.04134565202227659,0.0265943898483359,0.009984615795343127,-0.0025730777748422407,0.006100694233096885,0.0013865269513771694,0.00044565528836482186,0.0010575393369548114,0.08345475754852988,-0.025755032394859007,0.0016202343437762559,0,0.8476617481902634
79908,0.12504166160816543,0.04125531898399001,-0.009749073151410947,0.02492303405431692,-0.19092246338876495,0.12725124977715105,0.0026543744836776875,0.036170812201396285,-0.04704557728578669,0.020052250186978537,-0.003431748622140839,-0.0025937768247526636,0.0093182681784424,0.0061676970517972,-0.010403169350250747,-0.0040513851913809495,0.10064340223581425,-0.01909755074263166,-0.01135727625458285,0,0.7921300895734321
79920,0.15063615704492703,0.03527175441978819,-0.022718683020131417,0.038058081139120646,-0.1985699176150443,0.1449149468741667,-0.0019808440525387536,0.04262952115245797,-0.04544403837443679,0.032448790389866936,0.00016147595962977273,-0.00708957767805263,0.02558373547567568,-0.004404423940403923,-0.004110266018295728,-0.0016768747027588178,0.08899887995058581,-0.0038859507178558364,-0.005898211767794693,0,0.8544821302935316
79947,0.14040121911982084,0.026773529279339906,-0.02175397627864654,0.045983346221443656,-0.21226443570203574,0.13795848036897126,0.01072688763783823,0.05476782986535555,-0.04868633636642869,0.03419617026012167,0.008677270269160953,-0.01229448948316324,0.0007427416974309857,0.01382044575046212,-0.004611203833133038,0.001712624859886272,0.10008109483674484,-0.02586568230943719,-0.006273625501205141,0,0.9075913896406259
79958,0.1403201069823261,0.03300284716886732,-0.031196052462861307,0.03293198546219586,-0.20952000895233305,0.14221703618759304,-0.00587926249206939,0.04428153960835423,-0.042283983924259305,0.039336447111042144,0.015549676864913181,-0.0006232407266162038,0.00853109961233923,0.011390736386555807,-0.016460390379509717,-0.011934032999328768,0.07818640636033783,-0.01719315173781846,0.014769812842940917,0,0.8956078182622619
79984,0.1339752062932493,0.029352652498970025,-0.03554306135945255,0.04751641964994124,-0.20459622650957215,0.13615559792556606,-0.013420722901280506,0.03366983662481047,-0.04060224326434442,0.02885144677899137,0.0031334030854520026,-0.029603107969564807,0.009621987490268729,-0.0025598687670141114,-0.00816995529382158,0.01429208638319422,0.07952433595658628,-0.026045280381272736,-0.006754167782751989,0,0.8833876069161045
80126,0.1270967167095201,0.04083136894511576,-0.04653142747468247,0.046946861194786485,-0.20943248590460287,0.1366395944561519,0.01181947982765519,0.054628450053555044,-0.05310570946244781,0.042107711738295237,-0.010372854074950246,-0.009926187822940233,0.020190917643903603,-0.003384982878952145,-0.003980572706251744,0.0060146415899595095,0.08675922677784186,-0.026642230345537164,0.006930303248680037,1,0.9433417228558294
80152,0.14217204171099893,0.04406817208233245,-0.0386823354917887,0.03802399773787876,-0.20276146521972643,0.14536025652828233,-0.0010793810481517768,0.048612862532308405,-0.05175519636305392,0.03552658398775926,0.010728988826693077,-0.019442897478773008,0.012406751017156895,0.00929523939288683,-0.011348859483676994,0.005266890724415236,0.08344896919999567,-0.028102612667699606,0.0015103217992183966,1,0.9295938232927967
80227,0.15328316211614706,0.044318769883344634,-0.02555069800591974,0.04656706876391679,-0.20966009139123468,0.13624711870257894,0.00493475333472499,0.04531347451319238,-0.04270108153224422,0.023823005310011493,0.004128175085873494,-0.01736807271302637,0.013476602248934775,0.028040334744030122,-0.010055413944052821,0.018280381952880932,0.07373194797033922,-0.035522083605226885,-7.675249188145127e-05,0,0.933078988309561
80249,0.12260949126973485,0.0294271498487594,-0.018785582376834913,0.051625316827055734,-0.18856602481928467,0.12475781098375832,0.0008040599394987968,0.028810789921453386,-0.03531813941740305,0.00286686016475368,0.007356378801645982,0.0034638870311046372,0.0043994263828957625,0.01606942784532089,-0.01595140179710837,-0.0009816145389230097,0.08375288642937158,-0.019126516578107575,-0.0063481766265839805,0,0.7610209415995985
80316,0.12803646464033067,0.05352154267645503,-0.02288738316270733,0.055065091200610525,-0.20359306707688504,0.1388940207731011,0.005737192689787729,0.06747218356541002,-0.03786368738113424,0.030410323819453168,0.015766109901394883,-0.007424259028308522,0.015527241953152806,0.010842777266327786,-0.0011201432746962058,-0.0008423245085676374,0.08409048239680034,-0.03177904502164782,-0.005181473687986932,1,0.9160548140247577
80367,0.1474400619316605,0.04138575737179821,-0.030367188087306634,0.0264569790394529,-0.20019753888270927,0.13288972480417635,0.00697652207629339,0.03268654207150976,-0.04801432150100634,0.029028417259367147,0.0005352187373479881,-0.006815978031145935,0.013620430385320549,0.013020699421612625,0.013509187943747749,0.011076283802561728,0.10597709222707427,-0.022417645827796536,-0.0048814842019838664,1,0.8872970736038718
80437,0.1421136978289684,0.032437418662985044,-0.019447056224921672,0.025655326985648746,-0.1862266062486364,0.13824049588777268,0.013028572281009903,0.0580118202071521,-0.0380830283911304,0.03846675561941798,0.0017985065562832177,-0.011707557492534696,0.011774508025826413,0.008267243620021828,-0.0027389595726592885,0.006591976496633324,0.08745053051139479,-0.020211976947365328,-0.00017285562336863218,0,0.8424248931837308
80502,0.1345192318740574,0.04595932827332824,-0.03811247905154877,0.04739190809938491,-0.2016724616079798,0.14356143742686409,0.012057748824388054,0.05339443553131466,-0.0466485653095547,0.037425545088290796,0.005566836708699665,-0.02688094990959112,0.013695838349257401,0.0035735091272229456,-0.008127286684085595,-0.004606555807716844,0.07142660543730729,-0.014691409808103682,0.004402855506446102,0,0.9137149884251421
80508,0.13786850898616962,0.026562447618793346,-0.033839840341072805,0.03747355011818088,-0.1868792916414056,0.14077295752508023,0.005584445204190234,0.05202610875499762,-0.045747933944077,0.030876792749622295,0.0014713533036548486,-0.02066629831682656,0.01948196349340244,0.013539402091762206,-0.006608993605170393,0.014809815027832369,0.09815875749165918,-0.0313473393228267,-0.008477257497227693,0,0.912193057033952
80523,0.1304324112150787,0.04018144906145562,-0.045215657023426496,0.045495910290579554,-0.19546037812853922,0.14575735078373722,-0.006429361327547274,0.05195169805131194,-0.05598257563792942,0.030235038141278772,0.0168690655882928,0.0007307229875150158,0.024621044815241466,-0.0015392294258823169,-0.008578000549775497,0.012326896156114917,0.08260071415713628,-0.0471940683847754,-0.0058124723883357194,0,0.9474140441139536
80585,0.1503264238038713,0.02671770703873617,-0.03832383204784325,0.05096239809433785,-0.20213000632603684,0.12857592655979966,-0.00014271748979417752,0.06046373997590857,-0.0627728427756617,0.03679384686958822,0.0034588482535728225,-0.022756657736818595,0.014132392008281248,-0.00932829918967257,0.003785964921975479,0.010957586419230912,0.1021585394341601,-0.03128608557813212,-0.024179390947983114,0,0.9792532054714047
80609,0.13065589632533758,0.023377016807665265,-0.03895118392177065,0.029002820839595902,-0.19114311515700844,0.13817659408146318,-0.009974976135981625,0.05571408170017389,-0.0388824816968371,0.04154798372537865,0.01035812604124228,-0.004543322130202457,0.01926244520280878,0.00190307397675935,-0.00688981928175644,0.00975478637186738,0.0934178590184023,-0.02148208142281911,-0.016492476319124146,0,0.8815301401561946
80669,0.1461228231032608,0.02287664992185363,-0.02692815254304904,0.02973284882652289,-0.20704935562491858,0.13965376014175368,0.01723287701193483,0.05573447173294826,-0.03645865522181923,0.03669996498304981,0.0010524959408238325,-0.018940560206482705,0.03716698741265754,-0.0017146607926445468,-0.00718301072459988,-0.0043295284952682865,0.09703123485568926,-0.031872561967214545,0.010114098832699422,0,0.9278946983391908
80894,0.1288843778473383,0.030996429691923788,-0.03234192987717781,0.03670399325135945,-0.19959756948912713,0.1328584100967921,0.011416042327350762,0.060111498030569914,-0.05170850866024852,0.03892257970517174,0.016847247946999377,-0.003064459636373684,0.022757604710137862,0.005035955356741876,0.002735942053409609,0.01352275951161681,0.09197998317418411,-0.03266017099516115,0.0001246710728049081,0,0.9122701334344889
80923,0.14323272883472202,0.0482894268417845,-0.022726921935788933,0.04344936130783956,-0.19300348633496442,0.147814494732443,0.006211911086909622,0.04618219576396612,-0.04058507498991166,0.02913277238468916,0.008321626940610574,-0.01266154315331485,0.023971780711260753,-0.0014877012099056796,-0.006558614837233354,0.0069350587555975065,0.0787694732655722,-0.02812886252855928,-0.0057357314829332,0,0.8931987670980064
80951,0.1387027449728983,0.02546101712290907,-0.022955384579182468,0.04175269456874142,-0.18756532840488851,0.13557167674802534,0.006126132006966488,0.046731270864143276,-0.04520971333098238,0.023442003663841155,0.01950889165827257,-0.008300558691086035,0.019715443023063484,-0.007606288882418854,0.002330423148768291,0.020931614581230523,0.08815722997447704,-0.01749552560666739,-0.005340597618287847,0,0.8629045394468504
81049,0.14402401612462162,0.02939022119256002,-0.03309559376992668,0.0437095762619073,-0.18592262746654567,0.13402024995259226,0.005044649093029407,0.060908115114244925,-0.044830472550360774,0.03158733959856827,-0.008544568742111142,-0.008783240014076096,0.013530417521482818,0.008567612249875038,-0.015334908093728604,-7.811773552829621e-05,0.0826433759442257,-0.004522026471568114,-0.007337367394749274,0,0.861874495291702
81068,0.1332345112643504,0.040122382829640736,-0.027894428110345412,0.030698867241710674,-0.20275088071148886,0.13602469247507612,0.006352678207959195,0.06473867243434875,-0.04634817585333668,0.021255995223109624,-0.001726487138618818,-0.0007399119666873752,0.01168072634681559,0.02071262934332697,0.001130178246529928,0.012907816804380703,0.0909136708556365,-0.035981302682350176,-0.004407898995450501,1,0.889621906731163
81158,0.13196326227810087,0.03413296854415217,-0.026378497058514052,0.053117612737326715,-0.18743130441102882,0.1365111763646356,0.012432297747088913,0.04858897857622869,-0.06168937351766616,0.04033323594836874,0.02040784973513,-0.020212020170025897,0.03373186885262882,0.009062584634876195,0.007639286041765081,0.015353143977522533,0.08526983152381436,-0.0016588681946269985,-0.012279379878717472,0,0.9381935401922181
81174,0.12730670942240566,0.0437328724188992,-0.03657175284613899,0.036472869124775605,-0.21815526461790588,0.11823643560203684,0.005127739909737519,0.04344084189634553,-0.052478227445117084,0.04843470522850213,0.01853153185062228,0.0010567615561564694,0.022369043514221025,0.004208587556298192,-0.0164603545977202,0.006260679603864027,0.10246902328737909,-0.023379064808589315,-0.003173684715526464,1,0.9278661500022415
81233,0.13255599781909344,0.036019622410363175,-0.025830017303194137,0.032833077988452516,-0.20867143101552932,0.1353296173153592,-0.001894444105388804,0.04113237209779698,-0.039417601615696,0.02327170179008782,0.00360039267340562,-0.014114910948650033,0.015267807283223035,-0.011309727476706973,-0.0007535962334967078,0.0015982004111490791,0.08186769665972875,-0.017437771939408035,-0.007900135026419513,0,0.8308061221131491
81351,0.13726372143705146,0.03195492234200055,-0.04673271669947121,0.038175661008865075,-0.20048778881954796,0.13737693926367095,0.009583226988647064,0.05202623412449029,-0.04746442764383373,0.044256568336593506,-0.004525754973005358,-0.021744809884238096,0.01761351079162416,0.009722334986950203,-0.0026975451235976377,-0.005754360926111142,0.08652704456884536,-0.01600859889792783,-0.00964776689985149,1,0.9195639337163231
81390,0.1349187260609361,0.0413338280679184,-0.02242845169772767,0.04140220109619858,-0.20631657490674712,0.14376802484552095,0.014570533975594317,0.054440118031531086,-0.041496963549028675,0.05741190752416847,0.007575866242236211,-0.00325083527137396,0.03428016002159169,0.009391715423303412,-0.0027289679417965805,0.013961839104226971,0.07445436203106932,-0.028817899458730773,-0.009312517564926202,0,0.9418614928146265
81405,0.13323471991529606,0.027303483285825218,-0.056424369415552844,0.03489678659911463,-0.21585892814709062,0.12013649190860994,0.010955654541291314,0.044984782948960314,-0.049119203632389155,0.04160881256766599,0.010561126200961396,0.00978928377180443,0.008748577831486892,0.00889684865042817,0.004608957110337012,0.012259165869903605,0.07906127404709003,-0.03495555946125991,-0.0033559116198961796,1,0.9067599375249638
81412,0.13495714791191854,0.05639508516346707,-0.02895811621907972,0.04299794760991625,-0.1988104049260885,0.14155745275711407,0.010629149728590923,0.036137286021409365,-0.052339359409940486,0.013635402919685293,0.0014070319631369892,-0.023119724546555333,0.00859166603640699,0.02141328335569454,-0.0027281594841219725,0.01812679975899381,0.09414283700353229,-0.022198913661090825,0.0074779063769055045,0,0.9156236748536485
81421,0.14544917677845706,0.0432830214396778,-0.026082660597442502,0.03359791986259533,-0.2063788088901889,0.14550111401991506,0.015402585316001924,0.03088043665987606,-0.04088266446907319,0.02403350778671832,0.008457691709640502,-0.007493877840140728,0.010131955354271213,0.012362246833044,0.00047267798292836003,0.002700347400344303,0.08485633435669648,-0.02266196215125762,0.012308587453998958,0,0.8729375769022683
81434,0.13071238028247933,0.04086381979179585,-0.022545908664740103,0.02700389507641159,-0.18545709135118343,0.12773775615192234,0.008183664561648445,0.051210831736278786,-0.04907927093826931,0.024138172438700083,0.01052569907815887,-0.017766695846697565,0.01727277814702303,0.010580580734760337,-0.011852356649301801,7.84364285463631e-05,0.09585195349889127,-0.031147737844591763,0.009740108172643005,0,0.8717491373940432
81566,0.12961600895886458,0.04461891765335331,-0.02651827590880891,0.035140682254940755,-0.2184512600734782,0.1439705450107371,0.012244909408069228,0.04527761663260569,-0.04329595546182229,0.019150343560139987,0.0008612741787065792,-0.022941363984962153,0.0160741135592014,0.01930618885793068,-0.012604249949279549,-0.001773305588337377,0.08434118012072479,-0.032140574814387694,0.0059007875612319405,0,0.9142275535375822
81636,0.13538789469280205,0.032881092752290175,-0.0398647358510922,0.03187250753825555,-0.21738597166468848,0.1399343497880683,0.018476084121442613,0.03142655387308037,-0.04426185752162554,0.04080914851902992,0.003223696021079997,-0.020694981337711783,0.02475638542926604,0.016871421430421765,-0.010195582224051902,0.015674851014147586,0.08721449697776129,-0.014976379252184098,-0.00017955898293233664,0,0.926087548991932
81677,0.12849138674828836,0.03133568945970698,-0.03717570502616777,0.03631646769916076,-0.20745192095869022,0.13672267645759062,0.00741041755252414,0.04269861728182572,-0.045469683025254705,0.035226697228132965,0.011519140556550848,-0.02698371816560545,0.012809420974366497,0.026959664910641497,0.0033036299197260746,-0.0008571635561799971,0.08093783696843836,-0.01937150380202343,0.0005668974672055063,0,0.8916082377580798
81695,0.13401758778975445,0.03180102152371308,-0.027916504344175065,0.030615249017556693,-0.19494249993221233,0.1322646295113022,-0.007196332734349964,0.030120512754272577,-0.033289633238946695,0.028068695561407314,0.01310261335600919,-0.008225887234438437,0.015963506120628662,0.008394701767498111,0.006371579435708245,0.006709101544366834,0.08270748405945727,-0.037060143919182484,-0.00778113097116725,0,0.8365488148161468
81739,0.13487842646109865,0.047673142440080044,-0.022777367805462405,0.03685212861652998,-0.20732570947879794,0.13478705964473864,0.011585591456300249,0.0404901256504631,-0.03861619164998587,0.04016179467267417,0.018165156684493127,0.0001789434415307683,0.014649745701590514,-0.013258173993801824,-0.0062241105294746964,0.008616716724946905,0.08276417473441142,-0.02267405911087615,-0.006211899947159671,0,0.8878905187444162
81744,0.14762378276006397,0.030956296272592554,-0.027518070125700813,0.03372790426339665,-0.1959344377299183,0.13298748744541622,0.0038712635233894835,0.04430185278026344,-0.043728353866264856,0.0161205818150746,0.008470752778755298,-0.010061650801666705,0.02293008315549106,0.015266831430331843,-0.0032831973115776195,-0.004643488535554704,0.09579136834163887,-0.027164023395551094,0.007298940083984821,0,0.8716803664166329
81747,0.13858179994599146,0.0321885439907014,-0.024150670215732053,0.024073767764537,-0.18274734857421512,0.13130492703416471,0.003217989902318153,0.05232584154393204,-0.05987842905071453,0.031421161560818936,0.01268110082132216,-0.020499578494086054,0.007262893404313924,0.001962183066404896,-0.005618931705552337,0.016896237375195834,0.09627709943344895,-0.02811286822541113,-0.01837206451635019,0,0.8875734366252109
81748,0.1394454381167481,0.029215094866223985,-0.03349245700777066,0.05475756449695407,-0.1942509158591623,0.13631250710067802,0.006032587908700195,0.0473197898364213,-0.04247285935335204,0.03981369000384925,0.0188173692313179,-0.0022484984090812526,0.004398696748306821,-0.008999300318657314,-0.0029060568323181616,0.006269466007582252,0.10816782902597676,-0.02920198080576426,-0.013196639645693687,0,0.9173187415745583
81981,0.1331333229992856,0.03766146788323947,-0.053061971530495584,0.0493423415813754,-0.20569232525355208,0.1356775629847108,0.0016458482186811074,0.02975723467885571,-0.04296747646481088,0.02723484210359737,0.022552282817043218,0.0004995107827658541,0.008711860128365572,0.009031426334585878,0.004893979907713649,0.017047818176831913,0.08577713212692877,-0.022369614495222432,-0.006502601336675696,0,0.893560619804737
82041,0.14139828538883725,0.027023170719032485,-0.028281384135536047,0.05058784337664549,-0.20127767110584455,0.13770300219840706,-0.0013372798938175428,0.05144208574383643,-0.04623617786517088,0.039394304518119753,0.022694476244162726,-0.004777981468541226,0.008641483752630115,0.006719027411936484,0.005895977350582781,0.006606961039196581,0.08020644427808886,-0.014133287276900518,-0.00033303546425774897,1,0.8746898792315445
82067,0.13971944691708407,0.043660925816736806,-0.021964562805301274,0.05388394409241577,-0.2038414822829713,0.11453278068733246,0.001300856548527816,0.038530716187346374,-0.044354129606795495,0.015467311683224239,-0.0005848453408086613,-0.006894163588701877,0.003145380233795138,0.0025982923880067585,-0.006499751091256447,-0.0022159160669399346,0.08268883466791914,-0.023133083939548483,-0.0037147733304429497,0,0.808731197275155
82293,0.14110184819307098,0.04872383197256304,-0.03663225653694132,0.056761583425583954,-0.19234558818076194,0.11420331543655331,0.019773717929265657,0.05339808782389041,-0.04482216136096687,0.03366421708022633,0.02030753851510049,-0.002586182469321488,0.015772819270513095,-0.0075772728415559685,-0.0009711929989737952,0.004644528270039319,0.10090031694517326,-0.029025518628296658,-0.010641321178369478,0,0.9338532990571674
82318,0.13587146217323917,0.030641232562491776,-0.030510882329581743,0.04587244064590118,-0.205323684716004,0.1336755546284737,0.0016491381337993818,0.04961293200469815,-0.04549231213093492,0.025639075181285744,0.013403944302541373,-0.008217181495206694,0.015559582381125273,0.012129291243328339,-0.008031849118756948,0.011790238681986124,0.08341891578004038,-0.02587796284499217,-0.006399034997264892,0,0.8891167153516519
82324,0.14305045898625296,0.044987303241359355,-0.021870764308924238,0.035749798351851686,-0.2072307169620356,0.14902611175589792,0.00348675482881588,0.05211501762725235,-0.03320190087059658,0.03406446383869298,0.010042052843738858,-0.0051527696201415065,0.023105473492323614,0.014530602119924506,0.010371994129419328,-0.004758024907478255,0.08655453634815813,-0.029944000595440817,0.00976508939388451,1,0.919007834222189
82342,0.132432067747391,0.025127395581596206,-0.029418715253877417,0.043622422105125944,-0.19790572427801867,0.1356598976634465,0.007456616351897426,0.03659111081964015,-0.047632459880401476,0.021597359074292284,0.002559811342603528,-0.005838256453486327,0.028240146264502858,0.015645338155340444,-0.005520748761272249,0.003733594343618819,0.08919073310949895,-0.021021785768954554,-0.007807933041577973,0,0.8570021159965427
82366,0.14847648337602795,0.03820985250834584,-0.04029379650213004,0.04425330183463071,-0.20242886347397332,0.1285817807129474,7.354879105585317e-05,0.0529935964266941,-0.04994971805928776,0.029242424879795805,0.005148419176876249,-0.014451109684410325,0.02856274827180759,0.007329976959226908,-0.00472631668385092,0.006303602780683293,0.08723055465568672,-0.026411349471534076,0.008730551953970243,0,0.9233979962029351
82463,0.13335400072683165,0.027836072275795994,-0.035491094183297246,0.03380109713382265,-0.21072963234415087,0.1266968146353887,0.003513975243726435,0.040335800974647784,-0.03981991588890086,0.03302923270813357,0.015510247908122454,-0.0007495069299253123,0.013113683023806689,0.012701971427493642,-0.009582308566700826,-0.009832495841381919,0.09662914671435491,-0.019503283096298923,0.004877026271716961,0,0.8671073058944974
82557,0.14304635724038894,0.042529601041871035,-0.028718514473984946,0.0371234122663376,-0.20845246555182015,0.14665325225007794,0.011256219214160859,0.04614249017128456,-0.054639196235184706,0.03437184509693466,0.008693519147615982,-0.021560100124518117,0.015532638640464265,0.009201379413060923,-0.0065409268283868624,0.025936911023482632,0.07785067915560852,-0.009858704576371764,0.0024478127127339614,1,0.9305560251642884
82656,0.12115603893621996,0.028387381630766317,-0.017931905901034405,0.04759064729369003,-0.20696335193108667,0.12637636770732966,0.011459907971661874,0.042151681670333285,-0.0445852079960487,0.035411484565119264,9.208894065171028e-05,-0.016232070671274638,0.01238715121018046,0.0040828682191867745,0.0022899121374092292,-0.005275512340299247,0.09413775861401719,-0.019188673128220163,0.01634243709143001,0,0.8520424479559596
82679,0.13705547779237398,0.02843336431488651,-0.03442937105272203,0.04536644342125535,-0.21348755981256415,0.1307492301359098,-0.00223290536014201,0.03926258405778674,-0.04317771546258909,0.024582999172027838,0.006625686789139745,0.0024005412671092123,0.01400661077329553,-0.0043699372315644264,0.009262366792903046,0.005015702900046846,0.08611175605254684,-0.034878971806769916,-0.013080785254412787,0,0.8745300094500459
82749,0.1414062220911809,0.03490442210277294,-0.01709229447984821,0.04369475318997803,-0.201098279630552,0.1302416055094846,0.013814823145742984,0.0418179506988792,-0.04842039776893107,0.04260099537546035,0.012973315189970497,-0.012023131890103267,0.007073506373361694,-0.00043928857333503155,-0.009671606390034117,0.025493707830584158,0.08168752958384747,-0.03716625618889837,-0.001924610949664682,0,0.9035446969626295
82752,0.13123622994639025,0.03011880358111438,-0.03650882536392753,0.03997286232602322,-0.21067920231781337,0.13209265622688968,0.01717993035470243,0.0572126498775333,-0.04259283245407773,0.038773057659643555,0.01657231975873863,-0.01827643477751359,0.022167587013705584,-0.01037631897770533,-0.0064200694595246185,-0.0035544158082564245,0.07508868789517968,-0.012204707226389312,-0.014942190843828633,0,0.9159697818689573
82793,0.14225331801559415,0.03261324162053187,-0.028873780654956945,0.031402553564315414,-0.19193055212335647,0.14822622987992737,0.012406163856473197,0.0625660907687744,-0.051155678105004904,0.039855047475519774,0.006988265942541625,-0.02177183781709089,0.017755539492074143,-0.0019285692460166625,-0.014696540243638569,0.017615674927854656,0.08762015375547566,-0.02372829844663367,-0.02778687922299134,0,0.9611744151587717
82822,0.1456793646000642,0.03585165867132695,-0.042831902462335945,0.0370944457295404,-0.19190787873524182,0.1393500118318298,-0.015387274317306247,0.03859133286291528,-0.03376451548923606,0.026244142898625145,0.009110937154171201,-0.007437686246601446,0.017948249725702067,-0.0005602781399803495,0.0025307485143458795,0.0012510653876922938,0.08454814927531897,-0.03185646872189168,-0.0011182841131934457,0,0.8630643948773191
82905,0.15786878629774967,0.0424015028486637,-0.03961659024531422,0.044445006636797804,-0.1985316002101157,0.13805457551927983,0.0008587688278520269,0.04980905785623888,-0.04245269932001249,0.02647278151658034,0.02032922983522171,-0.0034428833781812752,0.025469458281322,0.004254220901581869,-0.0055510217599144245,0.01911699413066108,0.08220229262934611,-0.016360639837863646,-0.006633164704852279,0,0.923871274737549
83376,0.13234130213072512,0.04590684632642302,-0.03497505288712393,0.03685959185575614,-0.20182885361860614,0.13640709850227414,0.006361162662749457,0.0370156443671636,-0.0641902519774489,0.023888558445928278,0.014528037111345562,-0.010008492472171006,0.019710638054547466,0.012768861154139622,0.003945525062537395,0.012723649100720207,0.08351394431609073,-0.02658143678063614,-0.013745392366127443,0,0.9173003391925143
83420,0.1465973713928747,0.02687881867420092,-0.024651302474442142,0.04544561085184219,-0.2057947692672439,0.1417639194580125,0.004853139046601391,0.059480606732812955,-0.04300096618553555,0.03087434756920879,0.011684726116358693,-0.02839528378595946,0.009078688129765282,0.007814952010618529,-0.009112942183236468,0.004910300240653144,0.08620914450637995,-0.0253960660569912,0.0023450793198501914,0,0.914288034002588
83555,0.14351079543855286,0.033289967067063636,-0.03419265291731162,0.028409565798971196,-0.19449117461881715,0.1327429004186361,-0.0069694254538947035,0.04850315268642563,-0.04455943535635324,0.029176647365761185,0.028697048715052284,-0.011477695468881026,0.00524433155044501,0.00891303115279863,0.008678873286514044,0.021137808186061,0.08796557789642812,-0.015091654083575483,0.014560869481830836,1,0.8976126069433737
83569,0.1431933004951749,0.031096167760517344,-0.03349732003382926,0.05199429090093364,-0.21093777250982726,0.14553335858582278,0.010083683255819351,0.04507532196380802,-0.04724498647852831,0.022985582141085637,0.015541506053637822,-0.0049581302030933,0.010603759253278167,0.005678133536250311,-0.003950389209178636,0.01540433505066825,0.07657591788427112,-0.025736773941970104,0.0023807171237095956,0,0.9024714463814039
83619,0.13185782205937943,0.03832446273329987,-0.03909997087364097,0.04665305028031981,-0.2085799480465793,0.13387666073781285,0.0024331919425449747,0.04191424458893553,-0.04929937605079018,0.012883944986750082,-5.936312846364061e-05,-0.019446549209607592,0.016271476412539395,0.003609368705967474,-0.010055670026484416,0.0045048529703789544,0.09453339142935148,-0.034619822202830226,-0.0024966431633637047,0,0.8905198095490399
83771,0.13764333412923405,0.03256331179539304,-0.040381462565261095,0.04883547605262361,-0.19892650624793462,0.13045323503917702,0.020133088137082443,0.049247224604849524,-0.042144337790016785,0.04135528821313988,0.013795087838590764,-0.0029830575586977126,0.016305736111472156,0.0008896309517206326,-0.01430526395134669,0.005981037694094585,0.0954822713171781,-0.018113290670809187,-0.007309723811331833,0,0.9168483644799538
83782,0.14158830251026075,0.03368409480371661,-0.030120095316802955,0.04964535699073786,-0.1951171949174732,0.13064687399532965,0.0049471975721478495,0.053594738911960656,-0.04830929177639349,0.0241169806147785,0.021703539742296208,-0.012297709995662712,0.025627754705112197,-0.018153171633289875,-0.000553949756973292,-0.00393907486081227,0.09603367202006383,-0.026978006622079016,-0.005771969661445823,0,0.9228289764073367
83879,0.140675935449198,0.027518287990772636,-0.044249095462806566,0.028117512824985137,-0.20959949123498364,0.12699468479520923,0.009636698302377782,0.04329220276567402,-0.04853654644287406,0.03580682393114244,0.0058513741797574376,-0.017945584137020947,0.024509626143439833,-0.008173965351642819,-0.014120099274998413,0.006332155501908194,0.08152625499311512,-0.0156553353799811,-0.000991122245329768,1,0.8895327964072172
83916,0.1443410302715817,0.036222378260657564,-0.021689674300427245,0.02924793517955355,-0.2084012094779175,0.13667279406823432,0.005125332886698076,0.044050268176417634,-0.0429042746467486,0.03938835426443026,0.013188928499917941,-0.013781406920568152,0.020793095992689175,0.01567510077431108,-0.0006419617847038321,0.004800022989058389,0.08620507003181391,-0.046373516437160006,-0.009178049891646523,1,0.9186804048545355
83982,0.12604963828993426,0.032534563206151494,-0.026726447377707914,0.029441191678902898,-0.20269452904485047,0.12920049809621115,0.00845542885483085,0.04697083296527585,-0.06095890301375245,0.032887513759795074,0.011765497884360133,-0.00503330642705851,0.017397833064792912,-0.00491123058626201,-0.0020177216971083065,0.004440925358089575,0.09494408617976113,-0.024133041637705098,-0.004106441993190479,0,0.8646696311157406
83987,0.13897019911726224,0.031913688901167386,-0.04758978954724792,0.05475754391977376,-0.21167897388015705,0.13072959260245023,0.011046432904439239,0.043371214393814736,-0.05270089725327518,0.024194557569692264,0.013290927230905502,0.0015452037915820972,0.01629724361762676,-0.0004736284986429251,-0.0027513699546933505,0.012354494504962612,0.08191446088786788,-0.022578459481804706,0.002292277843690367,0,0.9004509559010562
84019,0.12031882212101436,0.03560190762112911,-0.017148162090327646,0.05688590455944983,-0.19201662828417584,0.14280051071671976,0.013559431195817975,0.05627407360379755,-0.04967216299004229,0.045208656724353535,0.005927557603377224,-0.0026145154225659176,0.03418154510701453,0.020924887348906438,-0.0014320403221029401,0.006196379680617304,0.08334679728843085,-0.029257290936534078,-0.008420751708852562,0,0.9217880253252297
84094,0.13181199085847364,0.03411368687425012,-0.026291913572941347,0.0472306340694938,-0.19534854677028185,0.12330149321064045,-0.0006529175660547837,0.05190163159691246,-0.04548030339239125,0.032971961412447806,0.009100254563072764,-0.00409883162671136,0.01754290177889888,-0.0006769380014461752,0.0023026366113199875,0.0038793992629378416,0.09261052555772932,-0.015471707028258041,-0.008891103210586502,0,0.8436793769648484
84103,0.13219783034446206,0.025931904142343608,-0.026294985448537495,0.04823709319567644,-0.20059242442037875,0.13090382708646592,-0.002003612828729721,0.048164530694993886,-0.04928412853485302,0.026027822924283458,0.016409937214404504,-0.018714597705168857,0.012587234418989556,-0.00028456330087517557,0.0008693011367102375,0.008512571741960033,0.08579492168203999,-0.015816069253751393,-0.017208693982288317,0,0.8658360500569124
84156,0.1371905146435314,0.03472407669797992,-0.028997569300838407,0.03909695822663377,-0.2001132376739207,0.13327677742165447,-0.0009513264721892128,0.04157455090084619,-0.0438806689990727,0.02262193392515404,0.013381209766297216,-0.014012656436202314,0.01283582339742939,-0.00020952572420519834,0.002434253243981743,0.007546506281028121,0.08373852032169438,-0.02036231187448411,0.0002397881765356683,0,0.837188209483679
84181,0.12823050944609396,0.042903260168476676,-0.018787019877981988,0.03199580721918415,-0.20737220898211406,0.1313804406996805,0.018079398969770538,0.04394378556082557,-0.037708204084403174,0.03937903492485354,0.0023464969771466687,-0.003205642282633141,0.008898611517220198,0.023142906558242665,-0.000735068197950024,0.007278231882209736,0.0734478813689099,-0.022313876983617902,-0.0033996405582885645,0,0.8445480262596029
84194,0.12185074136551349,0.034435427022593945,-0.02582028760051464,0.027784783320692747,-0.20701983439816007,0.13791742527809922,-0.0011363814078078412,0.06293260863033216,-0.04387881770716201,0.02924227088195668,0.01239272326310292,-0.008121437752348155,0.0186181710684177,-0.001986592299561028,-0.010623119823306326,0.008391868748146538,0.09083684833457267,-0.017685659752601765,-0.008762146441899384,0,0.8694371450967893
84210,0.1331289966656943,0.030713068172614464,-0.03317370768445138,0.04054408861551612,-0.19614979703632013,0.12264667110407484,-0.007051069068562628,0.05079804393783019,-0.05079011543517715,0.02239678000952276,0.012969255287441866,-0.011812361612346726,0.016805567825426304,-0.01077089608736983,-0.007652726945508476,0.01743472435051311,0.08735808740130203,-0.012713826945710396,-0.0026597482272433053,0,0.867569532412626
84246,0.1349635420077941,0.0341366331772434,-0.02304942801066914,0.04339111673551127,-0.20772683625562025,0.12322855684714477,0.004937938671304527,0.03835000144175642,-0.04566988835430799,0.05086521503396775,0.005679438985662107,-0.007570322121006076,0.023161937420139105,0.011018701298481504,0.00591737605322548,0.012009824439267553,0.10107444300798382,-0.028683897179896483,-0.006427097098266721,0,0.9078621941392484
84249,0.1345560486165838,0.030757162066440216,-0.029988471870524305,0.042178878697888826,-0.1971026726281945,0.12177203811238002,-0.0058065438981924535,0.055402453582814815,-0.03402300691580091,0.039440792904129274,0.011400144622979839,0.005599108884633271,0.019492566541092077,0.006908859225902956,-0.00463096181421564,-0.001233369995970346,0.08531091609638468,-0.03473957838120899,-0.006325275587240101,0,0.866668850442577
84259,0.12782690177267858,0.0469001663099059,-0.04123473921919322,0.030526124342384914,-0.19740815615880478,0.13158834841399192,-0.002461318986606234,0.0471379263163908,-0.04542826961819038,0.03783722500762224,0.008473135338135606,-0.008454080570774448,0.01768621843839544,0.011696194308036414,6.0620828027469615e-05,0.005473652578332417,0.09830829271439862,-0.021945423790663963,-0.0025868824782019663,0,0.8830336771907353
84285,0.1267141110161271,0.036420997184261554,-0.04123233317147763,0.03729810870247985,-0.20779467452239592,0.14525106699312024,0.011762297516783982,0.036591364605117416,-0.0261206310309616,0.03351203510944674,0.015199734565067008,-0.018803334777517045,0.018126503433147173,0.008470867405769002,0.0027246040435308515,0.0031496636705357563,0.08042911423069916,-0.018776925281428037,0.0019272176740468252,0,0.8703055849339129
84322,0.1325016366169806,0.03287724129786765,-0.030462156492611765,0.034571254627848526,-0.19324528903750282,0.1496292847445624,0.01111419802812071,0.043452544316039045,-0.04484131344841254,0.03279425349595201,0.02141045500475979,-0.0046623048704199635,0.02787923079628171,0.009399936788637321,0.0024098701310518024,0.009437752856493844,0.09030158718001942,-0.03467607781911493,-0.011461560582170556,0,0.9171279481348474
84350,0.13219132475918322,0.05198834964814147,-0.04676741125980913,0.04097114527509308,-0.18910424287442626,0.14051054885382105,0.004788238693841257,0.04473014253478973,-0.052392029983134296,0.037913398930757645,0.013489554246774137,-0.005917554303493962,0.020264105966184935,0.00870201782822964,-0.010055993389402239,0.03126887846935813,0.09523937595201074,-0.025645148269658007,0.01150900951780229,0,0.9634484707559112
84457,0.12963998141103839,0.040695644222344125,-0.042622762676796634,0.035364949241777105,-0.19731373327373625,0.1379837725884176,0.002977384022228399,0.04225412721930056,-0.03864864453909259,0.04137350076710659,0.016683867088087456,-0.008193735283720409,0.03899396579609683,0.0038067578984761177,0.0189953771128772,-0.003960921654052851,0.062263930841039344,-0.028563274438031815,-0.00530010114929089,0,0.8956364312235111
84552,0.1461193555898179,0.045401498694989446,-0.024790575180705016,0.03315515268932958,-0.1850574975453775,0.12327494412197594,0.00016478720251975905,0.03935721883449557,-0.06101959668305569,0.03472859499753599,0.009251999905764951,-0.023192534755645818,0.020894044441886403,0.0015730250698823595,-0.02353427968413672,-0.004464243909072877,0.07542747097262212,0.0003632423554370487,0.001965824048817944,0,0.8537358866830687
84576,0.1336989186046393,0.049724922369734005,-0.02611019888147985,0.04050345434977883,-0.20147195480265548,0.14039075662817727,-0.018313180819312998,0.049521620501294744,-0.043046676854270785,0.02551287405636551,0.01273869668412263,-0.004157099248264768,0.022119929977793884,0.0046834063805162,0.006350013566309179,0.016528471945739753,0.09499700712235312,-0.017609834916709182,0.011525817821864215,0,0.9190048355313817
84680,0.12390434887675801,0.04031966192711943,-0.031156291309424,0.0501658402640535,-0.202194081690179,0.13074655764708523,0.0067238258677115754,0.061869607575338104,-0.03621211748781118,0.04157317191653629,-0.0004907167098407178,-0.023017770981260142,0.013068949982633839,-0.00642306905234641,-0.0015704767930729158,0.022954773826337947,0.08949739426276883,-0.017079339380771767,-0.007511765849069933,0,0.9064797614001188
84742,0.1472735020511827,0.03160518151460074,-0.01240062991731616,0.039215694398753456,-0.20900683363263925,0.12719240495892065,0.011060961827499109,0.04677209432243666,-0.05181007322877788,0.013767389134712343,0.007543378061719263,-0.014173894930645194,0.021795400448610357,0.009844587134567907,-0.0016257183455940054,0.003328354114863504,0.07627436364708919,-0.01919683925587186,-0.012978176144565258,0,0.8568654770703654
84935,0.1308324038410545,0.04138329798700967,-0.01992046186413351,0.04528780063771422,-0.17391757476791844,0.11854405307571904,0.0033028904960077056,0.037553435103280665,-0.056545195639998116,0.025478499313014578,0.01577466914677657,-0.006508871943980869,0.027825974663435022,0.01716401228215453,-0.011851797023177747,-0.0035102356056285464,0.1029191634660196,-0.026355533727636982,-0.013271144013288362,0,0.8779470145979487
84969,0.12053336079920778,0.029688043234557128,-0.02832898498484692,0.048238728291778485,-0.20122021490912995,0.13296467450903163,0.00249353260296149,0.05663427571355418,-0.03568387255054215,0.023594849712307443,0.013665400008675827,-0.0022912247598603818,0.021106027743569122,-0.005684368703664277,0.014669467331600438,0.007933637515582691,0.08308460152095637,-0.01655293026297305,-0.0047600606648725225,0,0.8491282558196718
85045,0.1259987569211382,0.03863012246188728,-0.03465579884508293,0.03661313642778878,-0.20486818203196366,0.11529379920801201,0.002327963257669269,0.05041592356629264,-0.05842162622087096,0.0316607285389993,0.007131619069480118,-0.019835336982732998,0.010267529262077118,-0.00641049128488747,0.0004078557380248259,0.0016748868737664444,0.0917351309526586,-0.021666576548698784,-0.006583017650225863,0,0.8645984818422573
85073,0.12493215633138746,0.03593311629352472,-0.028752676085944864,0.03211048278862491,-0.1916688444052275,0.15245900510258353,0.009265939648530213,0.027413680115754336,-0.05678241815899521,0.024558044367075354,0.00857286385615629,-0.010446636846928955,0.02004544667848996,-0.007962568334377704,-0.007100646322619145,0.005955201601689441,0.08750212265143224,-0.03213641704676383,-0.0052730646277772825,0,0.8688713312638829
85187,0.1422242603258613,0.03419261159876221,-0.04503699993410536,0.04126824827843478,-0.19322619285790174,0.142677241525826,-0.004268060520375719,0.05630017287378321,-0.06086357465869183,0.04226282295485566,0.012217313922045236,-0.00416822074222025,0.02337487197983831,0.005103650019663689,0.008483943951363803,0.02330817257844136,0.08639087299774242,-0.02332326027768972,-0.014152057175301451,0,0.962842549172904
85212,0.13421737820105004,0.03198294409994114,-0.028875946420661016,0.05422546558101798,-0.19518512324790357,0.1417931646659425,0.002463182951543632,0.03897766081283191,-0.04908720654588603,0.016502310094767426,0.023291723643727048,-0.003011542832989483,0.015267331443250117,0.000303820777027416,0.018484392702488316,-0.005497573335127801,0.09547845761691366,-0.03505643907930556,-0.0032114258320746435,0,0.8929130898844493
85249,0.14373662901722453,0.029708051064189406,-0.034340680198789,0.04624683859460301,-0.2012047631255004,0.14081673058306965,0.011538317163167219,0.04603486266677439,-0.03361700711324975,0.04007137261413417,0.012811828704858794,-0.006687790429051187,0.008941031655450873,0.0038203836762992767,-0.010728625954670806,0.002490797400138034,0.08988827430769514,-0.026475474441208444,-0.005676582303657598,0,0.8948360410137317
85299,0.1293292708935639,0.03677032039312419,-0.020967526272317395,0.052542502301448905,-0.19266300607535186,0.1330799556039345,0.006369605259474023,0.05144624606936038,-0.02899116036569781,0.031069815052990193,0.015675857587777862,-0.003458378099105087,0.016559081711446707,0.0063434560553231835,-0.00178184556628327,-0.009549346806611523,0.09565154601148272,-0.003896329175541643,0.0009655569169069555,0,0.8371108062177421
85403,0.13382411718718776,0.032239812516980854,-0.023232571661104495,0.04950133528075999,-0.21860115742761474,0.12991212877785036,0.006531097386655255,0.04080001376714235,-0.04593076272493411,0.01760465917852299,0.01699339155673942,-0.023397584278429563,0.021454221422487155,0.006937971958395294,-0.00025333804923975716,-0.009549576005504337,0.07556180515931263,-0.02358438782794401,-0.00453579846377277,0,0.8804457306305778
85437,0.12011149298764662,0.033142583136297865,-0.02128991221766787,0.044252324070946175,-0.19900882189852506,0.12899916385128113,0.008577335887862653,0.043521021564269735,-0.047925795547508504,0.031631774611325984,0.022612545900060853,-0.01508116457867201,0.009882181429494647,0.01863441053742589,-0.0038803992521278794,0.002837700283784885,0.09941777092061059,-0.02447595671357774,0.011588464851586528,0,0.8868708202406727
85477,0.11681357933039722,0.03771192129576298,-0.03605666986286118,0.03179310047508923,-0.204359582567351,0.1310955051972677,0.017303263028228048,0.037690308767426434,-0.035932449449514556,0.01743120229677783,0.012014722956203079,-0.036806622109399764,0.02544140138390445,0.014645450872367013,-0.0009087163117745454,0.0011518808464717155,0.07681344190179715,-0.035042671888853065,-0.0042572537726937145,0,0.8732697443141407
85615,0.13414952253738144,0.02404148730607462,-0.032665748331428456,0.04900065462822501,-0.1967382228891812,0.12469678434185119,-0.0023831353268143423,0.047025867401030874,-0.055661221527883074,0.02087252997359129,0.0272719705391392,-0.01799469535187259,0.016177164527507965,0.008200460417719697,-0.0021012154551490413,0.005776514296843684,0.09669919328375459,-0.024020333922942966,0.008683676709230736,0,0.894160398767622
85721,0.14475649110559985,0.022766071415168176,-0.028831038384022473,0.03432186062348689,-0.19840117573699448,0.13587965158830054,0.006333174518463939,0.03854037207110337,-0.046032123192361295,0.042102087826946466,0.014451782078834007,-0.020819771332327836,0.019327772154363917,0.0024008875825204724,0.014836468331184741,0.005078291198737785,0.07452608719906548,-0.01854010229561951,-0.007131427542437647,0,0.8750766361775388
85828,0.1407266372107647,0.03845420951463965,-0.017613506476987083,0.03980159566975108,-0.202906444378458,0.13537636935271075,-0.002750735511424244,0.034212605417900076,-0.03629205894115274,0.03725843596539328,0.011229617880795417,-0.010010694464036041,0.00962682556469957,0.01071380012772444,0.008662558629087188,0.010556116212460703,0.08738260371707386,-0.015470059476450566,0.00025560817653814066,0,0.8493004826880476
85833,0.12905234120776107,0.02455771906560074,-0.03918712837409904,0.04154634361454126,-0.2070281511882624,0.13584057639316174,0.0035468152254118763,0.034337774671125,-0.0507640472319271,0.02280344543976822,0.008029179427255723,-0.012227874835913049,0.01641618110109654,-0.0029087786570525264,-0.005687603844745385,-0.0050403487315154125,0.08130195794517273,-0.009407761576624776,0.0037922880492255715,0,0.8334763165802601
85857,0.12804472572417822,0.04210286081955124,-0.03932966748201226,0.037492684575856534,-0.19545805396302152,0.1249415135424254,0.0034384590966479115,0.033595784231051654,-0.048440906885723,0.033121263796797175,0.027466356730072562,-0.006950193221934006,0.026487156687456322,-0.0009336643747655558,-0.0035376833585908747,0.016865474193695933,0.0811586504580727,-0.024151275866645193,-0.0110785388314682,0,0.8845949138399662
85861,0.1324236404113237,0.02369435305115482,-0.043964642539489854,0.03241737545208831,-0.20367090752615571,0.13346933133707217,-0.004100399168968665,0.04006028598684462,-0.054205520554801066,0.029484458060387356,0.0064948935777683695,-0.005831122638857498,0.029282644271774343,0.008401209592798243,0.020134603186338224,-0.003455498041223893,0.09591164591859362,-0.01774213746188648,-0.01029928291341472,0,0.8950439516909416
86004,0.13867217417100444,0.03655290049809318,-0.03298921751023585,0.03305616180133399,-0.2073903633847166,0.14302760337156323,-0.002121213354841244,0.04606198711268011,-0.04933133787861082,0.037880827021337014,0.014483030690159484,0.003233917901407582,0.02544771516711549,0.010400107973226307,0.013156865584376393,0.006669844035696853,0.07472135991613955,-0.03838139733652476,-0.02490094731953507,0,0.938478972028598
86017,0.12960117358725903,0.031269440220065454,-0.03650543331806377,0.04212427233222813,-0.19935829184287418,0.1336084944509154,0.01136060195273803,0.04793219402877669,-0.0475069428366737,0.04345440808715505,0.014053765193945085,-0.018969532901045097,0.02784877081454793,0.02030873951522956,-0.003307285692937642,0.00479216408687887,0.08432950549482744,-0.0334854051844838,-0.0026755257073334334,0,0.9324919472479783
86063,0.14707340874457656,0.04111876156224174,-0.034784323564977175,0.03362534627643155,-0.2142218633464132,0.13852254827107632,0.009132088714688295,0.03089368811435083,-0.0471549067724195,0.022195971123542803,-0.0044630178960772884,-0.014539534065878462,0.02182164464258369,0.016114277372929055,0.00698620760562869,-0.0006046045749070954,0.0852623485650829,-0.024561066517471617,-0.004738390385315682,0,0.8978139981165925
86115,0.13228085042905152,0.038324769604500805,-0.025122519760738593,0.03478311914237808,-0.21393106543765886,0.13814626814362624,0.009721300227201572,0.047779215468006585,-0.051580840764400074,0.02148788455256805,0.01914393141390053,-0.014972786438686436,0.021117933680765075,-0.0024977548027927334,-0.003864867826376685,-0.005673730073382094,0.08730096291880507,-0.01742109142310342,-0.0021207816036536366,0,0.8872716737115961
86138,0.13117701123327066,0.024751415633086127,-0.042816975581047405,0.028447137915272456,-0.19558995810018925,0.13293326550374684,-0.002864070159925358,0.07552450989580488,-0.026447091931797114,0.03643256838746332,0.009680605011631626,-0.013597405586737096,0.022431120135900606,0.007174342004049103,-0.0017523469266440004,0.01249628861960517,0.07136103788634444,-0.019283101956252557,-0.0024415393517821546,0,0.8572017918205502
86246,0.1418967859455872,0.02928961582476574,-0.03065933699558612,0.0343255222312946,-0.1940964455797556,0.12654564294994672,0.005425827484365454,0.04223425980011707,-0.04093778073214601,0.03836401692437991,0.013155517695012225,-0.009226598661319587,0.017042335401638353,0.014855461146877361,0.00047590467341970783,0.0037507541416536647,0.1073852805999738,-0.03231121172466049,-0.0042528254893488705,0,0.8862311240018484
86315,0.15202633044626845,0.043263012190766795,-0.031144777323929666,0.039339711918534574,-0.20832423275653447,0.13928321693377146,0.005649302384122898,0.05169429434939842,-0.04366544036092527,0.03058369583444665,0.012377454877245713,0.006093800392235641,0.021101019229414653,0.0017885600502087352,0.01410597061817353,0.0046914331435520314,0.08430471135847406,-0.025190662475765284,0.0002735120604747087,0,0.914901138704243
86360,0.13583279739276738,0.03828091610888658,-0.029618135817639682,0.028959816272274338,-0.20440915530253367,0.12830696206171863,0.015610360171496123,0.046334838484025066,-0.04483168002409859,0.02779501494067894,0.012594703761085872,-0.009455565901444724,0.0022183100040206647,0.002025172595927152,0.0040654898147103975,-0.005664449369115373,0.08576698308744625,-0.020084689589711963,0.004119197716752316,0,0.8459742384163337
86411,0.1349929236574452,0.03356951857705679,-0.03698152690998091,0.040306239975910166,-0.21076585163098618,0.13447329944084757,-0.010216726595614869,0.04820387262464032,-0.03474689418424617,0.025550126190464966,0.01728025962298361,-0.00849283341635739,0.027084661601092574,0.0024027757733476192,0.003955532177431961,0.004487359799429904,0.07524996104163657,-0.03433790308545558,-0.0005481217005814823,0,0.8836463880055099
86419,0.12300219270332872,0.03035481578194221,-0.04708260518515941,0.046781885537073783,-0.20461751010410503,0.13835523448821344,0.008727564729452526,0.03964349153895048,-0.05096659332825503,0.024562406610518582,0.01588369592890925,0.005030557164855179,0.0320066029691058,0.014339568152565143,0.0013602304811197595,0.006949711359733639,0.08361471547463165,-0.013009117699501329,-0.015981571912076324,0,0.9022700711494973
86422,0.151765810094379,0.024082761250797634,-0.025875074090028392,0.04443089476354911,-0.18907814860572114,0.14618565654162977,0.0036543553121049146,0.04965582956881871,-0.038071280912423115,0.036337297804506896,0.010521413301072837,-0.008134174296839278,0.007870237810427751,0.009212441959574167,-0.001199243512553578,0.003852089315132633,0.09645544798731572,-0.019118456507218363,-0.008976341853603754,0,0.8744769554876968
86425,0.14384266357803838,0.04782155946200609,-0.01505002784723571,0.04244422242577244,-0.20002570038894193,0.14851190799711284,0.010590595453808247,0.05500296006576276,-0.039462057083433526,0.025826658514676182,0.008317630004264925,0.004547121562253846,0.019393478921689657,-0.004871868350259465,-0.007479048676950476,-0.0036282328966782797,0.0740839180783517,-0.016940789127687327,-0.013180172990257689,0,0.8810206134251815
86466,0.13695016117047445,0.02707979052971541,-0.027816911107987768,0.04712840902848096,-0.20221839088747381,0.11777982669449177,0.004228525397783979,0.03656557976535896,-0.03814356774523251,0.021725847932270056,0.014427349990255299,-0.009102280836868254,0.02171486170689955,0.009839439036050935,-0.003156806177446403,0.013210589974621791,0.08310413313580911,-0.013588102178609453,0.004639785244261004,0,0.8324203585400914
86513,0.1412049541373837,0.029895144444292976,-0.03364388081060147,0.03413866116815305,-0.18508594948929627,0.13104816886934337,0.009373195822888782,0.045088225353280977,-0.04167757976487106,0.03767492578314002,-0.013813680634886921,-0.00858796194304528,0.031794333482750986,0.010825021233346215,0.0023548110176574055,-0.00930903135588093,0.07999010715490701,-0.023088837117620577,-0.002173015243926814,0,0.8707674848272738
86667,0.1350468858200219,0.03816832563047667,-0.027092626294469655,0.031489609522361094,-0.20465170539400807,0.1301264788594138,-0.008066383160698798,0.05209499747357676,-0.054173120847149286,0.019045315890125945,0.012983791505849152,-0.01593640078048125,0.01711665417756607,0.00434094705624259,-0.021228462395631167,0.006863430710450908,0.09198092357318702,-0.03164562648227206,-0.00029631186317050404,0,0.9023479974371527
86701,0.14236045913769074,0.04381762346567012,-0.04268341392019938,0.025068534448436368,-0.19293572204730094,0.14763737596880916,-0.0031629269112677266,0.045267112874738454,-0.03552717855393302,0.041244630902320244,0.001649520667390791,-0.01804897741299538,0.006015472141558746,0.0038252280288808113,-0.011817693048734585,0.0023978215186648013,0.08295111007512655,-0.020391210017588104,-0.010139720924974354,0,0.8769417320662802
86769,0.13381229455337634,0.04515642702610929,-0.03890642824878473,0.042480678973784776,-0.21612975678934368,0.13977057371141738,-0.016381623973427677,0.05264276378609342,-0.04396278501813827,0.03480010547544886,0.0172971602594265,-0.0038595220667527372,0.01757671232583686,0.001064799964854225,-0.004078013719690943,-0.01237992996294418,0.08369590626507428,-0.02268443040512575,-0.004974982206470537,1,0.9316548947321004
86789,0.1269729762096986,0.03350633435975347,-0.03234039365951704,0.034364117749933816,-0.20996937625167783,0.1317156641041361,-0.002150055386178788,0.046539100685098714,-0.05661106981001091,0.03071678077583664,0.022629439401027907,0.00025347095407467955,0.029305945641765696,0.017424416745393252,-0.004714137337812346,0.010443229238684446,0.09253402087140883,-0.021232229254088283,-0.020425176730894806,0,0.9238479351669922
86796,0.13746393059788029,0.03170364975962108,-0.022787765067591875,0.03629375592647673,-0.20090610732829983,0.15029291055658225,0.0022827799928605854,0.04938396524333576,-0.0431968527600094,0.023822754946659853,0.015386057348206866,-0.006245928570610666,0.023823880525502553,-0.0044415633564893085,-0.014585746860798316,0.014791797780661826,0.08392560533464904,-0.013554593103205816,0.008995243102121936,0,0.883884888161564
86833,0.12681989867695578,0.03771025042576983,-0.03426416051581944,0.03273790751442689,-0.21544198367208697,0.1349095020093081,-0.007950189500809866,0.05553820614568342,-0.034617518409197794,0.02957614091701317,0.019498145046525382,0.005858927985237631,0.006493660475218498,0.004982296191062856,0.0015944543590120602,0.0024902600121439545,0.0878737985238449,-0.03857867164520458,-0.01008318180466852,0,0.8870191538299896
86837,0.14123337677242565,0.024941763725926554,-0.031048716647624233,0.046656289202195673,-0.20750703357833672,0.14104445900793924,0.009922072297547243,0.042535376465199295,-0.04072744963190759,0.025565446734147977,0.013252081470233034,-0.00672263639137942,0.016831472303821864,0.01016362079158234,0.004537749589790775,0.01579233653585091,0.1052053032095145,-0.036624859440971144,-0.010367906533042402,0,0.9306799503294365
87169,0.14957367599246815,0.03208949447299469,-0.036721077168211616,0.04543992682324808,-0.195275895124212,0.14736776370201657,-0.005151219383360812,0.05882729003419239,-0.05204996045996894,0.028339363123274987,0.01512885984461898,-0.018298855563540595,0.021783870867937108,-0.0009752881088801334,0.00013099706723654675,0.008131208291994766,0.1018621941339856,-0.023510883066486646,-0.012241437467975272,0,0.9528992606966039
87226,0.1420125135027682,0.04097980855926593,-0.03561096218320112,0.027283822195516616,-0.20691836868009839,0.12786917891214197,0.013392685517741431,0.055936140952638415,-0.05305143308218902,0.0436234925691771,0.014275640269675007,-0.02316741298180226,0.019386363846000933,0.008922349512413611,0.004358136203825041,-0.005693815003979015,0.07156894942767515,-0.024328315304548185,-0.005534015503020823,1,0.9239134042076782
87237,0.15078123759803533,0.03335373705811364,-0.03590235366644133,0.03947010964729516,-0.2069988073260031,0.13927506212765692,0.010589950898278803,0.049273102947778064,-0.05179000029218723,0.03373542277965307,0.013491781050621777,-0.020607404096247516,0.02045230981104357,0.0014981539322027144,-0.008470586675740188,0.012475251896226338,0.09848513455286712,-0.026939823909136334,0.004416457772228392,1,0.9580066880377566
87299,0.14371871233947386,0.027806430812591397,-0.02877756636627206,0.05175186176402039,-0.20287621562139574,0.13330564708461426,-0.012953247467863778,0.06734864355906935,-0.04321264915631256,0.025580466770502477,0.01739610673058448,-0.014895158004325247,0.012911000485902083,0.013660396273206882,-0.015556027507460143,0.005219431319061438,0.08844832896294909,-0.036308805605171565,-0.004667345126637456,1,0.9463940409574143
87323,0.13597389118960843,0.030581536738733872,-0.0213699827555428,0.03996097144337453,-0.20672405948684625,0.13290000240243072,0.006122753031224126,0.04677139401652741,-0.052823278740246324,0.046423323364638225,0.011325547649134883,-0.014751148877572059,0.021323452258342687,0.0024726604742520545,0.0014616232619011785,0.017964280391494725,0.09400511691698925,-0.026364970718686685,-0.005993563262696637,0,0.9153135569802429
87336,0.12661403145286165,0.030708971626916833,-0.029998429977270927,0.05166551332533099,-0.203186714741798,0.13985764716931592,-0.0040080397054836694,0.03628873153341638,-0.043308228032191386,0.02936229661331009,-0.004131707845053147,-0.00440703888624612,0.009283641169869817,-0.00027283071160877945,-0.0052153188744898825,0.003068150515676862,0.09659874079090539,-0.022255417873657368,-0.005288742389441508,0,0.8455201932348447
87345,0.14250616717701883,0.04015212476909234,-0.03672396193564285,0.04214899823202231,-0.19714297655727295,0.1373719625757047,-0.0018249533491339956,0.05239398324264489,-0.04671446814651948,0.03638322025888496,0.012916315334039846,-0.019970856488035038,0.010362315855038983,0.011769850729752427,-0.0004218058450350386,0.0038204138705829936,0.08483028196511037,-0.024499311131845114,-0.006157277563743762,0,0.9081112450271209
87372,0.1370744330245574,0.020413195217424743,-0.03996583661452428,0.05152756652877386,-0.2023365197886159,0.12085734832134346,-0.0003766107360480457,0.04871775204494844,-0.04676937328311788,0.0436349404787773,0.02208298215841156,-0.015322578867949391,0.010993542528523092,0.013213682699945247,-0.003609636436828479,0.0012872012859015296,0.07104481456214401,-0.01970579935367703,0.005818590282260447,0,0.8747524042137721
87506,0.14137506340678604,0.026475324687677795,-0.031111878063525188,0.04566609422871718,-0.20339940806401388,0.13531138523521655,0.005064903972294993,0.04931395596366036,-0.04401076229467348,0.03816148786683148,0.018508886642986912,-0.010065299999941598,0.021560330721887063,0.011102822534604144,0.007173620757135629,0.017577277858254203,0.08762742959209356,-0.035911511449750196,-0.0031014123733768785,0,0.9325188557134272
87511,0.12185297011540133,0.026136848637156984,-0.04032751677471016,0.0368019405927531,-0.2015727686909424,0.12660422408359076,0.0033044927565797425,0.050413279083140805,-0.03696961461139251,0.036307151119119835,0.015523575299569018,-0.01771930256506416,0.008606042552682283,-0.013300599358742487,-0.007614471361895655,-0.007058528292573971,0.09468639619372829,-0.01896041070115028,-0.0050358634817600605,0,0.8687959962719538
87530,0.1442510969234889,0.03726159907796642,-0.03716619480977916,0.048566640665934135,-0.19801566137693605,0.14792177056710334,0.0024324704213812835,0.04399049844221663,-0.03970145237955966,0.035340936871157386,0.0125768758886232,-0.018469186863319418,0.011454939892153779,-0.004918580429104767,0.006212596724628394,-0.010730066463843986,0.07610702468129871,-0.009526574452963081,-0.0006364404103790588,1,0.8852806073418373
87666,0.1507303296927044,0.03496711099345353,-0.02647615255227831,0.04652061978690522,-0.1867597984718713,0.13550066005138045,0.011010912780714283,0.05281873050043031,-0.03194775148475029,0.02614495246254864,-0.006612720262176505,-0.014936522759282889,0.008507371700905316,-0.00014556657980272598,-0.01324483497637271,0.006516472711464352,0.08802902361602037,-0.032158659636063354,-0.004112014256049728,0,0.8771402052751747
87698,0.14660616542891902,0.033697202667176254,-0.02439893558715074,0.042181635558420465,-0.20768597273807374,0.12839689239720173,0.004086205726709562,0.04943031528638868,-0.05857239444713929,0.028051116975632364,0.01396499298362994,-0.012552178457452044,0.017822464875203083,-0.006502417420382296,0.010344780422160244,0.019139813755876835,0.06982429761778038,-0.024890067587956928,-0.01209573960450397,0,0.9102435895377575
87729,0.13498986918036504,0.027657383016071284,-0.04526552336586994,0.04475117415884067,-0.19374775814951903,0.1296660421384235,-0.0067929604369463235,0.04271286851204069,-0.03710326001055645,0.0309862488865439,0.00919944131849551,-0.018529102790051405,0.012891912402512811,0.0021651296724366684,-0.0056454308002202545,0.006235073929041069,0.08979191415302325,-0.024705642480746498,-0.0018143153912498174,0,0.8646510507929541
87744,0.1469421478844342,0.02982321228225722,-0.028306674557222567,0.036923138349432116,-0.1969810534706035,0.12354427706690445,-0.002461094071398987,0.05126549242141002,-0.029099743880594026,0.03772144937996104,0.01566037527460681,-0.02299608303493718,0.01934958298737442,0.0007893236197583247,-0.001541948436965949,-0.011935847021917474,0.08388761549499375,-0.025832139936456028,-0.004924916131423948,1,0.869986115302652
87835,0.14215076311181446,0.0422399227554311,-0.02949112926787721,0.045438979605206105,-0.20936957845235482,0.14211764204631047,0.013003352570964811,0.04769125201146833,-0.04406275473138027,0.0283902101255998,0.007757449785385639,-0.006696964946791623,0.019163169656954564,0.006280053342136532,-0.008991500922916361,0.003365098419049367,0.09135536439149783,-0.02562315227746024,-0.010710029406199533,0,0.923898367826799
87902,0.13983246507803165,0.019078628374080007,-0.025654558846360552,0.04699184101386876,-0.2096663483402468,0.13654772236377952,0.004242502040076268,0.04925032529314224,-0.062446410802842016,0.02617178169384476,0.015418474105888359,-0.012051879984071642,0.020695372682648504,0.0006486804951088826,0.005314376850364165,-0.0020528739484760093,0.09481785926167802,-0.03460497326156174,-0.011658728985735658,0,0.9171458034218055
87959,0.142361889965273,0.04700307250024611,-0.03134921422927758,0.04230220692791727,-0.21969306692210303,0.1547278617858182,0.01712739594367909,0.04832977166455133,-0.057420332394035836,0.035472344941147003,0.013268399794465903,-0.004955496128405427,0.029329863185238322,-0.013704419444389462,-0.0009003030774528383,0.020937306790615635,0.10722090973825278,-0.03188539886858926,0.0014483868303986536,1,1.0194376411318566
88096,0.12915767918548965,0.03873571388050706,-0.026959402296561213,0.03684170733035721,-0.205280306583561,0.14753329331910525,-0.0029865381151565574,0.03531430386672488,-0.03940316717791532,0.052288012113844665,-0.004127876495120055,0.0031003171972822673,0.025515497001707743,-3.556874594293142e-05,-0.01601569756006632,0.0016108249124836384,0.08795013574249268,-0.03215503251552841,0.0042067464579003165,1,0.8892178204977471
88106,0.14666074262226822,0.029752571148289376,-0.03017341057365363,0.047109649006100034,-0.20177371727379756,0.1450544779911486,0.005335723660925138,0.05390133850220147,-0.05010432061614272,0.027541632937833883,0.011939924344932082,-0.020651503296177924,0.025643666902496545,0.014173237487417136,-0.008475311723314801,0.007628662342233219,0.08782981332825286,-0.028844061549663565,-0.011202292035098455,1,0.9537960573419472
88176,0.13450368118039782,0.0329392721559465,-0.04367512146434717,0.04856064905682142,-0.1945712294021438,0.1345118511091767,0.008747729115943277,0.056238280602990964,-0.04984918910582122,0.039247669954726595,0.023943185325476,-0.016026558131058646,0.014637810153490199,-0.0045373696276774615,-0.003565880987041579,0.0036561030869631814,0.0899082133747268,-0.015989396954123068,-0.028730989240550515,1,0.9438401800294229
88254,0.1375172093747674,0.030491412303961355,-0.022137097767711028,0.04704121744659881,-0.19633246882187974,0.13945593563374634,0.014337151102677897,0.05880139018104925,-0.05704969035900115,0.036134611140136816,0.03074822415395688,-0.011356279322520747,0.03301431974030744,-0.004014958263582755,0.0063547536034225605,0.02605030431315875,0.09152238719869159,-0.03572197537233111,-0.014742768912172136,0,0.9928241550116738
88312,0.15237664716048058,0.03950610926877781,-0.04444916379814243,0.04261382255742501,-0.20039747525665463,0.13847806345446814,-0.006271940027115874,0.04540465208315154,-0.049642338967715936,0.04343082896386285,0.013991181884843036,-0.014917598687829572,0.022859619866140008,0.006677726722365389,-0.006507201260108609,0.005618954230599721,0.0963315288066007,-0.027925029646306748,-0.014050855663991462,0,0.97145073830658
88353,0.13445518420085728,0.038894696266825825,-0.0204287559121387,0.042895897995546925,-0.2021646238635397,0.12841804808978782,0.003591336755635767,0.06773770098724712,-0.051509816782365936,0.03411291318300611,0.03046261049958619,-0.01810435008321241,0.020100627788711842,0.0013586583428306185,-0.0053320283665865735,-0.001897529616964982,0.08021807403072678,-0.03758125929121368,-0.0021587939050103965,0,0.9214229059617947
88395,0.1213129506612154,0.038573004911757476,-0.03688967027978692,0.055143614333668586,-0.20794454623723707,0.12660201148387848,0.005624788235515975,0.027924757280014846,-0.03653041911483215,0.031086671866208147,0.004304326870141601,0.00029191571191404455,0.02849767032684386,-0.007414581733750475,-0.009077069774251368,0.009601871067050065,0.08739035245568483,-0.009488859954918709,-0.028173708285595706,0,0.8718727905842657
88508,0.13565654836964142,0.03925657772776957,-0.028978684201739914,0.04554952912638339,-0.19844228740386688,0.1278472776816377,-0.0022407557936039674,0.04256492184937714,-0.039516732353732036,0.03076325695461184,0.011764439673295872,-0.0021683875034660192,-0.0004119656493929285,-0.00444635530411658,-0.011870523698380722,0.0019810718525807808,0.09209370593717235,-0.017008527611483616,-0.01016203866423658,0,0.8427235873564893
88596,0.14970450495398535,0.026810451951473392,-0.03195803093530006,0.046129628057551185,-0.2104432855136677,0.12581771528508826,0.0017103715715922805,0.05429813196353888,-0.04755662705216447,0.02522834252023049,0.009680434018395745,-0.014845231869244751,0.009001626553949354,0.005416569818311163,-0.007458915189105901,0.013855412749957496,0.0861032846683582,-0.02977631536700931,-0.0013134976599350858,0,0.8971083776988591
88707,0.14031413569732867,0.04025869709923345,-0.03310079085565541,0.039771033193877044,-0.20124846176752414,0.1379769995684794,0.005630835066006583,0.03492928876382347,-0.04006520520563579,0.041132202963707426,0.018810926829220812,-0.014251769967246156,0.01975148526432987,-0.0015316245641070602,-0.010759605777569863,-0.0065222842732495625,0.08764421547603984,-0.02225660025599358,-0.015765297626219144,1,0.9117214602152472
88723,0.11837100695628786,0.02860523797691004,-0.03027247763412147,0.04953416153733962,-0.201259668813473,0.13839349041835347,0.0001903441228900518,0.04956452362494408,-0.04681504462833667,0.034531322363028596,0.02310235901634115,-0.024159518138740562,0.027450433205394427,0.004929472377930651,0.0060657261466084056,0.0017420327909382126,0.07857184100861138,-0.007321922674297353,-0.00883959809083648,0,0.8797201815253834
88781,0.15380002700672873,0.04439964663619097,-0.03193391993088203,0.041399505328300175,-0.2037951606772949,0.13740715619727267,0.010917457194364986,0.04912939400989406,-0.034073877284097734,0.03435579250699058,0.0036645603794229703,-0.0006718423828853999,-0.0041141094089338056,0.007013943310509959,-0.003279974866410886,0.004944282335312541,0.07573938176605047,-0.012770741412252372,-0.0060749185337242865,1,0.8594856911675195
88819,0.14692875280558382,0.02944416949713393,-0.05810509316420779,0.04499401106950027,-0.20078099347652922,0.14255639905808476,0.01883890595246254,0.04953957330793057,-0.04848840916060177,0.03337041648477927,0.011255861268489825,-0.027183262865853767,0.007239156629870078,0.005933852166438555,-0.0013190598095667735,0.004924222882916025,0.08726698878784711,-0.005992036553892054,-0.005873122640486132,1,0.9300342875821742
88943,0.13472316818034782,0.04450376594828662,-0.0201343561066431,0.031329162430434376,-0.1974075123722189,0.1297347771281899,-0.0010750529551203946,0.04155395515134769,-0.05328921054888569,0.012822409614838546,0.0228912439679672,-0.008952319508059567,0.011978458612761235,-0.0036044286597690595,-0.0137143256323588,0.001524789652450252,0.09491406964949947,-0.02290627053993776,0.002980363330911515,1,0.8500396399900279
88977,0.13612521192075544,0.044613160754762966,-0.029237578617320667,0.05649440016071011,-0.18656407467733974,0.13489374968416096,0.021507105736540317,0.03491469667884997,-0.0610531197056092,0.02480842449043787,0.022972984810989874,-0.01313568181953006,0.020627836681601595,-0.004025010484827693,0.005732975104642547,0.006685730045044963,0.084422189870031,-0.021299527632156798,-0.015246142037345903,0,0.9243596009126577
89017,0.13577614392599144,0.038525567095989574,-0.03273509012339084,0.04957166783890285,-0.20523550512939037,0.13346860323802215,-0.003011817274419457,0.05567294416150587,-0.0502356885241399,0.03317087556293078,0.014344143758612154,-0.005776460638431335,0.014598190162292135,0.022324866310823612,0.006035197419175091,0.00044504473291637756,0.08758053071235344,-0.027048023148672818,0.0015211903327326567,1,0.9170775500906928
89039,0.14152701406816504,0.030015092089444025,-0.0416077011242586,0.051867486892708634,-0.2025240634811008,0.1447092223425973,0.013291248638550896,0.04957068348013039,-0.05381349736641547,0.029360409600903192,0.014826590298649868,-0.011264309777572616,0.019604902739915827,0.00212235783590318,0.0017223996953546533,0.008405550652325683,0.08767325037675414,-0.026499797843628266,-0.0047900757814802256,0,0.9351956540858588
89119,0.14224396802789493,0.04334520868530988,-0.020652714694182298,0.04551248486802657,-0.21010602197086495,0.13392441265323504,0.004793024195762366,0.04991253781906901,-0.03940709578672955,0.018344930030585918,0.007640404858339761,-0.016000680751719367,0.01743186212590083,0.004000047088607017,-0.006993135238003549,0.007737675691302678,0.08573754698306657,-0.012419767655328151,0.0025955435845587895,0,0.8687990627084873
89149,0.1282210204557509,0.035100079160882085,-0.05524960851764061,0.049062937324208,-0.18539921718768784,0.1280583105677724,0.01657769380442675,0.0348750287913597,-0.043871039025578026,0.04196305301972853,0.015260885270141552,-0.011600412501118524,0.025937893124199873,-0.0023985619454807774,-0.003360934316472463,0.00619067316788683,0.08815573699383354,-0.027404869347488495,-0.005573689546786988,1,0.9042616440684439
89244,0.1325052517877441,0.035293000312616375,-0.03482107799654575,0.055221387075687654,-0.21268817045822858,0.13024546731196504,0.01577104815990604,0.049444866931570575,-0.05576653588303141,0.01634930850240433,0.013658879610088276,-0.01578860017770265,0.021337002187009933,-0.00963208587148226,-0.00239292233136966,0.004081301558436469,0.08564386883988395,-0.03072326703752876,-0.011262211762850777,0,0.9326262537960526
89273,0.13997082468352567,0.024264825016038483,-0.031102694052769792,0.0442858626130031,-0.20243718370020763,0.1450865947754491,0.005745228836323596,0.04824924340211049,-0.039541866338971526,0.03232753501717208,0.008537190051617502,-0.0021918259302959884,0.024009940906923,0.006742440646805817,0.0012338453440690156,-0.002915027721367028,0.096986814808318,-0.030281894731933323,-0.013575805117695114,0,0.8994866436945963
89345,0.14212779555201194,0.02389243747446349,-0.03716161398891888,0.0467121521864363,-0.19947540770376954,0.1235584349390191,0.00971077334757487,0.055003465039150296,-0.037741143466377844,0.0256330090447919,0.0023838520695167262,-0.0010252418470019357,0.006491704262086979,0.004765390406005141,-0.0005168213069869984,-0.002142414163059929,0.09674927590535558,-0.028229270146191855,-0.010331827459485235,0,0.8536520303082045
89373,0.13960794491507977,0.03696732060391002,-0.04169567644451771,0.05576447864024236,-0.206845939796552,0.14348039328166426,0.0053333938800810225,0.06534779280216137,-0.04439762442169366,0.04515398450973731,0.011700226019670131,-0.016579409878439536,0.004924737213941369,0.009031725710980472,0.004231736437515002,0.004977465252712933,0.09456579893502529,-0.030485796492068257,-7.534154094158237e-06,1,0.9610989793900866
89468,0.1434826229461038,0.027721207428470465,-0.025351659111352755,0.023458377567923728,-0.20736655920705663,0.13247294191211778,0.008109459157496666,0.0513602339553521,-0.050529944056637195,0.04486177618851993,0.011662749675161375,-0.01733557092018114,0.01802475854462335,0.008018833382866875,0.0005998878863410659,0.005274397613154467,0.08858117788423255,-0.027153494472426407,-0.0034555328730433398,0,0.8948211847830616
89543,0.14537804436464657,0.041263706008081755,-0.02394658099569571,0.04451946076734793,-0.21265747439396393,0.14013415019461586,0.0007117428634210674,0.026529458540540125,-0.029025387576157195,0.037330960697203215,0.013793248422818495,-0.014192545507235572,0.008689099611554965,0.007436433993416072,0.00011981686102972243,0.018191271058106095,0.08687276655400979,-0.0246794615696632,-0.01806928994070879,0,0.893540899920216
89630,0.12097532865847549,0.03182093038115944,-0.03868829350053513,0.041777013438006196,-0.20919822059038573,0.13539399919799586,0.011855688505622124,0.050194323239662476,-0.037400699032169936,0.04529566212435699,0.015505824313862033,-0.009481092567333437,0.0027749818050714172,0.00539985843113907,-0.005184724646747669,0.006933371251063877,0.09064930099958449,-0.03617498953814233,-0.015466800713123821,0,0.9101711029344375
89693,0.13229759166153718,0.04045828599114193,-0.042000433844217706,0.0392140468207563,-0.18191542893470838,0.1323138003805271,0.01479307252608827,0.04545647994142673,-0.04702224309910489,0.01889142552814979,0.011198401850578665,-0.014802932476294243,0.00838188589746609,-0.0009772754356982187,0.00572520355710468,0.003479132646322248,0.10911916395424665,-0.028786040397064925,-0.016812006424838294,0,0.8936448513672722
89697,0.14274678999812715,0.03388919920902395,-0.0209878517096728,0.04540453389541513,-0.21380209029932062,0.12976632076706576,0.006502797030980762,0.037892067353433756,-0.05861396972466507,0.028281526928127083,0.0015442312865786441,-0.008409302744474887,0.012264295009244976,-0.0020362219493082296,0.0039309834909773385,-0.008378043589436864,0.09398472902171336,-0.025203545280178773,-0.006380609629918434,0,0.8800191089176636
89706,0.1351196298340074,0.051279068206159864,-0.04470980586487354,0.030302254698738294,-0.19475395891800992,0.1362966587619892,-0.00417918367594062,0.05710026421517811,-0.029739920747096128,0.02219212098379808,0.019467935621012716,-0.02187663714526498,0.015061339753363767,0.008634121357305943,0.009963662484378123,0.002151866619988374,0.0891835135514038,-0.019388117704423016,-0.017193688754313412,0,0.9085937488972453
90102,0.13534099453660964,0.02315130944791341,-0.024264170122103763,0.048574593833057345,-0.19962262679530557,0.13899133573746186,0.0016851274494803202,0.043221158377666255,-0.053419512111341654,0.027948188835332486,0.007340202645167352,-0.009326304854060162,0.01196475210540422,0.00020741719612513333,-0.007621397339724683,0.001448102360900602,0.08815905493781387,-0.040281448406098104,-0.0010787035462914887,1,0.8636464006378579
90153,0.12942346478476952,0.04098068681507714,-0.031041875114338188,0.036383549472182516,-0.1975601109225796,0.13601247949146364,0.0047881811498158575,0.06368447603519385,-0.03550595174616562,0.030187903598378085,0.009599614944963817,-0.0031633110160442486,0.033451192724208434,0.001615617893201534,-0.011714069505052438,0.004079652223028814,0.10283708596451896,-0.01740435843502473,-0.00491646627064261,0,0.8943500481066496
90205,0.14096940048251055,0.039891270893987155,-0.031012646940602143,0.03628988135326521,-0.2075202349583204,0.13893691557581228,0.014530152612276599,0.05481180387632422,-0.03268297438726386,0.039760640722614204,0.0023126625470498833,-0.012101514789292216,0.009046962378327347,-0.009570103300763778,0.002537034406990816,0.005514504685968577,0.09383574501605885,-0.024688653147960496,-0.009770366152717562,0,0.9057834682281062
90225,0.1277473812449023,0.03754427192617935,-0.02821832941935741,0.0245095519785803,-0.1893256705002446,0.1274419328721749,0.01830383252549038,0.049835917198880295,-0.04841594819319469,0.020160539478974723,0.013982799737652441,-0.0010760171643053988,0.02507434437980786,0.004323864370777523,-0.0032618987343055587,0.012002030092278175,0.08910636214293159,-0.01154671781693324,-0.007722129182076456,0,0.8395995389590472
90263,0.1361924729464991,0.03474186215621401,-0.03261662143047793,0.025643616604661662,-0.1999398980159643,0.13517451162752336,0.001680059864587942,0.04784989856383066,-0.03917757038473524,0.0355958504545559,0.007996067398555486,0.0010027385003533143,0.011539342143237397,-0.006770894850522846,-0.004801461913474709,-0.003674144249719694,0.09973563543623011,-0.020753820342155928,-0.002467623113234517,0,0.847354089996534
90285,0.13832473098566117,0.050142171731362054,-0.026169460777831107,0.029799658565246346,-0.19449230785427815,0.13581791660708065,0.004603099368249673,0.022212148694657156,-0.04685478209679711,0.03292910650630384,0.01998346631506286,-0.022438634878294155,0.01796386000914484,-0.006305979402599792,7.516375562719786e-05,-0.0035381034192252052,0.08706805043460221,-0.0315985541186661,-0.01637601161351733,0,0.886693207134207
90305,0.13641689842635238,0.03285387678445415,-0.0387017798226684,0.04671932290088583,-0.19817186964749156,0.13791519511952471,0.0014245816513940531,0.056565254841647435,-0.04208065865315459,0.02411073926776147,0.01021538134295371,-0.012311217628742302,0.015526073537535911,0.0060131687579907875,0.01091539801338164,0.008047235060798793,0.08543182452513483,-0.01949195645667784,-0.009305417872907498,0,0.8922178503114578
90330,0.14098067576973114,0.04026995729891659,-0.026298943253800434,0.048638053288330894,-0.21290584473910024,0.1371661328951223,0.011558473468003969,0.04604875394979174,-0.04760835942781417,0.028290004807469786,0.004848560851411742,-0.01317859158681591,0.014738330631723945,0.012091852612861859,0.012805146797933448,0.01578420570952738,0.07738480244353649,-0.0009727891833894091,-0.0034739529604413404,0,0.8950434316757228
90424,0.13803785649670783,0.035929447964921625,-0.02619580111681453,0.041536522685289956,-0.195891096316964,0.15556110989962665,0.013398011158397522,0.060701668148046804,-0.055371025856326674,0.03990153024001711,0.01819772234218614,-0.01905564226274514,0.029647962633313756,0.004778615650629114,-0.01254619589285566,-0.010747778654475558,0.07903467320347975,-0.029846015165870876,-0.005767169332549679,0,0.9721458450212184
90431,0.12569554311672557,0.04882125121538963,-0.03601206265888685,0.04702283139158664,-0.20199635400662375,0.13979314378354155,0.008324816307606814,0.045096771498573156,-0.05483812165326065,0.027786990309010277,0.01273005040482864,-0.006170784447939779,0.03276201173404483,0.005243032271458829,-0.006652095971779319,0.003313971960811479,0.09459442958006663,-0.0304717361264804,-0.0010523302804579986,1,0.9283783287190728
90551,0.14312830810232197,0.034434356991501984,-0.03586626849169534,0.03570922613438107,-0.20373012507209035,0.13266074796544644,0.009871278424149175,0.060403216827662524,-0.05662960987946315,0.028754536310185767,-0.005586418621982384,-0.019204167167403585,0.00816054545681746,-0.002122278214639675,0.000987953548646877,0.0029446070102555435,0.09840869784801701,-0.02416023173895769,-0.00634177135235206,0,0.90910434515797
90625,0.1360708888181575,0.04165878211920513,-0.031948903290564455,0.04004064700611181,-0.20781907427542712,0.13186720541494934,0.004350416997491573,0.04970762663679281,-0.04190980627181683,0.03447767223668356,-0.002616202199351902,-0.010495969068230204,0.004453870997992835,-0.0016300037956364167,0.0011264046386885154,0.015384908632406165,0.08593312761409093,-0.02505339358613627,-0.0008249535817033209,0,0.8673698571814367
90715,0.12113913959380174,0.040392343583018214,-0.02534233697877248,0.04474347051929974,-0.18565867925424775,0.13958021451157673,0.0011892755047430825,0.044889215031468886,-0.052537579225207125,0.024618221825757777,0.008250052985244566,-0.0151920038978496,0.01861701928469518,0.014570659698771705,-0.003940737676346783,0.00020268926636973008,0.10016180021919202,-0.017986779436304147,-0.015262915869873292,0,0.8742751343625406
90726,0.12508102982527536,0.03136360022371191,-0.03498848877671557,0.035309555076289544,-0.19298121108361546,0.1332773443984259,0.025933285035381354,0.03446373328997358,-0.04293967389370934,0.033627886830106514,0.018200216008854558,-0.0021274408479412545,0.025436396504239185,0.006874267477745351,-0.009935414854309151,0.01164666564534139,0.08656970762432917,-0.027311105959639138,-0.0019426394822814085,0,0.8800096628378852
90871,0.13463918934577007,0.045950935736588434,-0.017538234065576586,0.0470861525768135,-0.20003249805079323,0.14319465037848988,0.016397853177872915,0.06449556042344168,-0.05734597093865722,0.023170626938545102,0.011209034907496085,-0.008081824276820642,0.011129693404466201,0.001087243757904039,-0.0021594224986666165,0.008461029874883496,0.1034270533032714,-0.027313759478823408,-0.012886576782922156,0,0.9356073099178026
90876,0.14550974520587015,0.028416164802727028,-0.021869228858599255,0.04269418778870711,-0.22624798492023324,0.1276763733443259,0.010067172160087162,0.049759746630027746,-0.047379496063082976,0.047063809981644035,0.009214618861342049,-0.010257642244143973,0.00470068136573398,0.002928296164152567,0.0015113313592519174,-0.0036033258281462726,0.07607181435963785,-0.013284464953585628,0.0008301129616021532,0,0.869086197852901
90904,0.13555087994991794,0.02552646785776579,-0.028386544955337267,0.02462268899580809,-0.2046080301448972,0.1437601425469853,0.0036458903037078823,0.036751716592101136,-0.043851378526453606,0.013875263911461797,0.005442358829753249,-0.005845310169975994,0.017639905729944692,0.013805298118984873,-0.004787184629728311,0.007127228858578206,0.08385276957426378,-0.02746877642862033,-0.006057708794780085,1,0.8326055449190656
90908,0.1456457098880623,0.03319038124885634,-0.04121349300373039,0.044586755068498574,-0.19477533461295093,0.14906990012783222,0.005302618863748451,0.04241631164497971,-0.031453904036775476,0.03566719377931606,0.012917719230936956,-0.002452819037884545,0.020473441365637828,-0.0031799300853248996,-0.007241934863673191,0.009542252740643409,0.07672486166937455,-0.014082481374871617,0.009880054771875991,0,0.8798170974149735
90923,0.12726223031246114,0.03255996167991048,-0.03252259130633805,0.03574057771988811,-0.2063075380399941,0.14035706725602573,0.010808527989031078,0.048297582236605,-0.05045006418645865,0.0359974174636659,0.004931586808639722,-0.014197987882123649,0.013916850259604723,0.002758634945231943,0.02211530552595025,0.006012964593506617,0.08997099009410484,-0.020883310936199256,0.003497519789073024,0,0.8985887090248122
90943,0.13349013288695602,0.029409920878739677,-0.0375642521847269,0.04884160116174192,-0.21012937602229786,0.14349858768009494,0.0019269613570718743,0.05041632839734625,-0.0421814785361398,0.02489505343037108,0.02787409876402951,-0.011448589501108107,0.016897247350798186,0.000379951857296572,-0.0020000339331246054,0.0047370888038109045,0.0879583586013564,-0.023778499058605924,0.001523518865927423,1,0.8989510792715439
91005,0.12777593680817242,0.031485107202608,-0.03255563805676346,0.04221088862352285,-0.19929995917094062,0.13913899592968038,0.008536038962177287,0.0332045721456796,-0.041950167914923696,0.038221631225557884,0.010481600675250693,0.0028123144717635867,0.017223768652279717,4.202149397969336e-05,-0.007337290832710082,-0.005083448349907927,0.10241714340798888,-0.018763300495363313,0.004787512492738599,0,0.8633273369120087
91061,0.1415757639683164,0.04508529593362148,-0.03083948915268275,0.02806573254733149,-0.19681504822848886,0.13676877000957874,0.012760785344583239,0.049224891770494564,-0.04258602497804039,0.02523446245606789,0.00988794697658132,-0.024875597743774337,0.020736634302327,-0.0006084850229155792,0.0031114973438482775,-0.009702430498720856,0.10002239692652266,-0.014607448292612187,0.0058045099327881265,0,0.8983132114292961
91114,0.14489730097331763,0.03928292596298538,-0.024942771556351877,0.05252699000954991,-0.20319302612684884,0.12528549320766225,0.01100251192227962,0.04562837301398283,-0.03912705518178158,0.03518453886346364,0.0024882314871841928,-0.018529658115921215,0.012718055927118034,0.00385229910634591,-0.019258300235219687,0.002870610311135724,0.07626626614773405,-0.025872880301948047,0.007291837715775993,0,0.8902191261666064
91201,0.140786292111206,0.03753323679045548,-0.02969776986463208,0.04853983506622534,-0.19184615962647988,0.13869432729902856,-0.005816920806469268,0.055832275676101,-0.050177600529793705,0.02411567160812515,0.004592832759127199,-0.011002117360449527,0.008305417267185812,0.0032008108958609988,-0.005871365873770762,0.013596202638167845,0.09338981284519618,-0.016307413175149423,-0.01059329145903033,1,0.8898993536524545
91265,0.14355181543748208,0.03898668449155529,-0.03219120655875162,0.044733242457805814,-0.18702698656649833,0.1285876896868752,0.016881763039829766,0.05045299310847909,-0.04058524683281843,0.016204366753584405,0.012677378747542926,-0.020876101715557746,0.02321838356103793,0.011824424967432821,0.003899410428434756,0.006992247454950251,0.08402230257498217,-0.04131831921675837,-0.007396534275927793,0,0.9114270978763048
91338,0.14439617318176057,0.03785110108108256,-0.03858063890260171,0.04020563516573497,-0.17127140927583184,0.1369669440549056,0.019349150511471767,0.03920279209060638,-0.044683479801582916,0.019350992595011194,0.01954465774394048,-0.012819627685443126,0.001286057771857198,-0.005933661378453795,0.0034179254562425212,0.0008114087688890745,0.09849714837076506,-0.023925849136376236,-0.01232002766733093,0,0.8704146806398879
91388,0.13240635538226336,0.047374315070461484,-0.033828742609887864,0.03881796006771516,-0.19713909333263244,0.1282323263886865,0.011835997354325816,0.048260212983574954,-0.03713857111232852,0.02517318346644053,0.009812249235178467,-0.016784641209816147,0.008323320585650298,-0.0029943743296699204,0.006301951287183855,0.006910928800073671,0.09730447523020758,-0.01329401098379477,-0.013465783653351951,0,0.8753984930832432
91507,0.12858107587355083,0.01673737882204771,-0.02736266593129277,0.039249115059554335,-0.19799888672825144,0.13593413521427855,-0.000905894805078254,0.04607581212923182,-0.029161047719157736,0.03400752341128726,0.011568333781590796,-0.010982973001910479,0.020617295557277125,0.00043546495896461886,-0.0054859985548886304,0.005497901625664042,0.08132582512928994,-0.024276428406255074,-0.0025403461401127076,0,0.8187441028496841
91524,0.12376390138680843,0.028608227317089407,-0.03689628906711744,0.04324660145094337,-0.20293532179239449,0.12424657571318491,-0.001372922211833265,0.04607348776738896,-0.037718215858163144,0.009044467005814393,0.007874485397492161,-0.03420787544218859,0.008708590515372537,0.00016791572442811706,-0.0058130230138054,-2.9475784536454358e-05,0.07765638362405067,-0.029802511047519357,-0.008469556617278839,0,0.8266358267374099
91587,0.13662914132977425,0.028807556506382614,-0.03683552474128519,0.05251528769473833,-0.19793785014058696,0.14654969092090367,0.004454560985921863,0.054569385234816685,-0.043346992540116744,0.027945013877769993,0.005809847260945049,-0.015431172371047719,0.004066560959222566,-0.0032934334160640037,0.0029496280842029325,0.010717804311337996,0.09052723852984797,-0.01628048702359894,-0.010993443930326153,1,0.8896606198588897
91674,0.1421127073265747,0.03502554641288897,-0.0318702261085217,0.045723474554442735,-0.20087308655718997,0.13360178114834234,0.0027948912966506327,0.03710924541257726,-0.04960393596686998,0.024827919084147207,0.018306744499489033,-0.023719279001717206,0.032442433637280464,0.008048978359458961,0.0007472300801203087,-0.00398119122795176,0.08387823128208839,-0.029027972395095886,-0.0046756163871602505,0,0.9083704907385678
91690,0.12324797528496256,0.035545707588349684,-0.02824135927014948,0.038876835731180906,-0.19809582694009872,0.1404541167635952,0.012769596370461945,0.0566737923598389,-0.04432159114479776,0.030743169776321543,0.0021671773157674722,-0.0022924215533691892,0.03412722295384197,0.011238015078675643,0.013443675406634013,0.007292150434816411,0.08862513724733584,-0.022324275236187203,-0.007332589728176623,0,0.8978126361845611
91719,0.15058626968982267,0.03127802533666867,-0.03717521648395516,0.02557340591281199,-0.19293473221130647,0.1306140385696568,0.00189307211834409,0.04799875653150779,-0.04444606665746369,0.02304975165913018,0.015709244752827235,-0.010155132018061563,0.007897714568121312,-0.0058554962277622075,-0.0070024762452264005,-0.0032059534181414456,0.09371385745187871,-0.02105601405679727,-0.012516830484329758,0,0.8626620543938134
91738,0.12731749457284838,0.03750851482459381,-0.03731120251357262,0.03840919610569835,-0.20232955939119224,0.1405993367186978,-0.001693435714324649,0.059192356651751044,-0.053609082128638755,0.01944010306166736,0.01927524541536485,-0.020824876996629486,0.016576923152582163,0.004384863404838869,-0.00012117616855654987,0.0011173146599582388,0.08827279646442576,-0.031615484613707785,-0.00901500473657607,0,0.9086139672956247
91806,0.14555477912436438,0.03978000212530711,-0.018239282088360467,0.039069979963305516,-0.2041328633599665,0.12719956049412248,0.0028577915329257085,0.0417820625998033,-0.05665658478624379,0.03183139479802262,0.003519740719123343,-0.013844178629153712,0.017189362417243084,-0.0023209484694697354,-0.0098296590820974,-0.019573217949160747,0.09945575098165384,-0.020179637103442536,-0.002966489439239139,0,0.8959832856630054
91912,0.13323521016957315,0.036758114834209814,-0.04106200018168281,0.039103815077783356,-0.19959232984495817,0.13809730531904238,0.00212203196376341,0.04675517808139697,-0.05541987261196076,0.03160785397643114,0.015448268294694738,-0.01204634455917841,0.0027409346802944007,0.016819870328363386,-0.013324803094236198,0.00802628268223978,0.09219524838271197,-0.026690463049837083,-0.011278825040514747,1,0.9223247521728727
91971,0.13408292163859836,0.028796031620104762,-0.03047117675777161,0.039283242967943895,-0.19890485722684828,0.13202034649978298,0.0012241268251189292,0.03999299494683064,-0.051422044407051164,0.02732910468354834,0.006478575551465175,-0.02205498664953303,0.019126185637485037,-0.0013073138866232295,-0.006275471746499409,-0.0006020721322616485,0.09299785200934843,-0.02883191619404099,-0.011618864395222962,0,0.8728200857760788
92040,0.13594615992787557,0.02941545397630253,-0.026696377752400132,0.04154564871302898,-0.21354741170437982,0.1363464776702731,0.004017363905774569,0.050855488262944344,-0.04333023425828516,0.017455370464334857,0.004894092610902586,-0.01606699942207787,0.014705743988654653,-0.0001679457049597488,0.005365563604361642,0.007583630234675449,0.07557333164452798,-0.032894383032764894,-0.018398270599458894,0,0.8748059474779828
92126,0.13283139517859158,0.023846628467661127,-0.035234951596901404,0.03310791845674678,-0.2054138137001678,0.14593542096677903,0.0005477389851487754,0.047022128454589356,-0.050755793240152274,0.037989162606505616,0.0116178021923468,-0.0029989279497479645,0.011258040139243634,0.013892206680664085,-0.010040101855836429,0.004887902453882772,0.10197060242918306,-0.020463105812233547,-0.017417164410493777,0,0.9072308055768759
92134,0.13683945024486116,0.03670920655879295,-0.02144760624132505,0.045409595588237664,-0.1856017453864568,0.13266720388702793,0.007404362255943015,0.05273309674563275,-0.03575112118287674,0.0328378882752612,0.0025025867781669903,-0.019010624283867617,0.018651592272224824,0.005047841462324197,-0.005668283855608012,0.0018867285530442016,0.07464617645644928,-0.020250043868873545,0.0009950258024111422,0,0.8360601796993851
92231,0.12941065844383198,0.0357827447145711,-0.03056935422245019,0.02139416662815407,-0.18920926369149507,0.13283298690862866,-0.006499626722825207,0.056183812894101404,-0.04246730779389307,0.029475751151578324,0.02063920061645891,-0.009539018675940685,-0.009228842383091844,0.0024387538242203535,0.008356751607081596,-0.0038720604905044414,0.07644320584937231,-0.015001187718204892,-0.009796118359351359,0,0.8291408126957555
92311,0.12791602743495706,0.03008592448675199,-0.0323606422961701,0.03537439816215556,-0.19467623609797305,0.11422062232824862,0.014443351530465963,0.05628744975191992,-0.0570040859190642,0.028634319294475154,0.015069861533567831,-0.009103708567600417,0.015202636722020955,-0.013895829392002528,-0.0033037442151896703,-0.004914515003365782,0.09998070440236612,-0.021906439698307436,-0.003128497889281503,0,0.8775089947258838
92350,0.1294857078890896,0.03418985622678529,-0.0340405062780282,0.03805201343697437,-0.20593589232214257,0.1292061595750736,-0.008860157783435135,0.0493086242778986,-0.0426110700082313,0.029258174443324233,-0.002427730967910169,-0.015600061141535485,0.020229851290414057,0.006550062971614997,0.004095519863855366,0.003169452711117816,0.10605512886514729,-0.0206784947547177,0.006724356908793012,1,0.8864788217160888
92419,0.1401427496538913,0.02563260457902253,-0.040929298687124076,0.03956725953433996,-0.19199482824308195,0.1282760182954718,0.021745643980012844,0.04494676210996967,-0.05593402637388247,0.03273612445308114,-0.002544713900300686,-0.00698206022242713,0.012051395945596372,-0.010285288381641765,-0.004660068217509639,-0.005843293126598609,0.07950873765069139,-0.029316592462970255,-0.004045939693801519,0,0.8771434055114151
92448,0.13416366662774423,0.036830954373578875,-0.03516732527810357,0.05288817679790301,-0.21782685308120991,0.11573956210957129,0.004925261074337519,0.056459920200601664,-0.044256368596840207,0.03216717261968712,0.008403498124875886,-0.017732338336927576,0.0199966188248057,-0.004576299607120642,-0.0014220929132919534,0.011670231126055558,0.0889806199737943,-0.021496049189169468,0.003892360937540707,0,0.9085953697931592
92486,0.13762968446000734,0.024478509013636976,-0.032779791857571856,0.04410945648704132,-0.20368023208061525,0.12922076965270024,-4.825770115672983e-05,0.05633567924429028,-0.042828010115490374,0.021149536639525762,-0.011817622205334328,-0.01138002941520175,0.010390002032775113,0.015978758088459225,0.007080046250821799,0.0032237069615988698,0.08208526420647853,-0.026692133595255626,-0.010684810758365615,0,0.871592300766327
92661,0.12790224979567566,0.029929096811987275,-0.029113677801358682,0.04808519361467065,-0.20171443741472136,0.1262729611823081,-0.0010221969294335294,0.05583544302289288,-0.04149421469725707,0.017824361130276613,0.011537464717730662,-0.012793956768382806,0.01685633012901912,-0.004638078827125803,-0.01408232695369806,-0.0037053510908563745,0.08918048648946039,-0.028069678207459484,0.010463929462854111,0,0.8705214350471686
92696,0.14575655233545323,0.03421408929569751,-0.02538615270923403,0.04560690509202539,-0.20553510099975897,0.13634876149578662,-0.00217260546035616,0.05974846666834665,-0.04509501183376245,0.030486869997803073,0.017445787213732192,-0.01849930910326953,0.011081459056475096,0.012725646248323303,-0.0045706670517620465,0.00032609429830064067,0.08791917785851813,-0.024937351793300498,-0.0017911792647387662,1,0.9096471877766443
92721,0.14539746735268175,0.03368792221693661,-0.029663843660271454,0.05350327562931345,-0.18494689447797716,0.13648138606340732,-0.00040131321659226044,0.06063275182937655,-0.03425932536895338,0.0282660630832691,0.007895495109284459,-0.02211284387654295,0.022047714636902416,0.013532255965398489,-0.010879993035271374,0.0107158854800967,0.0772842729707278,-0.026102937331341843,-0.005060774632574816,1,0.9028724159369199
92777,0.14945225094137127,0.02973914113907775,-0.03776813397137768,0.0480651921640383,-0.20583025586089132,0.14111413349583438,0.00010012411914633617,0.05436733003221477,-0.034827374942818436,0.0315725412959861,0.025558778976795475,-0.0019035550822203895,0.0189393733090374,2.45892212490877e-05,-8.675056073421573e-05,0.007117627019062742,0.09453073848638537,-0.017509322497683527,-0.022297932745052425,0,0.920805145860977
92825,0.13921406940307093,0.038948227292872034,-0.032969731437015704,0.04157983158530453,-0.20189518676185217,0.13427524023991944,-0.0005236847867305197,0.03782205151402354,-0.06246895094294297,0.032334719571769775,0.009878341943393877,-0.010323048960382128,0.010045265286794348,-0.0030149715401674064,-0.010239965096592207,-0.0018688049384631557,0.10571958464321952,-0.039711463156646934,-0.003971754028640152,0,0.9168048931298013
92865,0.1447354122952313,0.038795372862915664,-0.040687915674266266,0.04373429722799912,-0.1970257927165416,0.1351777909221674,0.0018098967491658145,0.06569864984169971,-0.058898049921203184,0.04450800416367518,0.012997193816004511,-0.008130015644519773,0.008148407054287711,0.0016954425682737732,-0.011633018425629403,0.018120316560328326,0.08657111397238768,-0.026085528917373663,-0.00914000267570788,0,0.953592222009378
92888,0.13181413688427415,0.04313556173916591,-0.026228837156889874,0.03302198246557778,-0.19489143601494274,0.1434134998895277,0.011556680627762822,0.03589563518611291,-0.04894428442035016,0.030850639363633407,-0.0029656546310181217,-0.009322772405308934,0.01627795923093809,-0.0007644202283527204,-0.01602603545245393,0.0052016382487941795,0.0987225066477077,-0.02871630032983864,-0.011923954731072479,0,0.8896739356537222
92955,0.15044839790577536,0.017248184494314513,-0.03565856030139864,0.03473506287703996,-0.20995551874086654,0.12412053515579856,-0.0026691101257898552,0.04384402033767043,-0.04732840624057456,0.0224063813096724,0.019168716853770862,-0.032662196397514776,0.024693803037892002,0.00390559213060913,0.006595727776499876,-0.005557579173096553,0.09021480199168562,-0.035578585223564496,-0.0032272820539859044,0,0.91001846212752
93124,0.1464386253835277,0.03669067413834251,-0.03229844143785972,0.04325166685977472,-0.2153577553868648,0.1413609021328061,0.007899116843900236,0.04321168265472529,-0.055336983640611494,0.026590355393051376,0.014298944169022275,-0.029960204052098902,0.02210324367346264,0.009587819635711425,-0.0037883244527468444,0.0030897428766254393,0.0980514584059476,-0.021492144346401877,-0.00383449706456123,0,0.9546425825480422
93134,0.14147963675419736,0.04106127952417231,-0.01772651359857781,0.04287303468338872,-0.2020073064343694,0.13472557000950153,0.004497003996553294,0.03451030551944075,-0.030153635226078005,0.030856383951319285,0.011504767700968156,0.004496656186447138,0.017231448526459026,0.001868825887237224,-0.006275586211513204,0.001991243646990121,0.08312904571916134,-0.028975794805261443,-0.003800989161832402,0,0.8391650275434686
93228,0.12647807708970782,0.044370332102499854,-0.017786233362548323,0.04034921841424026,-0.20117703956335758,0.13811975637509727,0.0051490170893238206,0.045882794855439515,-0.03771152560118209,0.023660914163593783,0.014029505626849926,-0.010681122048874865,0.014675067318945322,1.7995336581435865e-05,0.006936258022779812,-0.001210272514081761,0.08858836856027591,-0.02814861291607082,-0.010365985848205826,0,0.855338096809656
93250,0.12156740042277829,0.047168551684756095,-0.0321373689278154,0.037762557628574195,-0.19132371384457345,0.12984005831274142,0.0027404509980167428,0.038602176333779936,-0.05509963229578902,0.01864429274084197,0.01466208497575876,-0.013026594103538047,0.012749479573035094,0.020861654407933253,-0.004382196038911819,-0.0007158252251761593,0.09292265017762712,-0.015126238203513012,-0.022824124880462933,0,0.8721570507756227
93292,0.12999173804449649,0.04581442208149204,-0.028226928435202785,0.04547984186240556,-0.1953150509702295,0.13741798826457438,0.0061850098076849614,0.042107363937328016,-0.04994284564414962,0.026781475814156557,0.008076070173956984,-0.00023282692248444888,0.017218778210541262,0.002917284221312715,-0.0033344852912805625,-0.005454492516546957,0.09582320241167494,-0.0301667840741216,0.004983456212392404,1,0.8754700448960318
93298,0.1412137984416432,0.03345139738123103,-0.03352032112982705,0.03232752220323971,-0.19276712182162326,0.13768868703036768,0.013566741439105487,0.029378946787994804,-0.03996243363874957,0.02353851817308313,0.01299536193441333,-0.019969717121346695,0.0017204421791191028,0.004630504955896173,-0.007985179547648914,0.004361179020133864,0.08903292929896799,-0.015794576117117796,-0.009136163291205451,0,0.8430415415127143
93317,0.12762811210466904,0.0393733696860194,-0.029461996369122195,0.02845515983761503,-0.202298373644076,0.11830739788413219,0.007331238083572787,0.036089487193221366,-0.039920835474803705,0.0573539431753748,0.022241931121136958,-0.014131971597708378,0.032413058891394,-0.008742670181671793,-0.0035567968358860614,0.0050637666747638446,0.07816851970039462,-0.017192976797653435,0.004107177274080605,0,0.8718387825272962
93412,0.12671836194708722,0.030981981673717556,-0.03589390201881327,0.04232794964945738,-0.1905220139874966,0.13365277860944552,0.011663447961025952,0.04147451350503288,-0.04157526552390461,0.04646756255089486,0.01714904397988288,-0.011436291062434033,0.008219567181103367,0.010878064798200112,0.0002133660944763947,0.009901863975904979,0.07818593303475155,-0.028180272524962836,0.007330437531262826,0,0.8727726176098548
93582,0.13474130831079043,0.015841644174081834,-0.025386533599468315,0.03224198185198814,-0.19822913456003083,0.12880730369486784,0.0060373215857738695,0.06488353587979227,-0.0472733126830277,0.03054633429501376,0.015190299385223292,-0.01389112461607013,0.019602369106666653,-0.005048192440954017,-0.012213023610054675,0.005207363473469358,0.10601162579779948,-0.03539732521622143,-0.005838855939221477,0,0.9023885902205155
93604,0.13789987457912617,0.03922161558271857,-0.0266523936601048,0.05088030754224984,-0.19434839900108652,0.13325051261747434,0.00856395179202015,0.04617919642308169,-0.03747762251941702,0.016674389004376084,0.01658929120162173,-0.013435872332326215,0.010299178333611526,-0.007262752069605421,0.004804743566499192,0.005966682997029135,0.08035742359330161,-0.0335080470757276,-0.005526136611068382,0,0.868898390502446
93654,0.13809157807179967,0.03876846522424707,-0.03319265146873198,0.048964318352488684,-0.20856210565798924,0.13755424720985907,0.010751094643734643,0.04809585137510962,-0.04466248302318936,0.03977385373967783,0.03554592029580843,-0.02077229575753815,0.013897518774557334,0.01117059365455128,0.0038830506489448136,-0.0022433085178763554,0.0686534793008831,-0.028774468956962007,0.001797993113080136,0,0.9351552777870288
93660,0.13324284783775756,0.03305552273846408,-0.03182251680952592,0.04378310240237539,-0.2020014487211544,0.12406240657836723,0.017654424641742418,0.0605024496646827,-0.06384468016539628,0.036764214833860935,0.007281886423034451,0.0009133325489846865,0.028083755039523414,0.00048126837322386905,-0.005776626747201711,-0.0016751085343965524,0.09264277479551168,-0.016208942637940267,0.004324021480021331,1,0.9041213309731648
93662,0.13474915106689903,0.03150987440155548,-0.037565018584852596,0.03673862636383713,-0.18979013902012987,0.13640487856342978,0.015283843618567737,0.044307071384199745,-0.03140878274475565,0.021039920025502073,0.01647130131109745,-0.010691531401942159,0.02976063891521261,0.009949315533740774,-0.013072204531670819,0.01492955208785162,0.08574662202795896,-0.024075488831568185,0.0032767572849742525,1,0.8867707176997459
93669,0.12894878830420045,0.030260665789167925,-0.026064712025894644,0.04821795552822953,-0.19424661874056676,0.12829336036494388,-0.0022837642157934558,0.03531259223832107,-0.04579695227444003,0.028312065919725512,0.013144930336440975,-0.012658885750718824,0.01642112151496329,0.016381360773333662,-0.0008505899991844535,-0.0010639153808363131,0.09166323942329041,-0.012499327615364582,-0.008281197888173246,0,0.840702044083589
93752,0.13037512241049062,0.0331299124497821,-0.03419011933380009,0.038939605199474744,-0.20236411030584728,0.12723893192354216,0.0070490363384443,0.06170913553687118,-0.04281832664818601,0.035535645031541226,0.005972343593851927,-0.009804263990515991,0.017943966674144267,0.001854985892975576,0.0021786884122514524,0.003240089556309578,0.08462097644559849,-0.02054937068828517,0.0025570926289393385,0,0.8620717230608514
93825,0.14494490857682646,0.03783915738065932,-0.022272211190955113,0.047790540866857925,-0.20704878630577625,0.12876056469455596,-0.005492227252714477,0.02776146416664561,-0.04921311538388048,0.03612611016682521,0.014621980819029302,-0.007454607920725415,0.010889290331015392,0.01843080790968661,-0.014688399201102183,0.016213021241563808,0.09786867220444856,-0.04430884623216733,0.0032304403162252064,0,0.9349551521616606
93826,0.14627315748003059,0.03178647865769648,-0.03309436605892175,0.041499653885727385,-0.20260924465500704,0.1452545984204916,0.009954000026178729,0.039873604803581784,-0.024298238003236196,0.028565587230415447,0.0023429349177288006,-0.019877593304554634,0.015537335236201107,0.002865808179153718,-0.010609694071665803,0.011903814533384327,0.07939116526642415,-0.01863206093259211,0.0025607041908779207,0,0.8669300398538695
93849,0.1391323819961707,0.03926696291903724,-0.0297782279646645,0.031153212737549098,-0.2108509115298563,0.14778465803701094,0.0013296598695591419,0.056549070435555515,-0.042679124228318405,0.0156675871590856,0.006057133990290487,-0.013800549212185192,0.030640423428004014,0.0010789511668473591,-0.018608403000556818,0.0006068194351956616,0.08216958096294741,-0.01954192711843621,-0.016275215916893807,0,0.9029708011081644
93880,0.13745367631393382,0.023104716011260948,-0.03462691269776824,0.04366885685403619,-0.20745423239092511,0.14314122084930536,0.004908801099459922,0.056783367444641485,-0.0461571859019858,0.034682148210573735,0.01845019776243885,-0.008437664108944901,0.006358722688950811,0.006026118640002625,0.0031717098189956365,0.016273988436557807,0.09096522254441282,-0.02724824786365757,-0.014566553363193973,0,0.9234795430010456
93953,0.1364369316171241,0.032609110779938104,-0.0160262943456636,0.03761781945533144,-0.19540239995687736,0.1396532267449155,1.9335438575348785e-05,0.03607416938097196,-0.05235638951997342,0.046436846136592304,-0.0034804830250918244,-0.016426293688757358,0.012564720958845576,-0.006771717330701886,0.005442603428705893,0.015832057432954145,0.09820569501466223,-0.02697225893438397,-0.0042367807096786005,0,0.8825651338997447
94023,0.13150626877143498,0.035105020136524556,-0.038289139577156156,0.0380021843662004,-0.1950472417462891,0.1250425566842784,0.006175865850882731,0.05614019995985446,-0.03218407161177089,0.018953126961667528,0.013707164222859669,-0.015264914197034825,0.005720931044764657,-0.010059580724402434,-0.01134058976153133,0.004973438098292319,0.08656873163273646,-0.017971494483164648,-0.010773597909132765,0,0.8528261177399783
94051,0.13208377406623412,0.040888616359993475,-0.0257117847155409,0.034621601564960136,-0.2109324779830163,0.13572542678209473,0.0031308920327019437,0.048588235953092695,-0.042717987103082646,0.040390795601030406,0.004351047842327438,-0.010516330735309234,0.0005414311343371555,-0.011080012680978574,0.005146017496799839,0.00785589222672086,0.07698068695407391,-0.012443870732554069,-0.008181344913825885,0,0.8518882268786743
94156,0.14055332005805568,0.04116519210669565,-0.03694069355563305,0.035299943189255896,-0.19297841800484292,0.13107528345846228,0.010205230909779069,0.04819923343143929,-0.05580671397199829,0.020742198285327834,-0.0016923967438745317,-0.0003559819886704176,0.006456883419531081,0.01577175837461102,0.006117280606922715,-0.002877216305024755,0.09644351886650986,-0.03381688092829875,-0.010678253951633989,0,0.8871763981565671
94277,0.142178203698402,0.04111781255787862,-0.02498659162528254,0.03993912642962957,-0.20618154701814176,0.14138069466762648,0.019022247401263383,0.048176485808261,-0.05362051454600748,0.02920094744456902,0.023564935099062108,-0.01224021159726417,0.01136799099826685,0.007163469701001923,-0.017092195421904943,-0.015647927901673214,0.06945947702263766,-0.01990348565518284,-0.00282807393671571,0,0.9250719385307713
94300,0.14769621377355338,0.035124092228404236,-0.031598859300891555,0.035835415266618986,-0.1990014766745074,0.13986739065179166,0.02009124597675639,0.04569051817530718,-0.05012427210115701,0.029652641427183133,0.004674529464936712,-0.00448662559271504,0.02875800203994409,-0.0008928275337421913,-0.0016003472343187617,0.012345336002032742,0.086911707785012,-0.018896505201911443,0.004999357514026103,0,0.89824736394481
94344,0.1326831184723148,0.02739480893297714,-0.016088697845957914,0.05695920253877343,-0.1991627556563494,0.12316865504601214,0.015056448173034613,0.04965801041261318,-0.028698513682198286,0.026576160421564396,0.01908108932569618,-0.009306780519019935,0.015334952543474821,-0.010209960376205255,-0.002305891746630831,0.0054647846049644825,0.07767646912349807,-0.014410919275777014,0.008847509101014967,0,0.8380847277980769
94373,0.14776609964727677,0.027556214780045784,-0.03061455233971331,0.04650527891032138,-0.19471401182371695,0.1470221811527308,0.00827397394922035,0.029396328424769684,-0.047939045546112856,0.0438246679307315,0.007479964215926708,-0.011631346433848657,0.01940683054589043,-0.003092930288230141,-0.002093277883089829,0.005306343705169704,0.07816703621019072,-0.022124149713028497,0.0022966042215960595,1,0.8752108377216101
94440,0.12825425692860767,0.030633373856633457,-0.04075289705568578,0.04036169346202988,-0.18481165808367936,0.1377535274816517,0.002020891703351409,0.05403371531552421,-0.043565259935851856,0.02118684980442497,-0.0052985946796310565,-0.0075615047884722425,0.023469942038932934,0.014144447684232366,0.0025396697810708513,0.008863218512352673,0.0828488410258699,-0.02497664074780452,-0.005229972629343098,0,0.8583069555151499
94448,0.14890273381407704,0.02704149632644845,-0.03841321785162561,0.03317974737912532,-0.20526863820127608,0.13654189337721837,0.011144658838377257,0.05520244989065822,-0.03623981457690514,0.03004135395070948,0.003852400617216728,-0.020254050174868702,0.026495938770813503,0.0027053110550802934,0.0030608891834324583,-0.0019298386103243908,0.0988160212604956,-0.034812804355539836,-0.009123653032749424,0,0.9230269112669419
94467,0.13500205644600344,0.03835780018480797,-0.029756892128236522,0.031191869555098894,-0.20558806680597302,0.15082904916980125,0.004131732929273689,0.04229346567408915,-0.05328728645208506,0.035109249564853034,0.011074658043638755,-0.020410577462748977,0.02119943699890106,0.009055339579209839,-0.004256957968312496,0.017586269002219487,0.09540544195666535,-0.012268517890141566,-0.010966062551949356,1,0.9277707303640089
94469,0.14524095895634548,0.03944431394367052,-0.024615422376489976,0.04107697097648545,-0.20174435827864345,0.13536110002918078,-0.0018589081084959538,0.0372254913291005,-0.046286528782128133,0.053928413770176035,0.016065698822063174,-0.007515869034989968,0.027559228146821716,0.016967181917689308,0.003807327922511656,0.008657748268629325,0.08466974425113707,-0.01628036285385774,0.0032445202026987934,0,0.911550147971115
94606,0.13847631428554674,0.03916074210704218,-0.015203043891093176,0.040765278194763395,-0.20832871083827773,0.13047916963282122,-0.007120884597817272,0.050158782925955776,-0.052417667981920414,0.035892740624426676,0.010037425506693592,-0.0020735219644186205,0.04045776784595222,0.0025876460616356973,-0.0011929888150820414,0.010246041555877947,0.09356376017808204,-0.026266777055778748,-0.006931119342020246,0,0.9113603834052058
94731,0.1362717768356725,0.02361765394117518,-0.03296163146123133,0.057827970204404354,-0.18849876679600802,0.13632882722613868,0.0018135690401622569,0.05810936584134986,-0.030279171023185326,0.0435275840992951,0.00593469190377297,-0.014598550384013668,0.01587116877203955,0.00968749438488987,0.006842354722648728,-0.0028817503697907624,0.100357737472048,-0.02003003632926034,-0.003902046191288177,0,0.8893421469983747
94808,0.13160854234281844,0.03217995450746348,-0.03279839700069828,0.034820499609426264,-0.21450869634071315,0.1378513276088761,0.004541939872316426,0.05826445871340288,-0.05842412630009227,0.04409121232949144,0.021546705660333853,-0.011624646519537152,0.002039353916421584,0.0015949266588432176,-0.007424421478577506,-0.0060419730554111565,0.08214683352403519,-0.007725107929760526,0.0017037003086637541,1,0.8909368236768826
94848,0.14009871482034808,0.042231240254009796,-0.025706154793685872,0.03205812109142327,-0.20007856500712198,0.14529097699179505,0.009336886580944241,0.05409640613112874,-0.048317091567433725,0.03023693821400983,0.019973458708156065,-0.01698132237701557,0.016801812064883594,0.005529722033338145,-0.01270852951548877,0.015738389587921453,0.07864734962847733,-0.019155656738491164,0.001257548548548284,1,0.9142448846542209
94874,0.14367122824795717,0.034919044404136554,-0.029923542765698995,0.03469459924925667,-0.20594505989678283,0.12958259160107305,0.0050947632405635105,0.05168093433523777,-0.03391486012872248,0.03904162332844271,0.007466152295602124,-0.0006404306542561017,0.02260048510170625,0.005243941356299959,-0.0034601111796422122,0.0123587598731696,0.08079739009208481,-0.03597955163549841,0.000993380096800785,0,0.878008449482932
94942,0.13687540179683053,0.03712756466949052,-0.04433725443333802,0.04497485851022783,-0.2046953363930898,0.13141923247203424,0.013248889888713516,0.04734302351970531,-0.047660814904708027,0.036045882273739414,0.0019975664147147574,-0.010561601063111105,0.012650015233212606,-0.01184768436399948,-0.005293273240140485,0.001911422064768426,0.09456387776944518,-0.025559787329379656,-0.005272077796107275,0,0.9133855641367562
95007,0.1385219652065544,0.03889509957480963,-0.026962429225747164,0.047645205418504186,-0.19743512546371642,0.13403400409899943,0.00010923122600529423,0.05815389811302246,-0.05562989238480535,0.033526561285417894,0.010038666847265681,-0.014647408798812104,0.013200093265152469,0.005251749628502617,-0.0036119280302228164,-0.007209850780843741,0.10005964827641896,-0.039876133994873844,-0.0034666259399591622,0,0.9282755175596337
95043,0.11927684059765968,0.0272096905497746,-0.023062754592103243,0.032219558793779024,-0.22049917504424696,0.1362372433176372,0.0036848126580545275,0.040340578561322206,-0.04257779993411903,0.01684647470212319,0.008170387331241237,-0.009046003621542502,0.02004432332311694,-0.005334463689695156,0.006303254591888665,0.00858482803471606,0.07326333646676325,-0.033033425931566114,0.006694482608498443,0,0.8324294343498481
95196,0.13877439683998538,0.03264381237018501,-0.0340198773367478,0.042414268114741326,-0.1999450422079336,0.1315420552526898,0.0035105370034000873,0.04997754865963228,-0.05273232610398003,0.03626072618382591,0.002268783495669727,-0.02813995842306875,0.032723950511948006,0.010013154810592943,0.006882712373809236,0.001849662396791151,0.10384642727174404,-0.028353982456233807,-0.008571365091337026,1,0.944470586904316
95235,0.15299378791599585,0.03480038655699514,-0.031162018372360066,0.03350960512093028,-0.21956268594208908,0.1452696343637124,-0.0019822565344656145,0.054099466487540514,-0.04673154291146036,0.03846152430981785,0.015120266990044377,-0.018386633954236023,0.010970830872880566,0.008824594865032582,-0.0027514930624654267,0.0011867418671960151,0.08468122313280696,-0.024743815071943783,0.00012879353198650876,0,0.9253673018639594
95339,0.13017554892530783,0.0331660000442103,-0.033371769643525305,0.03855563450346965,-0.19563289999573072,0.13435160791485992,-0.0034025324422629665,0.038888065516156194,-0.048455329293464786,0.032353001086951355,0.014714594815111556,0.0020553829647214903,0.010831941228651113,0.012094710265395416,-0.015802524716278223,0.01075610689445127,0.08782885770770664,-0.014493954081462835,-0.003973379232198571,0,0.8609038412719161
95406,0.12812679840180916,0.025740769305774,-0.03277449905456191,0.025925553043866914,-0.20550053108337482,0.13033537137705414,0.00662858258194773,0.03216192980003331,-0.030347435829413117,0.021325451522038193,0.014237581839763591,-0.00462104833492564,0.008569546384935019,-0.012878858980196594,-0.005341827659209773,0.008279720979271363,0.08378140218348346,-0.01910055112968575,-0.009964964676004362,0,0.8056424241673489
95441,0.13596648563757746,0.03490545860078774,-0.04260773627971339,0.050909963497745875,-0.19724409818988764,0.12773051283734638,-0.0021487083807561974,0.03919425681545652,-0.06030045426020273,0.031599717385850365,0.004436295415369089,-0.014196265375583075,0.012731021770251868,-0.0007551641385629131,-0.016532201054480947,0.0025144359171632154,0.08213265855159661,-0.01949692377711823,-0.0011408702376093898,0,0.8765432281230596
95481,0.1416558116131623,0.04056251554688602,-0.02989965171524166,0.04451087527820378,-0.20197996442221783,0.13471767239308316,0.010521063374143873,0.05637822352760234,-0.055457688001766606,0.03527784513079805,0.02858964741855961,-0.0020323955275120226,0.01604527719481679,0.00974169921189165,-0.01745748047498542,-0.0062447748491417324,0.08668345165033027,-0.01696397401776313,0.007649981032051064,1,0.9423699923801573
95618,0.12158025946146807,0.03821612988853519,-0.020296261569795755,0.047090852370958905,-0.20247794629899055,0.15425092542144744,-0.00807548084964666,0.05821661978165519,-0.02996018444554288,0.0342237940249409,0.019322427550493043,-0.014371617462301308,0.020458555740404095,-0.004179787056455353,-0.013320916682303511,-0.006024422578408422,0.08758331769021765,-0.024015163189225558,-0.017502636541876154,0,0.9211672986046666
95778,0.14682650613079068,0.03775328440033231,-0.028590566435303513,0.04270147348914959,-0.1948204391571379,0.1364416385855893,0.0025359557929387445,0.05280556759303725,-0.04278426452704216,0.03927522692082546,0.01583661981279327,-0.0247404354777009,0.026289369763794847,0.011496862696091344,-0.0025110120226818685,0.008339117929025301,0.09111270683751146,-0.022896429058947263,-0.002520349464872971,0,0.9302778260955662
95790,0.1324605786409615,0.044576559841648385,-0.02508885275218102,0.05095485640912744,-0.21239886425375878,0.1420369373725592,0.009715051652473269,0.043835249874659823,-0.03419752519827448,0.022233309950759124,0.01557173608181598,-0.003021112260368823,0.02394507928211153,0.002154176677318562,-0.014934939708530817,-0.0011666217714277267,0.08153001376396367,-0.03506200594349084,-0.0006823297263676678,0,0.8955658011617986
95840,0.13540142744741493,0.03111060823761756,-0.020581259383190973,0.037029509097213656,-0.1919835716864779,0.1355023235809923,-0.0029719163663738542,0.06241592426257411,-0.05545583854270241,0.02486876040815741,0.006605242524779303,-0.01511926648106102,0.03337699431601477,-0.010724149146584625,-0.002135899942813225,0.012872429525455156,0.08935037417055171,-0.019610495533006266,0.005056252415061151,0,0.8921722430680423
95855,0.14205094449875855,0.03693857350721467,-0.03160880726505509,0.0518194678054694,-0.19765536213214396,0.12865766011998223,0.007474641480857034,0.029348169739415318,-0.03764208684282435,0.048857554452675006,0.010437009424555863,0.008457956518870293,0.021536505201486738,-0.0024712802537304904,-0.008953186753640747,0.013090241307158459,0.08944793859653782,-0.011604915206412832,-0.004174049910146414,0,0.8822263510169353
95896,0.14112543682047857,0.0527448368654677,-0.036591152213643445,0.04604640202994821,-0.20187926582168442,0.12870616726050899,0.0001352200815406359,0.056324343417454646,-0.049830528786966234,0.03976180708534207,0.010112695837310658,-0.0018400308506830595,0.00949789778947548,-0.004291164519213911,0.003185087647371887,0.0038057244890147223,0.09882324746436108,-0.0214975332824283,-0.01428571842831268,0,0.9204842606912067
95926,0.1545156278970244,0.04372885216582941,-0.03604488522840384,0.057183185149823644,-0.1947307806424785,0.13153050792125304,0.002670600266684553,0.04256269893235049,-0.03602142854566937,0.0189326202503829,0.0054781889345303335,-0.005221965297587339,0.006826785065308994,0.009091284533636258,-0.015159366729207995,-0.0028129644559416692,0.10178108202030173,-0.028658284089676803,-0.019392489816700494,1,0.9123435979427917
96058,0.13689311690575992,0.030181520191128308,-0.0374609157787579,0.03896956346123739,-0.21202273987401704,0.14026570956130208,0.001890748038994437,0.047790381825213966,-0.05494278150949251,0.019845039227327377,0.008995846893525224,-0.014871486198222652,0.0005970044653177229,0.013334678325963465,0.004351286534014013,0.006555409223103054,0.10242460387624014,-0.05375012900625105,0.0034108882290454917,0,0.9285538491249138
96194,0.13666618458118143,0.047764252051535165,-0.03299747360329489,0.04686848642685041,-0.20154206936880772,0.13626361437031131,0.02090210506116908,0.044558661254857065,-0.037673532870314434,0.03537578582815737,0.012448072326917033,-0.019824245558927756,0.011456607581437099,0.003931794551718749,-0.00814551300389205,0.007870317676012678,0.10095141543030764,-0.00870541873199197,-0.004220089235994793,0,0.9181656395136787
96199,0.12958069548125437,0.04237639568820724,-0.03837688224272206,0.04807520214548656,-0.2071761230570808,0.14007688602368454,0.011226993868888155,0.04913345464832036,-0.057753984590856754,0.020083977308871317,0.0027501374781085017,-0.01368775575562821,0.014763261008831586,0.006185062431153848,-0.0039165039074973524,0.007015009207466624,0.08197081601841018,-0.021383450331963226,0.0021247665350012596,0,0.8976573577294329
96223,0.14418697927195553,0.04643130637299094,-0.03462042669234542,0.043343398343669674,-0.18731044146802314,0.12407229585199442,0.010356189333165355,0.047679497061712275,-0.039499345138435525,0.023920801156202584,-0.0001616829897636284,-0.007592709333535092,0.010716261887047784,-0.003914222905450296,-0.005694673836213026,0.005110236271551766,0.07409335047800208,-0.02101242696306743,-0.008183763033376786,0,0.8379000083885028
96245,0.12065202211035843,0.04937976694653065,-0.018136826823565072,0.027484501535464917,-0.1986489515504615,0.13504452721476062,-0.006634196018282828,0.06392097061952777,-0.039991685845595926,0.031518206983978586,0.01360293944128624,-0.027739080361757217,0.01193527262016162,0.012045633508666989,-0.0014169939725170177,0.0016352721248536293,0.09761002148087446,-0.012903424811481523,0.007980136208968576,0,0.8782804301790935
96282,0.1412194977074949,0.03696202888935351,-0.026330265979028326,0.03849983000865254,-0.1948335056893304,0.1283964131737001,-0.002475115068264532,0.03993209529560388,-0.03862524287163994,0.04182891949714323,0.02099252716187562,-0.012172283214696869,0.025992812717921386,0.004238317811427665,-0.010108144407864663,-0.008683394644671156,0.0922729261061834,-0.02468119473404144,-0.007186144833210849,0,0.8954306598121043
96350,0.13648475208028188,0.028377900044916998,-0.02367570308517194,0.04457489071854091,-0.20986431089371788,0.12062486891759974,0.012304630351666679,0.04317160158870506,-0.040893131427240645,0.03495006299615477,0.01872675249045686,-0.013726202394695321,0.017325062619609824,-0.0021651155644055457,-0.004117351620081946,0.006955523333265259,0.096193756638158,-0.01367955195765595,0.0014587876873449752,0,0.8692699564096702
96388,0.14746516259629253,0.0315935885400309,-0.013767034514437865,0.05334357259370895,-0.19947350420550883,0.11166042793106469,-0.005979388821416243,0.06192901648464286,-0.03701495464437102,0.02686961083723454,-0.002677512020145249,-0.009473288589574715,0.006291150873171252,0.0008543859898983226,0.0017767661608211961,0.0006130824376592372,0.09284047014428677,-0.03244323120604724,-0.008413970364138355,0,0.8444801189544507
96492,0.13442710962645082,0.02902505525324695,-0.023832909561115886,0.027972248378630212,-0.20017078150159487,0.12147839682082892,0.019486511630137586,0.04519191401081298,-0.04716425046746904,0.022609509181230975,0.0038881150764111835,-0.0005138795604888208,0.017508145566552252,0.0026390209875177856,0.007370225463695294,0.0028851644125003606,0.08788879287563636,-0.02762618015260147,-0.005382611248314744,1,0.8270608217752365
96545,0.13160894565384662,0.04533962127951214,-0.03418959500201009,0.04215056960621288,-0.21539767501429483,0.12956544941125966,0.00466970426575221,0.0462898737617832,-0.05457413168742743,0.04126203189752476,0.010464326841455098,0.0032633276724172064,0.025127919871803628,0.0014978158566811563,0.0036368216304063054,0.0004460993248780453,0.08864053479381068,-0.02608936555260967,-0.01265767431012917,0,0.9168714834338147
96607,0.13597200947098353,0.027944081277023112,-0.022385731927998045,0.0280185137899844,-0.20316984810792513,0.1310859672859728,0.015020142376549295,0.04978215267719509,-0.04891555840069917,0.031769733027029616,0.015536212366016577,-0.013299681969716062,0.01846510685385969,-0.0014961362727591528,0.006067731720387205,-0.008957565756552236,0.0870373492720685,-0.03369624422736019,-0.009615021341530083,0,0.8882347881216099
96663,0.12490981833649971,0.05034130487962813,-0.03397614036174814,0.030605908746458337,-0.17935849257908715,0.13517050112887027,-0.009665852187150796,0.048729428155314655,-0.04558507887553436,0.01629173858826522,0.015532294951780407,-0.020217291224599577,0.009234771544549589,0.010543511718698493,0.004195472337611197,0.008393456167999672,0.1011509347812071,-0.0367280277065686,-0.013926380796324769,0,0.8945564050678961
96711,0.14227247557069875,0.0299349663193716,-0.015933781111485367,0.04139239979881958,-0.20298165269781515,0.12952859145107953,0.0008067303374009776,0.0599045734539034,-0.03963007101563175,0.02594036812319592,-0.0014790143196571823,-0.014434718540373028,0.015283545117016292,-0.0012359026182410624,-6.193588907223099e-05,0.008105514614317657,0.08199723315081525,-0.01823743171191991,-0.006413160413394458,0,0.835574066254209
96804,0.13757403046970249,0.03675533353662915,-0.03181046355129527,0.025929257509349296,-0.214116417700899,0.1268534185032763,0.008374862304630741,0.0471968818452481,-0.05374042054790585,0.03105292638292123,-0.002262474008912169,-0.012396772886385736,0.023517637874460692,-0.0025894526459123053,-0.007648524808826158,0.005178400976024152,0.08359303446228801,-0.02679883268539567,-0.01276189204985336,0,0.8901510347499156
96817,0.13653661605292747,0.031537654155063224,-0.02720882742586866,0.058421697125184885,-0.20208704028720045,0.13314743620922093,0.008191590840631384,0.05656376362923416,-0.02790979258661937,0.03336983095600046,0.01407827178411029,-0.009180033959712348,0.012439901273184912,0.008646481936720624,0.0040414362651451955,-0.006356195932867994,0.07521056684977938,-0.025821104071068867,-0.008126481843902644,0,0.8788747231844433
96829,0.13466067870186293,0.0254905738122932,-0.025710351751330292,0.031369743954274304,-0.19590892843170735,0.13136449481993115,0.012996334829953661,0.0488851141064746,-0.050715551636951385,0.03737400907963486,0.00029459866177739756,-0.008598857408204466,0.01367636705041255,0.01233343082509701,-0.007806546009887468,0.002150499526709635,0.09987275552696413,-0.006864124536926062,-0.013046004015764869,1,0.8591189646861573
96832,0.150194866698373,0.02419333120197954,-0.03255209876223021,0.04557927812625231,-0.20861814749530375,0.13767103108973658,0.012068366436458543,0.04988840284228864,-0.046053614331950876,0.03991811851554551,0.011286988447774838,-0.008466471939894867,0.013371790443903936,0.014268587033093132,-0.0014348439686521898,0.01337248125673319,0.10735136504680201,-0.03116185887331187,-0.016244653486273398,0,0.9636962959965584
96906,0.13868900487640823,0.0398891346912589,-0.0430354981153601,0.050119280297662064,-0.20875941796879688,0.138573236586067,0.005809817255906964,0.04838791510045919,-0.0447921297104652,0.025278570267390978,0.015957475854824748,0.0013133654204692344,0.017062591704685912,0.0018517122925570816,0.013887129710659285,0.019132116880783086,0.07665044919188059,-0.01166000478274369,-0.001580209562393448,0,0.9024290602707725
97069,0.1238436989405013,0.044930922206575435,-0.028262208413518876,0.043754402713670544,-0.19316406587274448,0.11945145759773772,0.012277455978989892,0.050537411356095484,-0.04837714179188738,0.030645246258784637,0.020189865126827307,-0.004736704694871981,0.024524729169458824,0.004953584804531485,-0.005590421405370071,0.008390275077463465,0.09052553214513068,-0.036039540589945976,-0.002997672981209245,0,0.8931923371253148
97082,0.1333166099635894,0.03881020604637462,-0.02874245337804322,0.0440486545631403,-0.19679548394435348,0.1429382445537496,0.005634333779740609,0.05600787577827288,-0.037399621336229476,0.010771226038987725,0.019101341275303017,-0.003778538021928933,0.015252767819077482,-0.00017240019768637564,-0.011257417328687413,0.011008959898760936,0.09842655369426126,-0.0074135488591586035,0.0008194478056816574,0,0.861695684283027
97120,0.14289682356855937,0.04724966846030655,-0.030431788802251936,0.036676797868951505,-0.19997278540613983,0.13865297712314562,0.016407003271993646,0.05317968226400643,-0.04586752388140963,0.02507050099130498,0.002262092217887534,-0.01017773914119753,0.0401226812063699,0.017734486345156054,-0.004976876867431122,0.0014371128401704353,0.08176543648663255,-0.02333424221570643,0.0010848588383263978,1,0.9193010777969475
97121,0.14749340898619825,0.02343325242808562,-0.028635962686370517,0.04417328159377056,-0.18640688161625169,0.13287984619171347,0.01522761303506639,0.04963280475313418,-0.04024054609381096,0.026900390948424405,0.0035601121324499363,-0.007346740774994118,0.015899160042602313,0.005723980752624587,-0.005722687253878928,-0.0040217328582448,0.08354081209635679,-0.02691951254120832,-0.012471789502650859,1,0.8602305162878368
97191,0.1462484709235551,0.046045622672956685,-0.028076409586687324,0.056531230841404774,-0.19773436774800437,0.13733603891331844,-0.009080846329095907,0.04756924730335096,-0.048299954880340154,0.04333249390482451,-0.0043043415361854005,-0.0065869869279434135,0.02058388431234863,-0.01877850511578353,-0.012946358579224033,0.01070608707624029,0.09502756062715467,-0.02082494877471974,0.006554065966111122,0,0.956567422019249
97213,0.13415752753078639,0.039712260377225715,-0.022227914671109177,0.04025992735461084,-0.21330508490022615,0.13448348025724882,-0.013806661401541485,0.04278442503051973,-0.045434366243748046,0.027356427726597788,0.005091996050347523,-0.0055503527950562315,0.027152077353291976,-0.010957440364221254,0.0006921573793322213,0.008339934487984844,0.06626948269772785,-0.010374544538918132,-0.010119897935978804,0,0.8580759590964729
97259,0.13309625081473203,0.05024932098643906,-0.03209651259483844,0.0454568521515415,-0.19184081989601606,0.13915242036895542,0.00947598020575764,0.042490873367212384,-0.051661059387657804,0.02282498268185234,0.027934529882379034,-0.010278101628529865,0.01795536891688416,-0.01204198560777935,-0.01585024457635284,0.014648649890930187,0.09823502723999392,-0.02683074026838123,-0.007629619123352784,0,0.9497493395895861
97267,0.14844290383371175,0.044137952224638545,-0.026893006477122075,0.04420974441119277,-0.19927691732966946,0.13780680642792031,0.0034438560035554783,0.04701244656271159,-0.05066123660391153,0.028292670907336236,0.004613116586416395,-0.013632273246810376,0.02174850754849382,0.0027924122693431617,-0.0061117166530475385,0.00690407578195251,0.09747077385697192,-0.03083873105178084,-0.002655269147041055,0,0.9169444169236274
97311,0.11356770987175875,0.05867156159520291,-0.03775042952519805,0.03482296052637731,-0.2077870996848165,0.1283192982975964,-0.003022865749551995,0.05501781174050115,-0.04464688408762288,0.03340907875052065,0.0073497718276471944,-0.00855956915204558,0.016278187007153853,0.01046020719857298,-0.005820205909189715,-0.011879303089301229,0.09635748541994561,-0.025202185608355302,-0.017716230536181914,0,0.9166388455775399
97391,0.14704547291547357,0.03287799859678189,-0.03680222420851317,0.03418452922249034,-0.19565749930293527,0.14736193610745252,-0.0026057287299014373,0.04395744282956202,-0.04437740903998669,0.029217943955819243,0.02629037919190522,-0.013351379122696454,0.017048466226791056,0.0008077250922482455,-0.007969531634386913,0.0035849637051893635,0.07646596280110513,-0.020214653214888453,-0.009039767842408716,0,0.8888610137405357
97395,0.14976250002428546,0.029540091717110382,-0.03349894519578516,0.0416885511610816,-0.19812756449645452,0.1208365624766493,0.012428697682107746,0.06018224734265258,-0.050698485813418126,0.03480392101705114,0.008658695419050174,-0.007345149271480372,0.010980031221199563,-0.0028193361045012358,-0.007617920047310397,-0.004560483665060255,0.08736236458600788,-0.021203640258497015,-0.013362288096757621,0,0.8954774755964605
97536,0.13947162044519618,0.04235896914308166,-0.019988500494720035,0.043244053244539137,-0.20528610428920172,0.1474407404751122,0.008703829524039154,0.05131823249183883,-0.039314865820093116,0.037846191844181705,0.007509292188042317,-0.005198203818010969,0.019399937296637346,0.0026192455303318323,-0.008832418185112014,0.006812418681510282,0.08038715299431115,-0.028310882156008025,-0.0003370274036676684,0,0.8943796860256353
97567,0.13944441891620646,0.02410683781312692,-0.012199494153286292,0.030326089088932418,-0.20155065296565775,0.13417627433839355,0.014916057972629458,0.04707242515707446,-0.053607633214885334,0.03479616097692396,0.02393966929972102,-0.017842583367624905,0.015594049952746648,-0.0061875478793293895,-0.010013547087036188,0.0003422913482333023,0.07428668142546041,-0.032426479834558694,0.0007021821654504308,0,0.8735310769572776
97604,0.1446778633887624,0.023148654230615857,-0.03218551423831186,0.05420110570058342,-0.20239447296305843,0.12848177132187602,0.009281256137704587,0.05846883391295058,-0.04276303202544871,0.049834840089120966,0.010119080483707608,-0.02136690857968034,0.02839984966897729,0.002544466397047419,-0.0008377359000416221,0.009313374658208674,0.08930487667927448,-0.020546174285221996,-0.0010914853511400917,1,0.9289612960117324
97660,0.14023406208943873,0.03938486988385685,-0.026112283684503794,0.03860044311384523,-0.2121738633623296,0.15070453047933888,-0.001852184920690317,0.04925141075997843,-0.05359098349526766,0.041550177454396674,0.012536475786134628,-0.017261724763271463,0.016584505250511087,0.010536958934069026,-0.0004804271876274596,-0.00024284481856965006,0.09390966892376149,-0.041017836511687604,0.005526255208863374,0,0.9515515066281419
97707,0.1453333161018942,0.0420584629338957,-0.026138606352333248,0.04360983131372186,-0.1964226163349708,0.12819044095595686,-0.010365290549782996,0.041274718767621434,-0.044849749343744735,0.029583467068556194,0.010411885420882632,-0.009340686204404942,0.017316352648477456,-0.017092135827135268,-0.006142737197601999,0.003345877433471811,0.08888725223917428,-0.008809291130117042,0.003921392800214186,0,0.8730941106239577
97973,0.14631461230166462,0.034817869389388995,-0.03793178650750999,0.04791651392635628,-0.2201681882316774,0.13211449342079518,0.013987450003660966,0.0481111225756274,-0.045845056357876134,0.02726877929771959,0.020848688210626735,-0.01069513406260621,0.01615074156389228,0.011601488140877091,-0.003084345439553628,0.0018358589134109557,0.08321591159789446,-0.02674461863201114,-0.0043302108761384414,1,0.9329828694492874
97988,0.13244534977399516,0.04812139712204689,-0.03220999412600201,0.04757556926024223,-0.20408805514943884,0.1269074753179356,0.01241882552152423,0.056549861530948896,-0.042747528815073405,0.04174923583328596,0.006215907098890241,-0.015061801447418022,0.008808140415947465,-0.002916849251226295,0.009339597112494144,0.007168114933906762,0.07899262320142994,-0.0231547893323542,-0.0032621311997385644,1,0.8997332464438988
97989,0.135983166938464,0.032263363549933276,-0.02941125167490269,0.025383497957356494,-0.19047069282347412,0.12368487401554049,-0.006626610959417078,0.05415804564501866,-0.04665934846069087,0.027649684696391865,0.015974136289252944,-0.01771105608317756,0.003016791030609778,0.0068224377133546095,-0.016686872638042766,0.001720030444286283,0.0986750532094494,-0.013327463184665793,-0.0032729505071273923,1,0.8494973278211561
98078,0.14049975209162463,0.02990810785330919,-0.03163483775081342,0.043938922148312146,-0.19919515805296784,0.126897885999301,0.018731530718818754,0.053876514435204165,-0.027688503584819026,0.02445245038721725,0.005662230653880848,-0.0199981318663983,0.021487962942128666,0.0057048552051986706,0.010688631622504248,0.0078004393450068705,0.08932605629282837,-0.03914443986077223,0.0064842376207306495,1,0.9031206484318363
98116,0.14670580815081757,0.047177454378789986,-0.03467060348099248,0.04068765200892064,-0.18879354259648265,0.1325112783042678,0.00020018094048554445,0.04483395414775966,-0.045779071596139115,0.0322341019534916,0.007313602386675979,-0.012720476616203869,0.005414588795332425,0.006223235369104002,-0.0019911968480536353,-0.008219573194819398,0.08342296799609818,-0.026018749661838213,0.0007526060379609878,0,0.8656706444642337
98132,0.14166366701491342,0.03448962075370772,-0.028141625735246086,0.03597382956346508,-0.19893101428156718,0.14736564897030727,0.0030447778221199913,0.04155071555139072,-0.051775610452668215,0.043961283748795404,0.011876025016454642,-0.017361763070645294,0.0199406026974454,-0.006679340470471763,-0.0008122137237077759,0.018778482329142896,0.08911481945129972,-0.015764752698692677,-0.003963158714505581,0,0.9111889520665468
98235,0.14142305330196636,0.0342517584989833,-0.025994556714195424,0.05300423987032967,-0.20807819517145734,0.1289177562705677,0.013302817487046275,0.055834927181537056,-0.04758560325558296,0.04234132644612524,0.008888647822733497,-0.0071949462894516205,0.0022492240155264766,0.008598049484430888,-0.019363728239628335,0.009207544251730745,0.095658746148032,-0.023590629322550478,-0.012407921586047355,0,0.9378936713579228
98392,0.1351335753704558,0.03724271836597522,-0.04011894239373034,0.04373183922142476,-0.20198853460441107,0.14056133118082367,0.020057964285751954,0.058316611676760235,-0.040301494619886594,0.030937791217125615,0.01953554883556207,-0.01865655054762007,0.01992409758086125,0.014507756760666147,-0.005890454960614692,0.006617913252156543,0.09312245542700695,-0.0174111405628834,0.009903829176168197,0,0.9539605500398846
98579,0.12570697448379406,0.04269776510149729,-0.030396414491904573,0.035977909131688836,-0.19771285424438487,0.13052630498575118,-0.006031750453516079,0.058504848223423604,-0.025537391484600214,0.026366803438482626,0.005517745850402618,-0.02373042101518949,0.017636569585587347,-0.009173729468475122,-0.0008656403170611279,0.00973144034763557,0.10087512861726108,-0.027678322104972453,0.007818407330581038,0,0.8824864206762092
98590,0.12687673227153076,0.04022539875886637,-0.03304117048172496,0.040302010619999495,-0.1845180588498696,0.13942512969825036,-0.004490546204921234,0.05781513434638955,-0.044634892916247774,0.04370031563716173,0.012982687473433183,-0.0010991998249263255,0.008608670598296016,-0.0035003824320372387,-0.008160271847908804,0.021665594096059497,0.0939833952597082,-0.02501732549499383,-0.001351963182321953,1,0.8913988799946468
98639,0.1489666098820845,0.03473968660249678,-0.03502654237477413,0.03245447506674297,-0.20453477937240944,0.13125668593837553,0.015788462764078418,0.06807272850300752,-0.04250556638122601,0.03237481840941563,0.003242161263625698,-0.0126478145566766,0.03529979190218922,0.0051697531588726755,-0.006242041924280888,-0.01008550457493643,0.0968674701458731,-0.03049711198288348,0.002844808355333805,1,0.9486168131592828
98682,0.13183077050326134,0.03035313003010404,-0.03781222935112634,0.04367012030673063,-0.20707085421414864,0.14742151077324625,0.011711696536832357,0.03434720611917172,-0.04575424483935951,0.01153996854741901,0.004560584714097512,-0.031620754576832,0.01574372361564056,0.008237788515855307,-0.007230501494416943,0.0018110267674692404,0.09371839055478999,-0.024629800021897418,0.007365072091939512,0,0.8964293735743383
98708,0.13486492121951243,0.01962947069354631,-0.022738949544021666,0.04530694998122023,-0.1985289902330229,0.12229472026734717,0.004597411624846382,0.04595956964469317,-0.03308377345058141,0.033779033533369564,0.0027299875717814613,-0.017826127508388776,0.0074503647229619075,-0.00025650354598737683,-0.011364395238126103,0.007365762568820964,0.0777823828281889,-0.02857624541398137,0.018374095245197248,0,0.8325096548355954
98736,0.13078333345722343,0.03633603704839705,-0.029429809145764534,0.05429427390261228,-0.21868672327302696,0.1300115873834305,0.0021484811593254845,0.03964909440702499,-0.05838978758099684,0.03425276805385555,0.0015964237712967992,-0.01726087674117997,0.021716195907438215,0.0032524905342168897,-0.0044117080903726775,-0.009481241485880771,0.08116767997269096,-0.01460967720410392,-0.0007851613125173422,0,0.8882633504313552
98746,0.13778411244815972,0.041764428405904885,-0.04042838318672592,0.030052754483399897,-0.18777810174509474,0.1203411924946211,-0.0010821261299302782,0.038729093475759264,-0.03995364067432373,0.031281183739846244,0.008874725393057604,-0.008268960145061744,0.011890582357519938,0.0170116489045819,-0.007933746999222448,0.006353739076860783,0.09330099054324242,-0.030108818220689504,-0.005502966472495903,0,0.8584411948964981
98796,0.145893948609321,0.038961455413352344,-0.033534295401708554,0.04317288108801145,-0.20207891275902992,0.13262323699859505,-0.0016503021526633398,0.05778543234246398,-0.03893151559184076,0.030715249425424168,0.015627042961434218,0.0011301922681344956,0.0305475370111951,-0.0016059022895144152,-0.012311160739572941,0.009623593646321546,0.09433224998426197,-0.018129845998600756,-0.00013853908459064392,0,0.9087932937660367
98886,0.15270083720488709,0.02714884057423993,-0.03412012047896894,0.03477283515103283,-0.19157035092987137,0.13974907090222147,0.00642778113287548,0.06485980626180879,-0.03309778970783026,0.02930063952161655,0.016670629424979343,-0.013560323325890793,0.01988067858603071,-0.012083785076413361,-0.015547640019905258,-0.004995175981528691,0.1018267438079299,-0.038050326730844845,-0.0210954021569721,0,0.9574587769758477
98896,0.14287343377852624,0.059139960645360305,-0.03090404999336522,0.03816044518920176,-0.20827572260861518,0.14622017349193137,-0.0005981949430099696,0.041993574788493894,-0.043336408851419816,0.027536598794232703,0.004023862351098203,-0.025466028984905558,0.02262757484678726,0.009771237472030491,0.0037329881586496486,-0.00010549443739803231,0.092276091363213,-0.010953961627855042,-0.007760005375467333,0,0.9157558077015611
99150,0.14049027430746217,0.04281767765799427,-0.01419662857305505,0.033762167993776564,-0.18325986665616767,0.1304977922703501,0.0015150364499966456,0.043040537980608855,-0.05042766548732178,0.027925828358223187,-0.0015407133017776677,0.0010380567125496732,0.004758575360704344,-0.00434278571600545,-0.018921748756805204,0.0042628892760733245,0.06284231492676423,-0.013363413652144598,-0.003380196581927013,1,0.7823841700197078
99223,0.14656029440603383,0.04506223754905539,-0.03131481021861807,0.04664307826750647,-0.20319037604866932,0.1361364973534539,0.011371867035880898,0.04878909419796351,-0.04348869364685675,0.040979223525320345,0.024819176812336065,0.0043808068692611024,0.018979729986423416,0.01720562518897385,-0.0014341544920638434,0.01555749351130435,0.09061779571652848,-0.03368712226113341,-0.008573503747043455,0,0.9687915808344264
99249,0.13222055744606115,0.011293008507243458,-0.031093077115731935,0.05708008303118033,-0.19716064238696962,0.13286720763474033,-0.0008606727234746486,0.051794099630264406,-0.05236285601977011,0.026988651722384183,0.011641435177474015,-0.02243289964589872,0.022715981908785595,-0.007454356105915342,0.010133421971680356,0.003107232369576137,0.08944092483214724,-0.015582697421331079,-0.001630516712995885,0,0.8778603223636245
99329,0.1538281828393702,0.03837116522201926,-0.03419970683820978,0.05748653592101133,-0.19176968261187116,0.14143013285159792,0.00197524236343221,0.06000719158204434,-0.04776720040358137,0.025967669257026368,0.01062342785852987,0.005008931144214007,-0.0032371816647671922,-0.003736242352616967,0.0032327970774869183,-0.008567765935542208,0.09151006825561306,-0.019499089647876878,-0.001618844842353412,0,0.8998370586691644
99438,0.1424268715669167,0.03295704717828271,-0.02862216768023124,0.02645351615334108,-0.1949218346743723,0.14294532220167108,0.030598477555407982,0.047418826125914276,-0.031469735327583064,0.03850715738197119,0.007529202713613981,-0.018538948918262955,0.019532876828594715,0.01488460420558056,-0.0093171561519486,-0.01015500493034961,0.09401033850637325,-0.03099625403169343,0.006314887226031117,0,0.9276002293581398
99458,0.14045510219568652,0.04691815086252476,-0.04120827807519836,0.04077051673213495,-0.19681290423370235,0.13716288424017017,0.009107590437810538,0.053812983112524616,-0.04866318126237152,0.044075288398477436,0.02073704600143568,0.0014643036552847886,0.010017025207791347,-0.00013184900155281546,-0.004262097616590566,-0.005878336720982377,0.08193894052544426,-0.017583355330824318,-0.007809579243567409,1,0.9088094128540748
99657,0.13375354778561055,0.036521728118267344,-0.028754065981978615,0.045677373847859366,-0.20405297790062166,0.13425514634770627,-0.014796256023058871,0.04776835434231172,-0.06321546015324205,0.04106027690629514,0.01316185856899163,-0.02379149993728182,0.017802246869669854,0.010583274905301539,-0.005364951781014751,0.0031765605867508937,0.09218153414786029,-0.014876077272585527,-0.014530795526006647,0,0.9453239870024145
99672,0.14355915840573397,0.03773718357321434,-0.022516534335277595,0.03975775300416313,-0.19834116538440202,0.1268736678673558,0.005314395141994649,0.0463918510959733,-0.054086427615705104,0.03422869537515854,0.011098864537795662,-0.013305101486959459,0.026725737961227864,0.023789836124917044,-0.005583108331626549,-7.187389704668294e-05,0.09062123389615792,-0.0314805225640092,-0.010430804182164181,1,0.921913914780883
99713,0.14567693077244404,0.023213015007762634,-0.02500148870869146,0.04796885325436728,-0.20960722702614443,0.1340376247530963,-0.002648079416083781,0.04459116900313957,-0.03403503669647583,0.03588760618136035,0.0006998116166949046,-0.014042400761576588,0.018987575757434247,0.004577354856586065,-0.013963161245868336,0.01609468538878128,0.08788798944857344,-0.029606020634558465,-0.005304509074054743,0,0.8938305396036937
99721,0.13144502490070414,0.03670643585936331,-0.030760982074826516,0.03658950461838179,-0.20011552789954742,0.15329773910446765,-0.0022006711100375394,0.05320288906921183,-0.04989926811059709,0.03781995975892823,0.020939432672193947,-0.020766892290809788,0.022111421629374878,0.0031925699931867274,-0.002448909100713594,0.008193786144399274,0.08881304393077351,-0.011956868919636533,-0.011988457330537848,1,0.9224493845176917
99769,0.14232321543344706,0.043415171529384414,-0.029280353919420535,0.03289286248847786,-0.20815712834701844,0.1427740740989049,0.0030745839487205454,0.03768062940170315,-0.05179469341243088,0.02936459538798408,0.013539936710290749,-0.004711471040695686,0.02654117313067346,0.0026428319929690295,-0.008602303685843679,0.005561597682832956,0.09331655319638839,-0.02101556186798893,0.009600805923483188,1,0.906289543198658
99826,0.12993507626865436,0.040454642193269476,-0.026397712099746975,0.03579347692513145,-0.1856839492497874,0.1364798479298509,0.0017703094189973256,0.04648780189239933,-0.03322488085720599,0.013731939863016946,0.003314571763936524,-0.023137382641212643,0.005325111109851762,0.01220105341655123,-0.017869250743938463,0.0036851273878471123,0.09031312255309148,-0.03348103610180453,-0.006791396580955685,0,0.8460776889972496
99877,0.14138660158887506,0.04693570832507354,-0.027185716199622578,0.043456380455091446,-0.2061695121801039,0.15162894397048765,-0.006434627001768292,0.05707795987193817,-0.051068083409053645,0.03452607804343768,0.0033019855952923123,0.0003571042655532073,0.018003011149081944,0.005028601482734245,0.002585181331199879,-0.0016064434852579254,0.1006597007762648,-0.022177710044854637,0.0008067361567511672,0,0.9203960853324421
99880,0.15193587762599337,0.044396291177196165,-0.028781737584899773,0.03966895343790022,-0.20439065331249787,0.12603357720538216,-0.0023341598852904513,0.045651582309412915,-0.042340350569779646,0.03360381093377569,0.009704174375511328,-0.026635090212259484,0.017826738741413682,0.01731986204388918,-0.0019705509734183483,0.02130020846724781,0.08743958149153783,-0.023205435581972345,-0.016782684566308145,0,0.9413213204956864
99988,0.1541022977740687,0.032628638311103145,-0.03862427188690562,0.025030928966034934,-0.20669891365750437,0.12609212811383624,0.005194234185808289,0.04916391841783279,-0.02808557490919822,0.03008155022470435,0.01259050446178005,-0.014407613524458102,0.018951236160752213,-0.0026862090960812273,-0.010185671316137217,-0.006854516439535062,0.08203766960039618,-0.030912956629555125,-0.006135830960983554,0,0.8804646646366754
100001,0.1441308930148221,0.03920770614442125,-0.03630479232807319,0.050252925902642055,-0.1967887975588668,0.1317879095088588,0.013098870508592386,0.065904178808729,-0.057849159740185195,0.03143595377907632,0.011194472021642225,-0.00472030220220548,0.007008746154161293,0.002603041867940935,-0.008609094124123563,0.009479712771994586,0.0949053998793153,-0.02753254176686175,-0.01910319044894364,0,0.9519176885314559
100114,0.1295035048204993,0.029957396311167585,-0.03731600370254361,0.05375362262941849,-0.19619443777508544,0.13535919926409695,0.014674769932164192,0.04392114705931002,-0.049540424039858706,0.03527203606410351,0.0024169267868655213,0.004898900246937994,0.01941952071326101,-0.0038125564960278685,-0.0026072543493068437,0.0025467230188927397,0.08354876018252554,-0.007614910280022961,-0.017148329122913218,0,0.8695064227950015
100136,0.1462961132165873,0.029065267891954922,-0.04336906037923684,0.037569546074961144,-0.1791338791416978,0.14161879348123743,0.003947329910116404,0.0515660810833711,-0.052419912589610484,0.04370677333708704,0.019511110617956087,-0.019995265208597495,0.036909475729464465,0.001783695051957953,-0.005212643552789653,0.009760908722870158,0.09734704716429912,-0.025574956501226424,0.00029827930811041834,0,0.9450861389631322
100176,0.13915548264406533,0.04510610208593693,-0.03495335206101136,0.04385203175793505,-0.20526469311166726,0.1356459102246577,-3.634317996824501e-05,0.0524428135907782,-0.037205053090285364,0.01626873590909902,0.0018411882060045506,-0.020654356775277632,-0.005642629938924212,-0.0008124838243585208,-0.005808642098914965,-0.0007726924002553605,0.0872581286327787,-0.028450270100241176,-0.014521974233022815,0,0.8756928838651824
100231,0.1446246439352228,0.03841325445887835,-0.042572462113579256,0.05155211633030026,-0.19507888461655692,0.14053238798190829,0.019786512879743496,0.05226520717966417,-0.040257525479961226,0.02189673365213575,0.008785558841070002,-0.00813528780984908,0.017249402119583555,0.009083595420373465,-0.007232382334514128,0.018024115856221525,0.09184148726240497,-0.018704260136105808,-0.001048946853304407,1,0.9270847652613775
100300,0.1412032389641347,0.04212461626298944,-0.022528504041367376,0.05054534413482597,-0.20170742452087842,0.14391235891748613,0.000275848208467585,0.051452908538869156,-0.05261836604892722,0.03884280489562438,0.013434061300180095,-0.00958624427857746,0.02118292052354351,0.004843538612579287,0.009780371153471974,0.01928288668958645,0.0687347450878081,-0.033630417198363814,-0.009406169221531096,1,0.9350927685992122
100389,0.14558632265587015,0.02702793254472679,-0.057557224632139234,0.039082794446986105,-0.18363847979287617,0.1450990049309576,0.013470548120685131,0.0408783056095182,-0.050945957625807864,0.03012040186798708,0.012777393816718885,-0.020061566267660754,0.021184734697009606,-0.0005217739817877271,-0.0030063924449538486,0.024333175344235985,0.07905695603484689,-0.0075226205557428465,-0.008986729178764587,0,0.9108583145492755
100464,0.11919885914123564,0.04422120284321829,-0.02942388448451549,0.04501230452599748,-0.20091965698478947,0.12122159591217624,0.01337584358514243,0.05562383573445052,-0.042735610089732645,0.034663486651020876,0.005638247627550412,-0.015329471992545604,0.008298635840939927,0.0017647945802655705,0.0007896434666539865,-0.01232866637778429,0.0763931748984996,-0.031963674431417774,-0.011094031203901997,0,0.8699966203718382
100546,0.14085340201026747,0.03095153210187947,-0.04092318050997068,0.03945925290890059,-0.2013601246673728,0.13158126489326888,0.010581316205939184,0.04259506248350552,-0.04808906206621431,0.032215808050896515,0.012020713715004416,-0.011315086766762482,-0.00033535272171558435,0.00026240292630366047,0.008495338946882503,0.00520811480710851,0.10214707587446616,-0.028190550950429265,-0.004551458680162004,1,0.89113610128705
100622,0.13988786267773562,0.02870026328877249,-0.01534423543917541,0.04785505881894969,-0.20685424155830037,0.1401653285071951,0.014880796368305525,0.04078636226786261,-0.057809056860973235,0.012950858730061925,0.01797177187425767,-0.012690320006201284,0.007952575732237352,0.0014640291635435241,-0.005301456588010752,0.0030896157188978575,0.09126317365684868,-0.021550507245988268,-0.007540379481699544,0,0.8740578939850169
100661,0.1492290250887255,0.04007684153622354,-0.0325651036651943,0.03884058183767903,-0.2222151435688269,0.1399354272146803,0.0024823090934839773,0.04131454047373911,-0.04465539033187954,0.061485019452614066,0.01643606808916215,-0.016119547893272686,0.014302064719535133,0.0025945721045458814,0.003028598140965135,0.009165053166296596,0.08612743594003255,-0.029344794433196132,-0.0121650780739844,0,0.9620825948240369
100863,0.1514116977729593,0.038255054724243016,-0.02800410940554029,0.04039791388649485,-0.20525679874207742,0.13928157798484667,-0.002919924789469581,0.05336611341934293,-0.045422914392360604,0.04157414301795369,0.0004360080226034975,-0.017570259917675822,0.0021558442338073967,0.011247459852354582,0.005313940852161478,-0.00048672715414218036,0.09060984514586637,-0.028226545489002816,0.008041492210622034,0,0.9099783710135245
101017,0.13240417814192548,0.02918118115156837,-0.04014592471664644,0.04427609477525797,-0.211189530037764,0.13316706652084165,-0.0007517939287746115,0.037569476761545754,-0.03603706132570549,0.016933169703409943,0.001699290913256272,0.009459716604564183,0.006907377219899576,0.0182242170241531,0.0021988033076084045,-0.0013888122118957506,0.07561876979743874,-0.01372446883101767,0.00016849166691795285,0,0.8110454246401914
101054,0.1382535097566783,0.02383333720848849,-0.0368906245196329,0.04276734341127406,-0.20701863911000049,0.1261658090225064,0.017336452731727382,0.04051763434107059,-0.021885759770089254,0.04968772083456339,-0.0006228374288738001,0.011320408150643049,0.027512008341783134,-0.00029648220766726125,-0.0017286805366354657,-0.003255321582324289,0.08537519890687163,-0.03973695372787917,-0.010396685707855851,0,0.8846014072965649
101082,0.11725374081594284,0.03712868066261864,-0.01707486271263076,0.03581110048235514,-0.2016870291231325,0.1458986721414988,-0.009439998027133708,0.03976560455973181,-0.06294035626737869,0.03590995027543139,0.006904728469120589,-0.008803364643228765,0.011415945526716058,0.013373482444867867,0.004342690343404383,0.007295798517784909,0.07793106617555996,-0.0041156888870491955,0.013762776851774534,1,0.8508555369273605
101094,0.14182998486420792,0.04508219636108662,-0.028364893532743726,0.03867657497686793,-0.19952234736675756,0.14296247298490067,0.0032532118150588687,0.03727278448215409,-0.035606506190026484,0.047739316217281356,0.01492262247647911,-0.01230090878405794,0.01710801935450031,-0.005812427575074537,0.009551056517880243,0.027927942301806643,0.07800759656191882,-0.0348298444702331,-0.00016659175753764227,0,0.9209372985905736
101110,0.12751846174131096,0.03774711532402269,-0.02681682452820783,0.03311767404076359,-0.2187961025219542,0.13374003951402183,0.012577966999596436,0.05787338891899919,-0.04716253469036914,0.01926896494643272,-0.0053929634992884315,-0.01216700216258634,0.019401462952195796,0.022905743582992317,-0.006377562821442707,0.0026512139408821013,0.09612203942479514,-0.027811873719875937,-0.014042013859259636,0,0.921490949188997
101121,0.15708566517054903,0.031832361970336405,-0.02643611672427833,0.03196241422202934,-0.20566581184670538,0.14434083183734156,0.014873642881265909,0.05779855614787296,-0.04278651338345002,0.03663878283878541,-0.005105352762606068,-0.017351980807912594,0.017239715721264325,0.014261053588150581,-0.006389600572018968,-0.0005467798283750289,0.09435281612851891,-0.024131344316367206,-0.002835827747807275,0,0.9316351684956353
101229,0.1482659254702085,0.03819816228473478,-0.038591537686643425,0.047800132410127434,-0.19386922727566824,0.14645776033622368,-0.0014570533221239447,0.04698749905299834,-0.05277111867917992,0.03527942123591803,0.01615648595302128,-0.012964156121507668,0.020194685196537738,-0.004352768199108125,-0.005503563978959872,0.02084222569252635,0.08283820555709778,-0.015749102618795488,0.0007683301764882477,0,0.9290473612478689
101237,0.14347800978507802,0.04137929978852433,-0.03531470157920925,0.03969043844823582,-0.20021297404971145,0.1449079628670559,0.0027513625931975716,0.03676930084390243,-0.04129158630047063,0.043236999054854404,0.020880405033819285,-0.00736021302797725,0.0151911660340539,1.443419050973782e-05,-0.002694444236765386,0.0019076305921320875,0.09542421599219444,-0.032920262941982414,-0.01592396978262511,1,0.9213493771422994
101272,0.1460635637280009,0.04460773034190076,-0.033421517875799715,0.04531378072073698,-0.19232082706678194,0.12522247779595144,0.007729690469086658,0.04483833233262603,-0.03165588526861401,0.04097676724707045,-0.0020359283433961416,-0.016642317835430374,0.029770386518080127,0.003578787498976533,0.001627858821634535,0.016825383697318792,0.09933383002215906,-0.027703149857484965,-0.008101713448690592,0,0.91776992888974
101349,0.13109561907100245,0.04482277119840972,-0.027819438442866523,0.04022547211819154,-0.21252126666461396,0.14462084046901452,0.030217486338778153,0.03772580932446027,-0.036111708778018344,0.03551106165025976,0.0053966995759692805,-0.013860620635735761,0.0011654875380998936,0.009422551409227568,-0.018625122610879084,0.0010533553098753085,0.08093250636638313,-0.018655915127290295,-0.007589250304080707,0,0.8973729829331563
101452,0.13882843450817636,0.04182973625760023,-0.02369522086067779,0.05217593210728145,-0.20956713518185432,0.14822520042066845,0.0030195564297874605,0.049372400526623575,-0.03784234625782471,0.03827610340945474,0.020024915865232865,-0.0011465104620197604,0.004043557697860745,0.0015863439815356863,0.015717685589744988,0.0017354304497915647,0.08957938980701209,-0.015349752429652724,-0.010334017087747768,0,0.9023496693305473
101474,0.1551964079485775,0.05158540886016234,-0.035589862912379706,0.031713415399204546,-0.19946150619203504,0.1345636833564219,0.02285049878640933,0.06698490497154566,-0.05129069696404008,0.02313348426815304,0.007671204728891588,-0.01895040003289247,0.005911004348407256,0.007820037489389,-0.005564213985643959,0.003488459221052496,0.09295830481929851,-0.018638011341108103,-0.0006027794314330286,0,0.9339742850570456
101494,0.13146374510112133,0.03339515887981301,-0.03233880954814204,0.04772340612110948,-0.22113326625875157,0.14756355267561364,0.008012666070297447,0.0665788336492713,-0.04410792455655586,0.04912789178246019,0.010184895141262244,0.0035667905306213175,0.02117919926968844,0.007335564009605766,-0.006796542085410194,0.0017112433185819827,0.08499681147746109,-0.02356373011652959,-0.019857320700915216,0,0.9606373512932117
101526,0.1385886394855683,0.036239359271840764,-0.03929237159180506,0.029337225674860808,-0.2176339014078457,0.1405690503164921,0.005701699713179454,0.045963958865076135,-0.05381790824779838,0.026029705129334658,0.021082027840567754,-0.010972442901833374,0.018982957876347607,0.012021777111742106,-0.0060192259267561376,-0.0009194775360718062,0.08247846590535775,-0.02132731336993889,-0.0010475173351788291,1,0.9080250255075956
101549,0.14924300231170234,0.03386327960887731,-0.026626533532372734,0.04479366505824031,-0.19416340037423022,0.13118638070587535,0.0017845439114085304,0.04300073021635686,-0.045960990089264644,0.037588048117736465,0.0043868432005560384,-0.008795557313820467,0.01594682511573293,0.004111167829047253,-0.008124915834374758,0.01016168879543355,0.10064154234196562,-0.021128151648381673,0.005609478179795889,0,0.887116744185173
101640,0.13870302067010598,0.029948497815534506,-0.02656510817111522,0.04422231103378763,-0.1948843295537505,0.12177662912431574,-0.0024919687162459586,0.046441760224744985,-0.05306349700511598,0.03362200339327691,0.010342174255746604,-0.010410446070171085,0.009469304397262599,0.004470509206161342,-0.006866222827652208,0.008558850241070143,0.09404154032254378,-0.033047086743200345,-0.0066046617492489645,1,0.8755299215210505
101738,0.12387179305977046,0.03710610510333411,-0.03787440609265042,0.03403919076886945,-0.1972091430267643,0.14457933011834986,0.001064882769550614,0.04241290721794043,-0.04946442627521462,0.0488231266289012,0.016555337097501063,-0.006841052559223918,0.015990873591234366,0.016726844274897304,-0.005300891122266253,0.007787223335826,0.06049085812679208,-0.01510845007849966,-0.0066838728550634744,1,0.8679307141026495
101786,0.13753382368251704,0.02806448384104109,-0.03381559324281325,0.03535048507267738,-0.18829411356750395,0.1364471802386273,0.001710215563167178,0.043403841546065546,-0.05171775102401157,0.028016434047419762,0.00877283320671938,-0.010055504905368098,0.01586387974655332,0.008217094283716777,-0.012510929566411538,0.006569301764525956,0.0922437352463052,-0.022428952939450516,-0.0008102042259613133,1,0.8618263577108561
101812,0.1325179474844812,0.027235677989234663,-0.027729647161121446,0.04554193240824495,-0.19735384257086613,0.14311872339379975,0.002421115488714419,0.056951915814591865,-0.04411610393946867,0.02946229045842508,0.005662536032878422,0.004040858006957218,0.01128843024540534,0.0043809451816678065,-0.005102959157598295,0.006507846498121657,0.09696162330585295,-0.029585196112659636,-0.01519330029099394,0,0.8851728915410835
101822,0.14475811848767797,0.03206708888935118,-0.03784406324086062,0.03146296095875177,-0.19656556335315084,0.136174357214253,0.01887060001962846,0.036887116317511556,-0.03437075032384262,0.029645673388646293,0.00934646581827268,-0.0038788918113752133,0.013523044172116517,-0.0016034110132536296,-0.004069978439238227,0.017115440014929713,0.0892866684290294,-0.02834455246397249,-0.009667691876705724,0,0.8754824362325679
101830,0.15362912128137746,0.03903445044901674,-0.03219180905768839,0.05509166180017279,-0.21100704112128932,0.14278281440869572,0.0033038545034001806,0.05340635028142813,-0.05204683420895724,0.041153057474027456,0.01591790402491156,-0.034757764793547606,0.00841470404773988,0.003717588187667816,-0.009047290096209139,0.004735102759026817,0.0939457024408996,-0.020529094500235566,-0.01898793938503424,0,0.9937000848213257
101840,0.13072161476356767,0.037925940824146825,-0.047780910560935065,0.03796750918685528,-0.20816411698502327,0.13208318369250707,0.003382661374597262,0.04730177927820575,-0.049240360249180035,0.037994368779366156,0.00804581282059145,-0.01386531534488191,0.024783352747543744,0.005677500161435154,-0.013616544403488445,0.010272428943771296,0.09058950071414089,-0.014047428462969719,-0.00426075211266333,0,0.9177210814058703
101878,0.14238546130539145,0.047130525209956656,-0.025773615759341256,0.040038508727944885,-0.2058376559984151,0.1304011117642954,0.002691861813996438,0.052632996935063535,-0.04934804775831586,0.033263654141096444,0.003571449426706989,-0.003771496093824311,2.2111014986245144e-05,-0.011233959630300692,0.006716743077715383,0.009155335661256342,0.09113926155453586,-0.029820909397323656,0.0022454037384496235,1,0.8871801090089161
101908,0.14771016227506342,0.028215830964664013,-0.0415165982251803,0.026161507565659818,-0.22091283005088108,0.15772491200457073,0.024713795918698128,0.04393288009013288,-0.03211410482452123,0.03148278917587317,0.009054685793577147,-0.013169581707792363,0.013059959818084645,-0.002551925519190646,-0.007661069486217561,0.012864717890164558,0.08027251535286178,-0.022023374127218092,-0.012523133842576474,1,0.927666374632928
101921,0.1414562018459567,0.019908360937727843,-0.03579631988401584,0.023780862329404833,-0.20011929194396197,0.15002522206550467,0.005171895926111974,0.04484604394209842,-0.04496886219712823,0.025951485374263533,-0.000934389346731922,-0.004138698672088694,0.023256048184044642,0.013865467810163448,-0.011495968436684939,0.0141973713210134,0.07877340707587333,-0.00870050745439734,-0.0023282866661258053,0,0.8497146914132975
101926,0.14434785250534368,0.034511650838227804,-0.028191970722566045,0.03584628301604033,-0.20040313520486275,0.12471540106461843,0.006567931798499443,0.05285081196646031,-0.05270520621091888,0.015671365049585745,0.015269396434014051,-0.017169464219140035,0.02044746568754471,-0.004000816872468064,-0.004511377217247143,-0.002593976181337357,0.08819076063422387,-0.02575137351303788,-0.00834225259622707,0,0.8820884917323636
102041,0.15398440005894026,0.03810447206363931,-0.038692731936391625,0.03062083039815258,-0.20433610399093624,0.1283557419578328,0.00800618257396318,0.025489044617056675,-0.04588163409315807,0.034921841552715764,0.019576348233333155,-0.012941538455870472,0.003799102099079669,0.007143117008450407,-0.01740933970945909,-0.010750367182326701,0.09257424989777885,-0.02830367590411097,0.0010158511688280831,1,0.9019065729020239
102045,0.13892129241040854,0.03531447886078345,-0.03318354171040128,0.04115287644948873,-0.21007022990250318,0.1275403284622815,-0.0005622776064970334,0.06010426741772241,-0.042796246975815515,0.036156139873197594,0.013184067540619522,0.004568257035491198,0.019270740711502914,0.013518685724670286,0.0024532655636727114,0.015448750680972116,0.08447546951091024,-0.021994224965323536,-0.0007547239273310301,0,0.9014698653295928
102169,0.14423851350945915,0.03196538141724647,-0.02451080063299655,0.056701106662788874,-0.2102111342578831,0.15162202065171107,0.011036836416613816,0.057448552124245884,-0.05445441678881959,0.026278870090765453,0.004393799767549071,-0.027483328480271692,0.01429128469173168,0.012327688381062789,-0.013298250065257441,-0.0017433806257955919,0.07904721625982357,-0.01824305459440378,-0.0016629004460538845,0,0.9409585358644794
102173,0.13759432021671536,0.046217923855680985,-0.03783106520219362,0.04321482221984069,-0.20358792372278245,0.13740670694464666,-0.005435392088470579,0.048522599979370626,-0.03771818119077906,0.05708053093117172,0.017867458017725144,-0.007194869039464631,0.021590450954986698,0.00039736303101109297,-0.009566774663588335,0.007149291031529301,0.09133010981179941,-0.016293342087458824,-0.004050568854193648,0,0.9300496938434089
102297,0.1370196733760471,0.031500453169907634,-0.031989380120416175,0.04600981983743619,-0.20553895554260088,0.13272798276045777,0.0005057306530161325,0.016604246603105045,-0.04617057887084507,0.04040698814235782,0.012938289373215093,0.0031761530100983607,0.012975713033536819,0.008014214221721295,-0.0028877107779895434,0.010333731612726953,0.08289452524271196,-0.018500858005184972,-0.004493354662454911,0,0.8446883590158297
102311,0.13848462221817753,0.03017003516088709,-0.025428617436338438,0.03512222763691663,-0.20184948059024174,0.1371749209625794,-0.0012079764473840395,0.05230317667339881,-0.04145623298146467,0.03709334811280169,0.014594758283994601,-0.02818545989719939,0.013987782261641945,0.013563498255490322,0.009296638036812995,0.004138726473385812,0.08207993662930581,-0.012658336672348811,0.0021566601103228094,0,0.8809524348406925
102318,0.1358386679501466,0.032870302214305515,-0.017803051802223146,0.047040291997165785,-0.20908034414972013,0.13777370620030877,0.0001021693171160858,0.054821346380840526,-0.04006930608011534,0.03340692696051703,0.011825020104924339,-0.013402819501048272,0.0166125644562942,0.004951202771924183,-0.010728743589183362,0.01003826078091685,0.09898963654212994,-0.027164088544145096,-0.0017079560443641728,0,0.9042264053873893
102340,0.134921849345676,0.020125398134172603,-0.035002078983260784,0.05171655214345097,-0.1949143697004057,0.13534876474847787,0.01673444444554001,0.041517199544691234,-0.05888643516206731,0.03858554518516611,0.009875620615769484,0.00047763717069175304,0.019877860782892623,0.0009268934924778875,-0.003082839531387937,0.00783986409389731,0.08876637238901368,-0.03687340060445159,0.00036054431115476864,0,0.8958336703846457
102348,0.14066340804951152,0.023358894174305228,-0.02387510782164828,0.030964121116118078,-0.2024680185841933,0.13875516204976937,0.007004840664620683,0.03972704650169801,-0.036368310787163974,0.032112745243857335,0.018990996610373796,-0.007756064691491811,0.010130948780790296,-0.003930640996818895,-0.009577081632624176,0.0031922064176539235,0.09760314554305413,-0.016959476325013857,-0.005967566831576647,0,0.8494057828222833
102466,0.15056034143702218,0.03845442056959597,-0.03313621263831506,0.04311806302841348,-0.20256947103086184,0.1453600064957715,0.001956842920578586,0.05460038559981882,-0.03963592673064313,0.028777225519066207,0.002474176375889699,-0.011402807146591152,0.019679208383342747,-0.0035860996847727703,-0.004691228567442244,0.0029213495198365078,0.08102930265890562,-0.017781858208419248,0.006874317392481261,0,0.888609243907768
102488,0.14025081367343664,0.026932317645446423,-0.02582861552713081,0.0403886693160559,-0.2032362574202631,0.12220666165578777,0.016687578959717665,0.03653265522998229,-0.04426908175649219,0.03024415299029239,-0.00884643647913518,-0.006018099964482843,0.023924727602435397,0.011895570423455895,-0.011386521294139746,0.014960033074060792,0.0825312600853499,-0.015630868720121344,0.0021507563334767664,0,0.8639210781512631
102521,0.13657957587893485,0.03623119737598303,-0.026059127595762892,0.035907498686212846,-0.20249346600439314,0.13175997290890032,0.007733596136903499,0.04956928811297918,-0.045998399420374585,0.02538538574832907,0.008020213004626313,-0.01885124361127053,0.02263018500135449,0.009299965435359148,0.002461883052168739,0.007739534899162565,0.09981188266075307,-0.03100327977075634,-0.01007947363092482,0,0.9076151689351494
102586,0.13890111467477992,0.028034655984368332,-0.04404420318513411,0.0311246318383394,-0.20569622637582044,0.12081242111821629,-0.0003892643083157124,0.05174648612781722,-0.04712329781097483,0.030558380428333427,0.015530991904532885,-0.003112098532397462,0.02760950564037738,-0.007897230125617227,-0.001652361772326785,-0.002156927344326172,0.08881403278743834,-0.02175308817330816,-0.011026895475312591,0,0.8779838136077367
102629,0.12958103376998564,0.020906151477632973,-0.029267064918556143,0.04152589603584969,-0.20320850298152512,0.12975250632250845,0.014835999543156883,0.04767502817282285,-0.04461735434931251,0.024967166035902325,0.014032021221289657,-0.018431903476670345,0.009611072473236637,0.004320870278158938,-0.006813868806293429,-0.0017888453239855709,0.08982019107227661,-0.02256763131890377,0.011015068732484814,0,0.8647381763105524
102656,0.14401451805598503,0.04291739538097465,-0.029971327334251143,0.04520762134076978,-0.20170724930706338,0.1390930544198408,0.0027666343796863475,0.03887645657770582,-0.039101595789413315,0.03487849781659758,0.014347246411163828,-0.010263292184301349,0.017608069307440313,-0.004819491463453427,-0.0026989559562487185,0.007067899408986666,0.08325801544711552,-0.0205425702537594,0.005263330518536445,0,0.8844032213532935
102670,0.13637628817699887,0.02536189905213382,-0.03465897105065267,0.024914579669825954,-0.20875565013091,0.12388049369572399,-0.000130962248137277,0.04379726028392703,-0.046614542966157024,0.03727956342732145,0.0058990718505765975,-0.0019175607586342553,0.006163558439291439,0.014720021742618106,-0.008817932864880796,0.020396373789613072,0.07632257762342494,-0.0031116234114961726,0.009445873655404178,0,0.8285648048377277
102689,0.1343004518483401,0.02504820477522663,-0.04706101350393751,0.04169908221210136,-0.22002048782455091,0.13881645733147144,-0.001310032756906382,0.04953880979585516,-0.0591645228103082,0.0206450623970122,-0.0009391303105936721,-0.00536302883380435,0.017405786877106016,0.011882725114645405,-0.0009122704695585373,0.012543636138224554,0.07835661065567774,-0.0292796778294838,-0.009976255353449296,1,0.9042632468382533
102777,0.12684692511444684,0.04029917815681145,-0.03944866396932374,0.05508382249133811,-0.18777336694522218,0.12706540963225227,0.003677141349850124,0.05405025236954846,-0.043359312750152014,0.026501532130377942,0.0054416468778615695,-0.009530381601028964,0.0006066258142596176,0.0022189886119858625,-0.010527502200331834,0.0035406338477660857,0.08583980611457563,-0.025710682414678658,-0.0009540629464707941,0,0.8484759353382821
102835,0.13885416652771343,0.03947406459777508,-0.02413664238699302,0.031328190365107665,-0.18377538669359453,0.13574020962899755,0.005257927649230705,0.047562323109988404,-0.03332681003752426,0.029929631047166057,0.00820476502033246,-0.021750741420829677,0.023542704734056064,0.013535472169293692,-0.008785981313577381,-0.0052125216202684975,0.11110563163107652,-0.03132234089142887,0.005841265216214129,0,0.898686776061168
102837,0.1364705056921146,0.033263574172032837,-0.026902716807822587,0.03396640358254868,-0.2053155692785987,0.14073195077860876,0.00561482014967157,0.048069739181482496,-0.03631177504721807,0.03002271266947619,0.025782206427856155,-0.009527403995508105,0.021028807151209354,0.009535525702059108,0.0039554695203358175,0.012830911704275723,0.08565148126626033,-0.020357517264789557,-0.00020334966271193616,0,0.8855424400545806
102858,0.14644243031321325,0.03922823440186365,-0.023418467278677874,0.0509675199901219,-0.20144074519597585,0.14047382980370368,0.0023291353270102305,0.051016699434109136,-0.032082655402650206,0.029832801693349245,0.01608788670859405,0.003031452216769387,0.0017780451321816586,0.014340531932370351,-0.001473504967475197,0.01898735712450176,0.07775512369996809,-0.035668442803819055,-0.0032318907047643878,0,0.889586754131119
102978,0.1353552461588337,0.02445001365836213,-0.03775361278682762,0.04069985678331703,-0.20570310995124158,0.13336675836718337,-0.009423658420888239,0.033782871761784364,-0.043451380645456124,0.04060326166439941,0.003084262224994363,-0.025936567546432674,0.011949410328002836,0.0030356592100552063,-0.008861454573162716,0.004016636307677907,0.0888189682219121,-0.023367239581609574,-0.0003602054248960059,0,0.874020173617037
103045,0.14421313660910734,0.030512343139526867,-0.03620976036419572,0.032560184282268166,-0.209744380705936,0.13083728142964823,-0.0019853809187187336,0.05464202112580465,-0.04533459167617261,0.03390791535255414,0.00992726565522585,-0.024886468979161094,0.007815241638629079,0.0007562717398792056,-0.025259658651911238,0.0028850726906252265,0.08063355896995639,-0.022830687908017334,0.01180029401861859,0,0.9067415158559565
103080,0.13469481995308144,0.029050208471251338,-0.03531087452796802,0.039893303551582694,-0.19129796965556653,0.14636469848226566,0.0047388197326917085,0.0525185691180802,-0.03412436659163732,0.03611827541363722,0.011072594550108996,-0.020869380831810593,0.011722512936356984,0.014342535598501183,-0.007985739794389381,0.007528590676673637,0.07416610738760798,-0.014478806970061535,-0.007080481226204008,1,0.8733586554694764
103109,0.13925816246816214,0.030625660892832453,-0.02116221652672083,0.03365503009214249,-0.19161006328227018,0.1289483789203621,0.006143102821177212,0.03144303489799352,-0.05210533459811331,0.03226917830272601,0.005369456728702076,-0.022727460669965543,-0.005116837189276206,-0.009741487085191236,0.0005302658038603931,-0.001669708143711592,0.08873535089489035,-0.022236861551768797,0.007298097817458555,0,0.830645688687325
103164,0.12657846719966917,0.03668082761077811,-0.03244132367382538,0.03929291329749847,-0.21060412504329223,0.1374060374810978,0.011891188631855416,0.020272944793449293,-0.03986328431182674,0.02426580261809795,0.02583326499032144,-0.019792296502584773,0.006324415542678295,0.008334265115269362,0.0044920283364222,0.010401247229473717,0.08152802040766827,-0.01398574407845242,-0.010845251717585309,0,0.8608334485818463
103261,0.1353819979625717,0.03282168589109954,-0.045054469411272696,0.03896002324497198,-0.20132210725867106,0.13374849988537185,0.020367087992000404,0.04795124104091701,-0.049988009422677435,0.028013382866441977,0.013375120070133533,-0.005306494277577527,0.014111690709268774,0.009841167747880823,-0.011345982478904096,0.009119940830804306,0.08358805481935552,-0.021690787822951994,-0.013110561810731069,1,0.9150983055436033
103364,0.13730600776741783,0.0517637586914874,-0.04022900365674929,0.016706106755016263,-0.20764571217544095,0.13907885404108644,0.00354995165486805,0.047966284815107965,-0.07016983076232947,0.022933647370691007,0.00894335716835721,-0.017008102351387822,0.01807447022561407,0.004168513684110981,-0.008188313788432607,0.008063896329055732,0.07978405592915581,-0.016754855824158265,0.0003443742852406205,1,0.8986790972757078
103377,0.1302275116211074,0.036245188226569705,-0.036988160821471,0.051144736846704876,-0.19652152578877877,0.13967219146676182,-0.0005014897399301406,0.052744900260017435,-0.026585429824619696,0.03386859245931982,0.0070106197240666105,-0.00789482018214362,0.00456287076029874,0.021839892579522416,-0.00594285928816154,0.008731251263040037,0.09097288597388731,-0.027463257677896032,-0.006855224978238969,0,0.8857734094825359
103415,0.1421091313010324,0.027371055651030395,-0.030637951712357458,0.0484099455798488,-0.20807117409979678,0.1459358494624872,0.030042480195351915,0.055458816658329003,-0.05123379607302171,0.050491542708639134,0.012777816081692353,-0.015337951991553701,0.026769631950081748,0.0011306771372521724,-0.01241525677225883,0.0020527716112673676,0.08302022676843082,-0.03519166844039515,-0.007878351201066239,0,0.9863360953958932
103547,0.13864212767881262,0.02610103282594037,-0.03975815737832489,0.025873510118774534,-0.20138729594754,0.13778524293661437,-0.008221774952698538,0.04701593009973966,-0.03288669701757263,0.040244609932798665,0.012778199805857907,-0.011274792654077704,-0.0014504684400146802,0.007019807553005957,-0.010597068700362955,0.003883742112517614,0.09514271913376371,-0.008195938905486215,0.01593820294931433,1,0.8641973191432174
103554,0.1403292037780752,0.04061620366780219,-0.017920561015336112,0.04385703165128121,-0.22152294146420914,0.13625058324137074,0.016095548037042356,0.04719844774816793,-0.03892825911175618,0.02375456979583508,0.012283237093939204,-0.00741579349031394,0.0012927970199672228,0.006755364626345991,0.005246275256722185,0.0244686351474967,0.08585818650292357,-0.023377419071577137,-0.0003000434348966298,0,0.8934711011550587
103659,0.13533130649151198,0.041166680716739214,-0.02992242696548918,0.03879693257997697,-0.21084747661200748,0.1343765618497283,-0.0008124880832070449,0.042465980614892,-0.05037830703445873,0.03148083229773572,0.006180544446441721,-0.02569175805904961,0.013752841415804778,0.009587047513128227,-0.011759208431323383,0.0069336536585937235,0.09085202089539829,-0.031980010935854813,-0.013331784536613406,1,0.9256478631379546
103670,0.15024167710780395,0.025189639091147378,-0.02311334030529917,0.03353183025590643,-0.20941065922786017,0.15246238320407887,0.005100699736732592,0.0612915887090911,-0.03735122688497877,0.04407163934502572,0.008151580146547297,-0.003479051409184171,0.016343988936589973,0.005131895142241132,-0.003974856143004308,-0.01435215673946202,0.09772258486603083,-0.010276179848994638,-0.0014636174397322063,0,0.9026605945397107
103883,0.1350009699299672,0.042437545840346244,-0.04100631012757609,0.038651682477409896,-0.2119266247197716,0.13522706626701422,0.016762766950896034,0.0483482802231938,-0.0488496160344239,0.034595233388827924,0.013242430553678682,-0.019669538070129465,0.031222837818366586,0.006587153209030078,0.0017924975911610297,-0.0042166587773252075,0.08744766854731287,-0.01728015901130627,-0.021954805871332694,0,0.9562198454090698
104054,0.14703108802029502,0.03183467061724587,-0.03118364873967999,0.036087707340181775,-0.2053167943965179,0.1399248735047561,-0.007826887507316225,0.04211486048765591,-0.03769610040295873,0.0385339916259195,0.021478264203196276,-0.028647957351843164,0.013840098903342549,0.01299781828607641,-0.008316676495498755,-0.005159294656140919,0.09059047588243412,-0.029987035481903637,-0.0009290579869810314,0,0.9294973018899438
104083,0.14153883606768686,0.03642289641035982,-0.02623475724882232,0.043903779573662316,-0.22091247654220397,0.14056997152362963,0.009268941775315414,0.04791423976188689,-0.04177621789252598,0.03906710195058461,0.00940033808451076,-0.016538751997089787,0.017474298453853437,-0.0018592694236211885,-0.0015390290918348341,0.004812031224533083,0.08768293895021714,-0.017280628870366826,-0.004632127281804996,0,0.9088286321245098
104129,0.13966488568715618,0.031128455939343335,-0.0371551781801083,0.04919647772570697,-0.1998920987026066,0.1375280049209014,0.0084759286240021,0.037456499887731386,-0.04658566220741112,0.0290975081740445,0.003070873828415894,-0.014378310722349309,0.010510228280798352,0.007209488660679812,-0.003130339711532645,0.0032016880087100594,0.09931627724567067,-0.024453689727589115,0.0018389949479076027,1,0.8832905911826654
104175,0.12959907506324433,0.017631238516033713,-0.029712122869067253,0.055913578740658526,-0.1993689602311301,0.1305746840377763,0.02243685886313352,0.04154429847432934,-0.03817646734607951,0.029621801169394613,0.014728184087978173,-0.03147853702272524,0.012600440848869313,0.012992771441533922,0.0004759246723878559,-0.00405055736560074,0.08440144460186297,-0.02065296512922221,-0.006897458517060593,0,0.8828573689980882
104180,0.12747438818791862,0.03006907742131614,-0.026694034275175665,0.03702358301255854,-0.20241986242354598,0.12790287955060337,-0.0009685962648329934,0.047450422863339226,-0.06216333314399931,0.024692215121949208,0.0010526245459879916,-0.003172350579022832,0.012252024967858339,0.006282271116449705,-0.0038011822755848216,-0.004444824107248393,0.07257611926169624,-0.009568814922177928,0.0022660682378380674,0,0.8022746722791033
104200,0.14339629082328564,0.026845343521562176,-0.027628592249226924,0.04561567841022321,-0.20458534954222957,0.1312495411596489,0.008882306223028361,0.054540496019406734,-0.04394208230433737,0.023393361546747173,0.008291222614499117,-0.021338495988153173,0.025026118493128392,0.008111537586854954,-0.009318218783852495,0.012131749432792155,0.07882487497673538,-0.018413891853746114,-0.014552925910141993,1,0.9060880774395998
104216,0.1560717595192094,0.03911563252176875,-0.015949081142914167,0.05333253129950101,-0.19653270748945642,0.1388011703552332,-0.0056985293201312695,0.04467071075905072,-0.04450175815943222,0.04188027049164709,0.007217955194044211,-0.014205707527884626,0.023345792528892836,0.019607873717261522,-0.015220566248118825,0.004715293811330757,0.06699079648766887,-0.02027911843183663,-0.0161964955153649,0,0.9243337505207474
104241,0.12240973983462972,0.037710157295083244,-0.03451928456581092,0.034084766734955876,-0.20618993913377176,0.1336955798771052,0.0027293033287481066,0.054979272219436257,-0.04811244588770952,0.02717972629532631,0.0008997023874609814,-0.014705651678143477,0.0012297945266983897,0.004730391801589054,0.002623388269931421,0.01656501968251069,0.09778098585189761,-0.029613853835856296,-0.0006174519427202755,1,0.8703764551493851
104257,0.13880401459113392,0.02831079671721327,-0.030908381241380633,0.04778723294892184,-0.20515486910132932,0.1358772939734302,-0.0007311495468965154,0.04208867315220472,-0.043250228502668686,0.015994438575459683,0.005262655776392667,-0.007907745193118076,0.016503241901988718,0.021416036010840012,-3.644380951548465e-05,0.0017724022567382172,0.07715745530928977,-0.018499232801075124,-0.013787175729637936,0,0.8512494671392348
104269,0.13793056709499102,0.036720754893981675,-0.03597935180193697,0.03564744453059307,-0.20641767062922764,0.1432142849807643,0.0018759691239842698,0.05018211411953187,-0.05422173412980966,0.027738913248763236,0.010971608456758875,-0.0037373659280608407,0.01105188240806467,0.01853475951126468,-0.004467761571920412,0.006428474982335816,0.1051372922289225,-0.02905339311004629,-0.006376838853799355,0,0.9256881816047572
104339,0.1279419564244043,0.038830647383951034,-0.03916803054068498,0.03737417693212158,-0.2038764799964623,0.13673431559029472,0.00840114589442954,0.02981578623778185,-0.037568889123473254,0.034349853774465755,0.006344308644934507,-0.01700017370878429,0.0018360189941101937,0.000583066361171383,-0.007022390260767527,0.013722235722731967,0.06991221983831468,-0.02089220536592575,-0.010946231963379724,0,0.8423201327581894
104531,0.1407177627744389,0.024534613858802234,-0.0350920867238112,0.038110111418791115,-0.20692593497648204,0.13814192455470845,-0.0021129682565833923,0.050976715123326126,-0.046752061714700574,0.02825447484342778,0.022217154759471912,-0.0009921011549954297,0.00737377810669197,0.01578733252526881,-0.005328215477871166,0.009240849985462105,0.09015979391656763,-0.022357069541090138,0.011235209285697578,0,0.8963101589981886
104569,0.14287039256884293,0.045414883420525604,-0.041624708622430735,0.04543782613188033,-0.19916832244672475,0.12734643500043535,0.013990968792108116,0.04630244590197371,-0.03975411066527038,0.027382759495558965,0.001399720508478543,-0.011791967376112307,0.0067144011375410645,-0.00027502909587639063,0.0021996730848462685,0.003263509773002838,0.09668827072189086,-0.02389898675699996,-0.005922170433887855,0,0.881446581934387
104627,0.12437809076257496,0.04191815415788241,-0.032949937071176535,0.04541770388806663,-0.20561231087439885,0.13194475738444775,0.003624340315891716,0.05313959681513516,-0.03733161593774445,0.03285317996073477,-0.0014558320742093166,-0.02056882041498782,0.012714585047548356,-0.004249677074251536,0.0056411968248649925,0.00942537191749785,0.08199138038688272,-0.022318020189079905,-0.004707071851665357,0,0.872241642949041
104714,0.13066772269496962,0.023009178345245945,-0.028704074555173844,0.039780818942154884,-0.20450245135611525,0.12450812095378076,-0.0048445151582242815,0.06084806946459803,-0.045989409092553994,0.04412100679951715,0.013090743495212049,-0.004452311165342237,0.018286263149788522,-0.0037663934017133993,-0.008423808362104355,0.007400263687970173,0.09787999916542825,-0.010978024424309464,-0.0008507796991088049,1,0.872103953913311
104788,0.14431514447643917,0.04394893947185035,-0.016406887528039142,0.032399395491530876,-0.20153571459532443,0.15016880548124292,0.005204421130842317,0.03097743851369397,-0.05437851978268922,0.030941439191178907,0.0011563776849718166,-0.011892730283858859,0.010607243937319339,0.01054495168352,-0.00027739981988797837,0.0036743622311194326,0.08950117297710067,-0.01985280092573374,0.00645436768124991,0,0.864238112887593
104799,0.12523342532666076,0.04269204651815378,-0.01788878686778542,0.03379521728488584,-0.2016017935534727,0.13252054802384677,0.005697648424696428,0.027482468782449043,-0.049767267911331396,0.02406020149608587,0.009841194318624746,0.0011237558136221546,0.008327748388954039,0.005215907484884979,-0.011463021978970488,0.005274528438037552,0.09162137707484413,-0.02016982137050268,-0.0004606340767353185,0,0.8142373931345441
104858,0.12922393169343943,0.040855317195907875,-0.03672479688531703,0.04150647104085831,-0.1946761531873201,0.14219196958799774,0.017768619256748903,0.0417893173085345,-0.0368470101608891,0.04823018758899348,0.014911532288257498,-0.005648398093512528,0.013515891698301067,0.008347108305917636,0.0025742142301938874,0.006942619096852864,0.0856782995929149,-0.02476799438097973,-0.00860440292789195,1,0.9008042345208285
104921,0.13369213338390165,0.05129238752953415,-0.020568240746238583,0.03867479606682412,-0.21232727337248905,0.1307240632083745,-0.0043764102261332665,0.017202138744093636,-0.02962542429341378,0.04841934235960677,0.009883535454839018,-0.018645495857445384,0.011205316589353772,0.009712039637538998,-0.007820174791097204,0.018460002278400885,0.07371057437764966,-0.019945623403973472,0.0013484352738206344,0,0.8576334075947285
105081,0.13325363891549602,0.034130934056626434,-0.03469624605817762,0.04659557969189103,-0.20835027532424674,0.14474843387125855,0.012376161963447726,0.04361056795456956,-0.043044141043998896,0.022978596119835108,0.012514445144371595,-0.0113225556321464,0.013380695705415604,0.01730900342613164,-0.00012324538001244983,0.006983809902498695,0.07062505488182423,-0.024880895693161455,0.00447845159333434,0,0.8854027323584441
105130,0.13468754119947196,0.029400705340711777,-0.017887255625170854,0.043152280796503246,-0.20594310957554882,0.13229787850330013,0.007129820683805147,0.04331364058889376,-0.04327783946356124,0.030627787002956947,0.004843083078940805,-0.008053203923220948,0.019120645526660703,0.002435200451228088,0.0037802234923067597,0.0060196888013513885,0.10512987109648138,-0.02121034743816274,0.006582806778412707,0,0.8648929293666894
105146,0.14045135012666413,0.027442336763130053,-0.02900906160509692,0.04910418958629487,-0.19410454884321846,0.13307866719462902,0.012702651948125022,0.040267259542201526,-0.03515205356484197,0.019571506219750713,0.006557987869443478,-0.02089011360833418,0.013716198838465145,-0.005219420538292418,0.005331730126061833,0.009738282476343549,0.06920312495995873,-0.023819869881400568,-0.010768369777354462,0,0.846128723469607
105186,0.13492219469871433,0.037722631090324775,-0.03157755370280128,0.045060394109466266,-0.19536254149359683,0.14252831222968246,-0.0027340472078357905,0.02960715935502535,-0.04346814279003491,0.02075417640677718,0.0273310144286398,-0.012204993402185593,0.01054065949246858,0.005333919920905555,-0.01086610643339393,0.0005113381681689852,0.08037665737066525,-0.02038576998151349,-0.0013948293253414502,0,0.8526824416075418
105305,0.12344891333285676,0.05314609864015514,-0.038715206193869825,0.03580853491008928,-0.19207140616491877,0.14787692084732326,0.00466045825243826,0.04464669226511198,-0.030808416811026272,0.04187125134708588,0.006867398338345301,-0.014928977582828028,0.025779727740404854,-0.012414996009782598,-0.01025188892764656,0.005300342511384187,0.10553435342839364,-0.01747979400825551,0.007407479378968,0,0.9190188566908841
105424,0.1323914145801694,0.04104163414730536,-0.029593974363099608,0.043261447784531275,-0.20414595992502751,0.13836326402125315,0.024078919008515276,0.050467834077029254,-0.05866292715290087,0.029926323791244994,0.021590002409070858,-0.006775704847675822,0.021517341739407822,0.007790011136975899,0.003839782753407468,0.01083704318677659,0.08337835090302428,-0.02884789725824673,0.0024480542404058253,0,0.938957887326068
105434,0.1269174083064641,0.03961669940247985,-0.03172795577879025,0.04287776330252996,-0.19612769048405315,0.13856035057949997,0.012215960871177026,0.03675156305378052,-0.05310420676585206,0.030094463341103182,0.014157018885205503,-0.03139726591733013,0.01319414578031714,0.010030602544244349,-0.0026475894132646145,0.0023596763864809724,0.09273074451948693,-0.03114668987915975,-0.005218755786280681,0,0.9108765509975002
105452,0.13081369049801989,0.03883986047445924,-0.031234537880904824,0.04401006080495075,-0.2038655244622818,0.13927869016404407,0.003863256308140338,0.04056791982233881,-0.047168819977877946,0.02932984072017837,0.010727150649533494,-0.023785087617031186,0.018137177809044145,0.014089803641472469,0.0024187944190523216,0.003473901834813039,0.09022803881688661,-0.031536440544962185,-0.00940491268712484,0,0.9127735091331163
105464,0.1254852626139149,0.028351403668201262,-0.032166961383959344,0.027964325221831853,-0.20686738545605074,0.1272823499375725,0.006807636871466912,0.03992269010558703,-0.033593341139443726,0.029961012513746662,0.013693690751421852,-0.03190290345143447,0.018198018275404435,0.00438512776097638,-0.0005394940426100736,-0.002281493702523621,0.07814273896652343,-0.016501673451622293,-0.005949772904128374,0,0.8299972822184198
105484,0.12378240251142948,0.028864718433756095,-0.029028865925159308,0.033263667368274866,-0.19529171528956793,0.1272212147113471,-0.0001244058622012304,0.03896139775712403,-0.05637152836271621,0.03757058938009792,0.012793428567832933,-0.014178294526594826,0.013545674489566544,-0.0019008817126880846,-0.0037258978937193274,0.022132927934359645,0.08072185211741795,-0.025091033269755345,-0.015095709195242635,1,0.8596662053088514
105586,0.13278578273449973,0.035281167536066804,-0.02919332908214895,0.05361486501455706,-0.18953025990762887,0.13970052972597014,-0.0015518122720625724,0.03281722401218204,-0.03091723955435538,0.038360030692269974,-0.002330827606483699,-0.013667903180948382,0.029238999688126995,0.0018475652530822839,-0.012540508983160949,0.0014534745870398592,0.09213720803745466,-0.03999718936956589,0.004893961141264254,1,0.8818598783788685
105591,0.1168614328971474,0.04204404344828119,-0.029733467359203253,0.0443473041596338,-0.21301976331696135,0.13974394073882362,0.01199321334044909,0.04747057937223031,-0.040536429844418506,0.022274391259997844,0.017379133628953665,-0.014219536943689102,0.012349584856338405,0.009271480041389446,-0.011564737399201244,-0.004135455482812183,0.09518762732579368,-0.025474659456478442,-0.0006406275711982889,0,0.8982474084430008
105603,0.1295044982910796,0.039599004298494396,-0.02064843293867115,0.05739585807532272,-0.18648552869804277,0.13743398177294802,-0.007712584329696705,0.05991642939242054,-0.04096044910032145,0.015498816101145145,0.008815902907181414,-0.010013519163863144,-0.006189414861593348,0.00010494191348340068,0.004883864503978748,-0.004452498495216172,0.09145423820769773,-0.035029711368231145,0.0025523595687072043,1,0.8586520339880948
105617,0.1213134041593165,0.03127030875501502,-0.02948572301180401,0.025800043378365976,-0.2091233419549519,0.13820374518786632,0.0060488427664427665,0.05237987778334131,-0.05582999037587244,0.02423598082441459,0.023709336699332346,-0.023555511354315557,0.010472016465681645,-0.009544735703218897,0.0018239675155142592,-0.007741846609101955,0.08746728834320691,-0.023716589337822367,0.008839705773401084,0,0.8905622559989859
105729,0.14799332696046125,0.03919607707016602,-0.025879642189618114,0.03581091297677686,-0.20311384259753282,0.14831209914443455,0.00781866231676276,0.05597614263640886,-0.049546710321209685,0.0259219333276558,0.008818602805373717,-0.010638683450503797,0.012838081111590554,-0.002553016231848276,0.004552496662690492,-0.0072239350707991165,0.07538442105405808,-0.04346662717363025,-0.005867087468701948,0,0.910912300570223
105831,0.13430619437874466,0.03761221045608489,-0.0166416205096433,0.03090979133876052,-0.19683831927818024,0.13756211531349918,-0.0001243799037324546,0.029237116155834995,-0.05511656623125853,0.02893090876066956,0.004177060651357132,-0.007960688135062382,0.018928232634236715,0.008616953322121194,0.004125437681173838,0.007534128097660307,0.07910066406977938,-0.019880928721305806,-0.0060223041120787335,0,0.8236256197511839
105849,0.14163503658158164,0.031948523433544526,-0.01894346961502316,0.03644739242863029,-0.20249283780300129,0.14897589191730093,0.02119123952773156,0.048068747787551463,-0.041052040742702044,0.028507054390143106,0.020373638060725077,-0.02412831558266984,0.015604937519721671,0.004673412836153831,0.013684577524379895,0.008419273137946213,0.09335577790922152,-0.024187150188547807,-0.005817573527923891,0,0.9295068905144998
105881,0.1237807735989295,0.03305892895729279,-0.03637883949102163,0.020439366480888534,-0.20208922195687581,0.12407039240270573,-0.0026732243942319952,0.040905045414325145,-0.04297149087108425,0.010997020913054694,0.02486727813814068,0.007595655957796191,0.01880272860361699,0.002225565938860214,-0.0012430143220036076,0.0021972558789348884,0.07559604247995058,-0.03061669540571049,0.00033428601125822915,0,0.800842827216682
105926,0.13186456479967412,0.03909186783779145,-0.03742511725049043,0.03408583249515771,-0.18104213972511035,0.14280413974312145,0.011434153905865259,0.04504075949293248,-0.055424360252705265,0.027966220607221353,0.0029865694466363183,-0.010989315942276014,0.01287210156923855,-0.005827249067027405,0.004723429049826231,0.008120772462701133,0.07951767451989504,-0.030785187826163508,-0.004530898594599741,0,0.8665323545884338
105939,0.11822980567184525,0.05643909710410127,-0.024645034979726282,0.043747439504583915,-0.18425959173351705,0.14084152104149836,0.003219807600376938,0.04223828628652798,-0.04079422464193085,0.015606172805413255,0.008429119746523283,-0.006677556949448294,0.015966706900408186,0.010031945346233487,-0.01573078290694911,0.00020717357905674773,0.10488479433874423,-0.013047711987545861,0.006155752819789702,0,0.8511525259442201
105968,0.13567668931118226,0.046479414410192745,-0.025666017343069274,0.03971528566300405,-0.1889338129083626,0.13550361391689228,-0.008875416665761977,0.03984067082662664,-0.040240845069243504,0.023892863911415284,0.01745013908746633,-0.022209017042199804,0.018052876450484805,0.000504564899996852,-0.008975211816846672,0.012332005526389255,0.08743896212750998,-0.010468347189715538,-0.02136432416639662,0,0.8836200783327565
106016,0.1393496450397858,0.036097801161400135,-0.018167934876602877,0.04283257207668136,-0.20960403420374793,0.1395027245774709,-0.0028704815771217773,0.04212424544043141,-0.060528331770310265,0.03468915649784307,0.011861015119743567,-0.027433537924022883,0.005759669015557796,-0.0018409105448845382,-0.001609509602789534,0.00945214807185731,0.08851814602333449,-0.014524703474395067,-0.01164203807901015,0,0.8984086050769908
106159,0.12695035639285396,0.032048569353313135,-0.02398618099263796,0.0358818573298584,-0.20492578028078284,0.12220997801162395,0.01196019022199808,0.032126919680176745,-0.037118733587136445,0.025543149809796665,0.011224562757373688,-0.013367603869165235,0.007507143405704487,0.006394819916431579,0.004088857384926352,0.002986564614441192,0.08920073197133857,-0.023751245083831765,-0.011326000928907447,0,0.8225992455922985
106161,0.11628099326130527,0.026777417918355993,-0.032245534864531064,0.049501539689277105,-0.20632367418678726,0.13358470229063826,-0.0031583195604990067,0.0361845968252562,-0.04015107948758153,0.03148722323093701,0.017990987719662923,-0.0020733067130118145,0.01859419595124735,-3.22394814771769e-05,0.010566000790335562,-0.002598351370842722,0.08934723302777102,-0.02932789209762593,0.007854415651676036,0,0.8540797041188193
106216,0.1338456569821562,0.04407013753712284,-0.03795410966432254,0.03996973730118931,-0.20676243969550456,0.11187044145931355,-0.005542149856307694,0.052023387197530364,-0.04160586381810424,0.01509441659774791,0.0004959739915556845,-0.00653373053273069,0.01384473983544771,-0.00370211901336251,-0.012279903518736342,0.010509135222971474,0.10232710330715426,-0.02592259790918213,-0.009853189760304745,0,0.8742068332007448
106231,0.12813829654707867,0.028547806139236218,-0.03879718836231662,0.03472101216371652,-0.20822013747253773,0.1353579659405417,0.0058933766627721745,0.05043063137501528,-0.048756466653050876,0.02646274216701005,0.024013744704017022,-0.016478897666612046,0.018536843861601933,0.0010798277587927996,0.007574419041409531,-0.004585890948026847,0.07679037559111512,-0.02855787219718314,0.002822495668571971,0,0.8857659909206063
106235,0.13603078544076636,0.04251211970232876,-0.02225874324019961,0.033217280115186314,-0.19531127736842863,0.13424509648878838,-0.006325243365649316,0.03859506725603638,-0.05236446640605046,0.034701008347612285,0.009017147159663409,-0.0018497447255289771,0.01764200834392633,-0.0004822789968081031,0.003145292879235046,0.01270492472771242,0.07679212169820117,-0.03101378706943873,-0.00862165626304462,0,0.8568300495946053
106240,0.13224851376729388,0.02479095279747463,-0.03009037750564794,0.054619219894853535,-0.18586187891908482,0.1348458606868093,0.026658906904744588,0.03884431404841418,-0.046834924439805775,0.031146381331768842,0.004012240608272808,-0.011854273363689015,0.012488079531247682,0.01839187522942917,0.0003638979327180678,0.03034567061919869,0.10293653997524428,-0.02092111787259434,-0.0020645529530948243,1,0.9093195783813863
106352,0.13492343103374793,0.03055173625293973,-0.026995558068909128,0.03956993068122605,-0.20588279733467552,0.13446382943090018,0.0023183830001037103,0.05019136032852845,-0.04904087331625877,0.01861580289590772,-0.0027493752987470346,-0.020365497635097856,0.019949926164648097,0.01326697319949797,0.0018022568904191578,0.011161098031936798,0.06855848465163537,-0.008005833315279601,0.00027274222239076257,0,0.8386858897528499
106393,0.14434278495680886,0.03359552097246954,-0.0405631282555736,0.049081855756698836,-0.21635516377664463,0.1298894311661366,0.011144671075792251,0.06274979682605716,-0.04382203686276061,0.03343375058292392,0.005194019520431545,-0.016368199238219472,0.012663065982209693,0.006877673054315493,-0.00040900518106647946,0.0034509009550417794,0.09580753095313632,-0.026939272338977416,-0.011499166516052836,0,0.944186973971317
106440,0.13273436369691477,0.04327916657626318,-0.03147091896442148,0.04370174420092313,-0.190833983296204,0.1402032671376121,0.013402515649490214,0.0413710201799462,-0.04697868562237726,0.025716371109824384,0.011917411585227265,0.001123882873528061,0.017164760732517388,0.0016081311526673873,-0.01716983053726406,0.007570121536963216,0.07973625173237789,-0.02022269738342918,0.005379458105757471,0,0.8715845820737086
106443,0.1292920481715858,0.0365014410503674,-0.030479901871287584,0.0394479889295755,-0.20053081699985098,0.13232467619966834,0.003163626002219257,0.04234813775510025,-0.04441612227908474,0.029414162858841013,0.002273581895974974,-0.01492346230165804,0.028775022618253848,0.00433200043959028,-0.01221830036353912,-0.0028692405702499925,0.08193236218045652,-0.02290595339185315,0.005283996805266265,0,0.863432842684423
106480,0.13537720651384905,0.02792207224165916,-0.03678690615257507,0.030085274731650208,-0.1971926321303471,0.13825942048622772,-0.0005092670091026599,0.049390891739341046,-0.03784220665096554,0.03258150642771467,0.01829005642774738,-0.006188155328519938,0.015634107844546653,-0.0011401528892085763,0.012427064732783457,0.020480352997795447,0.07869117453102176,-0.026642021067141048,0.001796000947237295,0,0.8672364708494338
106481,0.11862825642819912,0.031372263979199726,-0.03672599745684368,0.02616745030643944,-0.2128180433800836,0.13295769554541698,0.0034217319574388876,0.03845528027759303,-0.03687016132668187,0.03132775391066419,0.029005206138096856,0.009465042901823336,0.025729757691126294,0.006114657492344811,0.0023671697302042674,0.011685040377651524,0.08323544437707082,-0.02601867319709564,-0.00760250405551781,0,0.8699681305294918
106574,0.1275668389229141,0.04394101024737212,-0.02160593616677865,0.04529884897194146,-0.1954645270153032,0.13540284207978862,0.011362379910786808,0.04012835412217419,-0.035490455347901344,0.03738078718922321,0.013421381564158176,-0.02264492352972994,0.0162706073169593,0.0050261532219759006,-0.008897199402621993,-0.0017288562519668779,0.08445618371183568,-0.030428832863260338,-0.010245695288447394,0,0.8867618131251392
106575,0.14128963484457768,0.030502088686051292,-0.026388422034796813,0.04326988608806068,-0.19526486908461058,0.14982054783676627,0.009297742937020157,0.03916952611743446,-0.038344149502188604,0.021730062940990214,0.013336824350780508,-0.016145910772478626,0.017039099642055574,0.019371018267463208,-0.0007447766643256002,0.01931293127570213,0.09132221424184887,-0.03442030795188918,0.006130698717579496,0,0.9129007119566199
106589,0.12723230505663266,0.028531926617138968,-0.025484532043428158,0.03997931494689623,-0.19165062639690753,0.1286484278844898,0.013558587494657808,0.04560202073336671,-0.03959916317990928,0.02873536703602297,0.017813555476662597,-0.019839743378532764,0.01331422548581363,-0.0069727123323478045,0.000650447066220988,0.001466108507011685,0.0840046994484935,-0.0293710223903497,-0.001973774598537038,0,0.8444285600734198
106921,0.13363557827521488,0.05269479984930224,-0.02468286149635218,0.049370051472533205,-0.18611656173220278,0.13590610897007147,0.011105600486023909,0.04594713905963353,-0.049606119952239645,0.03342586518723121,0.03050414585912575,0.008518257995344483,-0.0039722066984524875,0.005909115993519308,0.007541296983838137,-0.0035605855735858514,0.08317580572134,-0.04189434383431256,0.01503931153168426,0,0.9226057566720078
106976,0.13955237510289242,0.0280288650770963,-0.026356352764834827,0.04444456694413243,-0.21106407934561883,0.15016434450567198,0.0005349513073893248,0.03866772186191208,-0.037184377711559614,0.03213092627937914,0.010912199919191333,-0.011881871165603238,0.012043241480855435,-0.009201705818398114,-6.0617295950779765e-05,-0.0015847160816405367,0.08689837051082497,-0.016237883174524962,-0.009506884634549405,0,0.8664560509820257
106997,0.10939182747377697,0.044260166799031664,-0.01779570178048616,0.03113761093852241,-0.19407920961538125,0.14139317244759003,0.000983297440582271,0.03433863374280425,-0.04469032875235414,0.03906453210567333,0.0160720086900719,-0.01950925122193097,0.024968200868247904,-0.001338762990305173,-0.0016170643470969886,-0.003212823145970604,0.0893600298797557,-0.013957785145347743,-0.012206707997270543,0,0.8393771153822001
107013,0.12815420373167666,0.03639145164453652,-0.02186706253260244,0.04492254889283032,-0.20832460910054498,0.12571025856085766,0.005680721269078744,0.0414826448083327,-0.050324973500708435,0.03337349645983221,0.005270591003948062,-0.022188206853566973,0.007211249837311418,0.004971866145936954,0.012575681723557714,0.002958027898256244,0.08272370322290391,-0.029262507096579956,-0.01707151055678722,0,0.8804653148398491
107030,0.14239622732267185,0.0322693838924722,-0.025354872756881582,0.03377069937971986,-0.21092277716369517,0.1426634493640418,0.00960363678587418,0.04873586646715795,-0.04108361988525558,0.03318500968545111,0.0024788430997705604,-0.009503552120679363,0.027467652463909302,0.01984164928851297,-0.008929314573963345,0.006235224322059945,0.08912390473660622,-0.025955981336941585,-0.0054275467809420394,0,0.9149492114266066
107034,0.13342899968787517,0.051414994292584525,-0.007182449554846066,0.03848880242542178,-0.20591195705831794,0.13290604159236158,-0.0035279224284308743,0.04498681051943846,-0.04702675298186584,0.02371522409915796,0.0166774965872939,-0.019681586018347585,0.017014304234984845,0.0036007557516057162,0.00299987916414689,0.0001450263393201232,0.08120966546278217,-0.017147369468955394,-0.0051358909056007755,0,0.8522019285733375
107059,0.13693041202402345,0.03751876328526823,-0.02246754599332183,0.03265246828229219,-0.19626124555827074,0.1342817916447776,0.0007066850237017191,0.044736019479715027,-0.0405937818242798,0.034325902832328635,-0.00590168095979341,-0.0016991224647735356,0.01633333722669715,-0.0003347830354682759,-0.005147326963882649,0.005601796230181048,0.08748396731620761,-0.014718954069533961,-0.012679289586464642,0,0.8303748738009815
107107,0.1354647172453036,0.040785120397032734,-0.032161042297609306,0.04459224813028148,-0.19610102168346802,0.13291294425352124,0.003856867576886832,0.03808622966094221,-0.03951724917726764,0.028553945438997055,0.002653913132803421,-0.010355426732332442,0.012983059881062659,0.003662550400033572,0.008826092016732427,0.019117246725810808,0.08106602309885971,-0.024483740118110428,0.00037830993537618434,0,0.8555577479024318
107149,0.13347235275305974,0.04147705964028357,-0.0312672987970348,0.0459141154183529,-0.19732174629978405,0.14186177006682693,0.0026134953383927647,0.02225844376477583,-0.054707549203680206,0.04090078924840119,0.02096699846316265,-0.02640966122908187,0.020255063141034264,0.018453453233769776,-0.010647649215624385,0.00791570362589122,0.09009668582416647,-0.038479271034716656,0.003929101045223218,0,0.9489482073432625
107184,0.14254040067678617,0.033469567525977885,-0.0216234165319197,0.04562413499279896,-0.19471695930632024,0.11962842915654952,-0.0012730227328832232,0.0271898024431073,-0.04297168822583081,0.028785171079950607,0.024600946983900182,-0.0035278357952143805,0.020759761357624782,-0.0011053184546583779,-0.010079466227976262,0.005388959069730684,0.10524497356873959,-0.028945344030338938,0.0006387181589789526,0,0.8581139163192866
107230,0.12245262953896642,0.014552183875526505,-0.023442118955171055,0.03917441945421786,-0.20847214787768456,0.13752131294839867,-0.003732385264397551,0.03256684207062455,-0.043477480792812224,0.05123203233794436,0.006407292625334248,-0.005338154669168657,0.02183776495521189,0.009264040714773597,-0.005447195188847383,-0.003967845666733628,0.0937341350216385,-0.026568303030075083,-0.007887964996104198,1,0.857076249983631
107255,0.13327067430698353,0.049117213688355456,-0.030454688929344977,0.046148000852610255,-0.18296809432157302,0.12944895702245746,0.010277008544714196,0.03928112623025853,-0.03996653602987553,0.025986554937254866,0.016438669461093486,-0.008111907867100676,0.015386428937432335,-0.0025012139671302712,-0.004301319680477348,0.0005104838498584846,0.099228951978114,-0.03912199374133088,-0.009282628644156875,0,0.8818024529901222
107292,0.1412777142724312,0.035777988161588815,-0.02559200920675864,0.027207427976331015,-0.19097328186701065,0.13159271142611975,0.002653128852191935,0.04533174127962832,-0.04381706735433104,0.017936840981135595,-0.007985944775456073,-0.008161929436988331,0.011411191854122933,-0.0010115877324064157,0.00012765312012190085,-0.005931122838369364,0.09833100309608808,-0.020088700811206336,0.0014125472493810292,0,0.8166215922916674
107307,0.12211099752169767,0.02165657633251982,-0.04829007099636477,0.047680266170624624,-0.2008211766199937,0.13586954466325157,0.00981520815743523,0.0491777721674532,-0.04763616555307926,0.03418978288550186,0.006207162976050991,-0.007251956225920399,0.02249729960740843,-0.01105653981441435,-0.0023097866266063257,-0.0018984804476723431,0.10957384976225962,-0.013703701668842124,-0.00324282538431634,0,0.8949891635814127
107419,0.15094432122491372,0.03281170684008718,-0.023907057872900886,0.030943408519001837,-0.21828163313340604,0.14003996628214882,0.004905653068290118,0.05593065374590516,-0.06760798281894846,0.017722491438796537,0.019993597646730973,-0.016297457669046618,0.022996122197900887,0.0036336099243285225,0.004524097351633898,0.003994796541544291,0.0843680944590809,-0.02275135974756534,0.01011880837081131,1,0.9317728188530415
107440,0.10785103094677499,0.04638654606934,-0.03748774481412393,0.047264993120903015,-0.19974059902234004,0.13648123955247238,-0.0023486298831571434,0.053063418994892524,-0.04690093916127793,0.01710445049837011,0.021417286472733343,-0.020995190957295684,0.0328753409208033,0.0034844196182474176,-0.014905083279067265,-0.004429947300087656,0.09296055192391572,-0.015976537196019516,-0.01280786226848123,0,0.9144818120003032
107571,0.1339204463243779,0.06088777401194622,-0.03601535626818615,0.0422149054173881,-0.20236709691559784,0.1320855772870239,-7.239667378520687e-05,0.035984180152855,-0.043009782925335596,0.023603259622751754,0.0037880490972185474,-0.016881766310955226,-0.011012973226687038,0.01245649711685059,-0.00327677053400377,-0.001876963861707694,0.08075600638854909,-0.026178588881303422,-0.02324699892516728,0,0.8896353899416903
107709,0.1344856568048249,0.034125653986588116,-0.025822018641063715,0.026839921024311184,-0.20979430561095835,0.13420979938015243,0.0009078997673832391,0.04012155446602495,-0.03880676402892749,0.03931230984166696,0.02017314524530124,-0.011780973679929045,0.012069175296052264,0.01059004347960806,-0.007710013575842009,-0.0004173532234485881,0.09321022294504527,-0.03258796768643935,-0.013522824121143395,0,0.8864876028047106
107760,0.13588554634892022,0.03255227415056507,-0.038578701937137944,0.03412588683079679,-0.19224350434198545,0.14178009922414314,0.02002886704536478,0.047987261407295,-0.0527604179601016,0.011108349702702641,0.011527239120197777,-0.000538090800459068,0.034666473515065285,-0.012957266564161051,-0.008584694756662297,0.00704521395131451,0.09893280483955433,-0.028801257823565206,0.005709992426536293,0,0.9158139427465285
107855,0.14091158162729678,0.042377339099915375,-0.041641874426078175,0.037449151182783254,-0.18013878355494783,0.13089488753799214,0.016969619593603588,0.01969136833869705,-0.059458002522181926,0.034080615791695607,0.0027492116594681764,-0.022524445804905348,0.0166764817773962,0.01762062218419548,-0.013080425195926273,0.011166936658821796,0.0751130958908712,-0.030012401627461178,0.005191372308485565,1,0.897748216782723
107870,0.1276563922615746,0.043284605644978956,-0.033625121681588474,0.047228612842140326,-0.19209024728851212,0.13754252886996152,0.00565745770671722,0.05843870265809323,-0.04784755756436195,0.021040108769304358,0.010095531968426247,-0.004002294593119017,0.022252852790645365,0.01227670469528387,-0.017318530016566136,0.015951818203356047,0.0926518321574701,-0.04149148020464299,-0.009603087371849256,1,0.9400554672885918
107954,0.13382873167283973,0.03926935194736578,-0.029319861383956765,0.034511419899144226,-0.20858693765094066,0.13468146723689012,0.0075500806221856015,0.035845254196611144,-0.06441099768741054,0.029773402424759197,0.005161083783497943,-0.029458659910144437,0.006861175101293584,0.0019027366880283898,-0.004256934211188476,-0.007683858142847039,0.09730397636852077,-0.032074716400257,-0.02017791494179059,0,0.922658560269672
108090,0.12560604110055984,0.029880629725805703,-0.038766965924524784,0.03801359410877804,-0.20898929505166378,0.12378778021488568,0.017010846342649003,0.04267555368190597,-0.05118011734209832,0.01606476007118808,-0.0007971043316108822,-0.00484907628202605,0.016421552738977004,-0.001479046505355811,-0.016578778906380015,-0.006299502938403115,0.09284798747862674,-0.018330619349990626,-0.006608830613014859,0,0.8561880827084443
108268,0.13095431730613669,0.05320864123596215,-0.0463470577377352,0.04730872347571551,-0.19542173601562537,0.13650724977356746,-0.00977936745320048,0.04758102282955808,-0.0443170236449819,0.014465304638137902,0.017427755309550902,-0.0011771504656311977,0.024893730130048287,0.015406337032946823,-0.006482533582732802,-0.0020862633866787724,0.09762437463677051,-0.028691792021372616,-0.007959002755273078,0,0.9276393834316258
108333,0.1377024030893818,0.028476927704177524,-0.03817901829558757,0.037530186042298276,-0.21500800827570105,0.13007904607414272,0.010616957530974877,0.04939254388807719,-0.03385610132463243,0.03664781587645499,0.009221816402632399,-0.0037440204093248716,0.02645558308803472,-0.0060180053580829885,0.006586957127065709,0.014609071301050172,0.09392505515491117,-0.02894875235954305,-0.010775788481949652,0,0.9177740577840232
108535,0.12789346579923697,0.016056448658075165,-0.01722853678704763,0.03976979189030304,-0.20250454041224458,0.12546121645525626,0.006741485543289555,0.05300042323204406,-0.06478338983556164,0.013159139526217901,-0.0033984928585483734,-0.013321805610579916,0.01875802883398975,0.014488130506217748,-0.0047259722314727665,0.005076272932325304,0.08762211751931127,-0.03220576614154357,0.0006448881136870749,0,0.8468399128869526
108721,0.13473188185632914,0.03636365802288527,-0.023557507114672572,0.049901269840786945,-0.20806676794295212,0.14308575910741364,0.018998370779290272,0.02542611016200099,-0.04759782765926959,0.019980293237458462,0.014090881441072982,-0.012912186643028314,0.023549860413762363,-0.0002637616537524005,0.013854593930462438,0.01255396682081817,0.09273617255982394,-0.01910849766307536,-0.00316696605128922,0,0.8999463329001443
108737,0.13487207239542945,0.03217415567705657,-0.0228807180543328,0.03794348733839476,-0.19819152301760926,0.1301682492222152,0.0222218957082866,0.03995592725019401,-0.045542520565061174,0.02952283449779066,-0.0030099420053702336,-0.014530443296502769,0.004935663980188617,-0.0019279005983519762,-0.016051952032314812,-0.004321768704217582,0.0895600742329491,-0.027178460968186612,0.008961426948282565,0,0.8639510164927348
108774,0.1375791893531905,0.03937573033466973,-0.037423700361134106,0.05524091154451921,-0.20649624703655875,0.1308641739607881,0.01801691488207725,0.04560758404264835,-0.06101049894381977,0.026003393019349928,0.0015718061264013232,-0.01649814355677817,0.005133623251157965,0.003198958409392497,-0.022966763505271222,-0.00528826899967903,0.09601906301982477,-0.02506696518743717,0.0007857001113665096,0,0.9341476356460643
108819,0.13140780177516598,0.02723427745771489,-0.03586662437390983,0.03100577178464966,-0.1946877363030846,0.12853709737448904,0.01029984613347672,0.04663628647976016,-0.04764418495276547,0.025626024894330156,0.014576374419992941,-0.018675553480707763,0.0035795894801852325,0.007246462892838421,0.002363757262577955,0.008998351122944429,0.08296618662507096,-0.019585456759107212,0.0024577402372995944,0,0.8393951238100711
108861,0.12805910987821545,0.03605100763639802,-0.03251634821965087,0.046203724909616446,-0.1927120111452156,0.12598251100963262,0.006884896457553281,0.05238311724822255,-0.03942611924724364,0.024021202274418313,0.012973075153931755,-0.009126163594512748,0.00118711483430696,-0.011085305173022206,0.006086378683387779,-0.0023887886420809663,0.087391359212544,-0.031689018602214264,0.00467218839159231,0,0.8508394403137598
108904,0.142751638072673,0.014262849461894662,-0.04504925399544958,0.05275304982753295,-0.19686224416243805,0.12299181677982488,0.01295549785636852,0.056550890810379895,-0.03455378867594869,0.02403956287956958,0.0022779452592757367,0.004421024657651074,0.0179438257290044,-0.0019049975542267063,0.0009204740446913591,0.012116352246485409,0.07703251294468519,-0.015565715079140837,-0.007953041855637288,0,0.8429064818928778
108913,0.13253704575991862,0.029220698252662016,-0.03409517120453736,0.04162593798245397,-0.2008497429995383,0.13475571952492466,0.002683059037503039,0.04798029045880024,-0.03519453503004856,0.029500864605746007,0.014089807736073382,-0.00463354286718778,0.01029538305835334,-0.003051412091034405,0.011128452736318977,0.006811255632402897,0.0933461763409356,-0.015549252617084536,-0.0046526345411724394,1,0.8520009824766961
108948,0.13050974373282298,0.03375327140522374,-0.013118833599947635,0.037088986884170234,-0.19611359628420716,0.12926658546888836,0.007694957120910248,0.05209536098538812,-0.042078238508923095,0.0391741941570895,0.014908868603827638,0.005106897747584189,0.02680475755365286,-0.003946955280064694,0.0043068760496009165,0.0027039837695190926,0.08830889615803084,-0.019173240221446376,-0.006271698634282551,0,0.8524259421655802
108969,0.15233157545892506,0.02705353707411331,-0.03603672604436996,0.0349148797643859,-0.18710736197020042,0.12130999906718105,0.002850761991941861,0.04260363859338869,-0.05982254895550231,0.028789813015699637,0.005359571536679418,-0.017021939962470693,0.010839076469450874,0.014363484604847186,0.002082705887941461,0.003757487831892698,0.09082561962597302,-0.023821478764468752,-0.012188663368338142,1,0.8730808699877705
109018,0.13150509410548394,0.03661858833912175,-0.027315109933292617,0.036443632656315283,-0.19481552327250112,0.14013796744053342,0.0014196886707996301,0.04751726941615236,-0.04074239266436171,0.020883589458970783,0.008828170436258906,-0.011487720266359018,0.010765342228435908,0.004987094479598593,-0.0035106130163692676,-0.010595284129785885,0.08537098139848462,-0.01821049936961063,-0.016498785020305523,0,0.8476533463027409
109049,0.13653333467714143,0.039201670513353964,-0.045084796839188646,0.03678425909157575,-0.1944692028230778,0.12923980992749762,0.009753045182595729,0.044067982838267336,-0.04148960651527078,0.032401772147245246,-0.007610503956844728,-0.0029347389567556267,0.021079621109042795,0.00155838024592172,-0.011060475284768286,0.004259397875959397,0.09058211839581715,-0.021481006292238952,-0.0015646036358815244,0,0.8711563263084445
109068,0.13525478253672596,0.029580319687402115,-0.03438996850456987,0.04899264776839177,-0.19571132279297238,0.13394408541163574,-0.0017926565716631993,0.04482591538987775,-0.043819721040678467,0.01429282651196326,0.0098565678013854,-0.013916822103106324,0.020789209460161315,0.010972952842194456,-0.0024755952305085364,-0.0025891605735986587,0.08516436297567753,-0.017772588742877894,-0.0072750450941898226,0,0.8534165510395805
109072,0.13371302750072028,0.03841971416406107,-0.0290951183793073,0.026689695197868357,-0.20021880524896363,0.14963340783861356,0.007847623346654167,0.05837526313634041,-0.030442246765966463,0.026105623344065004,0.008517578594098338,-0.027010742990815687,0.028157947999689886,0.016226785594496623,-0.001179246554791372,-0.000746034006321424,0.07604180242746766,-0.020167907636592142,-0.015430879972738664,0,0.894019450699572
109090,0.13091886947871204,0.034930646690388686,-0.030537988423521276,0.044751343212699184,-0.19217555629353006,0.13372772320427437,0.009014655682506052,0.04828209847553759,-0.03946231392188225,0.018959718309584428,0.007744597215801352,-0.022587497796449613,0.008623032598395095,0.017473096071261754,0.001883887800107799,-0.006238633570029511,0.0925959752821522,-0.015948843149431527,-0.009919498847639872,0,0.8657759760239047
109170,0.12454643844382741,0.0346479248956254,-0.028419501944072206,0.040092090887483625,-0.18856373078259173,0.13841364289329366,-0.0005767212898101818,0.056198393626950456,-0.048595584706860075,0.02460577384487897,-0.0008930660614077566,-0.0065337641494201,0.015987941997110938,-0.000704645956856858,-0.0029176258005328528,0.00627933975034392,0.0797420104158391,-0.03289168272923543,-0.004679641270603571,0,0.8352895214467443
109199,0.12541381909325378,0.041192243528271964,-0.040774697693090355,0.03960301231886092,-0.20687971081941078,0.1277009150925537,0.0045766216208121754,0.040620065651860354,-0.062367694392593015,0.0058126052973984516,0.016939263161057212,-0.0077704690610409105,0.02245555055438614,0.01827434465889029,0.012466886924697015,-0.002524515196025284,0.08258246146330149,-0.03235393319467713,-0.006686482444074198,0,0.8969952921662552
109212,0.130766660578506,0.03230270800883327,-0.021839725596845803,0.035760833602315974,-0.19267250424578442,0.1260316458032308,0.0005009939855850356,0.045045870873310655,-0.05786112467452929,0.007114111890177794,-0.0035146622601655193,0.006997346157607855,0.014138237812468459,0.021149319062270012,0.0040915783300848226,0.003297347328072195,0.09666380187472327,-0.042274128059180814,-0.008342002581250601,0,0.8503646027249426
109248,0.132192729601841,0.029876955142802017,-0.019912924698214117,0.039068403448260326,-0.19359081566994354,0.12745516657822561,0.005991432728648549,0.04785135699854599,-0.05465836652711077,0.04440775969700603,0.0016641095442145274,-0.014064579206943588,0.025670170606022093,0.010065353770791199,0.008874840874176658,0.0037394733573094035,0.0852944129862093,-0.01886672694511513,-0.003914254139027888,1,0.8671598325204077
109261,0.12925483472668442,0.042529703084489764,-0.027943185470927785,0.04546727612751565,-0.18715531794650803,0.13919985143983915,0.0035100154766463556,0.037667828013929816,-0.03728814423694628,0.033176147356028474,0.001645896467338437,-0.010472819596978277,0.029581914522943238,0.016173076397683485,-0.017000465265828994,0.009057957825577664,0.0810796486353752,-0.028019389579948244,-0.004696656166229486,1,0.8809201283374187
109352,0.13397223736959643,0.03861270820292531,-0.038856216786366284,0.03987774582857936,-0.19663265646022418,0.1328738363220784,0.01565941015916178,0.04171060935992731,-0.04866459513776006,0.03358581173602976,0.011241031556806405,-0.015652712025348375,0.009762521164933395,0.02126407238165317,0.004641841404183099,0.015289109977396957,0.09251776378929778,-0.028986053438472038,-0.022388985939941534,1,0.9421899190406816
109468,0.13467820639157055,0.03854155791031122,-0.0434289750327613,0.030848921474598737,-0.1887839222235841,0.14289536593716673,0.018886747776357037,0.03917175994435578,-0.050872704415130934,0.02303475091913049,0.0015760351696620758,-0.0069780605453589346,0.028016580795261724,0.013226023435893958,-0.0016276549056232648,0.013157504795277072,0.09368249145018369,-0.02467289401710535,-0.00875545123568479,0,0.9028356083750178
109478,0.13137195974743354,0.0468373091754222,-0.03966882884713989,0.03783761179972319,-0.18516293966042463,0.13819825865468252,0.0188474155215083,0.0464192430466855,-0.04575660994705087,0.018351064070471202,0.010041242093294394,0.0020758316509150313,-0.0018345881777115012,0.014848638937639625,-0.015234573796062153,-0.01246635036091481,0.10133070019898435,-0.0368230142884137,-0.013681105129812082,0,0.9167872851042895
109479,0.14891378368709576,0.03505903268428022,-0.03695054269591807,0.02770086799549211,-0.19624053316427523,0.12700147022214703,0.003998147757157438,0.03952363640292233,-0.042100045262513305,0.022439995868590842,-0.01837703752965653,-0.006471511997252155,0.016463796651801244,0.006837111624804138,-0.005663811127191019,0.006836871028350594,0.09015432324316003,-0.01991252624582554,-0.015011639212165355,0,0.865656684400599
109622,0.1256984777740387,0.04805497497665577,-0.029918372294125882,0.04617253020792159,-0.1889433228774183,0.1352802581624647,0.015602946900657048,0.04183246948269799,-0.051508382831459726,0.029631760780894318,0.0114244582550051,-0.021995888437548163,0.02313061522192031,0.01013468503207562,-0.013592029797343433,0.003910030295290483,0.09557408100211118,-0.04009176981440523,-0.008422322345453004,1,0.9409193764894865
109647,0.12179453986353123,0.04084949481914144,-0.021607453409020393,0.049468596565896035,-0.18888403083595426,0.1352216055377074,0.01520419678356039,0.038749058955554264,-0.050630047335210364,0.028954742184946432,0.0035538776493990055,-0.005417934015077988,0.035020543928191365,-0.006439178356158054,-0.002069882093466115,0.004097436140708324,0.0890390309883926,-0.041112382017620505,0.006960761355017595,0,0.8850747928345537
109655,0.11997411666651221,0.03282674882644864,-0.03375042122745467,0.04610512154876017,-0.18831498680065326,0.14514407394780252,0.00554843788359833,0.04593270090562733,-0.04145901197502733,0.027886295439851893,0.02042251595238778,-0.014851095246978214,0.0028636430179921307,-0.0014246861369571135,-0.00208426781175037,-0.006713787060503101,0.10220850482014565,-0.019010440931095073,-0.0006527606358589931,0,0.8571736168354047
109760,0.12522206486191878,0.034878686472049905,-0.028320905196975388,0.049102771159218024,-0.20226992313036524,0.13599140700173634,0.011412894700859096,0.04009801606814624,-0.04324701626956738,0.02693739880633709,-0.002556957530806991,-0.018787543294996448,0.012330186370220217,-0.013247690875611194,-0.002089993619143571,0.007514092935685744,0.09306715131538489,-0.018764540091679424,0.00022482357241539907,0,0.8660640632731174
109795,0.13204183628190644,0.04308137934599063,-0.04675723831112312,0.035236872944291876,-0.1930525683919287,0.14790315016862643,0.012492779692748954,0.04495265516536989,-0.04177785928296571,0.029872638222917053,0.00899115495051439,-0.011660388937114952,0.011897153074778987,0.0069227725527801764,0.002199049194072522,0.0032151903930238384,0.09342714470998194,-0.020898156766367096,-0.011515503064543964,0,0.8978954914510466
109880,0.1401668720840802,0.026830206513119854,-0.030614739452538595,0.056044461217885165,-0.18561765214273157,0.1258283930582259,0.0065199307725142585,0.04809833732462396,-0.05044174456091002,0.031276484710541924,0.008052717409925235,-0.011204809435823568,0.013469200886617157,0.0012723183109594645,-0.003051005179502592,0.0054143364462064855,0.09616486448501606,-0.01623308004707961,-0.009424101864301936,1,0.8657252559026036
109989,0.1396907414285637,0.034575215394712644,-0.03548224729321117,0.055403468549893434,-0.1885617491528751,0.1411674185898485,0.008933648708588603,0.055300484557746686,-0.05585274600613572,0.040195696918324655,0.013430801359242316,-0.005330314362869688,0.01353384248723422,-0.003113192729528353,0.004643398130590663,0.002849723797160077,0.09528827147457088,-0.0027862421062760157,-0.007121095146803166,1,0.9032602981941755
110270,0.08304390237637428,0.023994990643912764,-0.02111705776123532,0.025839278667923463,-0.11847567734364528,0.07237838187129801,0.006633880677403684,0.01708166535966986,-0.02489563316896176,0.019063523470620323,0.012331681551244384,-0.02031860055423537,0.024884904263427612,0.0019725649437748257,0.0038971442770280714,0.014230668335354947,0.055990473625195644,-0.0009031279417260501,-0.012964881991046655,1,0.5600180388240783
110322,0.1373465990379329,0.050761796485369486,-0.030820498413115648,0.033458800634647935,-0.19779691641707103,0.1143747337717634,0.0033913241488804286,0.04435837473225897,-0.04263303380912736,0.03658520436655658,0.008686568641676246,-0.012895596762204307,0.027550248877803562,0.0074961888867853405,-0.009240385847052345,0.005089439918480123,0.0965001245195543,-0.03051553941517609,-0.0030153461688784155,1,0.8925167208543344
110348,0.1380875333388305,0.0471721804015139,-0.024147718132356867,0.0370724509885167,-0.19432140832439412,0.1239201467845643,0.0009257188371117849,0.04918357320896507,-0.04941958491965587,0.042525114217484984,0.01024530639953026,-0.018092855828526568,0.03131981756410826,0.013551565431698645,-0.0036526614086560844,0.0051064699287381495,0.0925303063248318,-0.024523594423684437,0.0015788961173631463,0,0.9073769025805314
110428,0.12359315847440504,0.04277975037981804,-0.02839702451245983,0.044351295319915614,-0.21354683872272318,0.12307453998007527,0.00225517743133905,0.031007564198271918,-0.04982966776933813,0.020217350197735698,-0.002208364329223982,-0.016707943018178923,0.008386856953213253,-0.004604425151852381,0.003527032469933705,-0.008276383847566167,0.09579746782087238,-0.025112950220024004,-0.006556702428845662,0,0.8502304932257922
110509,0.1349807044251361,0.027602152233600925,-0.028945038095269354,0.024134391747803973,-0.1897303388362178,0.13587842606110886,0.006531823061695037,0.03568387333707033,-0.048338571460948526,0.03751756030500015,0.010244894525615654,-0.0034758420273524595,0.009417533819946453,0.0038796022096492244,-0.015304755072908951,-0.0033940195425486296,0.10168419905045578,-0.02140727752619998,-0.012073620342406846,0,0.850224623680935
110516,0.13238463045504942,0.03269613739391323,-0.04770315444008255,0.03946880052343566,-0.20052547114082214,0.12462659215021132,0.012437401604764078,0.044135918924466916,-0.04713483501548439,0.015562209117935365,0.008554293371833563,-0.010378969470079763,0.014119177209201958,-0.0001029787297547647,-0.00626751274361193,0.005156546294521774,0.08842834328060215,-0.04250964399071532,0.016218334006244967,0,0.8884109498627313
110551,0.142899232613699,0.03545492843097489,-0.03739902081817059,0.04643323915406996,-0.2092355474491701,0.1385238143825212,0.006391672508231877,0.04175917278488392,-0.05216277584752625,0.032490772614834434,0.0007597351011399543,-0.007346845145528432,0.012718992548474875,0.012413948802257229,-0.0016492742474335908,0.00888530716520334,0.09639668514665634,-0.01683374329632412,-0.010377083126030019,1,0.9101317911831301
110709,0.133937451012906,0.03811881446598294,-0.01985779103218102,0.04445040632049593,-0.18134401025512553,0.1423316677804762,0.011338302245242083,0.029573854617368955,-0.03470995315696783,0.03100968880513871,0.011639907845566238,-0.019656478718250922,0.002026839819231364,0.00794838361169789,0.0015198482869114808,0.008653458331626228,0.09686556875346893,-0.020582004925775305,-0.006947403206664136,1,0.8425118331910777
110777,0.12184017184391487,0.04150226028713058,-0.024851517179329725,0.025606599029492874,-0.2066789284010519,0.14553358521024942,0.018019836600077933,0.0480235362521442,-0.050455438384206484,0.022206448316822388,0.010011209934220727,-0.011162348928859726,0.010355393547086807,0.007099010424443318,-0.010318887172999183,-0.0063665929411384275,0.08323416355707285,-0.0321734455864689,0.0015042888344682312,0,0.8769436624311785
110848,0.1267780683036158,0.031463366894453275,-0.027102755670029535,0.05469655742501345,-0.182549623221664,0.13509825920828003,0.012814552840577469,0.04578410380623964,-0.04927976147409557,0.03298252094551227,0.010455021242582171,-0.009370242101698335,0.014986087951070854,-0.0047003449811738466,0.01882148733205422,0.017093457724988104,0.09582723688490179,-0.03513887588309115,0.0057662449254937695,0,0.9107085688165353
110861,0.13203583101001856,0.0405254816634109,-0.047211337386958055,0.04223498943783384,-0.20690887282743434,0.14033392349998108,7.875523771179833e-05,0.038106584294177605,-0.03836963883650141,0.020511204963609152,0.01252478803438254,-0.005818698473237785,0.014842262201083358,0.0044070967821997235,0.0015573290538993022,-0.0011289682739807013,0.09556765859073761,-0.03613055563020925,-0.01409136859850545,0,0.8923853447958725
110915,0.12237517541188057,0.03953000983412031,-0.03484644531218841,0.04298371425600302,-0.1918916766692205,0.13645590449362538,0.003628240537970532,0.03961970247104931,-0.04308171803955611,0.028306129520794216,0.0017043583483384419,-0.007335816880325419,-0.0010011623239988465,-0.003784871451523918,0.006175394148774588,0.00404497766522262,0.09289894384452198,-0.030592799202125955,-0.004583859539317512,0,0.8348408999505577
111040,0.14681439848272074,0.034269649401391336,-0.028143176730804922,0.044061156727306816,-0.2045164222116742,0.13581632166869897,0.019826071648186276,0.041263480232283524,-0.06362040247632919,0.03285107010901779,0.008193007700054829,-0.014577584090526717,0.01891560908922311,-0.00610580599702825,0.0017727525657939263,-0.009726154390527798,0.1038870599189168,-0.035254529421620114,-0.007092792488150802,1,0.9567074453502561
111069,0.12609923311472562,0.03955670372674629,-0.03021743687507898,0.06200962293739002,-0.19908843728371187,0.13843302661068832,0.013578663940366824,0.03938672681557016,-0.044941086773159535,0.03331667576429481,0.022060399392539246,-0.0012132937271251503,0.024064886302393666,0.005775239125781133,0.006029579209923117,0.007079255283706274,0.09202713927836423,-0.02902462710864698,0.0011818664013810254,0,0.9150838996715932
111111,0.13362566832096578,0.04524926555657248,-0.033844177992160565,0.04205317692817527,-0.1832810636222811,0.13078609673192496,0.0018156109800065645,0.046479877540160315,-0.052504987173538895,0.028301301025485014,0.009116696034411793,-0.013967334352401892,0.016253333993021257,0.002159707804862221,0.02149991574456652,0.00793211784315536,0.0992685088971178,-0.02750354267215688,-0.014148338405100283,0,0.909790721618065
111155,0.14223409281547392,0.03679110767004664,-0.02321906470998278,0.030029346051179073,-0.191416888586853,0.13667574755452716,0.005856948531437493,0.03748364086285176,-0.04132595643837923,0.030366248580933154,0.0138645230657413,-0.01450430480423453,0.013746570020025854,-0.005908444476094908,-0.01153947632241872,0.011952889662694975,0.08881540353743715,-0.016187582618353184,-0.0024369165015023296,0,0.8543551528101672
111182,0.12842002396663182,0.04376359424063504,-0.026183232373602174,0.0365761923303896,-0.20313563992736658,0.13820646581027654,0.020141908823710065,0.05517487829140828,-0.04701964774488556,0.02443311873474539,0.018868332931288305,-0.008029117295411937,0.019005312732272957,0.003295145910274523,0.0004869738173949788,0.007474455248882263,0.07812459043117996,-0.02635341720828281,-0.015413559673006054,0,0.9001056074916448
111201,0.14236342367306934,0.042426222659870214,-0.03630694975607848,0.034777078634516255,-0.20663427352314231,0.130727713370125,0.021872894156896167,0.04146003376374913,-0.048161466045148836,0.031236290730846442,0.011996526928730775,-0.02217034671253862,0.019581003625594503,-0.0033396918810530986,0.006401683739904338,-0.006300878376924925,0.09795496423908862,-0.030812172040178738,-1.8312238962428614e-05,0,0.9345419260964182
111214,0.1320532506727004,0.05611763622698813,-0.026807975909825026,0.03301404286654271,-0.19361945353993085,0.13677599340785615,0.012550619561047128,0.036063622104665315,-0.05254285592715589,0.017749068100747258,0.0002930375435685216,-0.010180723575742134,0.0112601452906859,0.00031850341028609376,-0.014063976923257308,-0.0031182519656159464,0.08693555869800457,-0.02286535706872427,-0.009754974016281105,0,0.8560850468096247
111217,0.13719942000321517,0.04553553616114455,-0.02643896363610951,0.05187261715748087,-0.18298855533770866,0.13963116548132867,0.005430231541216787,0.04858524679322011,-0.051346838176520644,0.039481705567813254,0.006093339279420567,0.007654963873502482,0.002675853918598464,0.006297314901436615,0.010353590934150537,-0.009826767113516974,0.09374594281026313,-0.032100548267562645,-0.01117371060344728,0,0.9084323115576569
111223,0.1380795746755448,0.04819655318087934,-0.04410951026488023,0.04882691148807812,-0.1799584449314692,0.13609603170921333,-0.0002733206909600566,0.04933115919938026,-0.03799882237225191,0.03342452056148444,0.01942292218878567,-0.004249552879078075,0.0031395948697202163,0.01223908888183899,-0.003783234633306544,-0.004185336670950438,0.10361291880875788,-0.01471650001675601,-0.01284140873764421,0,0.8944854067609798
111312,0.1481830358693669,0.02914087329105585,-0.023026171409845395,0.05846957246444753,-0.19244935464475427,0.13283322603830464,0.010416599866053896,0.041236519157109464,-0.03712698579206196,0.049747908255375915,0.005200058286062346,-0.0077593130131892556,0.020167645872360494,0.005630869553690275,-0.0037584271718426993,0.0014534551957238282,0.0868204392544248,-0.042446314221420235,-0.010217341438574693,1,0.9060841107956644
111318,0.12831959200295343,0.043296697106749805,-0.031581703238847486,0.04850867012052656,-0.1913039111464469,0.13616281025907115,-0.004462090521011892,0.04290877496046289,-0.04356185733915797,0.03306223454137734,-0.002586826840860019,0.0018553662254003741,0.015306364371601008,-0.000875224008482478,-0.0015164085115825347,-0.001798668079135424,0.09801647738959972,-0.025706726014812126,-0.009385072111444237,0,0.8602154747895233
111373,0.12997907095164804,0.039767025732853435,-0.02713054870374341,0.031100311804330014,-0.18650374702199446,0.11744601352828363,0.003360323909356325,0.040297213555971205,-0.044293720047038854,0.029452969654107358,0.0018709643486226994,-0.01353810483752898,0.016778361593969667,-0.005997291764767706,-0.005110151318137294,-0.002704424474764229,0.09514186861118074,-0.028728821659989044,-0.0059600059329943025,0,0.8251609394512814
111384,0.14054578907825552,0.03307942174564969,-0.03629631513339137,0.03849277988489057,-0.20161281682633805,0.12426547295318485,0.00738142559240844,0.046743058358402555,-0.05515020345047799,0.01759382402137115,-0.0039319846261479125,-0.017090008390256976,0.016276266162085183,0.00874612568472552,-0.01742349885400162,0.014728955099042913,0.09153943798296169,-0.02902655968641346,-0.010470586173156575,0,0.910394529703162
111462,0.1372258441117678,0.03609382577142559,-0.03404074930269887,0.04276346918435279,-0.21025988613303578,0.13793663135346101,0.0026937768813022466,0.037435792713070244,-0.05003871048744242,0.03252762900035534,-0.00012649384894232045,-0.02122268148879558,0.01665748958620386,0.012992388958535411,-0.002274585172500669,-0.0012387184584876163,0.08788889106090907,-0.020632067638418836,0.0005673874306663357,0,0.8846170185823719
111544,0.13396928275771003,0.04221611311122475,-0.03564522725699412,0.03469228926441603,-0.21101318812343745,0.14518846426447762,-0.0020039554395441177,0.049031403776033926,-0.04479255331606885,0.016096765947680305,0.0045840553869160566,-0.019704777643058426,0.017805840542003286,0.0070573713183034415,-0.0113482715655059,-0.00527935463288681,0.08971027598283511,-0.025220804885233074,-0.004340243183562528,0,0.8997002383978918
111690,0.12967878496077345,0.038225713249962025,-0.03414044522937038,0.049374365016755725,-0.19903335491881743,0.13228435812127956,0.0069516768803526,0.030726329022762802,-0.04238680653284438,0.0208912374950766,0.011752263370786116,-0.015757306774295057,0.01615257120800795,-0.009562225435977711,-0.0006963948262640927,0.008418301318191098,0.09518295109878529,-0.025957842625497572,-0.0020436948437890937,0,0.8692166229295889
111716,0.1331871507141223,0.0263076354512646,-0.03171387604050717,0.03730811241375569,-0.20700694408121076,0.14058045309019676,0.012776593276570006,0.042647049251091335,-0.045359339628871995,0.01908006519116428,0.011776857505274154,-0.008993439297994125,0.03238610863427295,-0.00451171940421467,0.0047507621017787065,0.006584544132279423,0.07834617197318038,-0.021113790590702404,-0.021354846127151317,0,0.885785458905603
111841,0.12304889926110665,0.031740207631138904,-0.0358510519587818,0.03816288757527213,-0.1952162966453804,0.13727444574705028,-0.002780095186782847,0.05671798965103338,-0.044693113178034385,0.01949675341138998,0.023947630381591395,-0.0048401712054918986,0.007731804362825359,-0.0017960083112127123,-0.008865770703078346,0.016612470429251142,0.07764518983032799,-0.031090209182923087,-0.015963085446198205,0,0.8734740800988708
111858,0.1363060335391056,0.03723404441407825,-0.03321705800610587,0.040108990314937296,-0.19498050542968828,0.13388478626026018,0.00839466858000355,0.05234754051455583,-0.05230628489790888,0.016413522315553073,-0.003904638863552546,-0.005931422429574866,0.013926198673687155,0.008969690044649033,-0.0107440427905335,0.014133862174530084,0.08835285376245146,-0.027093308489356226,-0.007311056156181853,0,0.8855605076567136
111904,0.12311479368819017,0.047018988681006645,-0.015202920582767402,0.04623654308943014,-0.21601845333953643,0.13581022720478284,0.0004294246775377098,0.04535872717807711,-0.041313764938922484,0.027323083466472147,0.0019487506379564693,-0.004063362657938657,0.005421908331905105,0.010545165804414251,-0.01197726804073338,0.0016112161123231765,0.08320925067838125,-0.024109151900293016,-0.006673519601221336,0,0.8473865206118897
111908,0.1284830211415457,0.02464303905419043,-0.0384512103339454,0.04454417437050423,-0.19332403714269777,0.1392395891296118,0.003293561686092472,0.038907058009662175,-0.04554072268135157,0.023633630483303483,-0.012270338086523181,-0.013094583848320305,0.014964546791368407,0.01164610965128684,0.010260265090155048,-0.0033853038037870106,0.08666309716276349,-0.03343218154435699,-0.0011124245463613068,0,0.8668888945578276
111944,0.13788321788945038,0.028549355113516306,-0.037253442945260166,0.031067363081335328,-0.22479821621825805,0.11768506029017477,-0.014587395382167773,0.037048584065373834,-0.043544950588650704,0.02670736904051587,0.006198283116974328,-0.0002749768006652966,0.02242310525136968,-0.002370706712065322,0.01543202785066285,0.013521885198035674,0.08141173191254064,-0.027883764041404305,-0.0035075563759748725,0,0.8721489918743961
111951,0.11420569773182353,0.018616538774692142,-0.026790345153084292,0.032425533425081796,-0.20099934832514366,0.13403587563464844,0.0044653756103236394,0.03559276430862897,-0.03990567232996022,0.01827421236095502,0.00708314336415807,-0.0034408687746541817,0.011073135614780055,0.007648070191786336,-0.0006067000233470886,-0.01558189004808619,0.08710664744426562,-0.034031629452874954,-0.003805401135274601,0,0.7956888497035688
112047,0.13070812565543202,0.039723838684341525,-0.038296200688669346,0.029492002262921667,-0.19351941679183898,0.12238252571191008,-0.012859432783187531,0.02846806748704514,-0.035492221142998236,0.037265564636226975,0.008648905952166924,-0.019646354831572944,0.009779543707640342,0.00048506414303297625,-0.005348251269177844,-0.0035139648796808287,0.0913714994288253,-0.027261994959329666,0.012621394214590036,0,0.8468843692305884
112268,0.15172809792854172,0.046992522985397654,-0.020078138851780187,0.03816628173063622,-0.20701293319786424,0.1375803711689419,0.004509632589036625,0.042024490427158875,-0.04844960163554583,0.02160795466396863,0.009599575608073441,-0.01104690987494229,0.0034618129055934864,0.010786241155122632,0.009996418004361853,0.0070431123743941336,0.08935984478343222,-0.026108316107520572,-0.006922147346815935,0,0.8924744033391284
112276,0.12380915540311871,0.04252804234038041,-0.02655979025172333,0.03241563904329631,-0.20408465472363022,0.13255045426103762,0.005499309113583831,0.052134957401910806,-0.041825697997594204,0.03964991201121626,0.01067470855713773,-0.01828773913551905,0.012550913253339983,0.006544350576012332,0.0036050708504719747,0.01289999520835219,0.09028181341465329,-0.020403957004794183,-0.013257588629575597,0,0.889563749177348
112414,0.12390042262348239,0.05165295431383338,-0.03616883684628058,0.03984430930782607,-0.18885900181425186,0.11395080972603826,0.0029842422712125466,0.040304266449920335,-0.04565211313632641,0.02752296610029994,-0.0001755394185697316,-0.018831593734325674,0.02240912134869926,0.009610184083069394,-0.004962004589971293,0.008930379285137704,0.08428676625444813,-0.02814200474135807,-0.004547967985536441,0,0.8527354840305874
112494,0.12761513244116343,0.03788381930894633,-0.019647104085123247,0.040517391650792725,-0.1913634781655353,0.1289261655182618,0.007490917785447767,0.04647514032083848,-0.049832912280283095,0.026588426958769257,0.017541303162319093,-0.018766564990674854,0.017301959490964542,0.023724453783343844,-0.001290543902918587,0.004910300641030278,0.08280094039273506,-0.01963836043805957,-0.0015881496295784352,0,0.8639030649467857
112583,0.12529046104750965,0.01583467125843507,-0.023409741678723204,0.05249780288126158,-0.21639680521105564,0.13534053817663264,-0.004694701890088983,0.04887473784588299,-0.05166772710693093,0.024116116958795616,0.010888685780538594,-0.017529324219683205,0.017695204782693444,0.0026019651103591415,-0.003424231248432543,0.00871713618313887,0.0944211670166937,-0.022440465943010374,-0.005293649915882361,0,0.8811351342557485
112584,0.1281192017532437,0.037173140204168696,-0.027923004179593505,0.040303250870228784,-0.19305277352954622,0.13643825358738149,-0.0022016837817790975,0.04409645470267596,-0.04240548043079206,0.021550716075863622,0.011838562753585923,-0.014140806857071982,0.020755511962768824,0.0019751805850840116,0.0025792668609987907,0.00854010654282135,0.10137419531706104,-0.033262419016070084,-0.007154471209023932,1,0.8748844802197591
112590,0.12959958991928225,0.03600345365595761,-0.03701465716803083,0.03772021818094926,-0.20261794160671573,0.15747306227367577,0.0019148185219327932,0.04048748806822962,-0.04370467396759385,0.027993577151212073,0.012837123100843643,-0.01818792648837955,0.00955042308672831,0.014639424608181191,-0.005406293239835358,-0.005349585181561616,0.06887474463991128,-0.020028352021240377,-0.006021848300816502,0,0.8754252011810776
112603,0.14061892602838424,0.03496792670516757,-0.03532591201633468,0.03617013394609589,-0.21269905594804406,0.1376781649079706,-0.001069653644827812,0.025924145457541525,-0.046580063045181724,0.03561623296839967,0.003274564391207833,-0.0032336026258542702,0.021671123495198428,-0.002770620008468259,-0.00979257289928367,-0.01264798503511336,0.09310139651458083,-0.01284903018116985,-0.009414904971102355,0,0.8754060147899266
112624,0.13265440736657974,0.03697409340608576,-0.029927167495946243,0.0408891535837084,-0.19604381888902966,0.13453706125439074,0.009240248232533102,0.04264702787217917,-0.052799800655706074,0.023027190893451666,-0.00024383447453291091,-0.0034605570287724718,0.011784304902202534,-0.0005297670155024269,-0.008482860881556423,0.007312360751883577,0.095769750581144,-0.03245968984851216,-0.006797396958818498,0,0.8655804920925355
112629,0.12997853764707074,0.03663271686971924,-0.022771309686659857,0.050797371659695036,-0.20570935170751553,0.12964338148860896,0.008495837556996516,0.04825874519002166,-0.056405396812012704,0.02984663513952801,0.006282527398026106,-0.0038496772617464922,0.014843721566672819,-0.0005664828765448066,-0.010621170870533306,0.006226130944698851,0.08172014055398172,-0.013424203095069446,-0.006579359487066357,0,0.8626526978121681
112781,0.12958305707690396,0.03660462173860707,-0.02948879633577361,0.026003071918642755,-0.19059734451029792,0.13987288100393871,0.010231566624603979,0.062241827343179915,-0.05423589688503826,0.0438076363056798,0.017535284652809787,-0.01785170762490687,0.016905986474535246,0.0014428708198080218,-0.0005497458460768814,-0.01433735139386522,0.08737970325102248,-0.03613592166174361,-0.0045957914153173275,1,0.9194010628827515
112918,0.12683373443885324,0.031614747149994335,-0.017621792590491236,0.03917479573920161,-0.20279066800332135,0.13199491651692868,0.004800150917302607,0.06159232574843383,-0.04225747068932374,0.014076407761874904,0.016003547158326376,-0.012438652766425933,0.006341674718510038,0.018196541638982162,0.006199787164586067,0.005239551745036487,0.06979920674844421,-0.026010777988198584,-0.002633642252076978,0,0.8356203917363124
