{
  "hidden1": 256,
  "hidden2": 80,
  "hidden3": 64,
  "dropout1": 0.1587722675317266,
  "dropout2": 0.19904580897025867,
  "lr": 0.0014015879193167034,
  "batch_size": 32,
  "metrics": {
    "accuracy": 0.8026566305069737,
    "auc": 0.8917242313999993,
    "precision": 0.5363106281473629,
    "recall": 0.8085914085914085,
    "f1": 0.6448888534778106,
    "loss": 0.6210257790598088
  },
  "num_features": 19,
  "input_size": 19
}